<!--Last edited: 2011/03/14 19:51:15-->
<contours>
<contour name="Process 420" class="PointContour" color="#4fe1fe" visible="true">
<created>Wed Nov 24 16:51:13 EST 2010</created>
<edited>Wed Nov 24 16:51:13 EST 2010</edited>
<value><point x="10073" y="17541"/></value>
<metadata author="">

</metadata>
</contour>
<contour name="Process 421" class="PointContour" color="#e61dae" visible="true">
<created>Wed Nov 24 17:06:10 EST 2010</created>
<edited>Wed Nov 24 17:06:10 EST 2010</edited>
<value><point x="9515" y="17372"/></value>
<metadata author="">

</metadata>
</contour>
<contour name="Process 422" class="PointContour" color="#f8e1f2" visible="true">
<created>Wed Nov 24 17:22:29 EST 2010</created>
<edited>Wed Nov 24 17:22:29 EST 2010</edited>
<value><point x="8545" y="17476"/></value>
<metadata author="">

</metadata>
</contour>
<contour name="Process 424" class="PointContour" color="#f4ed50" visible="true">
<created>Wed Nov 24 18:03:21 EST 2010</created>
<edited>Wed Nov 24 18:03:21 EST 2010</edited>
<value><point x="9900" y="17421"/></value>
<metadata author="">

</metadata>
</contour>
<contour name="Process 425" class="PointContour" color="#b3923c" visible="true">
<created>Wed Nov 24 18:58:48 EST 2010</created>
<edited>Wed Nov 24 18:58:48 EST 2010</edited>
<value><point x="8923" y="18022"/></value>
<metadata author="">

</metadata>
</contour>
<contour name="Process 426" class="PointContour" color="#a969fa" visible="true">
<created>Wed Nov 24 19:15:09 EST 2010</created>
<edited>Wed Nov 24 19:15:09 EST 2010</edited>
<value><point x="9672" y="20274"/></value>
<metadata author="">

</metadata>
</contour>
<contour name="Process 427" class="PointContour" color="#2e69d9" visible="true">
<created>Wed Nov 24 19:27:55 EST 2010</created>
<edited>Wed Nov 24 19:27:55 EST 2010</edited>
<value><point x="7850" y="20695"/></value>
<metadata author="">

</metadata>
</contour>
<contour name="Process 428" class="PointContour" color="#fd30e1" visible="true">
<created>Wed Nov 24 19:52:13 EST 2010</created>
<edited>Wed Nov 24 19:52:13 EST 2010</edited>
<value><point x="9851" y="18827"/></value>
<metadata author="">

</metadata>
</contour>
<contour name="Process 429" class="PointContour" color="#bffe24" visible="true">
<created>Wed Nov 24 20:04:40 EST 2010</created>
<edited>Wed Nov 24 20:04:40 EST 2010</edited>
<value><point x="4633" y="17592"/></value>
<metadata author="">

</metadata>
</contour>
<contour name="Process 429" class="PointContour" color="#bffe24" visible="true">
<created>Wed Nov 24 20:05:16 EST 2010</created>
<edited>Wed Nov 24 20:05:16 EST 2010</edited>
<value><point x="3345" y="17658"/></value>
<metadata author="">

</metadata>
</contour>
<contour name="Process 431" class="PointContour" color="#a298f6" visible="true">
<created>Wed Nov 24 20:22:59 EST 2010</created>
<edited>Wed Nov 24 20:22:59 EST 2010</edited>
<value><point x="9944" y="20181"/></value>
<metadata author="">

</metadata>
</contour>
<contour name="Process 434" class="PointContour" color="#8a9f56" visible="true">
<created>Thu Nov 25 00:03:01 EST 2010</created>
<edited>Thu Nov 25 00:03:01 EST 2010</edited>
<value><point x="10499" y="18134"/></value>
<metadata author="">

</metadata>
</contour>
<contour name="Process 435" class="PointContour" color="#0430ee" visible="true">
<created>Thu Nov 25 00:13:05 EST 2010</created>
<edited>Thu Nov 25 00:13:05 EST 2010</edited>
<value><point x="10120" y="14792"/></value>
<metadata author="">

</metadata>
</contour>
<contour name="Process 435" class="PointContour" color="#0430ee" visible="true">
<created>Thu Nov 25 00:19:23 EST 2010</created>
<edited>Thu Nov 25 00:19:23 EST 2010</edited>
<value><point x="8576" y="10059"/></value>
<metadata author="">

</metadata>
</contour>
<contour name="Process 435" class="PointContour" color="#0430ee" visible="true">
<created>Thu Nov 25 00:19:33 EST 2010</created>
<edited>Thu Nov 25 00:19:33 EST 2010</edited>
<value><point x="8576" y="9911"/></value>
<metadata author="">

</metadata>
</contour>
<contour name="Process 441" class="PointContour" color="#d89428" visible="true">
<created>Thu Nov 25 14:43:51 EST 2010</created>
<edited>Thu Nov 25 14:43:51 EST 2010</edited>
<value><point x="13233" y="16100"/></value>
<metadata author="">

</metadata>
</contour>
<contour name="Process 443" class="PointContour" color="#a38ff2" visible="true">
<created>Thu Nov 25 19:26:16 EST 2010</created>
<edited>Thu Nov 25 19:26:16 EST 2010</edited>
<value><point x="10343" y="17069"/></value>
<metadata author="">

</metadata>
</contour>
<contour name="Process 449" class="PointContour" color="#697c74" visible="true">
<created>Fri Nov 26 18:02:13 EST 2010</created>
<edited>Fri Nov 26 18:02:13 EST 2010</edited>
<value><point x="11243" y="19407"/></value>
<metadata author="">

</metadata>
</contour>
<contour name="Process 450" class="PointContour" color="#866c5b" visible="true">
<created>Fri Nov 26 21:01:50 EST 2010</created>
<edited>Fri Nov 26 21:01:50 EST 2010</edited>
<value><point x="12290" y="16620"/></value>
<metadata author="">

</metadata>
</contour>
<contour name="Process 451" class="PointContour" color="#bcad85" visible="true">
<created>Fri Nov 26 21:11:32 EST 2010</created>
<edited>Fri Nov 26 21:11:32 EST 2010</edited>
<value><point x="12925" y="15789"/></value>
<metadata author="">

</metadata>
</contour>
<contour name="Process 455" class="PointContour" color="#d456a5" visible="true">
<created>Sat Nov 27 12:38:00 EST 2010</created>
<edited>Sat Nov 27 12:38:00 EST 2010</edited>
<value><point x="10706" y="18922"/></value>
<metadata author="">

</metadata>
</contour>
<contour name="Process 456" class="PointContour" color="#cbbd91" visible="true">
<created>Sat Nov 27 12:47:27 EST 2010</created>
<edited>Sat Nov 27 12:47:27 EST 2010</edited>
<value><point x="12520" y="18765"/></value>
<metadata author="">

</metadata>
</contour>
<contour name="Process 457" class="PointContour" color="#f8a74f" visible="true">
<created>Sat Nov 27 12:57:38 EST 2010</created>
<edited>Sat Nov 27 12:57:38 EST 2010</edited>
<value><point x="12578" y="18964"/></value>
<metadata author="">

</metadata>
</contour>
<contour name="Process 458" class="PointContour" color="#10a180" visible="true">
<created>Sat Nov 27 13:08:01 EST 2010</created>
<edited>Sat Nov 27 13:08:01 EST 2010</edited>
<value><point x="12036" y="18992"/></value>
<metadata author="">

</metadata>
</contour>
<contour name="Process 459" class="PointContour" color="#15a084" visible="true">
<created>Sat Nov 27 14:11:55 EST 2010</created>
<edited>Sat Nov 27 14:11:55 EST 2010</edited>
<value><point x="11476" y="19367"/></value>
<metadata author="">

</metadata>
</contour>
<contour name="Process 460" class="PointContour" color="#782b43" visible="true">
<created>Fri Dec 03 15:15:50 EST 2010</created>
<edited>Fri Dec 03 15:15:50 EST 2010</edited>
<value><point x="15411" y="17133"/></value>
<metadata author="">

</metadata>
</contour>
<contour name="Process 465" class="PointContour" color="#ae4a09" visible="true">
<created>Fri Dec 03 23:56:07 EST 2010</created>
<edited>Fri Dec 03 23:56:07 EST 2010</edited>
<value><point x="12094" y="17112"/></value>
<metadata author="">

</metadata>
</contour>
<contour name="Process 466" class="PointContour" color="#722e57" visible="true">
<created>Sat Dec 04 00:05:19 EST 2010</created>
<edited>Sat Dec 04 00:05:19 EST 2010</edited>
<value><point x="10785" y="16650"/></value>
<metadata author="">

</metadata>
</contour>
<contour name="Process 469" class="PointContour" color="#7f3a2b" visible="true">
<created>Sat Dec 04 00:28:48 EST 2010</created>
<edited>Sat Dec 04 00:28:48 EST 2010</edited>
<value><point x="11343" y="20349"/></value>
<metadata author="">

</metadata>
</contour>
<contour name="Process 470" class="PointContour" color="#266149" visible="true">
<created>Sat Dec 04 13:31:42 EST 2010</created>
<edited>Sat Dec 04 13:31:42 EST 2010</edited>
<value><point x="10059" y="17725"/></value>
<metadata author="">

</metadata>
</contour>
<contour name="Process 471" class="PointContour" color="#da4772" visible="true">
<created>Sat Dec 04 13:38:41 EST 2010</created>
<edited>Sat Dec 04 13:38:41 EST 2010</edited>
<value><point x="9561" y="16948"/></value>
<metadata author="">

</metadata>
</contour>
<contour name="Process 472" class="PointContour" color="#83f028" visible="true">
<created>Sat Dec 04 13:50:21 EST 2010</created>
<edited>Sat Dec 04 13:50:21 EST 2010</edited>
<value><point x="4044" y="14947"/></value>
<metadata author="">

</metadata>
</contour>
<contour name="Process 473" class="PointContour" color="#811f28" visible="true">
<created>Tue Feb 08 14:01:11 EST 2011</created>
<edited>Tue Feb 08 14:01:11 EST 2011</edited>
<value><point x="12877" y="20561"/></value>
<metadata author="">

</metadata>
</contour>
<contour name="Process 478" class="PointContour" color="#4bab49" visible="true">
<created>Tue Feb 08 15:10:34 EST 2011</created>
<edited>Tue Feb 08 15:10:34 EST 2011</edited>
<value><point x="12816" y="20395"/></value>
<metadata author="">

</metadata>
</contour>
<contour name="Process 480" class="PointContour" color="#ace8dd" visible="true">
<created>Tue Feb 08 15:29:01 EST 2011</created>
<edited>Tue Feb 08 15:29:01 EST 2011</edited>
<value><point x="9682" y="20242"/></value>
<metadata author="">

</metadata>
</contour>
<contour name="Process 481" class="PointContour" color="#51749d" visible="true">
<created>Tue Feb 08 15:52:12 EST 2011</created>
<edited>Tue Feb 08 15:52:12 EST 2011</edited>
<value><point x="11283" y="20148"/></value>
<metadata author="">

</metadata>
</contour>
<contour name="Process 482" class="PointContour" color="#965dda" visible="true">
<created>Tue Feb 08 17:22:19 EST 2011</created>
<edited>Tue Feb 08 17:22:19 EST 2011</edited>
<value><point x="14071" y="21773"/></value>
<metadata author="">

</metadata>
</contour>
<contour name="Process 488" class="PointContour" color="#e590b3" visible="true">
<created>Wed Feb 09 10:44:19 EST 2011</created>
<edited>Wed Feb 09 10:44:19 EST 2011</edited>
<value><point x="12867" y="20467"/></value>
<metadata author="">

</metadata>
</contour>
<contour name="Process 493" class="PointContour" color="#754904" visible="true">
<created>Wed Feb 09 15:45:22 EST 2011</created>
<edited>Wed Feb 09 15:45:22 EST 2011</edited>
<value><point x="10070" y="21340"/></value>
<metadata author="">

</metadata>
</contour>
<contour name="Process 493" class="PointContour" color="#754904" visible="true">
<created>Wed Feb 09 15:46:30 EST 2011</created>
<edited>Wed Feb 09 15:46:30 EST 2011</edited>
<value><point x="9318" y="22537"/></value>
<metadata author="">

</metadata>
</contour>
<contour name="Process 526" class="PointContour" color="#8d24e6" visible="true">
<created>Fri Feb 11 17:27:22 EST 2011</created>
<edited>Fri Feb 11 17:27:22 EST 2011</edited>
<value><point x="13096" y="19313"/></value>
<metadata author="">

</metadata>
</contour>
<contour name="Trail 527" class="PointContour" color="#453b96" visible="true">
<created>Mon Feb 14 10:53:41 EST 2011</created>
<edited>Mon Feb 14 10:53:41 EST 2011</edited>
<value><point x="14083" y="19363"/></value>
<metadata author="">

</metadata>
</contour>
<contour name="Trail 527" class="PointContour" color="#453b96" visible="true">
<created>Mon Feb 14 11:20:21 EST 2011</created>
<edited>Mon Feb 14 11:20:21 EST 2011</edited>
<value><point x="17794" y="19902"/></value>
<metadata author="">

</metadata>
</contour>
<contour name="Trail 527" class="PointContour" color="#453b96" visible="true">
<created>Mon Feb 14 11:20:37 EST 2011</created>
<edited>Mon Feb 14 11:20:37 EST 2011</edited>
<value><point x="18559" y="19830"/></value>
<metadata author="">

</metadata>
</contour>
<contour name="Trail 527" class="PointContour" color="#453b96" visible="true">
<created>Mon Feb 14 11:30:16 EST 2011</created>
<edited>Mon Feb 14 11:30:16 EST 2011</edited>
<value><point x="18231" y="19871"/></value>
<metadata author="">

</metadata>
</contour>
<contour name="Trail 527" class="PointContour" color="#453b96" visible="true">
<created>Mon Feb 14 11:31:06 EST 2011</created>
<edited>Mon Feb 14 11:31:06 EST 2011</edited>
<value><point x="19071" y="19827"/></value>
<metadata author="">

</metadata>
</contour>
<contour name="Trail 529" class="PointContour" color="#1ca7ed" visible="true">
<created>Mon Feb 14 11:33:03 EST 2011</created>
<edited>Mon Feb 14 11:33:03 EST 2011</edited>
<value><point x="10830" y="19127"/></value>
<metadata author="">

</metadata>
</contour>
<contour name="Trail 530" class="PointContour" color="#d5e631" visible="true">
<created>Mon Feb 14 11:38:40 EST 2011</created>
<edited>Mon Feb 14 11:38:40 EST 2011</edited>
<value><point x="10839" y="19168"/></value>
<metadata author="">

</metadata>
</contour>
<contour name="Trail 532" class="PointContour" color="#fabd81" visible="true">
<created>Mon Feb 14 11:46:43 EST 2011</created>
<edited>Mon Feb 14 11:46:43 EST 2011</edited>
<value><point x="10453" y="19375"/></value>
<metadata author="">

</metadata>
</contour>
<contour name="Trail 533" class="PointContour" color="#3e79a5" visible="true">
<created>Mon Feb 14 11:59:29 EST 2011</created>
<edited>Mon Feb 14 11:59:29 EST 2011</edited>
<value><point x="12368" y="18689"/></value>
<metadata author="">

</metadata>
</contour>
<contour name="Trail 533" class="PointContour" color="#3e79a5" visible="true">
<created>Mon Feb 14 11:59:41 EST 2011</created>
<edited>Mon Feb 14 11:59:41 EST 2011</edited>
<value><point x="12891" y="18658"/></value>
<metadata author="">

</metadata>
</contour>
<contour name="Trail 534" class="PointContour" color="#001c95" visible="true">
<created>Mon Feb 14 12:10:27 EST 2011</created>
<edited>Mon Feb 14 12:10:27 EST 2011</edited>
<value><point x="11993" y="18947"/></value>
<metadata author="">

</metadata>
</contour>
<contour name="Trail 535" class="PointContour" color="#bcc72b" visible="true">
<created>Mon Feb 14 12:55:22 EST 2011</created>
<edited>Mon Feb 14 12:55:22 EST 2011</edited>
<value><point x="11403" y="19365"/></value>
<metadata author="">

</metadata>
</contour>
<contour name="Trail 65" class="PointContour" color="#e3ff0e" visible="true">
<created>Mon Feb 14 15:02:45 EST 2011</created>
<edited>Mon Feb 14 15:02:45 EST 2011</edited>
<value><point x="11923" y="18541"/></value>
<metadata author="">

</metadata>
</contour>
<contour name="Trail 115" class="PointContour" color="#cbff04" visible="true">
<created>Mon Feb 14 15:33:00 EST 2011</created>
<edited>Mon Feb 14 15:33:00 EST 2011</edited>
<value><point x="12696" y="19019"/></value>
<metadata author="">

</metadata>
</contour>
<contour name="Trail 94" class="PointContour" color="#beff05" visible="true">
<created>Mon Feb 14 15:49:50 EST 2011</created>
<edited>Mon Feb 14 15:49:50 EST 2011</edited>
<value><point x="11010" y="19318"/></value>
<metadata author="">

</metadata>
</contour>
<contour name="Trail 94" class="PointContour" color="#beff05" visible="true">
<created>Mon Feb 14 15:50:07 EST 2011</created>
<edited>Mon Feb 14 15:50:07 EST 2011</edited>
<value><point x="10699" y="19611"/></value>
<metadata author="">

</metadata>
</contour>
<contour name="Trail 49" class="PointContour" color="#4053cc" visible="true">
<created>Mon Feb 14 15:56:18 EST 2011</created>
<edited>Mon Feb 14 15:56:18 EST 2011</edited>
<value><point x="11547" y="18770"/></value>
<metadata author="">

</metadata>
</contour>
<contour name="Trail 159" class="PointContour" color="#afff08" visible="true">
<created>Mon Feb 14 16:05:15 EST 2011</created>
<edited>Mon Feb 14 16:05:15 EST 2011</edited>
<value><point x="11099" y="18461"/></value>
<metadata author="">

</metadata>
</contour>
<contour name="Trail 26" class="PointContour" color="#c21ebd" visible="true">
<created>Tue Feb 15 11:57:11 EST 2011</created>
<edited>Tue Feb 15 11:57:11 EST 2011</edited>
<value><point x="12158" y="18553"/></value>
<metadata author="">

</metadata>
</contour>
<contour name="Trail 38" class="PointContour" color="#f7edc9" visible="true">
<created>Tue Feb 15 12:01:48 EST 2011</created>
<edited>Tue Feb 15 12:01:48 EST 2011</edited>
<value><point x="12168" y="18349"/></value>
<metadata author="">

</metadata>
</contour>
<contour name="Trail 52" class="PointContour" color="#b10aff" visible="true">
<created>Tue Feb 15 12:17:27 EST 2011</created>
<edited>Tue Feb 15 12:17:27 EST 2011</edited>
<value><point x="12224" y="18405"/></value>
<metadata author="">

</metadata>
</contour>
<contour name="Trail 40" class="PointContour" color="#c4f7b5" visible="true">
<created>Tue Feb 15 12:22:15 EST 2011</created>
<edited>Tue Feb 15 12:22:15 EST 2011</edited>
<value><point x="12205" y="18283"/></value>
<metadata author="">

</metadata>
</contour>
<contour name="Trail 45" class="PointContour" color="#80d2ff" visible="true">
<created>Tue Feb 15 12:28:51 EST 2011</created>
<edited>Tue Feb 15 12:28:51 EST 2011</edited>
<value><point x="11477" y="17883"/></value>
<metadata author="">

</metadata>
</contour>
<contour name="Trail 86" class="PointContour" color="#ff067f" visible="true">
<created>Tue Feb 15 14:17:34 EST 2011</created>
<edited>Tue Feb 15 14:17:34 EST 2011</edited>
<value><point x="12158" y="17462"/></value>
<metadata author="">

</metadata>
</contour>
<contour name="Trail 97" class="PointContour" color="#05ff95" visible="true">
<created>Tue Feb 15 14:48:25 EST 2011</created>
<edited>Tue Feb 15 14:48:25 EST 2011</edited>
<value><point x="8053" y="17344"/></value>
<metadata author="">

</metadata>
</contour>
<contour name="Trail 97" class="PointContour" color="#05ff95" visible="true">
<created>Tue Feb 15 14:49:02 EST 2011</created>
<edited>Tue Feb 15 14:49:02 EST 2011</edited>
<value><point x="6507" y="16746"/></value>
<metadata author="">

</metadata>
</contour>
<contour name="Trail 97" class="PointContour" color="#05ff95" visible="true">
<created>Tue Feb 15 14:49:37 EST 2011</created>
<edited>Tue Feb 15 14:49:37 EST 2011</edited>
<value><point x="5284" y="16252"/></value>
<metadata author="">

</metadata>
</contour>
<contour name="Trail 39" class="PointContour" color="#a4f7f2" visible="true">
<created>Tue Feb 15 14:52:20 EST 2011</created>
<edited>Tue Feb 15 14:52:20 EST 2011</edited>
<value><point x="11199" y="18367"/></value>
<metadata author="">

</metadata>
</contour>
<contour name="Trail 205" class="PointContour" color="#0ddcff" visible="true">
<created>Tue Feb 15 15:01:54 EST 2011</created>
<edited>Tue Feb 15 15:01:54 EST 2011</edited>
<value><point x="11859" y="17494"/></value>
<metadata author="">

</metadata>
</contour>
<contour name="Trail 53" class="PointContour" color="#d507ff" visible="true">
<created>Tue Feb 15 16:23:38 EST 2011</created>
<edited>Tue Feb 15 16:23:38 EST 2011</edited>
<value><point x="12324" y="18735"/></value>
<metadata author="">

</metadata>
</contour>
<contour name="Trail 8" class="PointContour" color="#2d23ff" visible="true">
<created>Thu Feb 17 10:12:24 EST 2011</created>
<edited>Thu Feb 17 10:12:24 EST 2011</edited>
<value><point x="12243" y="18465"/></value>
<metadata author="">

</metadata>
</contour>
<contour name="Trail 15" class="PointContour" color="#46ffdc" visible="true">
<created>Thu Feb 17 10:19:28 EST 2011</created>
<edited>Thu Feb 17 10:19:28 EST 2011</edited>
<value><point x="11364" y="17689"/></value>
<metadata author="">

</metadata>
</contour>
<contour name="Trail 15" class="PointContour" color="#46ffdc" visible="true">
<created>Thu Feb 17 10:54:29 EST 2011</created>
<edited>Thu Feb 17 10:54:29 EST 2011</edited>
<value><point x="10187" y="16496"/></value>
<metadata author="">

</metadata>
</contour>
<contour name="Trail 96" class="PointContour" color="#55ff01" visible="true">
<created>Thu Feb 17 11:15:08 EST 2011</created>
<edited>Thu Feb 17 11:15:08 EST 2011</edited>
<value><point x="10730" y="19686"/></value>
<metadata author="">

</metadata>
</contour>
<contour name="Trail 96" class="PointContour" color="#55ff01" visible="true">
<created>Thu Feb 17 11:15:25 EST 2011</created>
<edited>Thu Feb 17 11:15:25 EST 2011</edited>
<value><point x="10233" y="20239"/></value>
<metadata author="">

</metadata>
</contour>
<contour name="Trail 12" class="PointContour" color="#ffa568" visible="true">
<created>Thu Mar 10 14:16:29 EST 2011</created>
<edited>Thu Mar 10 14:16:29 EST 2011</edited>
<value><point x="13128" y="18846"/></value>
<metadata author="">

</metadata>
</contour>
<contour name="Trail 25" class="PointContour" color="#448fc2" visible="true">
<created>Thu Mar 10 16:51:08 EST 2011</created>
<edited>Thu Mar 10 16:51:08 EST 2011</edited>
<value><point x="11213" y="17237"/></value>
<metadata author="">

</metadata>
</contour>
<contour name="Trail 33" class="PointContour" color="#f70fe0" visible="true">
<created>Sun Mar 13 16:39:41 EDT 2011</created>
<edited>Sun Mar 13 16:39:41 EDT 2011</edited>
<value><point x="11942" y="18207"/></value>
<metadata author="">

</metadata>
</contour>
<contour name="Trail 41" class="PointContour" color="#b2aff7" visible="true">
<created>Sun Mar 13 16:55:24 EDT 2011</created>
<edited>Sun Mar 13 16:55:24 EDT 2011</edited>
<value><point x="11451" y="17819"/></value>
<metadata author="">

</metadata>
</contour>
<contour name="Trail 127" class="PointContour" color="#ff9009" visible="true">
<created>Sun Mar 13 19:11:11 EDT 2011</created>
<edited>Sun Mar 13 19:11:11 EDT 2011</edited>
<value><point x="12042" y="18286"/></value>
<metadata author="">

</metadata>
</contour>
<contour name="Trail 134" class="PointContour" color="#0954ff" visible="true">
<created>Sun Mar 13 19:51:45 EDT 2011</created>
<edited>Sun Mar 13 19:51:45 EDT 2011</edited>
<value><point x="12360" y="15220"/></value>
<metadata author="">

</metadata>
</contour>
<contour name="Trail 134" class="PointContour" color="#0954ff" visible="true">
<created>Sun Mar 13 22:06:20 EDT 2011</created>
<edited>Sun Mar 13 22:06:20 EDT 2011</edited>
<value><point x="13264" y="19373"/></value>
<metadata author="">

</metadata>
</contour>
<contour name="Trail 134" class="PointContour" color="#0954ff" visible="true">
<created>Sun Mar 13 22:06:29 EDT 2011</created>
<edited>Sun Mar 13 22:06:29 EDT 2011</edited>
<value><point x="13228" y="19662"/></value>
<metadata author="">

</metadata>
</contour>
<contour name="Trail 134" class="PointContour" color="#0954ff" visible="true">
<created>Sun Mar 13 22:07:58 EDT 2011</created>
<edited>Sun Mar 13 22:07:58 EDT 2011</edited>
<value><point x="13232" y="20864"/></value>
<metadata author="">

</metadata>
</contour>
<contour name="Trail 187" class="PointContour" color="#afd2ff" visible="true">
<created>Mon Mar 14 11:50:30 EDT 2011</created>
<edited>Mon Mar 14 11:50:30 EDT 2011</edited>
<value><point x="8444" y="18723"/></value>
<metadata author="">

</metadata>
</contour>
<contour name="Trail 187" class="PointContour" color="#afd2ff" visible="true">
<created>Mon Mar 14 12:00:21 EDT 2011</created>
<edited>Mon Mar 14 12:00:21 EDT 2011</edited>
<value><point x="5625" y="17855"/></value>
<metadata author="">

</metadata>
</contour>
<contour name="Trail 187" class="PointContour" color="#afd2ff" visible="true">
<created>Mon Mar 14 12:01:08 EDT 2011</created>
<edited>Mon Mar 14 12:01:08 EDT 2011</edited>
<value><point x="4275" y="17288"/></value>
<metadata author="">

</metadata>
</contour>
<contour name="Trail 187" class="PointContour" color="#afd2ff" visible="true">
<created>Mon Mar 14 12:01:08 EDT 2011</created>
<edited>Mon Mar 14 12:01:08 EDT 2011</edited>
<value><point x="4275" y="17288"/></value>
<metadata author="">

</metadata>
</contour>
</contours>