<!--Last edited: 2011/03/14 19:51:08-->
<contours>
<contour name="Process 437" class="PointContour" color="#e3dc89" visible="true">
<created>Thu Nov 25 01:13:09 EST 2010</created>
<edited>Thu Nov 25 01:13:09 EST 2010</edited>
<value><point x="5971" y="16653"/></value>
<metadata author="">

</metadata>
</contour>
<contour name="Process 438" class="PointContour" color="#d7e318" visible="true">
<created>Thu Nov 25 01:56:36 EST 2010</created>
<edited>Thu Nov 25 01:56:36 EST 2010</edited>
<value><point x="6467" y="15692"/></value>
<metadata author="">

</metadata>
</contour>
<contour name="Process 438" class="PointContour" color="#d7e318" visible="true">
<created>Thu Nov 25 02:02:10 EST 2010</created>
<edited>Thu Nov 25 02:02:10 EST 2010</edited>
<value><point x="6191" y="16629"/></value>
<metadata author="">

</metadata>
</contour>
<contour name="Process 442" class="PointContour" color="#04bb4c" visible="true">
<created>Thu Nov 25 15:28:22 EST 2010</created>
<edited>Thu Nov 25 15:28:22 EST 2010</edited>
<value><point x="6186" y="12877"/></value>
<metadata author="">

</metadata>
</contour>
<contour name="Process 442" class="PointContour" color="#04bb4c" visible="true">
<created>Thu Nov 25 15:30:25 EST 2010</created>
<edited>Thu Nov 25 15:30:25 EST 2010</edited>
<value><point x="6027" y="12850"/></value>
<metadata author="">

</metadata>
</contour>
<contour name="Process 445" class="PointContour" color="#9b2a70" visible="true">
<created>Thu Nov 25 20:10:45 EST 2010</created>
<edited>Thu Nov 25 20:10:45 EST 2010</edited>
<value><point x="14383" y="16802"/></value>
<metadata author="">

</metadata>
</contour>
<contour name="Process 445" class="PointContour" color="#9b2a70" visible="true">
<created>Thu Nov 25 20:10:49 EST 2010</created>
<edited>Thu Nov 25 20:10:49 EST 2010</edited>
<value><point x="14383" y="16802"/></value>
<metadata author="">

</metadata>
</contour>
<contour name="Process 453" class="PointContour" color="#c98e91" visible="true">
<created>Fri Nov 26 22:21:22 EST 2010</created>
<edited>Fri Nov 26 22:21:22 EST 2010</edited>
<value><point x="16829" y="18794"/></value>
<metadata author="">

</metadata>
</contour>
<contour name="Process 454" class="PointContour" color="#d2dc83" visible="true">
<created>Fri Nov 26 22:40:24 EST 2010</created>
<edited>Fri Nov 26 22:40:24 EST 2010</edited>
<value><point x="16169" y="14182"/></value>
<metadata author="">

</metadata>
</contour>
<contour name="Process 476" class="PointContour" color="#3c3865" visible="true">
<created>Tue Feb 08 14:49:07 EST 2011</created>
<edited>Tue Feb 08 14:49:07 EST 2011</edited>
<value><point x="13274" y="17627"/></value>
<metadata author="">

</metadata>
</contour>
<contour name="Process 487" class="PointContour" color="#79a346" visible="true">
<created>Wed Feb 09 10:40:27 EST 2011</created>
<edited>Wed Feb 09 10:40:27 EST 2011</edited>
<value><point x="15306" y="17214"/></value>
<metadata author="">

</metadata>
</contour>
<contour name="Process 489" class="PointContour" color="#267e56" visible="true">
<created>Wed Feb 09 11:38:18 EST 2011</created>
<edited>Wed Feb 09 11:38:18 EST 2011</edited>
<value><point x="8744" y="19025"/></value>
<metadata author="">

</metadata>
</contour>
<contour name="Process 494" class="PointContour" color="#d497eb" visible="true">
<created>Wed Feb 09 17:48:19 EST 2011</created>
<edited>Wed Feb 09 17:48:19 EST 2011</edited>
<value><point x="17650" y="19227"/></value>
<metadata author="">

</metadata>
</contour>
<contour name="Process 501" class="PointContour" color="#f7a896" visible="true">
<created>Thu Feb 10 14:59:47 EST 2011</created>
<edited>Thu Feb 10 14:59:47 EST 2011</edited>
<value><point x="14084" y="12844"/></value>
<metadata author="">

</metadata>
</contour>
<contour name="Process 503" class="PointContour" color="#2350e4" visible="true">
<created>Thu Feb 10 15:50:14 EST 2011</created>
<edited>Thu Feb 10 15:50:14 EST 2011</edited>
<value><point x="10466" y="18481"/></value>
<metadata author="">

</metadata>
</contour>
<contour name="Process 510" class="PointContour" color="#183835" visible="true">
<created>Fri Feb 11 10:13:34 EST 2011</created>
<edited>Fri Feb 11 10:13:34 EST 2011</edited>
<value><point x="13074" y="16903"/></value>
<metadata author="">

</metadata>
</contour>
<contour name="Process 511" class="PointContour" color="#74a57c" visible="true">
<created>Fri Feb 11 11:21:41 EST 2011</created>
<edited>Fri Feb 11 11:21:41 EST 2011</edited>
<value><point x="16906" y="13017"/></value>
<metadata author="">

</metadata>
</contour>
<contour name="Process 512" class="PointContour" color="#8cc43e" visible="true">
<created>Fri Feb 11 11:31:13 EST 2011</created>
<edited>Fri Feb 11 11:31:13 EST 2011</edited>
<value><point x="12794" y="16089"/></value>
<metadata author="">

</metadata>
</contour>
<contour name="Process 514" class="PointContour" color="#31c1d7" visible="true">
<created>Fri Feb 11 13:16:26 EST 2011</created>
<edited>Fri Feb 11 13:16:26 EST 2011</edited>
<value><point x="14473" y="16831"/></value>
<metadata author="">

</metadata>
</contour>
<contour name="Process 518" class="PointContour" color="#773dc2" visible="true">
<created>Fri Feb 11 13:53:40 EST 2011</created>
<edited>Fri Feb 11 13:53:40 EST 2011</edited>
<value><point x="15704" y="17650"/></value>
<metadata author="">

</metadata>
</contour>
<contour name="Process 521" class="PointContour" color="#af93b8" visible="true">
<created>Fri Feb 11 17:01:59 EST 2011</created>
<edited>Fri Feb 11 17:01:59 EST 2011</edited>
<value><point x="14629" y="12779"/></value>
<metadata author="">

</metadata>
</contour>
<contour name="Process 522" class="PointContour" color="#33868d" visible="true">
<created>Fri Feb 11 17:09:10 EST 2011</created>
<edited>Fri Feb 11 17:09:10 EST 2011</edited>
<value><point x="17853" y="10265"/></value>
<metadata author="">

</metadata>
</contour>
<contour name="Process 524" class="PointContour" color="#5f21fc" visible="true">
<created>Fri Feb 11 17:19:24 EST 2011</created>
<edited>Fri Feb 11 17:19:24 EST 2011</edited>
<value><point x="18224" y="18654"/></value>
<metadata author="">

</metadata>
</contour>
<contour name="Process 525" class="PointContour" color="#1529c2" visible="true">
<created>Fri Feb 11 17:24:21 EST 2011</created>
<edited>Fri Feb 11 17:24:21 EST 2011</edited>
<value><point x="9782" y="18876"/></value>
<metadata author="">

</metadata>
</contour>
<contour name="Trail 127" class="PointContour" color="#ff9009" visible="true">
<created>Sun Mar 13 19:08:06 EDT 2011</created>
<edited>Sun Mar 13 19:08:06 EDT 2011</edited>
<value><point x="16393" y="17214"/></value>
<metadata author="">

</metadata>
</contour>
</contours>