<!--Last edited: 2011/03/14 19:51:15-->
<contours>
<contour name="Process 420" class="PointContour" color="#4fe1fe" visible="true">
<created>Wed Nov 24 16:51:22 EST 2010</created>
<edited>Wed Nov 24 16:51:22 EST 2010</edited>
<value><point x="9939" y="17580"/></value>
<metadata author="">

</metadata>
</contour>
<contour name="Process 421" class="PointContour" color="#e61dae" visible="true">
<created>Wed Nov 24 17:06:13 EST 2010</created>
<edited>Wed Nov 24 17:06:13 EST 2010</edited>
<value><point x="9469" y="17344"/></value>
<metadata author="">

</metadata>
</contour>
<contour name="Process 422" class="PointContour" color="#f8e1f2" visible="true">
<created>Wed Nov 24 17:22:39 EST 2010</created>
<edited>Wed Nov 24 17:22:39 EST 2010</edited>
<value><point x="8175" y="17443"/></value>
<metadata author="">

</metadata>
</contour>
<contour name="Process 424" class="PointContour" color="#f4ed50" visible="true">
<created>Wed Nov 24 18:03:34 EST 2010</created>
<edited>Wed Nov 24 18:03:34 EST 2010</edited>
<value><point x="9727" y="17464"/></value>
<metadata author="">

</metadata>
</contour>
<contour name="Process 425" class="PointContour" color="#b3923c" visible="true">
<created>Wed Nov 24 18:58:54 EST 2010</created>
<edited>Wed Nov 24 18:58:54 EST 2010</edited>
<value><point x="8703" y="18098"/></value>
<metadata author="">

</metadata>
</contour>
<contour name="Process 426" class="PointContour" color="#a969fa" visible="true">
<created>Wed Nov 24 19:15:13 EST 2010</created>
<edited>Wed Nov 24 19:15:13 EST 2010</edited>
<value><point x="9561" y="20309"/></value>
<metadata author="">

</metadata>
</contour>
<contour name="Process 427" class="PointContour" color="#2e69d9" visible="true">
<created>Wed Nov 24 19:28:13 EST 2010</created>
<edited>Wed Nov 24 19:28:13 EST 2010</edited>
<value><point x="7441" y="20782"/></value>
<metadata author="">

</metadata>
</contour>
<contour name="Process 428" class="PointContour" color="#fd30e1" visible="true">
<created>Wed Nov 24 19:52:20 EST 2010</created>
<edited>Wed Nov 24 19:52:20 EST 2010</edited>
<value><point x="9870" y="18957"/></value>
<metadata author="">

</metadata>
</contour>
<contour name="Process 431" class="PointContour" color="#a298f6" visible="true">
<created>Wed Nov 24 20:23:04 EST 2010</created>
<edited>Wed Nov 24 20:23:04 EST 2010</edited>
<value><point x="9911" y="20238"/></value>
<metadata author="">

</metadata>
</contour>
<contour name="Process 434" class="PointContour" color="#8a9f56" visible="true">
<created>Thu Nov 25 00:03:22 EST 2010</created>
<edited>Thu Nov 25 00:03:22 EST 2010</edited>
<value><point x="10460" y="17903"/></value>
<metadata author="">

</metadata>
</contour>
<contour name="Process 435" class="PointContour" color="#0430ee" visible="true">
<created>Thu Nov 25 00:13:24 EST 2010</created>
<edited>Thu Nov 25 00:13:24 EST 2010</edited>
<value><point x="10080" y="14608"/></value>
<metadata author="">

</metadata>
</contour>
<contour name="Process 435" class="PointContour" color="#0430ee" visible="true">
<created>Thu Nov 25 00:19:01 EST 2010</created>
<edited>Thu Nov 25 00:19:01 EST 2010</edited>
<value><point x="8604" y="10733"/></value>
<metadata author="">

</metadata>
</contour>
<contour name="Process 435" class="PointContour" color="#0430ee" visible="true">
<created>Thu Nov 25 00:19:46 EST 2010</created>
<edited>Thu Nov 25 00:19:46 EST 2010</edited>
<value><point x="8497" y="9591"/></value>
<metadata author="">

</metadata>
</contour>
<contour name="Process 441" class="PointContour" color="#d89428" visible="true">
<created>Thu Nov 25 14:44:00 EST 2010</created>
<edited>Thu Nov 25 14:44:00 EST 2010</edited>
<value><point x="13281" y="16088"/></value>
<metadata author="">

</metadata>
</contour>
<contour name="Process 443" class="PointContour" color="#a38ff2" visible="true">
<created>Thu Nov 25 19:26:27 EST 2010</created>
<edited>Thu Nov 25 19:26:27 EST 2010</edited>
<value><point x="10247" y="17077"/></value>
<metadata author="">

</metadata>
</contour>
<contour name="Process 449" class="PointContour" color="#697c74" visible="true">
<created>Fri Nov 26 18:02:21 EST 2010</created>
<edited>Fri Nov 26 18:02:21 EST 2010</edited>
<value><point x="11253" y="19337"/></value>
<metadata author="">

</metadata>
</contour>
<contour name="Process 450" class="PointContour" color="#866c5b" visible="true">
<created>Fri Nov 26 21:02:09 EST 2010</created>
<edited>Fri Nov 26 21:02:09 EST 2010</edited>
<value><point x="12356" y="16534"/></value>
<metadata author="">

</metadata>
</contour>
<contour name="Process 451" class="PointContour" color="#bcad85" visible="true">
<created>Fri Nov 26 21:12:15 EST 2010</created>
<edited>Fri Nov 26 21:12:15 EST 2010</edited>
<value><point x="13041" y="14570"/></value>
<metadata author="">

</metadata>
</contour>
<contour name="Process 451" class="PointContour" color="#bcad85" visible="true">
<created>Fri Nov 26 21:12:57 EST 2010</created>
<edited>Fri Nov 26 21:12:57 EST 2010</edited>
<value><point x="13840" y="13396"/></value>
<metadata author="">

</metadata>
</contour>
<contour name="Process 451" class="PointContour" color="#bcad85" visible="true">
<created>Fri Nov 26 21:13:33 EST 2010</created>
<edited>Fri Nov 26 21:13:33 EST 2010</edited>
<value><point x="14285" y="12742"/></value>
<metadata author="">

</metadata>
</contour>
<contour name="Process 455" class="PointContour" color="#d456a5" visible="true">
<created>Sat Nov 27 12:38:06 EST 2010</created>
<edited>Sat Nov 27 12:38:06 EST 2010</edited>
<value><point x="10658" y="18979"/></value>
<metadata author="">

</metadata>
</contour>
<contour name="Process 456" class="PointContour" color="#cbbd91" visible="true">
<created>Sat Nov 27 12:47:34 EST 2010</created>
<edited>Sat Nov 27 12:47:34 EST 2010</edited>
<value><point x="12485" y="18741"/></value>
<metadata author="">

</metadata>
</contour>
<contour name="Process 457" class="PointContour" color="#f8a74f" visible="true">
<created>Sat Nov 27 12:57:43 EST 2010</created>
<edited>Sat Nov 27 12:57:43 EST 2010</edited>
<value><point x="12559" y="18972"/></value>
<metadata author="">

</metadata>
</contour>
<contour name="Process 458" class="PointContour" color="#10a180" visible="true">
<created>Sat Nov 27 13:08:08 EST 2010</created>
<edited>Sat Nov 27 13:08:08 EST 2010</edited>
<value><point x="12118" y="19036"/></value>
<metadata author="">

</metadata>
</contour>
<contour name="Process 459" class="PointContour" color="#15a084" visible="true">
<created>Sat Nov 27 14:12:09 EST 2010</created>
<edited>Sat Nov 27 14:12:09 EST 2010</edited>
<value><point x="11475" y="19418"/></value>
<metadata author="">

</metadata>
</contour>
<contour name="Process 460" class="PointContour" color="#782b43" visible="true">
<created>Fri Dec 03 15:16:09 EST 2010</created>
<edited>Fri Dec 03 15:16:09 EST 2010</edited>
<value><point x="16208" y="16832"/></value>
<metadata author="">

</metadata>
</contour>
<contour name="Process 465" class="PointContour" color="#ae4a09" visible="true">
<created>Fri Dec 03 23:56:13 EST 2010</created>
<edited>Fri Dec 03 23:56:13 EST 2010</edited>
<value><point x="11924" y="17053"/></value>
<metadata author="">

</metadata>
</contour>
<contour name="Process 466" class="PointContour" color="#722e57" visible="true">
<created>Sat Dec 04 00:05:24 EST 2010</created>
<edited>Sat Dec 04 00:05:24 EST 2010</edited>
<value><point x="10748" y="16608"/></value>
<metadata author="">

</metadata>
</contour>
<contour name="Process 469" class="PointContour" color="#7f3a2b" visible="true">
<created>Sat Dec 04 00:28:52 EST 2010</created>
<edited>Sat Dec 04 00:28:52 EST 2010</edited>
<value><point x="11292" y="20412"/></value>
<metadata author="">

</metadata>
</contour>
<contour name="Process 470" class="PointContour" color="#266149" visible="true">
<created>Sat Dec 04 13:31:47 EST 2010</created>
<edited>Sat Dec 04 13:31:47 EST 2010</edited>
<value><point x="9930" y="17683"/></value>
<metadata author="">

</metadata>
</contour>
<contour name="Process 471" class="PointContour" color="#da4772" visible="true">
<created>Sat Dec 04 13:38:46 EST 2010</created>
<edited>Sat Dec 04 13:38:46 EST 2010</edited>
<value><point x="9306" y="16642"/></value>
<metadata author="">

</metadata>
</contour>
<contour name="Process 473" class="PointContour" color="#811f28" visible="true">
<created>Tue Feb 08 14:01:22 EST 2011</created>
<edited>Tue Feb 08 14:01:22 EST 2011</edited>
<value><point x="12936" y="20932"/></value>
<metadata author="">

</metadata>
</contour>
<contour name="Process 478" class="PointContour" color="#4bab49" visible="true">
<created>Tue Feb 08 15:10:41 EST 2011</created>
<edited>Tue Feb 08 15:10:41 EST 2011</edited>
<value><point x="12778" y="20631"/></value>
<metadata author="">

</metadata>
</contour>
<contour name="Process 480" class="PointContour" color="#ace8dd" visible="true">
<created>Tue Feb 08 15:29:16 EST 2011</created>
<edited>Tue Feb 08 15:29:16 EST 2011</edited>
<value><point x="9334" y="20417"/></value>
<metadata author="">

</metadata>
</contour>
<contour name="Process 481" class="PointContour" color="#51749d" visible="true">
<created>Tue Feb 08 15:52:18 EST 2011</created>
<edited>Tue Feb 08 15:52:18 EST 2011</edited>
<value><point x="11236" y="20148"/></value>
<metadata author="">

</metadata>
</contour>
<contour name="Process 482" class="PointContour" color="#965dda" visible="true">
<created>Tue Feb 08 17:23:09 EST 2011</created>
<edited>Tue Feb 08 17:23:09 EST 2011</edited>
<value><point x="15613" y="22734"/></value>
<metadata author="">

</metadata>
</contour>
<contour name="Process 488" class="PointContour" color="#e590b3" visible="true">
<created>Wed Feb 09 10:44:36 EST 2011</created>
<edited>Wed Feb 09 10:44:36 EST 2011</edited>
<value><point x="12845" y="20700"/></value>
<metadata author="">

</metadata>
</contour>
<contour name="Process 493" class="PointContour" color="#754904" visible="true">
<created>Wed Feb 09 15:45:28 EST 2011</created>
<edited>Wed Feb 09 15:45:28 EST 2011</edited>
<value><point x="9977" y="21524"/></value>
<metadata author="">

</metadata>
</contour>
<contour name="Process 493" class="PointContour" color="#754904" visible="true">
<created>Wed Feb 09 15:46:08 EST 2011</created>
<edited>Wed Feb 09 15:46:08 EST 2011</edited>
<value><point x="9663" y="21900"/></value>
<metadata author="">

</metadata>
</contour>
<contour name="Process 526" class="PointContour" color="#8d24e6" visible="true">
<created>Fri Feb 11 17:27:29 EST 2011</created>
<edited>Fri Feb 11 17:27:29 EST 2011</edited>
<value><point x="13174" y="19464"/></value>
<metadata author="">

</metadata>
</contour>
<contour name="Trail 527" class="PointContour" color="#453b96" visible="true">
<created>Mon Feb 14 10:53:49 EST 2011</created>
<edited>Mon Feb 14 10:53:49 EST 2011</edited>
<value><point x="14731" y="19365"/></value>
<metadata author="">

</metadata>
</contour>
<contour name="Trail 527" class="PointContour" color="#453b96" visible="true">
<created>Mon Feb 14 11:19:49 EST 2011</created>
<edited>Mon Feb 14 11:19:49 EST 2011</edited>
<value><point x="16959" y="19912"/></value>
<metadata author="">

</metadata>
</contour>
<contour name="Trail 527" class="PointContour" color="#453b96" visible="true">
<created>Mon Feb 14 11:19:49 EST 2011</created>
<edited>Mon Feb 14 11:19:49 EST 2011</edited>
<value><point x="16959" y="19912"/></value>
<metadata author="">

</metadata>
</contour>
<contour name="Trail 529" class="PointContour" color="#1ca7ed" visible="true">
<created>Mon Feb 14 11:33:09 EST 2011</created>
<edited>Mon Feb 14 11:33:09 EST 2011</edited>
<value><point x="10587" y="18945"/></value>
<metadata author="">

</metadata>
</contour>
<contour name="Trail 530" class="PointContour" color="#d5e631" visible="true">
<created>Mon Feb 14 11:38:47 EST 2011</created>
<edited>Mon Feb 14 11:38:47 EST 2011</edited>
<value><point x="10760" y="19089"/></value>
<metadata author="">

</metadata>
</contour>
<contour name="Trail 532" class="PointContour" color="#fabd81" visible="true">
<created>Mon Feb 14 11:46:55 EST 2011</created>
<edited>Mon Feb 14 11:46:55 EST 2011</edited>
<value><point x="10281" y="19390"/></value>
<metadata author="">

</metadata>
</contour>
<contour name="Trail 534" class="PointContour" color="#001c95" visible="true">
<created>Mon Feb 14 12:10:33 EST 2011</created>
<edited>Mon Feb 14 12:10:33 EST 2011</edited>
<value><point x="12061" y="18969"/></value>
<metadata author="">

</metadata>
</contour>
<contour name="Trail 535" class="PointContour" color="#bcc72b" visible="true">
<created>Mon Feb 14 12:55:29 EST 2011</created>
<edited>Mon Feb 14 12:55:29 EST 2011</edited>
<value><point x="11409" y="19391"/></value>
<metadata author="">

</metadata>
</contour>
<contour name="Trail 65" class="PointContour" color="#e3ff0e" visible="true">
<created>Mon Feb 14 15:24:28 EST 2011</created>
<edited>Mon Feb 14 15:24:28 EST 2011</edited>
<value><point x="11814" y="18313"/></value>
<metadata author="">

</metadata>
</contour>
<contour name="Trail 115" class="PointContour" color="#cbff04" visible="true">
<created>Mon Feb 14 15:34:47 EST 2011</created>
<edited>Mon Feb 14 15:34:47 EST 2011</edited>
<value><point x="12961" y="19328"/></value>
<metadata author="">

</metadata>
</contour>
<contour name="Trail 94" class="PointContour" color="#beff05" visible="true">
<created>Mon Feb 14 15:50:18 EST 2011</created>
<edited>Mon Feb 14 15:50:18 EST 2011</edited>
<value><point x="10457" y="19884"/></value>
<metadata author="">

</metadata>
</contour>
<contour name="Trail 49" class="PointContour" color="#4053cc" visible="true">
<created>Mon Feb 14 15:56:30 EST 2011</created>
<edited>Mon Feb 14 15:56:30 EST 2011</edited>
<value><point x="11434" y="18910"/></value>
<metadata author="">

</metadata>
</contour>
<contour name="Trail 159" class="PointContour" color="#afff08" visible="true">
<created>Mon Feb 14 16:05:22 EST 2011</created>
<edited>Mon Feb 14 16:05:22 EST 2011</edited>
<value><point x="11066" y="18461"/></value>
<metadata author="">

</metadata>
</contour>
<contour name="Trail 26" class="PointContour" color="#c21ebd" visible="true">
<created>Tue Feb 15 11:57:15 EST 2011</created>
<edited>Tue Feb 15 11:57:15 EST 2011</edited>
<value><point x="12087" y="18557"/></value>
<metadata author="">

</metadata>
</contour>
<contour name="Trail 38" class="PointContour" color="#f7edc9" visible="true">
<created>Tue Feb 15 12:01:54 EST 2011</created>
<edited>Tue Feb 15 12:01:54 EST 2011</edited>
<value><point x="12182" y="18353"/></value>
<metadata author="">

</metadata>
</contour>
<contour name="Trail 52" class="PointContour" color="#b10aff" visible="true">
<created>Tue Feb 15 12:17:30 EST 2011</created>
<edited>Tue Feb 15 12:17:30 EST 2011</edited>
<value><point x="12219" y="18387"/></value>
<metadata author="">

</metadata>
</contour>
<contour name="Trail 40" class="PointContour" color="#c4f7b5" visible="true">
<created>Tue Feb 15 12:22:21 EST 2011</created>
<edited>Tue Feb 15 12:22:21 EST 2011</edited>
<value><point x="12120" y="18324"/></value>
<metadata author="">

</metadata>
</contour>
<contour name="Trail 45" class="PointContour" color="#80d2ff" visible="true">
<created>Tue Feb 15 12:29:00 EST 2011</created>
<edited>Tue Feb 15 12:29:00 EST 2011</edited>
<value><point x="11459" y="17815"/></value>
<metadata author="">

</metadata>
</contour>
<contour name="Trail 86" class="PointContour" color="#ff067f" visible="true">
<created>Tue Feb 15 14:17:47 EST 2011</created>
<edited>Tue Feb 15 14:17:47 EST 2011</edited>
<value><point x="12353" y="17407"/></value>
<metadata author="">

</metadata>
</contour>
<contour name="Trail 97" class="PointContour" color="#05ff95" visible="true">
<created>Tue Feb 15 14:48:30 EST 2011</created>
<edited>Tue Feb 15 14:48:30 EST 2011</edited>
<value><point x="7728" y="17175"/></value>
<metadata author="">

</metadata>
</contour>
<contour name="Trail 97" class="PointContour" color="#05ff95" visible="true">
<created>Tue Feb 15 14:48:54 EST 2011</created>
<edited>Tue Feb 15 14:48:54 EST 2011</edited>
<value><point x="7007" y="16950"/></value>
<metadata author="">

</metadata>
</contour>
<contour name="Trail 97" class="PointContour" color="#05ff95" visible="true">
<created>Tue Feb 15 14:49:46 EST 2011</created>
<edited>Tue Feb 15 14:49:46 EST 2011</edited>
<value><point x="4432" y="16197"/></value>
<metadata author="">

</metadata>
</contour>
<contour name="Trail 39" class="PointContour" color="#a4f7f2" visible="true">
<created>Tue Feb 15 14:52:32 EST 2011</created>
<edited>Tue Feb 15 14:52:32 EST 2011</edited>
<value><point x="11069" y="18411"/></value>
<metadata author="">

</metadata>
</contour>
<contour name="Trail 205" class="PointContour" color="#0ddcff" visible="true">
<created>Tue Feb 15 15:02:00 EST 2011</created>
<edited>Tue Feb 15 15:02:00 EST 2011</edited>
<value><point x="11715" y="17322"/></value>
<metadata author="">

</metadata>
</contour>
<contour name="Trail 53" class="PointContour" color="#d507ff" visible="true">
<created>Tue Feb 15 16:23:52 EST 2011</created>
<edited>Tue Feb 15 16:23:52 EST 2011</edited>
<value><point x="12271" y="18815"/></value>
<metadata author="">

</metadata>
</contour>
<contour name="Trail 8" class="PointContour" color="#2d23ff" visible="true">
<created>Thu Feb 17 10:12:28 EST 2011</created>
<edited>Thu Feb 17 10:12:28 EST 2011</edited>
<value><point x="12286" y="18446"/></value>
<metadata author="">

</metadata>
</contour>
<contour name="Trail 15" class="PointContour" color="#46ffdc" visible="true">
<created>Thu Feb 17 10:19:42 EST 2011</created>
<edited>Thu Feb 17 10:19:42 EST 2011</edited>
<value><point x="10686" y="17331"/></value>
<metadata author="">

</metadata>
</contour>
<contour name="Trail 15" class="PointContour" color="#46ffdc" visible="true">
<created>Thu Feb 17 10:54:19 EST 2011</created>
<edited>Thu Feb 17 10:54:19 EST 2011</edited>
<value><point x="10111" y="16637"/></value>
<metadata author="">

</metadata>
</contour>
<contour name="Trail 96" class="PointContour" color="#55ff01" visible="true">
<created>Thu Feb 17 11:15:41 EST 2011</created>
<edited>Thu Feb 17 11:15:41 EST 2011</edited>
<value><point x="10038" y="20445"/></value>
<metadata author="">

</metadata>
</contour>
<contour name="Trail 12" class="PointContour" color="#ffa568" visible="true">
<created>Thu Mar 10 14:16:37 EST 2011</created>
<edited>Thu Mar 10 14:16:37 EST 2011</edited>
<value><point x="13270" y="18864"/></value>
<metadata author="">

</metadata>
</contour>
<contour name="Trail 25" class="PointContour" color="#448fc2" visible="true">
<created>Thu Mar 10 16:51:29 EST 2011</created>
<edited>Thu Mar 10 16:51:29 EST 2011</edited>
<value><point x="11290" y="16969"/></value>
<metadata author="">

</metadata>
</contour>
<contour name="Trail 33" class="PointContour" color="#f70fe0" visible="true">
<created>Sun Mar 13 16:39:46 EDT 2011</created>
<edited>Sun Mar 13 16:39:46 EDT 2011</edited>
<value><point x="12024" y="18218"/></value>
<metadata author="">

</metadata>
</contour>
<contour name="Trail 41" class="PointContour" color="#b2aff7" visible="true">
<created>Sun Mar 13 16:55:33 EDT 2011</created>
<edited>Sun Mar 13 16:55:33 EDT 2011</edited>
<value><point x="11392" y="17817"/></value>
<metadata author="">

</metadata>
</contour>
<contour name="Trail 127" class="PointContour" color="#ff9009" visible="true">
<created>Sun Mar 13 19:11:16 EDT 2011</created>
<edited>Sun Mar 13 19:11:16 EDT 2011</edited>
<value><point x="11930" y="18297"/></value>
<metadata author="">

</metadata>
</contour>
<contour name="Trail 134" class="PointContour" color="#0954ff" visible="true">
<created>Sun Mar 13 19:51:52 EDT 2011</created>
<edited>Sun Mar 13 19:51:52 EDT 2011</edited>
<value><point x="12169" y="15156"/></value>
<metadata author="">

</metadata>
</contour>
<contour name="Trail 134" class="PointContour" color="#0954ff" visible="true">
<created>Sun Mar 13 22:08:38 EDT 2011</created>
<edited>Sun Mar 13 22:08:38 EDT 2011</edited>
<value><point x="13139" y="21219"/></value>
<metadata author="">

</metadata>
</contour>
<contour name="Trail 134" class="PointContour" color="#0954ff" visible="true">
<created>Sun Mar 13 22:09:12 EDT 2011</created>
<edited>Sun Mar 13 22:09:12 EDT 2011</edited>
<value><point x="13316" y="23182"/></value>
<metadata author="">

</metadata>
</contour>
<contour name="Trail 187" class="PointContour" color="#afd2ff" visible="true">
<created>Mon Mar 14 11:50:37 EDT 2011</created>
<edited>Mon Mar 14 11:50:37 EDT 2011</edited>
<value><point x="8175" y="18653"/></value>
<metadata author="">

</metadata>
</contour>
<contour name="Trail 187" class="PointContour" color="#afd2ff" visible="true">
<created>Mon Mar 14 11:51:39 EDT 2011</created>
<edited>Mon Mar 14 11:51:39 EDT 2011</edited>
<value><point x="6141" y="18192"/></value>
<metadata author="">

</metadata>
</contour>
</contours>