<!--Last edited: 2011/03/14 19:51:15-->
<contours>
<contour name="Process 420" class="PointContour" color="#4fe1fe" visible="true">
<created>Wed Nov 24 16:51:40 EST 2010</created>
<edited>Wed Nov 24 16:51:40 EST 2010</edited>
<value><point x="9491" y="17847"/></value>
<metadata author="">

</metadata>
</contour>
<contour name="Process 421" class="PointContour" color="#e61dae" visible="true">
<created>Wed Nov 24 17:06:44 EST 2010</created>
<edited>Wed Nov 24 17:06:44 EST 2010</edited>
<value><point x="9325" y="17376"/></value>
<metadata author="">

</metadata>
</contour>
<contour name="Process 422" class="PointContour" color="#f8e1f2" visible="true">
<created>Wed Nov 24 17:23:08 EST 2010</created>
<edited>Wed Nov 24 17:23:08 EST 2010</edited>
<value><point x="7702" y="17242"/></value>
<metadata author="">

</metadata>
</contour>
<contour name="Process 424" class="PointContour" color="#f4ed50" visible="true">
<created>Wed Nov 24 18:04:09 EST 2010</created>
<edited>Wed Nov 24 18:04:09 EST 2010</edited>
<value><point x="9310" y="17576"/></value>
<metadata author="">

</metadata>
</contour>
<contour name="Process 425" class="PointContour" color="#b3923c" visible="true">
<created>Wed Nov 24 18:59:44 EST 2010</created>
<edited>Wed Nov 24 18:59:44 EST 2010</edited>
<value><point x="8257" y="17707"/></value>
<metadata author="">

</metadata>
</contour>
<contour name="Process 426" class="PointContour" color="#a969fa" visible="true">
<created>Wed Nov 24 19:16:01 EST 2010</created>
<edited>Wed Nov 24 19:16:01 EST 2010</edited>
<value><point x="8695" y="20777"/></value>
<metadata author="">

</metadata>
</contour>
<contour name="Process 427" class="PointContour" color="#2e69d9" visible="true">
<created>Wed Nov 24 19:29:04 EST 2010</created>
<edited>Wed Nov 24 19:29:04 EST 2010</edited>
<value><point x="6707" y="21404"/></value>
<metadata author="">

</metadata>
</contour>
<contour name="Process 428" class="PointContour" color="#fd30e1" visible="true">
<created>Wed Nov 24 19:52:36 EST 2010</created>
<edited>Wed Nov 24 19:52:36 EST 2010</edited>
<value><point x="9817" y="19383"/></value>
<metadata author="">

</metadata>
</contour>
<contour name="Process 431" class="PointContour" color="#a298f6" visible="true">
<created>Wed Nov 24 20:26:44 EST 2010</created>
<edited>Wed Nov 24 20:26:44 EST 2010</edited>
<value><point x="6565" y="22237"/></value>
<metadata author="">

</metadata>
</contour>
<contour name="Process 434" class="PointContour" color="#8a9f56" visible="true">
<created>Thu Nov 25 00:03:49 EST 2010</created>
<edited>Thu Nov 25 00:03:49 EST 2010</edited>
<value><point x="10413" y="17313"/></value>
<metadata author="">

</metadata>
</contour>
<contour name="Process 435" class="PointContour" color="#0430ee" visible="true">
<created>Thu Nov 25 00:14:09 EST 2010</created>
<edited>Thu Nov 25 00:14:09 EST 2010</edited>
<value><point x="9991" y="14103"/></value>
<metadata author="">

</metadata>
</contour>
<contour name="Process 435" class="PointContour" color="#0430ee" visible="true">
<created>Thu Nov 25 00:16:37 EST 2010</created>
<edited>Thu Nov 25 00:16:37 EST 2010</edited>
<value><point x="9951" y="13420"/></value>
<metadata author="">

</metadata>
</contour>
<contour name="Process 435" class="PointContour" color="#0430ee" visible="true">
<created>Thu Nov 25 00:20:37 EST 2010</created>
<edited>Thu Nov 25 00:20:37 EST 2010</edited>
<value><point x="8394" y="9256"/></value>
<metadata author="">

</metadata>
</contour>
<contour name="Process 441" class="PointContour" color="#d89428" visible="true">
<created>Thu Nov 25 14:44:20 EST 2010</created>
<edited>Thu Nov 25 14:44:20 EST 2010</edited>
<value><point x="13630" y="15916"/></value>
<metadata author="">

</metadata>
</contour>
<contour name="Process 443" class="PointContour" color="#a38ff2" visible="true">
<created>Thu Nov 25 19:26:44 EST 2010</created>
<edited>Thu Nov 25 19:26:44 EST 2010</edited>
<value><point x="10150" y="17144"/></value>
<metadata author="">

</metadata>
</contour>
<contour name="Process 449" class="PointContour" color="#697c74" visible="true">
<created>Fri Nov 26 18:02:43 EST 2010</created>
<edited>Fri Nov 26 18:02:43 EST 2010</edited>
<value><point x="11411" y="19107"/></value>
<metadata author="">

</metadata>
</contour>
<contour name="Process 450" class="PointContour" color="#866c5b" visible="true">
<created>Fri Nov 26 21:02:23 EST 2010</created>
<edited>Fri Nov 26 21:02:23 EST 2010</edited>
<value><point x="12290" y="16397"/></value>
<metadata author="">

</metadata>
</contour>
<contour name="Process 451" class="PointContour" color="#bcad85" visible="true">
<created>Fri Nov 26 21:14:22 EST 2010</created>
<edited>Fri Nov 26 21:14:22 EST 2010</edited>
<value><point x="15133" y="11938"/></value>
<metadata author="">

</metadata>
</contour>
<contour name="Process 455" class="PointContour" color="#d456a5" visible="true">
<created>Sat Nov 27 12:38:32 EST 2010</created>
<edited>Sat Nov 27 12:38:32 EST 2010</edited>
<value><point x="10476" y="19208"/></value>
<metadata author="">

</metadata>
</contour>
<contour name="Process 456" class="PointContour" color="#cbbd91" visible="true">
<created>Sat Nov 27 12:47:55 EST 2010</created>
<edited>Sat Nov 27 12:47:55 EST 2010</edited>
<value><point x="12457" y="18710"/></value>
<metadata author="">

</metadata>
</contour>
<contour name="Process 457" class="PointContour" color="#f8a74f" visible="true">
<created>Sat Nov 27 12:58:10 EST 2010</created>
<edited>Sat Nov 27 12:58:10 EST 2010</edited>
<value><point x="12567" y="19175"/></value>
<metadata author="">

</metadata>
</contour>
<contour name="Process 458" class="PointContour" color="#10a180" visible="true">
<created>Sat Nov 27 13:08:33 EST 2010</created>
<edited>Sat Nov 27 13:08:33 EST 2010</edited>
<value><point x="12237" y="19173"/></value>
<metadata author="">

</metadata>
</contour>
<contour name="Process 459" class="PointContour" color="#15a084" visible="true">
<created>Sat Nov 27 14:12:46 EST 2010</created>
<edited>Sat Nov 27 14:12:46 EST 2010</edited>
<value><point x="12108" y="20163"/></value>
<metadata author="">

</metadata>
</contour>
<contour name="Process 460" class="PointContour" color="#782b43" visible="true">
<created>Fri Dec 03 15:17:27 EST 2010</created>
<edited>Fri Dec 03 15:17:27 EST 2010</edited>
<value><point x="19217" y="16463"/></value>
<metadata author="">

</metadata>
</contour>
<contour name="Process 465" class="PointContour" color="#ae4a09" visible="true">
<created>Fri Dec 03 23:56:29 EST 2010</created>
<edited>Fri Dec 03 23:56:29 EST 2010</edited>
<value><point x="11679" y="17085"/></value>
<metadata author="">

</metadata>
</contour>
<contour name="Process 466" class="PointContour" color="#722e57" visible="true">
<created>Sat Dec 04 00:05:42 EST 2010</created>
<edited>Sat Dec 04 00:05:42 EST 2010</edited>
<value><point x="10676" y="16605"/></value>
<metadata author="">

</metadata>
</contour>
<contour name="Process 469" class="PointContour" color="#7f3a2b" visible="true">
<created>Sat Dec 04 00:29:01 EST 2010</created>
<edited>Sat Dec 04 00:29:01 EST 2010</edited>
<value><point x="11169" y="20464"/></value>
<metadata author="">

</metadata>
</contour>
<contour name="Process 470" class="PointContour" color="#266149" visible="true">
<created>Sat Dec 04 13:32:02 EST 2010</created>
<edited>Sat Dec 04 13:32:02 EST 2010</edited>
<value><point x="9636" y="17819"/></value>
<metadata author="">

</metadata>
</contour>
<contour name="Process 471" class="PointContour" color="#da4772" visible="true">
<created>Sat Dec 04 13:39:13 EST 2010</created>
<edited>Sat Dec 04 13:39:13 EST 2010</edited>
<value><point x="8736" y="15719"/></value>
<metadata author="">

</metadata>
</contour>
<contour name="Process 473" class="PointContour" color="#811f28" visible="true">
<created>Tue Feb 08 14:02:06 EST 2011</created>
<edited>Tue Feb 08 14:02:06 EST 2011</edited>
<value><point x="13413" y="21466"/></value>
<metadata author="">

</metadata>
</contour>
<contour name="Process 478" class="PointContour" color="#4bab49" visible="true">
<created>Tue Feb 08 15:11:03 EST 2011</created>
<edited>Tue Feb 08 15:11:03 EST 2011</edited>
<value><point x="12762" y="21120"/></value>
<metadata author="">

</metadata>
</contour>
<contour name="Process 480" class="PointContour" color="#ace8dd" visible="true">
<created>Tue Feb 08 15:30:10 EST 2011</created>
<edited>Tue Feb 08 15:30:10 EST 2011</edited>
<value><point x="7165" y="20706"/></value>
<metadata author="">

</metadata>
</contour>
<contour name="Process 481" class="PointContour" color="#51749d" visible="true">
<created>Tue Feb 08 15:52:37 EST 2011</created>
<edited>Tue Feb 08 15:52:37 EST 2011</edited>
<value><point x="11104" y="20214"/></value>
<metadata author="">

</metadata>
</contour>
<contour name="Process 482" class="PointContour" color="#965dda" visible="true">
<created>Tue Feb 08 17:23:47 EST 2011</created>
<edited>Tue Feb 08 17:23:47 EST 2011</edited>
<value><point x="16027" y="23216"/></value>
<metadata author="">

</metadata>
</contour>
<contour name="Process 488" class="PointContour" color="#e590b3" visible="true">
<created>Wed Feb 09 10:44:59 EST 2011</created>
<edited>Wed Feb 09 10:44:59 EST 2011</edited>
<value><point x="12948" y="20856"/></value>
<metadata author="">

</metadata>
</contour>
<contour name="Process 526" class="PointContour" color="#8d24e6" visible="true">
<created>Fri Feb 11 17:27:59 EST 2011</created>
<edited>Fri Feb 11 17:27:59 EST 2011</edited>
<value><point x="13613" y="19811"/></value>
<metadata author="">

</metadata>
</contour>
<contour name="Trail 527" class="PointContour" color="#453b96" visible="true">
<created>Mon Feb 14 11:19:01 EST 2011</created>
<edited>Mon Feb 14 11:19:01 EST 2011</edited>
<value><point x="15296" y="19515"/></value>
<metadata author="">

</metadata>
</contour>
<contour name="Trail 529" class="PointContour" color="#1ca7ed" visible="true">
<created>Mon Feb 14 11:33:50 EST 2011</created>
<edited>Mon Feb 14 11:33:50 EST 2011</edited>
<value><point x="10214" y="18866"/></value>
<metadata author="">

</metadata>
</contour>
<contour name="Trail 530" class="PointContour" color="#d5e631" visible="true">
<created>Mon Feb 14 11:38:59 EST 2011</created>
<edited>Mon Feb 14 11:38:59 EST 2011</edited>
<value><point x="10510" y="19251"/></value>
<metadata author="">

</metadata>
</contour>
<contour name="Trail 532" class="PointContour" color="#fabd81" visible="true">
<created>Mon Feb 14 11:47:31 EST 2011</created>
<edited>Mon Feb 14 11:47:31 EST 2011</edited>
<value><point x="8274" y="18904"/></value>
<metadata author="">

</metadata>
</contour>
<contour name="Trail 534" class="PointContour" color="#001c95" visible="true">
<created>Mon Feb 14 12:10:54 EST 2011</created>
<edited>Mon Feb 14 12:10:54 EST 2011</edited>
<value><point x="12177" y="19127"/></value>
<metadata author="">

</metadata>
</contour>
<contour name="Trail 535" class="PointContour" color="#bcc72b" visible="true">
<created>Mon Feb 14 12:56:09 EST 2011</created>
<edited>Mon Feb 14 12:56:09 EST 2011</edited>
<value><point x="11303" y="19222"/></value>
<metadata author="">

</metadata>
</contour>
<contour name="Trail 65" class="PointContour" color="#e3ff0e" visible="true">
<created>Mon Feb 14 15:25:02 EST 2011</created>
<edited>Mon Feb 14 15:25:02 EST 2011</edited>
<value><point x="11600" y="17986"/></value>
<metadata author="">

</metadata>
</contour>
<contour name="Trail 115" class="PointContour" color="#cbff04" visible="true">
<created>Mon Feb 14 15:35:18 EST 2011</created>
<edited>Mon Feb 14 15:35:18 EST 2011</edited>
<value><point x="13746" y="19768"/></value>
<metadata author="">

</metadata>
</contour>
<contour name="Trail 94" class="PointContour" color="#beff05" visible="true">
<created>Mon Feb 14 15:50:53 EST 2011</created>
<edited>Mon Feb 14 15:50:53 EST 2011</edited>
<value><point x="10065" y="20730"/></value>
<metadata author="">

</metadata>
</contour>
<contour name="Trail 49" class="PointContour" color="#4053cc" visible="true">
<created>Mon Feb 14 15:56:51 EST 2011</created>
<edited>Mon Feb 14 15:56:51 EST 2011</edited>
<value><point x="11120" y="19329"/></value>
<metadata author="">

</metadata>
</contour>
<contour name="Trail 159" class="PointContour" color="#afff08" visible="true">
<created>Mon Feb 14 16:06:43 EST 2011</created>
<edited>Mon Feb 14 16:06:43 EST 2011</edited>
<value><point x="11182" y="18560"/></value>
<metadata author="">

</metadata>
</contour>
<contour name="Trail 159" class="PointContour" color="#afff08" visible="true">
<created>Mon Feb 14 16:07:50 EST 2011</created>
<edited>Mon Feb 14 16:07:50 EST 2011</edited>
<value><point x="11622" y="18574"/></value>
<metadata author="">

</metadata>
</contour>
<contour name="Trail 26" class="PointContour" color="#c21ebd" visible="true">
<created>Tue Feb 15 11:57:30 EST 2011</created>
<edited>Tue Feb 15 11:57:30 EST 2011</edited>
<value><point x="11989" y="18672"/></value>
<metadata author="">

</metadata>
</contour>
<contour name="Trail 38" class="PointContour" color="#f7edc9" visible="true">
<created>Tue Feb 15 12:02:04 EST 2011</created>
<edited>Tue Feb 15 12:02:04 EST 2011</edited>
<value><point x="12273" y="18336"/></value>
<metadata author="">

</metadata>
</contour>
<contour name="Trail 52" class="PointContour" color="#b10aff" visible="true">
<created>Tue Feb 15 12:17:42 EST 2011</created>
<edited>Tue Feb 15 12:17:42 EST 2011</edited>
<value><point x="12375" y="18378"/></value>
<metadata author="">

</metadata>
</contour>
<contour name="Trail 40" class="PointContour" color="#c4f7b5" visible="true">
<created>Tue Feb 15 12:22:38 EST 2011</created>
<edited>Tue Feb 15 12:22:38 EST 2011</edited>
<value><point x="11905" y="18446"/></value>
<metadata author="">

</metadata>
</contour>
<contour name="Trail 45" class="PointContour" color="#80d2ff" visible="true">
<created>Tue Feb 15 12:29:44 EST 2011</created>
<edited>Tue Feb 15 12:29:44 EST 2011</edited>
<value><point x="11471" y="17634"/></value>
<metadata author="">

</metadata>
</contour>
<contour name="Trail 86" class="PointContour" color="#ff067f" visible="true">
<created>Tue Feb 15 14:18:01 EST 2011</created>
<edited>Tue Feb 15 14:18:01 EST 2011</edited>
<value><point x="12584" y="17287"/></value>
<metadata author="">

</metadata>
</contour>
<contour name="Trail 97" class="PointContour" color="#05ff95" visible="true">
<created>Tue Feb 15 14:50:04 EST 2011</created>
<edited>Tue Feb 15 14:50:04 EST 2011</edited>
<value><point x="4132" y="15636"/></value>
<metadata author="">

</metadata>
</contour>
<contour name="Trail 39" class="PointContour" color="#a4f7f2" visible="true">
<created>Tue Feb 15 14:52:51 EST 2011</created>
<edited>Tue Feb 15 14:52:51 EST 2011</edited>
<value><point x="10912" y="18517"/></value>
<metadata author="">

</metadata>
</contour>
<contour name="Trail 205" class="PointContour" color="#0ddcff" visible="true">
<created>Tue Feb 15 15:02:25 EST 2011</created>
<edited>Tue Feb 15 15:02:25 EST 2011</edited>
<value><point x="11660" y="17215"/></value>
<metadata author="">

</metadata>
</contour>
<contour name="Trail 53" class="PointContour" color="#d507ff" visible="true">
<created>Tue Feb 15 16:24:13 EST 2011</created>
<edited>Tue Feb 15 16:24:13 EST 2011</edited>
<value><point x="12150" y="19055"/></value>
<metadata author="">

</metadata>
</contour>
<contour name="Trail 8" class="PointContour" color="#2d23ff" visible="true">
<created>Thu Feb 17 10:12:43 EST 2011</created>
<edited>Thu Feb 17 10:12:43 EST 2011</edited>
<value><point x="12433" y="18652"/></value>
<metadata author="">

</metadata>
</contour>
<contour name="Trail 96" class="PointContour" color="#55ff01" visible="true">
<created>Thu Feb 17 11:16:08 EST 2011</created>
<edited>Thu Feb 17 11:16:08 EST 2011</edited>
<value><point x="9113" y="21037"/></value>
<metadata author="">

</metadata>
</contour>
<contour name="Trail 96" class="PointContour" color="#55ff01" visible="true">
<created>Thu Feb 17 11:17:26 EST 2011</created>
<edited>Thu Feb 17 11:17:26 EST 2011</edited>
<value><point x="6413" y="21992"/></value>
<metadata author="">

</metadata>
</contour>
<contour name="Trail 12" class="PointContour" color="#ffa568" visible="true">
<created>Thu Mar 10 14:17:09 EST 2011</created>
<edited>Thu Mar 10 14:17:09 EST 2011</edited>
<value><point x="13500" y="19154"/></value>
<metadata author="">

</metadata>
</contour>
<contour name="Trail 25" class="PointContour" color="#448fc2" visible="true">
<created>Thu Mar 10 16:52:19 EST 2011</created>
<edited>Thu Mar 10 16:52:19 EST 2011</edited>
<value><point x="11479" y="16750"/></value>
<metadata author="">

</metadata>
</contour>
<contour name="Trail 33" class="PointContour" color="#f70fe0" visible="true">
<created>Sun Mar 13 16:39:58 EDT 2011</created>
<edited>Sun Mar 13 16:39:58 EDT 2011</edited>
<value><point x="12099" y="18366"/></value>
<metadata author="">

</metadata>
</contour>
<contour name="Trail 41" class="PointContour" color="#b2aff7" visible="true">
<created>Sun Mar 13 17:01:27 EDT 2011</created>
<edited>Sun Mar 13 17:01:27 EDT 2011</edited>
<value><point x="11174" y="17656"/></value>
<metadata author="">

</metadata>
</contour>
<contour name="Trail 127" class="PointContour" color="#ff9009" visible="true">
<created>Sun Mar 13 19:11:43 EDT 2011</created>
<edited>Sun Mar 13 19:11:43 EDT 2011</edited>
<value><point x="11591" y="18236"/></value>
<metadata author="">

</metadata>
</contour>
<contour name="Trail 134" class="PointContour" color="#0954ff" visible="true">
<created>Sun Mar 13 19:52:06 EDT 2011</created>
<edited>Sun Mar 13 19:52:06 EDT 2011</edited>
<value><point x="11873" y="14937"/></value>
<metadata author="">

</metadata>
</contour>
<contour name="Trail 187" class="PointContour" color="#afd2ff" visible="true">
<created>Mon Mar 14 11:51:01 EDT 2011</created>
<edited>Mon Mar 14 11:51:01 EDT 2011</edited>
<value><point x="7397" y="18461"/></value>
<metadata author="">

</metadata>
</contour>
<contour name="Trail 187" class="PointContour" color="#afd2ff" visible="true">
<created>Mon Mar 14 11:51:11 EDT 2011</created>
<edited>Mon Mar 14 11:51:11 EDT 2011</edited>
<value><point x="6933" y="18438"/></value>
<metadata author="">

</metadata>
</contour>
</contours>