<!--Last edited: 2011/03/14 19:51:15-->
<contours>
<contour name="Process 420" class="PointContour" color="#4fe1fe" visible="true">
<created>Wed Nov 24 16:50:55 EST 2010</created>
<edited>Wed Nov 24 16:50:55 EST 2010</edited>
<value><point x="10508" y="17686"/></value>
<metadata author="">

</metadata>
</contour>
<contour name="Process 421" class="PointContour" color="#e61dae" visible="true">
<created>Wed Nov 24 17:05:43 EST 2010</created>
<edited>Wed Nov 24 17:05:43 EST 2010</edited>
<value><point x="9919" y="17593"/></value>
<metadata author="">

</metadata>
</contour>
<contour name="Process 422" class="PointContour" color="#f8e1f2" visible="true">
<created>Wed Nov 24 17:19:05 EST 2010</created>
<edited>Wed Nov 24 17:19:05 EST 2010</edited>
<value><point x="9435" y="17631"/></value>
<metadata author="">

</metadata>
</contour>
<contour name="Process 424" class="PointContour" color="#f4ed50" visible="true">
<created>Wed Nov 24 18:02:19 EST 2010</created>
<edited>Wed Nov 24 18:02:19 EST 2010</edited>
<value><point x="10563" y="17661"/></value>
<metadata author="">

</metadata>
</contour>
<contour name="Process 425" class="PointContour" color="#b3923c" visible="true">
<created>Wed Nov 24 18:58:07 EST 2010</created>
<edited>Wed Nov 24 18:58:07 EST 2010</edited>
<value><point x="9845" y="17961"/></value>
<metadata author="">

</metadata>
</contour>
<contour name="Process 426" class="PointContour" color="#a969fa" visible="true">
<created>Wed Nov 24 19:14:52 EST 2010</created>
<edited>Wed Nov 24 19:14:52 EST 2010</edited>
<value><point x="9899" y="20067"/></value>
<metadata author="">

</metadata>
</contour>
<contour name="Process 427" class="PointContour" color="#2e69d9" visible="true">
<created>Wed Nov 24 19:26:39 EST 2010</created>
<edited>Wed Nov 24 19:26:39 EST 2010</edited>
<value><point x="9121" y="20324"/></value>
<metadata author="">

</metadata>
</contour>
<contour name="Process 428" class="PointContour" color="#fd30e1" visible="true">
<created>Wed Nov 24 19:51:46 EST 2010</created>
<edited>Wed Nov 24 19:51:46 EST 2010</edited>
<value><point x="10207" y="18418"/></value>
<metadata author="">

</metadata>
</contour>
<contour name="Process 429" class="PointContour" color="#bffe24" visible="true">
<created>Wed Nov 24 20:03:58 EST 2010</created>
<edited>Wed Nov 24 20:03:58 EST 2010</edited>
<value><point x="6459" y="17650"/></value>
<metadata author="">

</metadata>
</contour>
<contour name="Process 431" class="PointContour" color="#a298f6" visible="true">
<created>Wed Nov 24 20:22:43 EST 2010</created>
<edited>Wed Nov 24 20:22:43 EST 2010</edited>
<value><point x="10164" y="19808"/></value>
<metadata author="">

</metadata>
</contour>
<contour name="Process 432" class="PointContour" color="#350959" visible="true">
<created>Wed Nov 24 23:38:13 EST 2010</created>
<edited>Wed Nov 24 23:38:13 EST 2010</edited>
<value><point x="9169" y="20920"/></value>
<metadata author="">

</metadata>
</contour>
<contour name="Process 432" class="PointContour" color="#350959" visible="true">
<created>Wed Nov 24 23:40:22 EST 2010</created>
<edited>Wed Nov 24 23:40:22 EST 2010</edited>
<value><point x="6862" y="22400"/></value>
<metadata author="">

</metadata>
</contour>
<contour name="Process 433" class="PointContour" color="#60ae73" visible="true">
<created>Wed Nov 24 23:48:38 EST 2010</created>
<edited>Wed Nov 24 23:48:38 EST 2010</edited>
<value><point x="9990" y="20201"/></value>
<metadata author="">

</metadata>
</contour>
<contour name="Process 433" class="PointContour" color="#60ae73" visible="true">
<created>Wed Nov 24 23:49:01 EST 2010</created>
<edited>Wed Nov 24 23:49:01 EST 2010</edited>
<value><point x="9808" y="20588"/></value>
<metadata author="">

</metadata>
</contour>
<contour name="Process 434" class="PointContour" color="#8a9f56" visible="true">
<created>Thu Nov 25 00:02:27 EST 2010</created>
<edited>Thu Nov 25 00:02:27 EST 2010</edited>
<value><point x="10647" y="18547"/></value>
<metadata author="">

</metadata>
</contour>
<contour name="Process 435" class="PointContour" color="#0430ee" visible="true">
<created>Thu Nov 25 00:10:51 EST 2010</created>
<edited>Thu Nov 25 00:10:51 EST 2010</edited>
<value><point x="10293" y="17465"/></value>
<metadata author="">

</metadata>
</contour>
<contour name="Process 435" class="PointContour" color="#0430ee" visible="true">
<created>Thu Nov 25 00:11:08 EST 2010</created>
<edited>Thu Nov 25 00:11:08 EST 2010</edited>
<value><point x="10305" y="17133"/></value>
<metadata author="">

</metadata>
</contour>
<contour name="Process 435" class="PointContour" color="#0430ee" visible="true">
<created>Thu Nov 25 00:11:56 EST 2010</created>
<edited>Thu Nov 25 00:11:56 EST 2010</edited>
<value><point x="10100" y="16268"/></value>
<metadata author="">

</metadata>
</contour>
<contour name="Process 441" class="PointContour" color="#d89428" visible="true">
<created>Thu Nov 25 14:41:51 EST 2010</created>
<edited>Thu Nov 25 14:41:51 EST 2010</edited>
<value><point x="12963" y="16270"/></value>
<metadata author="">

</metadata>
</contour>
<contour name="Process 441" class="PointContour" color="#d89428" visible="true">
<created>Thu Nov 25 14:43:09 EST 2010</created>
<edited>Thu Nov 25 14:43:09 EST 2010</edited>
<value><point x="13083" y="16217"/></value>
<metadata author="">

</metadata>
</contour>
<contour name="Process 443" class="PointContour" color="#a38ff2" visible="true">
<created>Thu Nov 25 19:25:45 EST 2010</created>
<edited>Thu Nov 25 19:25:45 EST 2010</edited>
<value><point x="11021" y="17142"/></value>
<metadata author="">

</metadata>
</contour>
<contour name="Process 449" class="PointContour" color="#697c74" visible="true">
<created>Fri Nov 26 18:00:27 EST 2010</created>
<edited>Fri Nov 26 18:00:27 EST 2010</edited>
<value><point x="11173" y="18440"/></value>
<metadata author="">

</metadata>
</contour>
<contour name="Process 449" class="PointContour" color="#697c74" visible="true">
<created>Fri Nov 26 18:11:25 EST 2010</created>
<edited>Fri Nov 26 18:11:25 EST 2010</edited>
<value><point x="11028" y="20216"/></value>
<metadata author="">

</metadata>
</contour>
<contour name="Process 450" class="PointContour" color="#866c5b" visible="true">
<created>Fri Nov 26 21:01:29 EST 2010</created>
<edited>Fri Nov 26 21:01:29 EST 2010</edited>
<value><point x="12150" y="16806"/></value>
<metadata author="">

</metadata>
</contour>
<contour name="Process 451" class="PointContour" color="#bcad85" visible="true">
<created>Fri Nov 26 21:11:06 EST 2010</created>
<edited>Fri Nov 26 21:11:06 EST 2010</edited>
<value><point x="12765" y="16411"/></value>
<metadata author="">

</metadata>
</contour>
<contour name="Process 455" class="PointContour" color="#d456a5" visible="true">
<created>Sat Nov 27 12:37:24 EST 2010</created>
<edited>Sat Nov 27 12:37:24 EST 2010</edited>
<value><point x="10956" y="18520"/></value>
<metadata author="">

</metadata>
</contour>
<contour name="Process 456" class="PointContour" color="#cbbd91" visible="true">
<created>Sat Nov 27 12:47:08 EST 2010</created>
<edited>Sat Nov 27 12:47:08 EST 2010</edited>
<value><point x="12637" y="18781"/></value>
<metadata author="">

</metadata>
</contour>
<contour name="Process 457" class="PointContour" color="#f8a74f" visible="true">
<created>Sat Nov 27 12:57:19 EST 2010</created>
<edited>Sat Nov 27 12:57:19 EST 2010</edited>
<value><point x="12636" y="18874"/></value>
<metadata author="">

</metadata>
</contour>
<contour name="Process 458" class="PointContour" color="#10a180" visible="true">
<created>Sat Nov 27 13:07:37 EST 2010</created>
<edited>Sat Nov 27 13:07:37 EST 2010</edited>
<value><point x="11877" y="18864"/></value>
<metadata author="">

</metadata>
</contour>
<contour name="Process 459" class="PointContour" color="#15a084" visible="true">
<created>Sat Nov 27 14:11:36 EST 2010</created>
<edited>Sat Nov 27 14:11:36 EST 2010</edited>
<value><point x="11451" y="19280"/></value>
<metadata author="">

</metadata>
</contour>
<contour name="Process 460" class="PointContour" color="#782b43" visible="true">
<created>Fri Dec 03 15:15:15 EST 2010</created>
<edited>Fri Dec 03 15:15:15 EST 2010</edited>
<value><point x="14746" y="17087"/></value>
<metadata author="">

</metadata>
</contour>
<contour name="Process 461" class="PointContour" color="#65d5e9" visible="true">
<created>Fri Dec 03 23:25:14 EST 2010</created>
<edited>Fri Dec 03 23:25:14 EST 2010</edited>
<value><point x="18166" y="12177"/></value>
<metadata author="">

</metadata>
</contour>
<contour name="Process 465" class="PointContour" color="#ae4a09" visible="true">
<created>Fri Dec 03 23:55:20 EST 2010</created>
<edited>Fri Dec 03 23:55:20 EST 2010</edited>
<value><point x="12277" y="17245"/></value>
<metadata author="">

</metadata>
</contour>
<contour name="Process 466" class="PointContour" color="#722e57" visible="true">
<created>Sat Dec 04 00:05:02 EST 2010</created>
<edited>Sat Dec 04 00:05:02 EST 2010</edited>
<value><point x="11157" y="16670"/></value>
<metadata author="">

</metadata>
</contour>
<contour name="Process 469" class="PointContour" color="#7f3a2b" visible="true">
<created>Sat Dec 04 00:28:31 EST 2010</created>
<edited>Sat Dec 04 00:28:31 EST 2010</edited>
<value><point x="11414" y="20060"/></value>
<metadata author="">

</metadata>
</contour>
<contour name="Process 470" class="PointContour" color="#266149" visible="true">
<created>Sat Dec 04 13:31:25 EST 2010</created>
<edited>Sat Dec 04 13:31:25 EST 2010</edited>
<value><point x="10765" y="18267"/></value>
<metadata author="">

</metadata>
</contour>
<contour name="Process 471" class="PointContour" color="#da4772" visible="true">
<created>Sat Dec 04 13:38:19 EST 2010</created>
<edited>Sat Dec 04 13:38:19 EST 2010</edited>
<value><point x="10006" y="17692"/></value>
<metadata author="">

</metadata>
</contour>
<contour name="Process 472" class="PointContour" color="#83f028" visible="true">
<created>Sat Dec 04 13:47:59 EST 2010</created>
<edited>Sat Dec 04 13:47:59 EST 2010</edited>
<value><point x="6241" y="16208"/></value>
<metadata author="">

</metadata>
</contour>
<contour name="Process 472" class="PointContour" color="#83f028" visible="true">
<created>Sat Dec 04 13:48:05 EST 2010</created>
<edited>Sat Dec 04 13:48:05 EST 2010</edited>
<value><point x="6082" y="16053"/></value>
<metadata author="">

</metadata>
</contour>
<contour name="Process 472" class="PointContour" color="#83f028" visible="true">
<created>Sat Dec 04 13:48:16 EST 2010</created>
<edited>Sat Dec 04 13:48:16 EST 2010</edited>
<value><point x="5839" y="15812"/></value>
<metadata author="">

</metadata>
</contour>
<contour name="Process 473" class="PointContour" color="#811f28" visible="true">
<created>Tue Feb 08 14:00:19 EST 2011</created>
<edited>Tue Feb 08 14:00:19 EST 2011</edited>
<value><point x="12780" y="20014"/></value>
<metadata author="">

</metadata>
</contour>
<contour name="Process 478" class="PointContour" color="#4bab49" visible="true">
<created>Tue Feb 08 15:10:16 EST 2011</created>
<edited>Tue Feb 08 15:10:16 EST 2011</edited>
<value><point x="12578" y="19914"/></value>
<metadata author="">

</metadata>
</contour>
<contour name="Process 480" class="PointContour" color="#ace8dd" visible="true">
<created>Tue Feb 08 15:28:38 EST 2011</created>
<edited>Tue Feb 08 15:28:38 EST 2011</edited>
<value><point x="10156" y="19947"/></value>
<metadata author="">

</metadata>
</contour>
<contour name="Process 481" class="PointContour" color="#51749d" visible="true">
<created>Tue Feb 08 15:51:54 EST 2011</created>
<edited>Tue Feb 08 15:51:54 EST 2011</edited>
<value><point x="11344" y="19985"/></value>
<metadata author="">

</metadata>
</contour>
<contour name="Process 482" class="PointContour" color="#965dda" visible="true">
<created>Tue Feb 08 16:44:05 EST 2011</created>
<edited>Tue Feb 08 16:44:05 EST 2011</edited>
<value><point x="13184" y="20150"/></value>
<metadata author="">

</metadata>
</contour>
<contour name="Process 488" class="PointContour" color="#e590b3" visible="true">
<created>Wed Feb 09 10:43:47 EST 2011</created>
<edited>Wed Feb 09 10:43:47 EST 2011</edited>
<value><point x="12654" y="19925"/></value>
<metadata author="">

</metadata>
</contour>
<contour name="Process 493" class="PointContour" color="#754904" visible="true">
<created>Wed Feb 09 15:43:51 EST 2011</created>
<edited>Wed Feb 09 15:43:51 EST 2011</edited>
<value><point x="11014" y="20296"/></value>
<metadata author="">

</metadata>
</contour>
<contour name="Process 493" class="PointContour" color="#754904" visible="true">
<created>Wed Feb 09 15:44:47 EST 2011</created>
<edited>Wed Feb 09 15:44:47 EST 2011</edited>
<value><point x="10273" y="20918"/></value>
<metadata author="">

</metadata>
</contour>
<contour name="Process 526" class="PointContour" color="#8d24e6" visible="true">
<created>Fri Feb 11 17:26:59 EST 2011</created>
<edited>Fri Feb 11 17:26:59 EST 2011</edited>
<value><point x="12597" y="18994"/></value>
<metadata author="">

</metadata>
</contour>
<contour name="Trail 527" class="PointContour" color="#453b96" visible="true">
<created>Mon Feb 14 10:52:58 EST 2011</created>
<edited>Mon Feb 14 10:52:58 EST 2011</edited>
<value><point x="12739" y="18827"/></value>
<metadata author="">

</metadata>
</contour>
<contour name="Trail 527" class="PointContour" color="#453b96" visible="true">
<created>Mon Feb 14 10:52:58 EST 2011</created>
<edited>Mon Feb 14 10:52:58 EST 2011</edited>
<value><point x="12739" y="18827"/></value>
<metadata author="">

</metadata>
</contour>
<contour name="Trail 527" class="PointContour" color="#453b96" visible="true">
<created>Mon Feb 14 10:53:16 EST 2011</created>
<edited>Mon Feb 14 10:53:16 EST 2011</edited>
<value><point x="13051" y="18868"/></value>
<metadata author="">

</metadata>
</contour>
<contour name="Trail 528" class="PointContour" color="#2405d0" visible="true">
<created>Mon Feb 14 11:32:04 EST 2011</created>
<edited>Mon Feb 14 11:32:04 EST 2011</edited>
<value><point x="11697" y="19178"/></value>
<metadata author="">

</metadata>
</contour>
<contour name="Trail 529" class="PointContour" color="#1ca7ed" visible="true">
<created>Mon Feb 14 11:32:47 EST 2011</created>
<edited>Mon Feb 14 11:32:47 EST 2011</edited>
<value><point x="11479" y="19170"/></value>
<metadata author="">

</metadata>
</contour>
<contour name="Trail 530" class="PointContour" color="#d5e631" visible="true">
<created>Mon Feb 14 11:38:22 EST 2011</created>
<edited>Mon Feb 14 11:38:22 EST 2011</edited>
<value><point x="11381" y="19198"/></value>
<metadata author="">

</metadata>
</contour>
<contour name="Trail 532" class="PointContour" color="#fabd81" visible="true">
<created>Mon Feb 14 11:46:21 EST 2011</created>
<edited>Mon Feb 14 11:46:21 EST 2011</edited>
<value><point x="11523" y="19300"/></value>
<metadata author="">

</metadata>
</contour>
<contour name="Trail 533" class="PointContour" color="#3e79a5" synapse="true" visible="true">
<created>Mon Feb 14 11:58:53 EST 2011</created>
<edited>Mon Feb 14 11:58:53 EST 2011</edited>
<value><point x="11608" y="18783"/></value>
<metadata author="">

</metadata>
</contour>
<contour name="Trail 533" class="PointContour" color="#3e79a5" visible="true">
<created>Mon Feb 14 12:00:42 EST 2011</created>
<edited>Mon Feb 14 12:00:42 EST 2011</edited>
<value><point x="13673" y="18025"/></value>
<metadata author="">

</metadata>
</contour>
<contour name="Trail 534" class="PointContour" color="#001c95" visible="true">
<created>Mon Feb 14 12:10:05 EST 2011</created>
<edited>Mon Feb 14 12:10:05 EST 2011</edited>
<value><point x="11809" y="18941"/></value>
<metadata author="">

</metadata>
</contour>
<contour name="Trail 535" class="PointContour" color="#bcc72b" visible="true">
<created>Mon Feb 14 12:55:01 EST 2011</created>
<edited>Mon Feb 14 12:55:01 EST 2011</edited>
<value><point x="11550" y="19346"/></value>
<metadata author="">

</metadata>
</contour>
<contour name="Trail 65" class="PointContour" color="#e3ff0e" visible="true">
<created>Mon Feb 14 15:02:21 EST 2011</created>
<edited>Mon Feb 14 15:02:21 EST 2011</edited>
<value><point x="12206" y="19026"/></value>
<metadata author="">

</metadata>
</contour>
<contour name="Trail 115" class="PointContour" color="#cbff04" visible="true">
<created>Mon Feb 14 15:32:39 EST 2011</created>
<edited>Mon Feb 14 15:32:39 EST 2011</edited>
<value><point x="12237" y="18904"/></value>
<metadata author="">

</metadata>
</contour>
<contour name="Trail 94" class="PointContour" color="#beff05" visible="true">
<created>Mon Feb 14 15:48:50 EST 2011</created>
<edited>Mon Feb 14 15:48:50 EST 2011</edited>
<value><point x="11389" y="19041"/></value>
<metadata author="">

</metadata>
</contour>
<contour name="Trail 49" class="PointContour" color="#4053cc" visible="true">
<created>Mon Feb 14 15:55:55 EST 2011</created>
<edited>Mon Feb 14 15:55:55 EST 2011</edited>
<value><point x="11690" y="18464"/></value>
<metadata author="">

</metadata>
</contour>
<contour name="Trail 159" class="PointContour" color="#afff08" visible="true">
<created>Mon Feb 14 16:05:01 EST 2011</created>
<edited>Mon Feb 14 16:05:01 EST 2011</edited>
<value><point x="11180" y="18392"/></value>
<metadata author="">

</metadata>
</contour>
<contour name="Trail 26" class="PointContour" color="#c21ebd" visible="true">
<created>Tue Feb 15 11:56:59 EST 2011</created>
<edited>Tue Feb 15 11:56:59 EST 2011</edited>
<value><point x="12150" y="18468"/></value>
<metadata author="">

</metadata>
</contour>
<contour name="Trail 38" class="PointContour" color="#f7edc9" visible="true">
<created>Tue Feb 15 12:01:42 EST 2011</created>
<edited>Tue Feb 15 12:01:42 EST 2011</edited>
<value><point x="12059" y="18410"/></value>
<metadata author="">

</metadata>
</contour>
<contour name="Trail 52" class="PointContour" color="#b10aff" visible="true">
<created>Tue Feb 15 12:17:17 EST 2011</created>
<edited>Tue Feb 15 12:17:17 EST 2011</edited>
<value><point x="12142" y="18366"/></value>
<metadata author="">

</metadata>
</contour>
<contour name="Trail 40" class="PointContour" color="#c4f7b5" visible="true">
<created>Tue Feb 15 12:21:20 EST 2011</created>
<edited>Tue Feb 15 12:21:20 EST 2011</edited>
<value><point x="12241" y="18227"/></value>
<metadata author="">

</metadata>
</contour>
<contour name="Trail 40" class="PointContour" color="#c4f7b5" visible="true">
<created>Tue Feb 15 12:21:37 EST 2011</created>
<edited>Tue Feb 15 12:21:37 EST 2011</edited>
<value><point x="12532" y="18705"/></value>
<metadata author="">

</metadata>
</contour>
<contour name="Trail 45" class="PointContour" color="#80d2ff" visible="true">
<created>Tue Feb 15 12:28:32 EST 2011</created>
<edited>Tue Feb 15 12:28:32 EST 2011</edited>
<value><point x="11589" y="17996"/></value>
<metadata author="">

</metadata>
</contour>
<contour name="Trail 86" class="PointContour" color="#ff067f" visible="true">
<created>Tue Feb 15 14:16:43 EST 2011</created>
<edited>Tue Feb 15 14:16:43 EST 2011</edited>
<value><point x="11411" y="17879"/></value>
<metadata author="">

</metadata>
</contour>
<contour name="Trail 18" class="PointContour" color="#ff5cb4" visible="true">
<created>Tue Feb 15 14:44:32 EST 2011</created>
<edited>Tue Feb 15 14:44:32 EST 2011</edited>
<value><point x="11148" y="18356"/></value>
<metadata author="">

</metadata>
</contour>
<contour name="Trail 97" class="PointContour" color="#05ff95" visible="true">
<created>Tue Feb 15 14:47:56 EST 2011</created>
<edited>Tue Feb 15 14:47:56 EST 2011</edited>
<value><point x="9022" y="17873"/></value>
<metadata author="">

</metadata>
</contour>
<contour name="Trail 39" class="PointContour" color="#a4f7f2" visible="true">
<created>Tue Feb 15 14:52:02 EST 2011</created>
<edited>Tue Feb 15 14:52:02 EST 2011</edited>
<value><point x="11505" y="18121"/></value>
<metadata author="">

</metadata>
</contour>
<contour name="Trail 205" class="PointContour" color="#0ddcff" visible="true">
<created>Tue Feb 15 14:59:59 EST 2011</created>
<edited>Tue Feb 15 14:59:59 EST 2011</edited>
<value><point x="12193" y="18085"/></value>
<metadata author="">

</metadata>
</contour>
<contour name="Trail 53" class="PointContour" color="#d507ff" visible="true">
<created>Tue Feb 15 15:09:53 EST 2011</created>
<edited>Tue Feb 15 15:09:53 EST 2011</edited>
<value><point x="12422" y="18562"/></value>
<metadata author="">

</metadata>
</contour>
<contour name="Trail 8" class="PointContour" color="#2d23ff" visible="true">
<created>Thu Feb 17 10:12:13 EST 2011</created>
<edited>Thu Feb 17 10:12:13 EST 2011</edited>
<value><point x="12207" y="18420"/></value>
<metadata author="">

</metadata>
</contour>
<contour name="Trail 15" class="PointContour" color="#46ffdc" visible="true">
<created>Thu Feb 17 10:19:06 EST 2011</created>
<edited>Thu Feb 17 10:19:06 EST 2011</edited>
<value><point x="11601" y="17962"/></value>
<metadata author="">

</metadata>
</contour>
<contour name="Trail 15" class="PointContour" color="#46ffdc" visible="true">
<created>Thu Feb 17 10:55:00 EST 2011</created>
<edited>Thu Feb 17 10:55:00 EST 2011</edited>
<value><point x="10033" y="16037"/></value>
<metadata author="">

</metadata>
</contour>
<contour name="Trail 15" class="PointContour" color="#46ffdc" visible="true">
<created>Thu Feb 17 10:55:00 EST 2011</created>
<edited>Thu Feb 17 10:55:00 EST 2011</edited>
<value><point x="10033" y="16037"/></value>
<metadata author="">

</metadata>
</contour>
<contour name="Trail 96" class="PointContour" color="#55ff01" visible="true">
<created>Thu Feb 17 11:14:41 EST 2011</created>
<edited>Thu Feb 17 11:14:41 EST 2011</edited>
<value><point x="11374" y="19117"/></value>
<metadata author="">

</metadata>
</contour>
<contour name="Trail 127" class="PointContour" color="#ff9009" visible="true">
<created>Thu Feb 17 14:32:53 EST 2011</created>
<edited>Thu Feb 17 14:32:53 EST 2011</edited>
<value><point x="12291" y="18397"/></value>
<metadata author="">

</metadata>
</contour>
<contour name="Trail 127" class="PointContour" color="#ff9009" visible="true">
<created>Thu Feb 17 14:32:53 EST 2011</created>
<edited>Thu Feb 17 14:32:53 EST 2011</edited>
<value><point x="12291" y="18397"/></value>
<metadata author="">

</metadata>
</contour>
<contour name="Trail 12" class="PointContour" color="#ffa568" visible="true">
<created>Thu Mar 10 14:16:06 EST 2011</created>
<edited>Thu Mar 10 14:16:06 EST 2011</edited>
<value><point x="12422" y="18710"/></value>
<metadata author="">

</metadata>
</contour>
<contour name="Trail 25" class="PointContour" color="#448fc2" visible="true">
<created>Thu Mar 10 16:50:01 EST 2011</created>
<edited>Thu Mar 10 16:50:01 EST 2011</edited>
<value><point x="11059" y="18217"/></value>
<metadata author="">

</metadata>
</contour>
<contour name="Trail 33" class="PointContour" color="#f70fe0" visible="true">
<created>Sun Mar 13 16:39:12 EDT 2011</created>
<edited>Sun Mar 13 16:39:12 EDT 2011</edited>
<value><point x="11827" y="18029"/></value>
<metadata author="">

</metadata>
</contour>
<contour name="Trail 41" class="PointContour" color="#b2aff7" visible="true">
<created>Sun Mar 13 16:54:49 EDT 2011</created>
<edited>Sun Mar 13 16:54:49 EDT 2011</edited>
<value><point x="11602" y="17903"/></value>
<metadata author="">

</metadata>
</contour>
<contour name="Trail 134" class="PointContour" color="#0954ff" visible="true">
<created>Sun Mar 13 19:51:29 EDT 2011</created>
<edited>Sun Mar 13 19:51:29 EDT 2011</edited>
<value><point x="12164" y="15722"/></value>
<metadata author="">

</metadata>
</contour>
<contour name="Trail 134" class="PointContour" color="#0954ff" visible="true">
<created>Sun Mar 13 22:04:38 EDT 2011</created>
<edited>Sun Mar 13 22:04:38 EDT 2011</edited>
<value><point x="13168" y="18995"/></value>
<metadata author="">

</metadata>
</contour>
<contour name="Trail 134" class="PointContour" color="#0954ff" visible="true">
<created>Sun Mar 13 22:07:16 EDT 2011</created>
<edited>Sun Mar 13 22:07:16 EDT 2011</edited>
<value><point x="12956" y="20438"/></value>
<metadata author="">

</metadata>
</contour>
<contour name="Trail 134" class="PointContour" color="#0954ff" visible="true">
<created>Sun Mar 13 22:11:01 EDT 2011</created>
<edited>Sun Mar 13 22:11:01 EDT 2011</edited>
<value><point x="12432" y="21407"/></value>
<metadata author="">

</metadata>
</contour>
<contour name="Trail 146" class="PointContour" color="#a3c6ff" visible="true">
<created>Mon Mar 14 11:38:01 EDT 2011</created>
<edited>Mon Mar 14 11:38:01 EDT 2011</edited>
<value><point x="5653" y="18768"/></value>
<metadata author="">

</metadata>
</contour>
<contour name="Trail 187" class="PointContour" color="#afd2ff" visible="true">
<created>Mon Mar 14 11:50:02 EDT 2011</created>
<edited>Mon Mar 14 11:50:02 EDT 2011</edited>
<value><point x="9135" y="18888"/></value>
<metadata author="">

</metadata>
</contour>
<contour name="Process 4002" class="PointContour" color="#b2e18f" visible="true">
<created>Sat Nov 13 19:14:57 EST 2010</created>
<edited>Sat Nov 13 19:14:57 EST 2010</edited>
<value><point x="10003" y="11357"/></value>
<metadata author="">

</metadata>
</contour>
<contour name="Process 4003" class="PointContour" color="#df88bd" visible="true">
<created>Sat Nov 13 19:16:12 EST 2010</created>
<edited>Sat Nov 13 19:16:12 EST 2010</edited>
<value><point x="9859" y="11495"/></value>
<metadata author="">

</metadata>
</contour>
<contour name="Process 4004" class="PointContour" color="#abc72d" visible="true">
<created>Sat Nov 13 19:17:33 EST 2010</created>
<edited>Sat Nov 13 19:17:33 EST 2010</edited>
<value><point x="9933" y="11471"/></value>
<metadata author="">

</metadata>
</contour>
<contour name="Process 4005" class="PointContour" color="#3228bf" visible="true">
<created>Sat Nov 13 19:18:48 EST 2010</created>
<edited>Sat Nov 13 19:18:48 EST 2010</edited>
<value><point x="9837" y="11561"/></value>
<metadata author="">

</metadata>
</contour>
<contour name="Process 4006" class="PointContour" color="#f68502" visible="true">
<created>Sat Nov 13 19:22:31 EST 2010</created>
<edited>Sat Nov 13 19:22:31 EST 2010</edited>
<value><point x="10043" y="11531"/></value>
<metadata author="">

</metadata>
</contour>
<contour name="Process 4007" class="PointContour" color="#dacef2" visible="true">
<created>Sat Nov 13 19:23:56 EST 2010</created>
<edited>Sat Nov 13 19:23:56 EST 2010</edited>
<value><point x="9075" y="11659"/></value>
<metadata author="">

</metadata>
</contour>
<contour name="Process 4008" class="PointContour" color="#5ce99a" visible="true">
<created>Sat Nov 13 19:29:32 EST 2010</created>
<edited>Sat Nov 13 19:29:32 EST 2010</edited>
<value><point x="9193" y="11091"/></value>
<metadata author="">

</metadata>
</contour>
<contour name="Process 4009" class="PointContour" color="#6897dd" visible="true">
<created>Sat Nov 13 19:31:28 EST 2010</created>
<edited>Sat Nov 13 19:31:28 EST 2010</edited>
<value><point x="9253" y="11447"/></value>
<metadata author="">

</metadata>
</contour>
<contour name="Process 4010" class="PointContour" color="#b7d984" visible="true">
<created>Sat Nov 13 19:32:44 EST 2010</created>
<edited>Sat Nov 13 19:32:44 EST 2010</edited>
<value><point x="9299" y="11175"/></value>
<metadata author="">

</metadata>
</contour>
<contour name="Process 4011" class="PointContour" color="#f34753" visible="true">
<created>Sat Nov 13 19:33:28 EST 2010</created>
<edited>Sat Nov 13 19:33:28 EST 2010</edited>
<value><point x="9347" y="11245"/></value>
<metadata author="">

</metadata>
</contour>
<contour name="Process 4013" class="PointContour" color="#3b5f31" visible="true">
<created>Sat Nov 13 20:06:03 EST 2010</created>
<edited>Sat Nov 13 20:06:03 EST 2010</edited>
<value><point x="10421" y="11341"/></value>
<metadata author="">

</metadata>
</contour>
<contour name="Process 4014" class="PointContour" color="#878ce0" visible="true">
<created>Sat Nov 13 20:08:34 EST 2010</created>
<edited>Sat Nov 13 20:08:34 EST 2010</edited>
<value><point x="9233" y="10895"/></value>
<metadata author="">

</metadata>
</contour>
<contour name="Process 4015" class="PointContour" color="#c066de" visible="true">
<created>Sun Nov 14 00:07:10 EST 2010</created>
<edited>Sun Nov 14 00:07:10 EST 2010</edited>
<value><point x="9249" y="10931"/></value>
<metadata author="">

</metadata>
</contour>
<contour name="Process 4016" class="PointContour" color="#9a4c22" visible="true">
<created>Sun Nov 14 00:08:21 EST 2010</created>
<edited>Sun Nov 14 00:08:21 EST 2010</edited>
<value><point x="9109" y="10993"/></value>
<metadata author="">

</metadata>
</contour>
<contour name="Process 4016" class="PointContour" color="#9a4c22" visible="true">
<created>Sun Nov 14 00:09:44 EST 2010</created>
<edited>Sun Nov 14 00:09:44 EST 2010</edited>
<value><point x="8809" y="11025"/></value>
<metadata author="">

</metadata>
</contour>
<contour name="Process 4017" class="PointContour" color="#d97332" visible="true">
<created>Sun Nov 14 00:11:53 EST 2010</created>
<edited>Sun Nov 14 00:11:53 EST 2010</edited>
<value><point x="9149" y="10891"/></value>
<metadata author="">

</metadata>
</contour>
<contour name="Process 4018" class="PointContour" color="#ce95d9" visible="true">
<created>Sun Nov 14 00:12:58 EST 2010</created>
<edited>Sun Nov 14 00:12:58 EST 2010</edited>
<value><point x="9051" y="11087"/></value>
<metadata author="">

</metadata>
</contour>
<contour name="Process 4019" class="PointContour" color="#810191" visible="true">
<created>Sun Nov 14 00:14:42 EST 2010</created>
<edited>Sun Nov 14 00:14:42 EST 2010</edited>
<value><point x="9903" y="11541"/></value>
<metadata author="">

</metadata>
</contour>
<contour name="Process 4020" class="PointContour" color="#956e4b" visible="true">
<created>Sun Nov 14 00:17:04 EST 2010</created>
<edited>Sun Nov 14 00:17:04 EST 2010</edited>
<value><point x="9999" y="11437"/></value>
<metadata author="">

</metadata>
</contour>
<contour name="Process 4021" class="PointContour" color="#ac1888" visible="true">
<created>Sun Nov 14 00:18:42 EST 2010</created>
<edited>Sun Nov 14 00:18:42 EST 2010</edited>
<value><point x="10115" y="11683"/></value>
<metadata author="">

</metadata>
</contour>
<contour name="Process 4022" class="PointContour" color="#cdd632" visible="true">
<created>Sun Nov 14 00:20:28 EST 2010</created>
<edited>Sun Nov 14 00:20:28 EST 2010</edited>
<value><point x="10501" y="11785"/></value>
<metadata author="">

</metadata>
</contour>
<contour name="Process 4023" class="PointContour" color="#b7d299" visible="true">
<created>Sun Nov 14 00:21:56 EST 2010</created>
<edited>Sun Nov 14 00:21:56 EST 2010</edited>
<value><point x="10047" y="11603"/></value>
<metadata author="">

</metadata>
</contour>
<contour name="Process 4024" class="PointContour" color="#067702" visible="true">
<created>Sun Nov 14 00:24:03 EST 2010</created>
<edited>Sun Nov 14 00:24:03 EST 2010</edited>
<value><point x="9205" y="10957"/></value>
<metadata author="">

</metadata>
</contour>
<contour name="Process 4025" class="PointContour" color="#c5aafd" visible="true">
<created>Sun Nov 14 00:25:26 EST 2010</created>
<edited>Sun Nov 14 00:25:26 EST 2010</edited>
<value><point x="10035" y="11403"/></value>
<metadata author="">

</metadata>
</contour>
<contour name="Process 4026" class="PointContour" color="#5cde64" visible="true">
<created>Sun Nov 14 00:26:57 EST 2010</created>
<edited>Sun Nov 14 00:26:57 EST 2010</edited>
<value><point x="10361" y="11573"/></value>
<metadata author="">

</metadata>
</contour>
<contour name="Process 4027" class="PointContour" color="#568503" visible="true">
<created>Sun Nov 14 08:28:45 EST 2010</created>
<edited>Sun Nov 14 08:28:45 EST 2010</edited>
<value><point x="10179" y="11899"/></value>
<metadata author="">

</metadata>
</contour>
<contour name="Process 4031" class="PointContour" color="#0c4b3b" visible="true">
<created>Sun Nov 14 13:55:55 EST 2010</created>
<edited>Sun Nov 14 13:55:55 EST 2010</edited>
<value><point x="10561" y="11377"/></value>
<metadata author="">

</metadata>
</contour>
<contour name="Process 4032" class="PointContour" color="#6c8def" visible="true">
<created>Sun Nov 14 13:56:37 EST 2010</created>
<edited>Sun Nov 14 13:56:37 EST 2010</edited>
<value><point x="10521" y="11303"/></value>
<metadata author="">

</metadata>
</contour>
<contour name="Process 4033" class="PointContour" color="#4958fb" visible="true">
<created>Sun Nov 14 13:57:44 EST 2010</created>
<edited>Sun Nov 14 13:57:44 EST 2010</edited>
<value><point x="10639" y="11321"/></value>
<metadata author="">

</metadata>
</contour>
<contour name="Process 4034" class="PointContour" color="#726115" visible="true">
<created>Sun Nov 14 13:59:05 EST 2010</created>
<edited>Sun Nov 14 13:59:05 EST 2010</edited>
<value><point x="9163" y="11479"/></value>
<metadata author="">

</metadata>
</contour>
<contour name="Process 4034" class="PointContour" color="#726115" visible="true">
<created>Sun Nov 14 13:59:25 EST 2010</created>
<edited>Sun Nov 14 13:59:25 EST 2010</edited>
<value><point x="8923" y="11439"/></value>
<metadata author="">

</metadata>
</contour>
<contour name="Process 4035" class="PointContour" color="#758ccd" visible="true">
<created>Sun Nov 14 14:00:43 EST 2010</created>
<edited>Sun Nov 14 14:00:43 EST 2010</edited>
<value><point x="10583" y="11809"/></value>
<metadata author="">

</metadata>
</contour>
<contour name="Process 4036" class="PointContour" color="#cfadea" visible="true">
<created>Sun Nov 14 14:01:46 EST 2010</created>
<edited>Sun Nov 14 14:01:46 EST 2010</edited>
<value><point x="10837" y="11869"/></value>
<metadata author="">

</metadata>
</contour>
<contour name="Process 4037" class="PointContour" color="#3c0995" visible="true">
<created>Sun Nov 14 14:02:08 EST 2010</created>
<edited>Sun Nov 14 14:02:08 EST 2010</edited>
<value><point x="10639" y="11837"/></value>
<metadata author="">

</metadata>
</contour>
<contour name="Process 4038" class="PointContour" color="#f26a12" visible="true">
<created>Sun Nov 14 14:03:02 EST 2010</created>
<edited>Sun Nov 14 14:03:02 EST 2010</edited>
<value><point x="9161" y="11235"/></value>
<metadata author="">

</metadata>
</contour>
<contour name="Process 4039" class="PointContour" color="#936af3" visible="true">
<created>Sun Nov 14 14:03:46 EST 2010</created>
<edited>Sun Nov 14 14:03:46 EST 2010</edited>
<value><point x="10435" y="11757"/></value>
<metadata author="">

</metadata>
</contour>
<contour name="Process 4040" class="PointContour" color="#6c4e54" visible="true">
<created>Sun Nov 14 17:32:38 EST 2010</created>
<edited>Sun Nov 14 17:32:38 EST 2010</edited>
<value><point x="10711" y="11373"/></value>
<metadata author="">

</metadata>
</contour>
<contour name="Process 4041" class="PointContour" color="#bd029b" visible="true">
<created>Sun Nov 14 17:33:39 EST 2010</created>
<edited>Sun Nov 14 17:33:39 EST 2010</edited>
<value><point x="10747" y="11869"/></value>
<metadata author="">

</metadata>
</contour>
<contour name="Process 4042" class="PointContour" color="#62e086" visible="true">
<created>Sun Nov 14 17:35:03 EST 2010</created>
<edited>Sun Nov 14 17:35:03 EST 2010</edited>
<value><point x="10811" y="11949"/></value>
<metadata author="">

</metadata>
</contour>
<contour name="Process 4045" class="PointContour" color="#e4b561" visible="true">
<created>Sun Nov 14 17:40:08 EST 2010</created>
<edited>Sun Nov 14 17:40:08 EST 2010</edited>
<value><point x="9603" y="11679"/></value>
<metadata author="">

</metadata>
</contour>
<contour name="Process 4045" class="PointContour" color="#e4b561" visible="true">
<created>Sun Nov 14 17:40:21 EST 2010</created>
<edited>Sun Nov 14 17:40:21 EST 2010</edited>
<value><point x="8993" y="11543"/></value>
<metadata author="">

</metadata>
</contour>
<contour name="Process 4046" class="PointContour" color="#440df9" visible="true">
<created>Sun Nov 14 17:41:16 EST 2010</created>
<edited>Sun Nov 14 17:41:16 EST 2010</edited>
<value><point x="9881" y="11727"/></value>
<metadata author="">

</metadata>
</contour>
<contour name="Process 4047" class="PointContour" color="#3e3ee2" visible="true">
<created>Sun Nov 14 17:43:51 EST 2010</created>
<edited>Sun Nov 14 17:43:51 EST 2010</edited>
<value><point x="10615" y="11389"/></value>
<metadata author="">

</metadata>
</contour>
<contour name="Process 4048" class="PointContour" color="#d6f249" visible="true">
<created>Sun Nov 14 17:45:16 EST 2010</created>
<edited>Sun Nov 14 17:45:16 EST 2010</edited>
<value><point x="10835" y="11261"/></value>
<metadata author="">

</metadata>
</contour>
<contour name="Process 4049" class="PointContour" color="#6fc1f2" visible="true">
<created>Sun Nov 14 17:46:09 EST 2010</created>
<edited>Sun Nov 14 17:46:09 EST 2010</edited>
<value><point x="10269" y="11875"/></value>
<metadata author="">

</metadata>
</contour>
<contour name="Process 4050" class="PointContour" color="#32f9a3" visible="true">
<created>Sun Nov 14 17:50:00 EST 2010</created>
<edited>Sun Nov 14 17:50:00 EST 2010</edited>
<value><point x="10449" y="11679"/></value>
<metadata author="">

</metadata>
</contour>
<contour name="Process 4051" class="PointContour" color="#8d881e" visible="true">
<created>Sun Nov 14 17:51:41 EST 2010</created>
<edited>Sun Nov 14 17:51:41 EST 2010</edited>
<value><point x="9939" y="11791"/></value>
<metadata author="">

</metadata>
</contour>
<contour name="Process 4052" class="PointContour" color="#be65c4" visible="true">
<created>Sun Nov 14 17:52:50 EST 2010</created>
<edited>Sun Nov 14 17:52:50 EST 2010</edited>
<value><point x="10037" y="11977"/></value>
<metadata author="">

</metadata>
</contour>
<contour name="Process 4053" class="PointContour" color="#9926d3" visible="true">
<created>Sun Nov 14 17:53:52 EST 2010</created>
<edited>Sun Nov 14 17:53:52 EST 2010</edited>
<value><point x="9141" y="11435"/></value>
<metadata author="">

</metadata>
</contour>
<contour name="Process 4054" class="PointContour" color="#b9886f" visible="true">
<created>Sun Nov 14 17:54:59 EST 2010</created>
<edited>Sun Nov 14 17:54:59 EST 2010</edited>
<value><point x="9437" y="11423"/></value>
<metadata author="">

</metadata>
</contour>
<contour name="Process 4055" class="PointContour" color="#78a87b" visible="true">
<created>Sun Nov 14 17:57:05 EST 2010</created>
<edited>Sun Nov 14 17:57:05 EST 2010</edited>
<value><point x="10621" y="12137"/></value>
<metadata author="">

</metadata>
</contour>
<contour name="Process 4056" class="PointContour" color="#7d4d71" visible="true">
<created>Sun Nov 14 17:57:47 EST 2010</created>
<edited>Sun Nov 14 17:57:47 EST 2010</edited>
<value><point x="10835" y="12007"/></value>
<metadata author="">

</metadata>
</contour>
<contour name="Process 4057" class="PointContour" color="#fe3ec4" visible="true">
<created>Sun Nov 14 17:58:09 EST 2010</created>
<edited>Sun Nov 14 17:58:09 EST 2010</edited>
<value><point x="10813" y="12075"/></value>
<metadata author="">

</metadata>
</contour>
<contour name="Process 4059" class="PointContour" color="#274d1a" visible="true">
<created>Sun Nov 14 17:58:53 EST 2010</created>
<edited>Sun Nov 14 17:58:53 EST 2010</edited>
<value><point x="10811" y="12287"/></value>
<metadata author="">

</metadata>
</contour>
<contour name="Process 4061" class="PointContour" color="#91ee41" visible="true">
<created>Sun Nov 14 17:59:33 EST 2010</created>
<edited>Sun Nov 14 17:59:33 EST 2010</edited>
<value><point x="10713" y="12279"/></value>
<metadata author="">

</metadata>
</contour>
<contour name="Process 4062" class="PointContour" color="#4c57a5" visible="true">
<created>Sun Nov 14 18:01:11 EST 2010</created>
<edited>Sun Nov 14 18:01:11 EST 2010</edited>
<value><point x="9023" y="11397"/></value>
<metadata author="">

</metadata>
</contour>
<contour name="Process 4063" class="PointContour" color="#ce22be" visible="true">
<created>Sun Nov 14 18:02:17 EST 2010</created>
<edited>Sun Nov 14 18:02:17 EST 2010</edited>
<value><point x="9427" y="11661"/></value>
<metadata author="">

</metadata>
</contour>
<contour name="Process 4064" class="PointContour" color="#869b91" visible="true">
<created>Sun Nov 14 18:03:09 EST 2010</created>
<edited>Sun Nov 14 18:03:09 EST 2010</edited>
<value><point x="9407" y="11453"/></value>
<metadata author="">

</metadata>
</contour>
<contour name="Process 4065" class="PointContour" color="#b0d56e" visible="true">
<created>Sun Nov 14 18:05:53 EST 2010</created>
<edited>Sun Nov 14 18:05:53 EST 2010</edited>
<value><point x="9041" y="11899"/></value>
<metadata author="">

</metadata>
</contour>
<contour name="Process 4066" class="PointContour" color="#5f03a1" visible="true">
<created>Sun Nov 14 18:07:24 EST 2010</created>
<edited>Sun Nov 14 18:07:24 EST 2010</edited>
<value><point x="9063" y="11797"/></value>
<metadata author="">

</metadata>
</contour>
<contour name="Process 4067" class="PointContour" color="#dc4137" visible="true">
<created>Sun Nov 14 18:25:26 EST 2010</created>
<edited>Sun Nov 14 18:25:26 EST 2010</edited>
<value><point x="9539" y="12053"/></value>
<metadata author="">

</metadata>
</contour>
<contour name="Process 4068" class="PointContour" color="#b71d7a" visible="true">
<created>Sun Nov 14 18:26:30 EST 2010</created>
<edited>Sun Nov 14 18:26:30 EST 2010</edited>
<value><point x="9419" y="11773"/></value>
<metadata author="">

</metadata>
</contour>
<contour name="Process 4069" class="PointContour" color="#e98f59" visible="true">
<created>Sun Nov 14 18:27:24 EST 2010</created>
<edited>Sun Nov 14 18:27:24 EST 2010</edited>
<value><point x="9617" y="12265"/></value>
<metadata author="">

</metadata>
</contour>
<contour name="Process 4070" class="PointContour" color="#890d1f" visible="true">
<created>Sun Nov 14 18:28:38 EST 2010</created>
<edited>Sun Nov 14 18:28:38 EST 2010</edited>
<value><point x="9533" y="11727"/></value>
<metadata author="">

</metadata>
</contour>
<contour name="Process 4071" class="PointContour" color="#7a445d" visible="true">
<created>Sun Nov 14 18:30:05 EST 2010</created>
<edited>Sun Nov 14 18:30:05 EST 2010</edited>
<value><point x="8871" y="12169"/></value>
<metadata author="">

</metadata>
</contour>
<contour name="Process 4072" class="PointContour" color="#2a271a" visible="true">
<created>Sun Nov 14 18:33:03 EST 2010</created>
<edited>Sun Nov 14 18:33:03 EST 2010</edited>
<value><point x="9595" y="12181"/></value>
<metadata author="">

</metadata>
</contour>
<contour name="Process 4073" class="PointContour" color="#084606" visible="true">
<created>Sun Nov 14 18:34:00 EST 2010</created>
<edited>Sun Nov 14 18:34:00 EST 2010</edited>
<value><point x="9535" y="12173"/></value>
<metadata author="">

</metadata>
</contour>
<contour name="Process 4074" class="PointContour" color="#4a3119" visible="true">
<created>Sun Nov 14 18:34:49 EST 2010</created>
<edited>Sun Nov 14 18:34:49 EST 2010</edited>
<value><point x="9579" y="12397"/></value>
<metadata author="">

</metadata>
</contour>
<contour name="Process 4075" class="PointContour" color="#3b027f" visible="true">
<created>Sun Nov 14 18:35:42 EST 2010</created>
<edited>Sun Nov 14 18:35:42 EST 2010</edited>
<value><point x="9917" y="12175"/></value>
<metadata author="">

</metadata>
</contour>
<contour name="Process 4076" class="PointContour" color="#b3733e" visible="true">
<created>Sun Nov 14 18:38:22 EST 2010</created>
<edited>Sun Nov 14 18:38:22 EST 2010</edited>
<value><point x="10801" y="11411"/></value>
<metadata author="">

</metadata>
</contour>
<contour name="Process 4077" class="PointContour" color="#a5b28a" visible="true">
<created>Sun Nov 14 18:39:54 EST 2010</created>
<edited>Sun Nov 14 18:39:54 EST 2010</edited>
<value><point x="9835" y="12179"/></value>
<metadata author="">

</metadata>
</contour>
<contour name="Process 4078" class="PointContour" color="#ecb436" visible="true">
<created>Sun Nov 14 19:36:21 EST 2010</created>
<edited>Sun Nov 14 19:36:21 EST 2010</edited>
<value><point x="8939" y="11145"/></value>
<metadata author="">

</metadata>
</contour>
<contour name="Process 4080" class="PointContour" color="#107e03" visible="true">
<created>Sun Nov 14 19:39:23 EST 2010</created>
<edited>Sun Nov 14 19:39:23 EST 2010</edited>
<value><point x="9975" y="12057"/></value>
<metadata author="">

</metadata>
</contour>
<contour name="Process 4081" class="PointContour" color="#dfa025" visible="true">
<created>Sun Nov 14 19:41:17 EST 2010</created>
<edited>Sun Nov 14 19:41:17 EST 2010</edited>
<value><point x="9641" y="12133"/></value>
<metadata author="">

</metadata>
</contour>
<contour name="Process 4082" class="PointContour" color="#818471" visible="true">
<created>Sun Nov 14 19:43:08 EST 2010</created>
<edited>Sun Nov 14 19:43:08 EST 2010</edited>
<value><point x="8979" y="11827"/></value>
<metadata author="">

</metadata>
</contour>
<contour name="Process 4086" class="PointContour" color="#1512fa" visible="true">
<created>Sat Nov 20 11:53:21 EST 2010</created>
<edited>Sat Nov 20 11:53:21 EST 2010</edited>
<value><point x="9479" y="11053"/></value>
<metadata author="">

</metadata>
</contour>
<contour name="Process 4088" class="PointContour" color="#4d8ed7" visible="true">
<created>Sat Nov 20 11:57:12 EST 2010</created>
<edited>Sat Nov 20 11:57:12 EST 2010</edited>
<value><point x="9141" y="11769"/></value>
<metadata author="">

</metadata>
</contour>
<contour name="Process 4089" class="PointContour" color="#633594" visible="true">
<created>Sat Nov 20 11:58:06 EST 2010</created>
<edited>Sat Nov 20 11:58:06 EST 2010</edited>
<value><point x="9379" y="11371"/></value>
<metadata author="">

</metadata>
</contour>
<contour name="Process 4090" class="PointContour" color="#8674dc" visible="true">
<created>Sat Nov 20 11:59:35 EST 2010</created>
<edited>Sat Nov 20 11:59:35 EST 2010</edited>
<value><point x="10079" y="12063"/></value>
<metadata author="">

</metadata>
</contour>
<contour name="Process 4091" class="PointContour" color="#5240cf" visible="true">
<created>Sat Nov 20 12:00:53 EST 2010</created>
<edited>Sat Nov 20 12:00:53 EST 2010</edited>
<value><point x="9407" y="11853"/></value>
<metadata author="">

</metadata>
</contour>
<contour name="Process 4092" class="PointContour" color="#e68fc8" visible="true">
<created>Sat Nov 20 12:02:02 EST 2010</created>
<edited>Sat Nov 20 12:02:02 EST 2010</edited>
<value><point x="9669" y="11923"/></value>
<metadata author="">

</metadata>
</contour>
<contour name="Process 4092" class="PointContour" color="#e68fc8" visible="true">
<created>Sat Nov 20 12:07:26 EST 2010</created>
<edited>Sat Nov 20 12:07:26 EST 2010</edited>
<value><point x="10039" y="11745"/></value>
<metadata author="">

</metadata>
</contour>
<contour name="Process 4092" class="PointContour" color="#e68fc8" visible="true">
<created>Sat Nov 20 12:12:01 EST 2010</created>
<edited>Sat Nov 20 12:12:01 EST 2010</edited>
<value><point x="9959" y="11543"/></value>
<metadata author="">

</metadata>
</contour>
<contour name="Process 4092" class="PointContour" color="#e68fc8" visible="true">
<created>Sat Nov 20 12:13:11 EST 2010</created>
<edited>Sat Nov 20 12:13:11 EST 2010</edited>
<value><point x="9979" y="12679"/></value>
<metadata author="">

</metadata>
</contour>
<contour name="Process 4093" class="PointContour" color="#4d5173" visible="true">
<created>Sat Nov 20 12:16:50 EST 2010</created>
<edited>Sat Nov 20 12:16:50 EST 2010</edited>
<value><point x="9483" y="12105"/></value>
<metadata author="">

</metadata>
</contour>
<contour name="Process 4094" class="PointContour" color="#01db57" visible="true">
<created>Sat Nov 20 12:19:39 EST 2010</created>
<edited>Sat Nov 20 12:19:39 EST 2010</edited>
<value><point x="9367" y="11931"/></value>
<metadata author="">

</metadata>
</contour>
<contour name="Process 4095" class="PointContour" color="#5ab860" visible="true">
<created>Sat Nov 20 12:25:17 EST 2010</created>
<edited>Sat Nov 20 12:25:17 EST 2010</edited>
<value><point x="9651" y="12107"/></value>
<metadata author="">

</metadata>
</contour>
<contour name="Process 4097" class="PointContour" color="#dd7443" visible="true">
<created>Sat Nov 20 12:27:26 EST 2010</created>
<edited>Sat Nov 20 12:27:26 EST 2010</edited>
<value><point x="9507" y="11789"/></value>
<metadata author="">

</metadata>
</contour>
<contour name="Process 4099" class="PointContour" color="#58a3f4" visible="true">
<created>Sat Nov 20 12:29:44 EST 2010</created>
<edited>Sat Nov 20 12:29:44 EST 2010</edited>
<value><point x="9781" y="12245"/></value>
<metadata author="">

</metadata>
</contour>
<contour name="Process 4101" class="PointContour" color="#6282a8" visible="true">
<created>Sat Nov 20 12:33:49 EST 2010</created>
<edited>Sat Nov 20 12:33:49 EST 2010</edited>
<value><point x="9713" y="12271"/></value>
<metadata author="">

</metadata>
</contour>
<contour name="Process 4102" class="PointContour" color="#12d4e2" visible="true">
<created>Sat Nov 20 12:34:55 EST 2010</created>
<edited>Sat Nov 20 12:34:55 EST 2010</edited>
<value><point x="10247" y="12399"/></value>
<metadata author="">

</metadata>
</contour>
<contour name="Process 4103" class="PointContour" color="#71172e" visible="true">
<created>Sat Nov 20 12:36:05 EST 2010</created>
<edited>Sat Nov 20 12:36:05 EST 2010</edited>
<value><point x="10069" y="11447"/></value>
<metadata author="">

</metadata>
</contour>
<contour name="Process 4104" class="PointContour" color="#1c08a1" visible="true">
<created>Sat Nov 20 12:37:30 EST 2010</created>
<edited>Sat Nov 20 12:37:30 EST 2010</edited>
<value><point x="10053" y="12131"/></value>
<metadata author="">

</metadata>
</contour>
<contour name="Process 4105" class="PointContour" color="#2831d7" visible="true">
<created>Sat Nov 20 12:38:37 EST 2010</created>
<edited>Sat Nov 20 12:38:37 EST 2010</edited>
<value><point x="10349" y="12139"/></value>
<metadata author="">

</metadata>
</contour>
<contour name="Process 4106" class="PointContour" color="#46b004" visible="true">
<created>Sat Nov 20 12:39:22 EST 2010</created>
<edited>Sat Nov 20 12:39:22 EST 2010</edited>
<value><point x="10559" y="12449"/></value>
<metadata author="">

</metadata>
</contour>
<contour name="Process 4107" class="PointContour" color="#2f09fe" visible="true">
<created>Sat Nov 20 12:40:09 EST 2010</created>
<edited>Sat Nov 20 12:40:09 EST 2010</edited>
<value><point x="10689" y="12137"/></value>
<metadata author="">

</metadata>
</contour>
<contour name="Process 4108" class="PointContour" color="#e616a7" visible="true">
<created>Sat Nov 20 12:41:04 EST 2010</created>
<edited>Sat Nov 20 12:41:04 EST 2010</edited>
<value><point x="10297" y="12109"/></value>
<metadata author="">

</metadata>
</contour>
<contour name="Process 4109" class="PointContour" color="#858f81" visible="true">
<created>Sat Nov 20 12:42:08 EST 2010</created>
<edited>Sat Nov 20 12:42:08 EST 2010</edited>
<value><point x="10571" y="12013"/></value>
<metadata author="">

</metadata>
</contour>
<contour name="Process 4110" class="PointContour" color="#5c0fd7" visible="true">
<created>Sat Nov 20 12:43:03 EST 2010</created>
<edited>Sat Nov 20 12:43:03 EST 2010</edited>
<value><point x="9801" y="12361"/></value>
<metadata author="">

</metadata>
</contour>
<contour name="Process 4110" class="PointContour" color="#5c0fd7" visible="true">
<created>Sat Nov 20 12:46:10 EST 2010</created>
<edited>Sat Nov 20 12:46:10 EST 2010</edited>
<value><point x="9953" y="11921"/></value>
<metadata author="">

</metadata>
</contour>
<contour name="Process 4110" class="PointContour" color="#5c0fd7" visible="true">
<created>Sat Nov 20 12:46:51 EST 2010</created>
<edited>Sat Nov 20 12:46:51 EST 2010</edited>
<value><point x="10367" y="11865"/></value>
<metadata author="">

</metadata>
</contour>
<contour name="Process 4111" class="PointContour" color="#a31038" visible="true">
<created>Sat Nov 20 12:47:39 EST 2010</created>
<edited>Sat Nov 20 12:47:39 EST 2010</edited>
<value><point x="9721" y="12135"/></value>
<metadata author="">

</metadata>
</contour>
<contour name="Process 4112" class="PointContour" color="#0a7a4a" visible="true">
<created>Sat Nov 20 12:48:53 EST 2010</created>
<edited>Sat Nov 20 12:48:53 EST 2010</edited>
<value><point x="9945" y="12507"/></value>
<metadata author="">

</metadata>
</contour>
<contour name="Process 4113" class="PointContour" color="#ab415c" visible="true">
<created>Sat Nov 20 12:49:45 EST 2010</created>
<edited>Sat Nov 20 12:49:45 EST 2010</edited>
<value><point x="9059" y="12123"/></value>
<metadata author="">

</metadata>
</contour>
<contour name="Process 4113" class="PointContour" color="#ab415c" visible="true">
<created>Sat Nov 20 12:53:56 EST 2010</created>
<edited>Sat Nov 20 12:53:56 EST 2010</edited>
<value><point x="9265" y="12451"/></value>
<metadata author="">

</metadata>
</contour>
<contour name="Process 4113" class="PointContour" color="#ab415c" visible="true">
<created>Sat Nov 20 12:54:09 EST 2010</created>
<edited>Sat Nov 20 12:54:09 EST 2010</edited>
<value><point x="9393" y="12169"/></value>
<metadata author="">

</metadata>
</contour>
<contour name="Process 4115" class="PointContour" color="#dd68ce" visible="true">
<created>Sat Nov 20 12:55:04 EST 2010</created>
<edited>Sat Nov 20 12:55:04 EST 2010</edited>
<value><point x="9203" y="12297"/></value>
<metadata author="">

</metadata>
</contour>
<contour name="Process 4116" class="PointContour" color="#ea738f" visible="true">
<created>Sat Nov 20 13:00:55 EST 2010</created>
<edited>Sat Nov 20 13:00:55 EST 2010</edited>
<value><point x="9153" y="12109"/></value>
<metadata author="">

</metadata>
</contour>
<contour name="Process 4117" class="PointContour" color="#aec527" visible="true">
<created>Sat Nov 20 13:02:16 EST 2010</created>
<edited>Sat Nov 20 13:02:16 EST 2010</edited>
<value><point x="9111" y="12497"/></value>
<metadata author="">

</metadata>
</contour>
<contour name="Process 4118" class="PointContour" color="#e94d3e" visible="true">
<created>Sat Nov 20 13:03:00 EST 2010</created>
<edited>Sat Nov 20 13:03:00 EST 2010</edited>
<value><point x="9255" y="12369"/></value>
<metadata author="">

</metadata>
</contour>
<contour name="Process 4119" class="PointContour" color="#cb4965" visible="true">
<created>Sat Nov 20 13:03:55 EST 2010</created>
<edited>Sat Nov 20 13:03:55 EST 2010</edited>
<value><point x="8917" y="12599"/></value>
<metadata author="">

</metadata>
</contour>
<contour name="Process 4122" class="PointContour" color="#b84602" visible="true">
<created>Sat Nov 20 13:06:04 EST 2010</created>
<edited>Sat Nov 20 13:06:04 EST 2010</edited>
<value><point x="9149" y="12009"/></value>
<metadata author="">

</metadata>
</contour>
<contour name="Process 4124" class="PointContour" color="#e5ac90" visible="true">
<created>Sat Nov 20 13:08:15 EST 2010</created>
<edited>Sat Nov 20 13:08:15 EST 2010</edited>
<value><point x="10209" y="12461"/></value>
<metadata author="">

</metadata>
</contour>
<contour name="Process 4125" class="PointContour" color="#4ce4bd" visible="true">
<created>Sat Nov 20 13:09:18 EST 2010</created>
<edited>Sat Nov 20 13:09:18 EST 2010</edited>
<value><point x="10835" y="12435"/></value>
<metadata author="">

</metadata>
</contour>
<contour name="Process 4128" class="PointContour" color="#f12035" visible="true">
<created>Sat Nov 20 13:10:30 EST 2010</created>
<edited>Sat Nov 20 13:10:30 EST 2010</edited>
<value><point x="10805" y="11335"/></value>
<metadata author="">

</metadata>
</contour>
<contour name="Process 4129" class="PointContour" color="#5c8a11" visible="true">
<created>Sat Nov 20 13:12:29 EST 2010</created>
<edited>Sat Nov 20 13:12:29 EST 2010</edited>
<value><point x="10025" y="12603"/></value>
<metadata author="">

</metadata>
</contour>
<contour name="Process 4130" class="PointContour" color="#0b7541" visible="true">
<created>Sat Nov 20 13:13:23 EST 2010</created>
<edited>Sat Nov 20 13:13:23 EST 2010</edited>
<value><point x="10763" y="12547"/></value>
<metadata author="">

</metadata>
</contour>
<contour name="Process 4131" class="PointContour" color="#d7bc90" visible="true">
<created>Sat Nov 20 13:13:56 EST 2010</created>
<edited>Sat Nov 20 13:13:56 EST 2010</edited>
<value><point x="10833" y="12495"/></value>
<metadata author="">

</metadata>
</contour>
<contour name="Process 4133" class="PointContour" color="#c6c85f" visible="true">
<created>Sat Nov 20 13:15:20 EST 2010</created>
<edited>Sat Nov 20 13:15:20 EST 2010</edited>
<value><point x="10539" y="12343"/></value>
<metadata author="">

</metadata>
</contour>
<contour name="Process 4133" class="PointContour" color="#c6c85f" visible="true">
<created>Sat Nov 20 13:15:47 EST 2010</created>
<edited>Sat Nov 20 13:15:47 EST 2010</edited>
<value><point x="10351" y="12005"/></value>
<metadata author="">

</metadata>
</contour>
<contour name="Process 4134" class="PointContour" color="#4b88bc" visible="true">
<created>Sat Nov 20 13:16:26 EST 2010</created>
<edited>Sat Nov 20 13:16:26 EST 2010</edited>
<value><point x="10177" y="12577"/></value>
<metadata author="">

</metadata>
</contour>
<contour name="Process 4137" class="PointContour" color="#d6e049" visible="true">
<created>Sat Nov 20 13:18:28 EST 2010</created>
<edited>Sat Nov 20 13:18:28 EST 2010</edited>
<value><point x="9459" y="12051"/></value>
<metadata author="">

</metadata>
</contour>
<contour name="Process 4138" class="PointContour" color="#ce1255" visible="true">
<created>Sat Nov 20 13:19:35 EST 2010</created>
<edited>Sat Nov 20 13:19:35 EST 2010</edited>
<value><point x="9733" y="12507"/></value>
<metadata author="">

</metadata>
</contour>
<contour name="Process 4139" class="PointContour" color="#d05b49" visible="true">
<created>Sat Nov 20 13:20:54 EST 2010</created>
<edited>Sat Nov 20 13:20:54 EST 2010</edited>
<value><point x="9005" y="12015"/></value>
<metadata author="">

</metadata>
</contour>
<contour name="Process 4140" class="PointContour" color="#969798" visible="true">
<created>Sat Nov 20 13:21:30 EST 2010</created>
<edited>Sat Nov 20 13:21:30 EST 2010</edited>
<value><point x="8813" y="12351"/></value>
<metadata author="">

</metadata>
</contour>
<contour name="Process 4141" class="PointContour" color="#534af5" visible="true">
<created>Sat Nov 20 13:22:02 EST 2010</created>
<edited>Sat Nov 20 13:22:02 EST 2010</edited>
<value><point x="10235" y="12543"/></value>
<metadata author="">

</metadata>
</contour>
<contour name="Process 4142" class="PointContour" color="#f1b149" visible="true">
<created>Sat Nov 20 13:23:45 EST 2010</created>
<edited>Sat Nov 20 13:23:45 EST 2010</edited>
<value><point x="9869" y="12653"/></value>
<metadata author="">

</metadata>
</contour>
<contour name="Process 4143" class="PointContour" color="#9079c9" visible="true">
<created>Sat Nov 20 13:25:13 EST 2010</created>
<edited>Sat Nov 20 13:25:13 EST 2010</edited>
<value><point x="10811" y="12165"/></value>
<metadata author="">

</metadata>
</contour>
<contour name="Process 4147" class="PointContour" color="#66df61" visible="true">
<created>Sat Nov 20 13:28:51 EST 2010</created>
<edited>Sat Nov 20 13:28:51 EST 2010</edited>
<value><point x="10783" y="12371"/></value>
<metadata author="">

</metadata>
</contour>
<contour name="Process 4149" class="PointContour" color="#0ece2e" visible="true">
<created>Sat Nov 20 13:30:02 EST 2010</created>
<edited>Sat Nov 20 13:30:02 EST 2010</edited>
<value><point x="9769" y="12601"/></value>
<metadata author="">

</metadata>
</contour>
<contour name="Process 4150" class="PointContour" color="#24fd33" visible="true">
<created>Sat Nov 20 13:33:33 EST 2010</created>
<edited>Sat Nov 20 13:33:33 EST 2010</edited>
<value><point x="10651" y="11951"/></value>
<metadata author="">

</metadata>
</contour>
<contour name="Process 4151" class="PointContour" color="#31404b" visible="true">
<created>Sat Nov 20 13:35:08 EST 2010</created>
<edited>Sat Nov 20 13:35:08 EST 2010</edited>
<value><point x="8971" y="11977"/></value>
<metadata author="">

</metadata>
</contour>
<contour name="Process 4158" class="PointContour" color="#e9bb5e" visible="true">
<created>Sat Nov 20 14:04:08 EST 2010</created>
<edited>Sat Nov 20 14:04:08 EST 2010</edited>
<value><point x="10797" y="11543"/></value>
<metadata author="">

</metadata>
</contour>
<contour name="Process 4161" class="PointContour" color="#09d77d" visible="true">
<created>Sat Nov 20 14:05:42 EST 2010</created>
<edited>Sat Nov 20 14:05:42 EST 2010</edited>
<value><point x="10777" y="11247"/></value>
<metadata author="">

</metadata>
</contour>
<contour name="Process 4167" class="PointContour" color="#050900" visible="true">
<created>Sat Nov 20 14:08:57 EST 2010</created>
<edited>Sat Nov 20 14:08:57 EST 2010</edited>
<value><point x="9893" y="11869"/></value>
<metadata author="">

</metadata>
</contour>
<contour name="Process 4167" class="PointContour" color="#050900" visible="true">
<created>Sat Nov 20 14:17:45 EST 2010</created>
<edited>Sat Nov 20 14:17:45 EST 2010</edited>
<value><point x="10379" y="12179"/></value>
<metadata author="">

</metadata>
</contour>
<contour name="Process 4167" class="PointContour" color="#050900" visible="true">
<created>Sat Nov 20 14:17:59 EST 2010</created>
<edited>Sat Nov 20 14:17:59 EST 2010</edited>
<value><point x="10737" y="12021"/></value>
<metadata author="">

</metadata>
</contour>
<contour name="Process 4167" class="PointContour" color="#050900" visible="true">
<created>Sat Nov 20 14:19:06 EST 2010</created>
<edited>Sat Nov 20 14:19:06 EST 2010</edited>
<value><point x="10535" y="12235"/></value>
<metadata author="">

</metadata>
</contour>
<contour name="Process 4167" class="PointContour" color="#050900" visible="true">
<created>Sat Nov 20 14:19:38 EST 2010</created>
<edited>Sat Nov 20 14:19:38 EST 2010</edited>
<value><point x="10713" y="12355"/></value>
<metadata author="">

</metadata>
</contour>
<contour name="Process 4167" class="PointContour" color="#050900" visible="true">
<created>Sat Nov 20 14:22:19 EST 2010</created>
<edited>Sat Nov 20 14:22:19 EST 2010</edited>
<value><point x="10145" y="11555"/></value>
<metadata author="">

</metadata>
</contour>
<contour name="Process 4169" class="PointContour" color="#00a594" visible="true">
<created>Sat Nov 20 14:27:10 EST 2010</created>
<edited>Sat Nov 20 14:27:10 EST 2010</edited>
<value><point x="9479" y="11243"/></value>
<metadata author="">

</metadata>
</contour>
<contour name="Process 4170" class="PointContour" color="#d96733" visible="true">
<created>Sat Nov 20 14:28:33 EST 2010</created>
<edited>Sat Nov 20 14:28:33 EST 2010</edited>
<value><point x="10561" y="12059"/></value>
<metadata author="">

</metadata>
</contour>
<contour name="Process 4179" class="PointContour" color="#776608" visible="true">
<created>Sat Nov 20 14:36:55 EST 2010</created>
<edited>Sat Nov 20 14:36:55 EST 2010</edited>
<value><point x="9651" y="11773"/></value>
<metadata author="">

</metadata>
</contour>
<contour name="Process 4179" class="PointContour" color="#776608" visible="true">
<created>Sat Nov 20 14:38:08 EST 2010</created>
<edited>Sat Nov 20 14:38:08 EST 2010</edited>
<value><point x="9185" y="11393"/></value>
<metadata author="">

</metadata>
</contour>
<contour name="Process 4179" class="PointContour" color="#776608" visible="true">
<created>Sat Nov 20 14:38:14 EST 2010</created>
<edited>Sat Nov 20 14:38:14 EST 2010</edited>
<value><point x="8957" y="11423"/></value>
<metadata author="">

</metadata>
</contour>
<contour name="Process 4181" class="PointContour" color="#333089" visible="true">
<created>Sat Nov 20 14:41:48 EST 2010</created>
<edited>Sat Nov 20 14:41:48 EST 2010</edited>
<value><point x="10595" y="12307"/></value>
<metadata author="">

</metadata>
</contour>
<contour name="Process 4182" class="PointContour" color="#42999b" visible="true">
<created>Sat Nov 20 14:43:19 EST 2010</created>
<edited>Sat Nov 20 14:43:19 EST 2010</edited>
<value><point x="9693" y="11533"/></value>
<metadata author="">

</metadata>
</contour>
<contour name="Process 4182" class="PointContour" color="#42999b" visible="true">
<created>Sat Nov 20 14:43:34 EST 2010</created>
<edited>Sat Nov 20 14:43:34 EST 2010</edited>
<value><point x="8991" y="11031"/></value>
<metadata author="">

</metadata>
</contour>
<contour name="Process 4184" class="PointContour" color="#07900f" visible="true">
<created>Sat Nov 20 14:58:37 EST 2010</created>
<edited>Sat Nov 20 14:58:37 EST 2010</edited>
<value><point x="9873" y="12197"/></value>
<metadata author="">

</metadata>
</contour>
<contour name="Process 4184" class="PointContour" color="#07900f" visible="true">
<created>Sat Nov 20 14:58:52 EST 2010</created>
<edited>Sat Nov 20 14:58:52 EST 2010</edited>
<value><point x="9741" y="12201"/></value>
<metadata author="">

</metadata>
</contour>
<contour name="Process 4185" class="PointContour" color="#27d825" visible="true">
<created>Sat Nov 20 15:00:59 EST 2010</created>
<edited>Sat Nov 20 15:00:59 EST 2010</edited>
<value><point x="8985" y="12341"/></value>
<metadata author="">

</metadata>
</contour>
<contour name="Process 4185" class="PointContour" color="#27d825" visible="true">
<created>Sat Nov 20 15:01:15 EST 2010</created>
<edited>Sat Nov 20 15:01:15 EST 2010</edited>
<value><point x="9113" y="12099"/></value>
<metadata author="">

</metadata>
</contour>
<contour name="Process 4188" class="PointContour" color="#a89fca" visible="true">
<created>Sat Nov 20 15:11:43 EST 2010</created>
<edited>Sat Nov 20 15:11:43 EST 2010</edited>
<value><point x="9297" y="12673"/></value>
<metadata author="">

</metadata>
</contour>
<contour name="Process 4190" class="PointContour" color="#096335" visible="true">
<created>Sat Nov 20 15:13:32 EST 2010</created>
<edited>Sat Nov 20 15:13:32 EST 2010</edited>
<value><point x="10121" y="12637"/></value>
<metadata author="">

</metadata>
</contour>
<contour name="Process 4193" class="PointContour" color="#7c7ed4" visible="true">
<created>Sat Nov 20 15:18:53 EST 2010</created>
<edited>Sat Nov 20 15:18:53 EST 2010</edited>
<value><point x="9471" y="12477"/></value>
<metadata author="">

</metadata>
</contour>
<contour name="Process 4195" class="PointContour" color="#6c1570" visible="true">
<created>Sat Nov 20 16:00:55 EST 2010</created>
<edited>Sat Nov 20 16:00:55 EST 2010</edited>
<value><point x="10091" y="12399"/></value>
<metadata author="">

</metadata>
</contour>
<contour name="Process 4196" class="PointContour" color="#2681ac" visible="true">
<created>Sat Nov 20 16:03:31 EST 2010</created>
<edited>Sat Nov 20 16:03:31 EST 2010</edited>
<value><point x="10027" y="12403"/></value>
<metadata author="">

</metadata>
</contour>
<contour name="Process 4200" class="PointContour" color="#35c6ee" visible="true">
<created>Sat Nov 20 16:12:48 EST 2010</created>
<edited>Sat Nov 20 16:12:48 EST 2010</edited>
<value><point x="9307" y="12347"/></value>
<metadata author="">

</metadata>
</contour>
<contour name="Process 4201" class="PointContour" color="#952bed" visible="true">
<created>Sat Nov 20 16:13:16 EST 2010</created>
<edited>Sat Nov 20 16:13:16 EST 2010</edited>
<value><point x="10239" y="12687"/></value>
<metadata author="">

</metadata>
</contour>
<contour name="Process 4205" class="PointContour" color="#ef2941" visible="true">
<created>Sat Nov 20 16:23:18 EST 2010</created>
<edited>Sat Nov 20 16:23:18 EST 2010</edited>
<value><point x="8855" y="11277"/></value>
<metadata author="">

</metadata>
</contour>
<contour name="Process 4207" class="PointContour" color="#32b221" visible="true">
<created>Sat Nov 20 16:25:44 EST 2010</created>
<edited>Sat Nov 20 16:25:44 EST 2010</edited>
<value><point x="8817" y="12037"/></value>
<metadata author="">

</metadata>
</contour>
<contour name="Process 4211" class="PointContour" color="#5d0dce" visible="true">
<created>Sat Nov 20 16:30:39 EST 2010</created>
<edited>Sat Nov 20 16:30:39 EST 2010</edited>
<value><point x="9561" y="12583"/></value>
<metadata author="">

</metadata>
</contour>
<contour name="Process 4211" class="PointContour" color="#5d0dce" visible="true">
<created>Sat Nov 20 16:31:59 EST 2010</created>
<edited>Sat Nov 20 16:31:59 EST 2010</edited>
<value><point x="9421" y="12093"/></value>
<metadata author="">

</metadata>
</contour>
<contour name="Process 4211" class="PointContour" color="#5d0dce" visible="true">
<created>Sat Nov 20 16:32:30 EST 2010</created>
<edited>Sat Nov 20 16:32:30 EST 2010</edited>
<value><point x="9201" y="12067"/></value>
<metadata author="">

</metadata>
</contour>
<contour name="Process 4213" class="PointContour" color="#e6e6be" visible="true">
<created>Sat Nov 20 16:34:12 EST 2010</created>
<edited>Sat Nov 20 16:34:12 EST 2010</edited>
<value><point x="9613" y="12723"/></value>
<metadata author="">

</metadata>
</contour>
<contour name="Process 4214" class="PointContour" color="#4235e8" visible="true">
<created>Sat Nov 20 16:36:39 EST 2010</created>
<edited>Sat Nov 20 16:36:39 EST 2010</edited>
<value><point x="10569" y="12615"/></value>
<metadata author="">

</metadata>
</contour>
<contour name="Process 4216" class="PointContour" color="#46bc96" visible="true">
<created>Sat Nov 20 16:40:23 EST 2010</created>
<edited>Sat Nov 20 16:40:23 EST 2010</edited>
<value><point x="8949" y="11715"/></value>
<metadata author="">

</metadata>
</contour>
<contour name="Process 4217" class="PointContour" color="#dea950" visible="true">
<created>Sat Nov 20 16:41:12 EST 2010</created>
<edited>Sat Nov 20 16:41:12 EST 2010</edited>
<value><point x="9283" y="11769"/></value>
<metadata author="">

</metadata>
</contour>
<contour name="Process 4219" class="PointContour" color="#e25baf" visible="true">
<created>Sat Nov 20 16:52:18 EST 2010</created>
<edited>Sat Nov 20 16:52:18 EST 2010</edited>
<value><point x="10713" y="11823"/></value>
<metadata author="">

</metadata>
</contour>
<contour name="Process 4220" class="PointContour" color="#a64c3d" visible="true">
<created>Sat Nov 20 16:54:48 EST 2010</created>
<edited>Sat Nov 20 16:54:48 EST 2010</edited>
<value><point x="9475" y="11835"/></value>
<metadata author="">

</metadata>
</contour>
<contour name="Process 4220" class="PointContour" color="#a64c3d" visible="true">
<created>Sat Nov 20 16:55:14 EST 2010</created>
<edited>Sat Nov 20 16:55:14 EST 2010</edited>
<value><point x="9475" y="11365"/></value>
<metadata author="">

</metadata>
</contour>
<contour name="Process 4221" class="PointContour" color="#8a5f51" visible="true">
<created>Sat Nov 20 16:56:40 EST 2010</created>
<edited>Sat Nov 20 16:56:40 EST 2010</edited>
<value><point x="9203" y="11661"/></value>
<metadata author="">

</metadata>
</contour>
<contour name="Process 4222" class="PointContour" color="#608147" visible="true">
<created>Sat Nov 20 16:59:43 EST 2010</created>
<edited>Sat Nov 20 16:59:43 EST 2010</edited>
<value><point x="9481" y="11817"/></value>
<metadata author="">

</metadata>
</contour>
<contour name="Process 4225" class="PointContour" color="#bd412f" visible="true">
<created>Sat Nov 20 17:07:12 EST 2010</created>
<edited>Sat Nov 20 17:07:12 EST 2010</edited>
<value><point x="8913" y="11081"/></value>
<metadata author="">

</metadata>
</contour>
<contour name="Process 4226" class="PointContour" color="#a86615" visible="true">
<created>Sat Nov 20 17:09:48 EST 2010</created>
<edited>Sat Nov 20 17:09:48 EST 2010</edited>
<value><point x="8801" y="11439"/></value>
<metadata author="">

</metadata>
</contour>
<contour name="Process 4227" class="PointContour" color="#d97217" visible="true">
<created>Sat Nov 20 17:10:02 EST 2010</created>
<edited>Sat Nov 20 17:10:02 EST 2010</edited>
<value><point x="10353" y="12555"/></value>
<metadata author="">

</metadata>
</contour>
<contour name="Process 4228" class="PointContour" color="#659166" visible="true">
<created>Sat Nov 20 17:12:11 EST 2010</created>
<edited>Sat Nov 20 17:12:11 EST 2010</edited>
<value><point x="10259" y="12457"/></value>
<metadata author="">

</metadata>
</contour>
<contour name="Process 4229" class="PointContour" color="#c04326" visible="true">
<created>Sat Nov 20 17:15:14 EST 2010</created>
<edited>Sat Nov 20 17:15:14 EST 2010</edited>
<value><point x="9161" y="11597"/></value>
<metadata author="">

</metadata>
</contour>
<contour name="Process 4229" class="PointContour" color="#c04326" visible="true">
<created>Sat Nov 20 17:16:10 EST 2010</created>
<edited>Sat Nov 20 17:16:10 EST 2010</edited>
<value><point x="10193" y="12055"/></value>
<metadata author="">

</metadata>
</contour>
<contour name="Process 4229" class="PointContour" color="#c04326" visible="true">
<created>Sat Nov 20 17:16:24 EST 2010</created>
<edited>Sat Nov 20 17:16:24 EST 2010</edited>
<value><point x="10807" y="12317"/></value>
<metadata author="">

</metadata>
</contour>
<contour name="Process 4230" class="PointContour" color="#86fa64" visible="true">
<created>Sat Nov 20 17:22:37 EST 2010</created>
<edited>Sat Nov 20 17:22:37 EST 2010</edited>
<value><point x="9467" y="11523"/></value>
<metadata author="">

</metadata>
</contour>
<contour name="Process 4232" class="PointContour" color="#7ad306" visible="true">
<created>Sat Nov 20 17:35:40 EST 2010</created>
<edited>Sat Nov 20 17:35:40 EST 2010</edited>
<value><point x="8825" y="12723"/></value>
<metadata author="">

</metadata>
</contour>
<contour name="Process 4233" class="PointContour" color="#924771" visible="true">
<created>Sat Nov 20 17:38:00 EST 2010</created>
<edited>Sat Nov 20 17:38:00 EST 2010</edited>
<value><point x="8833" y="11807"/></value>
<metadata author="">

</metadata>
</contour>
<contour name="Process 4234" class="PointContour" color="#2f3227" visible="true">
<created>Sat Nov 20 17:40:24 EST 2010</created>
<edited>Sat Nov 20 17:40:24 EST 2010</edited>
<value><point x="9093" y="12209"/></value>
<metadata author="">

</metadata>
</contour>
<contour name="Process 4235" class="PointContour" color="#dbdd91" visible="true">
<created>Sat Nov 20 17:41:56 EST 2010</created>
<edited>Sat Nov 20 17:41:56 EST 2010</edited>
<value><point x="8895" y="11757"/></value>
<metadata author="">

</metadata>
</contour>
<contour name="Process 4236" class="PointContour" color="#4cb636" visible="true">
<created>Sat Nov 20 17:45:12 EST 2010</created>
<edited>Sat Nov 20 17:45:12 EST 2010</edited>
<value><point x="10481" y="11747"/></value>
<metadata author="">

</metadata>
</contour>
<contour name="Process 4237" class="PointContour" color="#9a0162" visible="true">
<created>Sat Nov 20 17:50:02 EST 2010</created>
<edited>Sat Nov 20 17:50:02 EST 2010</edited>
<value><point x="9001" y="10921"/></value>
<metadata author="">

</metadata>
</contour>
<contour name="Process 4237" class="PointContour" color="#9a0162" visible="true">
<created>Sat Nov 20 17:50:38 EST 2010</created>
<edited>Sat Nov 20 17:50:38 EST 2010</edited>
<value><point x="10425" y="12377"/></value>
<metadata author="">

</metadata>
</contour>
<contour name="Process 4238" class="PointContour" color="#8c914e" visible="true">
<created>Sat Nov 20 17:51:49 EST 2010</created>
<edited>Sat Nov 20 17:51:49 EST 2010</edited>
<value><point x="10739" y="11567"/></value>
<metadata author="">

</metadata>
</contour>
<contour name="Process 4238" class="PointContour" color="#8c914e" visible="true">
<created>Sat Nov 20 17:52:57 EST 2010</created>
<edited>Sat Nov 20 17:52:57 EST 2010</edited>
<value><point x="10063" y="10961"/></value>
<metadata author="">

</metadata>
</contour>
<contour name="Process 4241" class="PointContour" color="#dcb611" visible="true">
<created>Sat Nov 20 17:58:04 EST 2010</created>
<edited>Sat Nov 20 17:58:04 EST 2010</edited>
<value><point x="9003" y="12243"/></value>
<metadata author="">

</metadata>
</contour>
<contour name="Process 4241" class="PointContour" color="#dcb611" visible="true">
<created>Sat Nov 20 17:59:05 EST 2010</created>
<edited>Sat Nov 20 17:59:05 EST 2010</edited>
<value><point x="9475" y="12729"/></value>
<metadata author="">

</metadata>
</contour>
<contour name="Process 4243" class="PointContour" color="#a36d93" visible="true">
<created>Sat Nov 20 18:13:22 EST 2010</created>
<edited>Sat Nov 20 18:13:22 EST 2010</edited>
<value><point x="10453" y="12223"/></value>
<metadata author="">

</metadata>
</contour>
<contour name="Process 4243" class="PointContour" color="#a36d93" visible="true">
<created>Sat Nov 20 18:13:30 EST 2010</created>
<edited>Sat Nov 20 18:13:30 EST 2010</edited>
<value><point x="10181" y="12289"/></value>
<metadata author="">

</metadata>
</contour>
<contour name="Process 4244" class="PointContour" color="#5e810a" visible="true">
<created>Sat Nov 20 18:17:54 EST 2010</created>
<edited>Sat Nov 20 18:17:54 EST 2010</edited>
<value><point x="9825" y="12527"/></value>
<metadata author="">

</metadata>
</contour>
<contour name="Process 4123" class="PointContour" color="#bc57f7" visible="true">
<created>Sat Nov 20 18:19:31 EST 2010</created>
<edited>Sat Nov 20 18:19:31 EST 2010</edited>
<value><point x="9885" y="12445"/></value>
<metadata author="">

</metadata>
</contour>
<contour name="Process 4246" class="PointContour" color="#a1d865" visible="true">
<created>Sat Nov 20 18:25:08 EST 2010</created>
<edited>Sat Nov 20 18:25:08 EST 2010</edited>
<value><point x="10589" y="11889"/></value>
<metadata author="">

</metadata>
</contour>
<contour name="Process 4249" class="PointContour" color="#5a4e4f" visible="true">
<created>Sat Nov 20 18:30:11 EST 2010</created>
<edited>Sat Nov 20 18:30:11 EST 2010</edited>
<value><point x="9311" y="11343"/></value>
<metadata author="">

</metadata>
</contour>
<contour name="Process 4251" class="PointContour" color="#bab3fd" visible="true">
<created>Sat Nov 20 18:34:55 EST 2010</created>
<edited>Sat Nov 20 18:34:55 EST 2010</edited>
<value><point x="10387" y="11265"/></value>
<metadata author="">

</metadata>
</contour>
<contour name="Process 4252" class="PointContour" color="#47914c" visible="true">
<created>Sat Nov 20 18:36:21 EST 2010</created>
<edited>Sat Nov 20 18:36:21 EST 2010</edited>
<value><point x="10611" y="11257"/></value>
<metadata author="">

</metadata>
</contour>
<contour name="Process 4253" class="PointContour" color="#bd71d2" visible="true">
<created>Sat Nov 20 18:36:59 EST 2010</created>
<edited>Sat Nov 20 18:36:59 EST 2010</edited>
<value><point x="10301" y="11077"/></value>
<metadata author="">

</metadata>
</contour>
<contour name="Process 4254" class="PointContour" color="#53c75e" visible="true">
<created>Sat Nov 20 18:38:27 EST 2010</created>
<edited>Sat Nov 20 18:38:27 EST 2010</edited>
<value><point x="10259" y="11123"/></value>
<metadata author="">

</metadata>
</contour>
<contour name="Process 4255" class="PointContour" color="#3f33af" visible="true">
<created>Sat Nov 20 18:39:24 EST 2010</created>
<edited>Sat Nov 20 18:39:24 EST 2010</edited>
<value><point x="10159" y="11251"/></value>
<metadata author="">

</metadata>
</contour>
<contour name="Process 4256" class="PointContour" color="#a851bd" visible="true">
<created>Sat Nov 20 18:43:06 EST 2010</created>
<edited>Sat Nov 20 18:43:06 EST 2010</edited>
<value><point x="9969" y="11703"/></value>
<metadata author="">

</metadata>
</contour>
<contour name="Process 4263" class="PointContour" color="#7b9a06" visible="true">
<created>Sat Nov 20 18:54:47 EST 2010</created>
<edited>Sat Nov 20 18:54:47 EST 2010</edited>
<value><point x="8939" y="12295"/></value>
<metadata author="">

</metadata>
</contour>
<contour name="Process 4267" class="PointContour" color="#6dd544" visible="true">
<created>Sat Nov 20 19:24:15 EST 2010</created>
<edited>Sat Nov 20 19:24:15 EST 2010</edited>
<value><point x="8997" y="11461"/></value>
<metadata author="">

</metadata>
</contour>
<contour name="Process 4268" class="PointContour" color="#2df29d" visible="true">
<created>Sat Nov 20 19:26:21 EST 2010</created>
<edited>Sat Nov 20 19:26:21 EST 2010</edited>
<value><point x="9065" y="12623"/></value>
<metadata author="">

</metadata>
</contour>
<contour name="Process 4272" class="PointContour" color="#f5c358" visible="true">
<created>Sat Nov 20 19:35:57 EST 2010</created>
<edited>Sat Nov 20 19:35:57 EST 2010</edited>
<value><point x="10561" y="12747"/></value>
<metadata author="">

</metadata>
</contour>
<contour name="Process 4275" class="PointContour" color="#fd9bbf" visible="true">
<created>Sat Nov 20 19:39:13 EST 2010</created>
<edited>Sat Nov 20 19:39:13 EST 2010</edited>
<value><point x="9091" y="12835"/></value>
<metadata author="">

</metadata>
</contour>
<contour name="Process 4141" class="PointContour" color="#534af5" visible="true">
<created>Sat Nov 20 19:50:18 EST 2010</created>
<edited>Sat Nov 20 19:50:18 EST 2010</edited>
<value><point x="9915" y="12903"/></value>
<metadata author="">

</metadata>
</contour>
<contour name="Process 4281" class="PointContour" color="#23558e" visible="true">
<created>Sat Nov 20 20:47:21 EST 2010</created>
<edited>Sat Nov 20 20:47:21 EST 2010</edited>
<value><point x="10459" y="12803"/></value>
<metadata author="">

</metadata>
</contour>
<contour name="Process 4284" class="PointContour" color="#c5f0e5" visible="true">
<created>Sat Nov 20 20:53:27 EST 2010</created>
<edited>Sat Nov 20 20:53:27 EST 2010</edited>
<value><point x="9439" y="11231"/></value>
<metadata author="">

</metadata>
</contour>
<contour name="Process 4285" class="PointContour" color="#410067" visible="true">
<created>Sat Nov 20 20:55:02 EST 2010</created>
<edited>Sat Nov 20 20:55:02 EST 2010</edited>
<value><point x="9291" y="12571"/></value>
<metadata author="">

</metadata>
</contour>
<contour name="Process 4286" class="PointContour" color="#62750a" visible="true">
<created>Sat Nov 20 20:56:11 EST 2010</created>
<edited>Sat Nov 20 20:56:11 EST 2010</edited>
<value><point x="8955" y="12069"/></value>
<metadata author="">

</metadata>
</contour>
<contour name="Process 4286" class="PointContour" color="#62750a" visible="true">
<created>Sat Nov 20 20:56:28 EST 2010</created>
<edited>Sat Nov 20 20:56:28 EST 2010</edited>
<value><point x="9157" y="12451"/></value>
<metadata author="">

</metadata>
</contour>
<contour name="Process 4287" class="PointContour" color="#38d78a" visible="true">
<created>Sat Nov 20 20:57:42 EST 2010</created>
<edited>Sat Nov 20 20:57:42 EST 2010</edited>
<value><point x="10705" y="12677"/></value>
<metadata author="">

</metadata>
</contour>
<contour name="Process 4288" class="PointContour" color="#6d750a" visible="true">
<created>Sat Nov 20 20:58:44 EST 2010</created>
<edited>Sat Nov 20 20:58:44 EST 2010</edited>
<value><point x="10021" y="12793"/></value>
<metadata author="">

</metadata>
</contour>
<contour name="Process 4288" class="PointContour" color="#6d750a" visible="true">
<created>Sat Nov 20 20:59:30 EST 2010</created>
<edited>Sat Nov 20 20:59:30 EST 2010</edited>
<value><point x="10281" y="12809"/></value>
<metadata author="">

</metadata>
</contour>
<contour name="Process 4102" class="PointContour" color="#12d4e2" visible="true">
<created>Sun Nov 21 21:15:01 EST 2010</created>
<edited>Sun Nov 21 21:15:01 EST 2010</edited>
<value><point x="10377" y="12679"/></value>
<metadata author="">

</metadata>
</contour>
<contour name="Process 4290" class="PointContour" color="#c47cde" visible="true">
<created>Sun Nov 21 21:18:19 EST 2010</created>
<edited>Sun Nov 21 21:18:19 EST 2010</edited>
<value><point x="10705" y="12833"/></value>
<metadata author="">

</metadata>
</contour>
<contour name="Process 4292" class="PointContour" color="#59ca82" visible="true">
<created>Sun Nov 21 21:19:37 EST 2010</created>
<edited>Sun Nov 21 21:19:37 EST 2010</edited>
<value><point x="10779" y="12109"/></value>
<metadata author="">

</metadata>
</contour>
<contour name="Process 4292" class="PointContour" color="#59ca82" visible="true">
<created>Sun Nov 21 21:20:39 EST 2010</created>
<edited>Sun Nov 21 21:20:39 EST 2010</edited>
<value><point x="10015" y="12557"/></value>
<metadata author="">

</metadata>
</contour>
<contour name="Process 4293" class="PointContour" color="#111b2e" visible="true">
<created>Sun Nov 21 21:24:04 EST 2010</created>
<edited>Sun Nov 21 21:24:04 EST 2010</edited>
<value><point x="10185" y="12739"/></value>
<metadata author="">

</metadata>
</contour>
<contour name="Process 4034" class="PointContour" color="#726115" visible="true">
<created>Sun Nov 21 21:30:49 EST 2010</created>
<edited>Sun Nov 21 21:30:49 EST 2010</edited>
<value><point x="10211" y="12169"/></value>
<metadata author="">

</metadata>
</contour>
<contour name="Process 4299" class="PointContour" color="#2b75b8" visible="true">
<created>Sun Nov 21 21:34:00 EST 2010</created>
<edited>Sun Nov 21 21:34:00 EST 2010</edited>
<value><point x="9829" y="11077"/></value>
<metadata author="">

</metadata>
</contour>
<contour name="Process 4300" class="PointContour" color="#397ed6" visible="true">
<created>Sun Nov 21 21:35:56 EST 2010</created>
<edited>Sun Nov 21 21:35:56 EST 2010</edited>
<value><point x="9705" y="11325"/></value>
<metadata author="">

</metadata>
</contour>
<contour name="Process 4301" class="PointContour" color="#578296" visible="true">
<created>Sun Nov 21 21:37:33 EST 2010</created>
<edited>Sun Nov 21 21:37:33 EST 2010</edited>
<value><point x="9985" y="11255"/></value>
<metadata author="">

</metadata>
</contour>
<contour name="Process 4301" class="PointContour" color="#578296" visible="true">
<created>Sun Nov 21 21:38:17 EST 2010</created>
<edited>Sun Nov 21 21:38:17 EST 2010</edited>
<value><point x="9485" y="11103"/></value>
<metadata author="">

</metadata>
</contour>
<contour name="Process 4301" class="PointContour" color="#578296" visible="true">
<created>Sun Nov 21 21:38:53 EST 2010</created>
<edited>Sun Nov 21 21:38:53 EST 2010</edited>
<value><point x="10819" y="11489"/></value>
<metadata author="">

</metadata>
</contour>
<contour name="Process 4307" class="PointContour" color="#5e5e6a" visible="true">
<created>Sun Nov 21 21:44:10 EST 2010</created>
<edited>Sun Nov 21 21:44:10 EST 2010</edited>
<value><point x="10641" y="11089"/></value>
<metadata author="">

</metadata>
</contour>
<contour name="Process 4309" class="PointContour" color="#0d51b8" visible="true">
<created>Sun Nov 21 21:45:30 EST 2010</created>
<edited>Sun Nov 21 21:45:30 EST 2010</edited>
<value><point x="10119" y="10957"/></value>
<metadata author="">

</metadata>
</contour>
<contour name="Process 4310" class="PointContour" color="#48c442" visible="true">
<created>Sun Nov 21 21:47:21 EST 2010</created>
<edited>Sun Nov 21 21:47:21 EST 2010</edited>
<value><point x="9679" y="11217"/></value>
<metadata author="">

</metadata>
</contour>
<contour name="Process 4310" class="PointContour" color="#48c442" visible="true">
<created>Sun Nov 21 21:49:19 EST 2010</created>
<edited>Sun Nov 21 21:49:19 EST 2010</edited>
<value><point x="9095" y="11997"/></value>
<metadata author="">

</metadata>
</contour>
<contour name="Process 4310" class="PointContour" color="#48c442" visible="true">
<created>Sun Nov 21 21:52:55 EST 2010</created>
<edited>Sun Nov 21 21:52:55 EST 2010</edited>
<value><point x="8907" y="11605"/></value>
<metadata author="">

</metadata>
</contour>
<contour name="Process 4313" class="PointContour" color="#555025" visible="true">
<created>Sun Nov 21 23:04:37 EST 2010</created>
<edited>Sun Nov 21 23:04:37 EST 2010</edited>
<value><point x="8979" y="11095"/></value>
<metadata author="">

</metadata>
</contour>
<contour name="Process 4314" class="PointContour" color="#a99b51" visible="true">
<created>Mon Nov 22 00:48:37 EST 2010</created>
<edited>Mon Nov 22 00:48:37 EST 2010</edited>
<value><point x="8897" y="11147"/></value>
<metadata author="">

</metadata>
</contour>
<contour name="Process 4315" class="PointContour" color="#0aa1c1" visible="true">
<created>Mon Nov 22 00:49:39 EST 2010</created>
<edited>Mon Nov 22 00:49:39 EST 2010</edited>
<value><point x="8843" y="11063"/></value>
<metadata author="">

</metadata>
</contour>
<contour name="Process 4316" class="PointContour" color="#1fc020" visible="true">
<created>Mon Nov 22 00:49:57 EST 2010</created>
<edited>Mon Nov 22 00:49:57 EST 2010</edited>
<value><point x="8813" y="11129"/></value>
<metadata author="">

</metadata>
</contour>
<contour name="Process 4318" class="PointContour" color="#930049" visible="true">
<created>Mon Nov 22 00:53:56 EST 2010</created>
<edited>Mon Nov 22 00:53:56 EST 2010</edited>
<value><point x="10649" y="11785"/></value>
<metadata author="">

</metadata>
</contour>
<contour name="Process 4320" class="PointContour" color="#b18f98" visible="true">
<created>Mon Nov 22 01:09:30 EST 2010</created>
<edited>Mon Nov 22 01:09:30 EST 2010</edited>
<value><point x="9807" y="12807"/></value>
<metadata author="">

</metadata>
</contour>
<contour name="Process 4326" class="PointContour" color="#575409" visible="true">
<created>Mon Mar 07 12:42:40 EST 2011</created>
<edited>Mon Mar 07 12:42:40 EST 2011</edited>
<value><point x="10823" y="12605"/></value>
<metadata author="">

</metadata>
</contour>
<contour name="Process 4327" class="PointContour" color="#0b6af4" visible="true">
<created>Mon Mar 07 12:45:54 EST 2011</created>
<edited>Mon Mar 07 12:45:54 EST 2011</edited>
<value><point x="10773" y="12661"/></value>
<metadata author="">

</metadata>
</contour>
<contour name="Process 4328" class="PointContour" color="#d1cfdd" visible="true">
<created>Mon Mar 07 12:46:50 EST 2011</created>
<edited>Mon Mar 07 12:46:50 EST 2011</edited>
<value><point x="10711" y="12603"/></value>
<metadata author="">

</metadata>
</contour>
<contour name="Process 4110" class="PointContour" color="#5c0fd7" visible="true">
<created>Mon Mar 07 12:48:14 EST 2011</created>
<edited>Mon Mar 07 12:48:14 EST 2011</edited>
<value><point x="9553" y="12753"/></value>
<metadata author="">

</metadata>
</contour>
<contour name="Process 4329" class="PointContour" color="#d41f2d" visible="true">
<created>Mon Mar 07 12:49:12 EST 2011</created>
<edited>Mon Mar 07 12:49:12 EST 2011</edited>
<value><point x="10405" y="11841"/></value>
<metadata author="">

</metadata>
</contour>
<contour name="Process 4243" class="PointContour" color="#a36d93" visible="true">
<created>Mon Mar 07 13:01:40 EST 2011</created>
<edited>Mon Mar 07 13:01:40 EST 2011</edited>
<value><point x="9263" y="12897"/></value>
<metadata author="">

</metadata>
</contour>
<contour name="Process 4334" class="PointContour" color="#2a1300" visible="true">
<created>Mon Mar 07 13:03:27 EST 2011</created>
<edited>Mon Mar 07 13:03:27 EST 2011</edited>
<value><point x="10803" y="12733"/></value>
<metadata author="">

</metadata>
</contour>
<contour name="Process 4334" class="PointContour" color="#2a1300" visible="true">
<created>Mon Mar 07 13:03:27 EST 2011</created>
<edited>Mon Mar 07 13:03:27 EST 2011</edited>
<value><point x="10803" y="12733"/></value>
<metadata author="">

</metadata>
</contour>
<contour name="Process 4334" class="PointContour" color="#2a1300" visible="true">
<created>Mon Mar 07 13:03:57 EST 2011</created>
<edited>Mon Mar 07 13:03:57 EST 2011</edited>
<value><point x="10779" y="12727"/></value>
<metadata author="">

</metadata>
</contour>
<contour name="Process 4334" class="PointContour" color="#2a1300" visible="true">
<created>Mon Mar 07 13:03:57 EST 2011</created>
<edited>Mon Mar 07 13:03:57 EST 2011</edited>
<value><point x="10779" y="12727"/></value>
<metadata author="">

</metadata>
</contour>
<contour name="Process 4185" class="PointContour" color="#27d825" visible="true">
<created>Thu Mar 10 14:00:08 EST 2011</created>
<edited>Thu Mar 10 14:00:08 EST 2011</edited>
<value><point x="9629" y="12827"/></value>
<metadata author="">

</metadata>
</contour>
</contours>