<!--Last edited: 2011/03/14 19:51:14-->
<contours>
<contour name="Process 45" class="PointContour" color="#80d2ff" visible="true">
<created>Mon Jun 07 16:55:05 EDT 2010</created>
<edited>Mon Jun 07 16:55:05 EDT 2010</edited>
<value><point x="12272" y="19264"/></value>
<metadata author="">

</metadata>
</contour>
<contour name="Process 28" class="PointContour" color="#d1a73a" visible="true">
<created>Thu Jun 03 11:18:40 EDT 2010</created>
<edited>Thu Jun 03 11:18:40 EDT 2010</edited>
<value><point x="12222" y="18922"/></value>
<metadata author="">

</metadata>
</contour>
<contour name="Process 49" class="PointContour" color="#4053cc" visible="true">
<created>Mon Jun 07 17:01:23 EDT 2010</created>
<edited>Mon Jun 07 17:01:23 EDT 2010</edited>
<value><point x="11938" y="17926"/></value>
<metadata author="">

</metadata>
</contour>
<contour name="Process 85" class="PointContour" color="#ff067f" visible="true">
<created>Tue Jun 08 13:24:20 EDT 2010</created>
<edited>Tue Jun 08 13:24:20 EDT 2010</edited>
<value><point x="12944" y="18538"/></value>
<metadata author="">

</metadata>
</contour>
<contour name="Process 153" class="PointContour" color="#f3ff8b" visible="true">
<created>Wed Jun 09 15:31:43 EDT 2010</created>
<edited>Wed Jun 09 15:31:43 EDT 2010</edited>
<value><point x="11334" y="19058"/></value>
<metadata author="">

</metadata>
</contour>
<contour name="Process 17" class="PointContour" color="#c115ff" visible="true">
<created>Wed Jun 02 17:41:09 EDT 2010</created>
<edited>Wed Jun 02 17:41:09 EDT 2010</edited>
<value><point x="12028" y="17444"/></value>
<metadata author="">

</metadata>
</contour>
<contour name="Process 28" class="PointContour" color="#d1a73a" visible="true">
<created>Thu Jun 03 11:35:41 EDT 2010</created>
<edited>Thu Jun 03 11:35:41 EDT 2010</edited>
<value><point x="11484" y="19102"/></value>
<metadata author="">

</metadata>
</contour>
<contour name="Process 197" class="PointContour" color="#ff63b3" visible="true">
<created>Thu Jun 10 12:51:45 EDT 2010</created>
<edited>Thu Jun 10 12:51:45 EDT 2010</edited>
<value><point x="12852" y="17436"/></value>
<metadata author="">

</metadata>
</contour>
<contour name="Process 1" class="PointContour" color="#ff0000" visible="true">
<created>Wed Jun 02 16:07:44 EDT 2010</created>
<edited>Wed Jun 02 16:07:44 EDT 2010</edited>
<value><point x="11668" y="17808"/></value>
<metadata author="">

</metadata>
</contour>
<contour name="Process 28" class="PointContour" color="#d1a73a" visible="true">
<created>Thu Jun 03 11:18:40 EDT 2010</created>
<edited>Thu Jun 03 11:18:40 EDT 2010</edited>
<value><point x="11440" y="18738"/></value>
<metadata author="">

</metadata>
</contour>
<contour name="Process 28" class="PointContour" color="#d1a73a" visible="true">
<created>Thu Jun 03 11:18:40 EDT 2010</created>
<edited>Thu Jun 03 11:18:40 EDT 2010</edited>
<value><point x="11282" y="18702"/></value>
<metadata author="">

</metadata>
</contour>
<contour name="Process 28" class="PointContour" color="#d1a73a" visible="true">
<created>Thu Jun 03 11:18:40 EDT 2010</created>
<edited>Thu Jun 03 11:18:40 EDT 2010</edited>
<value><point x="12456" y="18976"/></value>
<metadata author="">

</metadata>
</contour>
<contour name="Process 51" class="PointContour" color="#8906ff" visible="true">
<created>Mon Jun 07 17:19:04 EDT 2010</created>
<edited>Mon Jun 07 17:19:04 EDT 2010</edited>
<value><point x="12148" y="18150"/></value>
<metadata author="">

</metadata>
</contour>
<contour name="Process 85" class="PointContour" color="#ff067f" visible="true">
<created>Tue Jun 08 13:21:16 EDT 2010</created>
<edited>Tue Jun 08 13:21:16 EDT 2010</edited>
<value><point x="12656" y="19348"/></value>
<metadata author="">

</metadata>
</contour>
<contour name="Process 160" class="PointContour" color="#5ecaff" visible="true">
<created>Wed Jun 09 16:03:46 EDT 2010</created>
<edited>Wed Jun 09 16:03:46 EDT 2010</edited>
<value><point x="12102" y="18348"/></value>
<metadata author="">

</metadata>
</contour>
<contour name="Process 190" class="PointContour" color="#ffadba" visible="true">
<created>Thu Jun 10 12:34:18 EDT 2010</created>
<edited>Thu Jun 10 12:34:18 EDT 2010</edited>
<value><point x="11012" y="18082"/></value>
<metadata author="">

</metadata>
</contour>
<contour name="Process 28" class="PointContour" color="#d1a73a" visible="true">
<created>Thu Jun 03 11:18:40 EDT 2010</created>
<edited>Thu Jun 03 11:18:40 EDT 2010</edited>
<value><point x="12476" y="18980"/></value>
<metadata author="">

</metadata>
</contour>
<contour name="Process 227" class="PointContour" color="#98c6a9" visible="true">
<created>Fri Jun 11 11:15:10 EDT 2010</created>
<edited>Fri Jun 11 11:15:10 EDT 2010</edited>
<value><point x="12592" y="19246"/></value>
<metadata author="">

</metadata>
</contour>
<contour name="Process 66" class="PointContour" color="#bcff07" visible="true">
<created>Mon Jun 07 17:37:31 EDT 2010</created>
<edited>Mon Jun 07 17:37:31 EDT 2010</edited>
<value><point x="12020" y="18308"/></value>
<metadata author="">

</metadata>
</contour>
<contour name="Process 138" class="PointContour" color="#ffce2e" visible="true">
<created>Wed Jun 09 14:54:23 EDT 2010</created>
<edited>Wed Jun 09 14:54:23 EDT 2010</edited>
<value><point x="12542" y="19364"/></value>
<metadata author="">

</metadata>
</contour>
<contour name="Process 120" class="PointContour" color="#06ffad" visible="true">
<created>Tue Jun 08 17:15:02 EDT 2010</created>
<edited>Tue Jun 08 17:15:02 EDT 2010</edited>
<value><point x="11824" y="17914"/></value>
<metadata author="">

</metadata>
</contour>
<contour name="Process 1" class="PointContour" color="#ff0000" visible="true">
<created>Wed Jun 02 15:59:54 EDT 2010</created>
<edited>Wed Jun 02 15:59:54 EDT 2010</edited>
<value><point x="12308" y="17688"/></value>
<metadata author="">

</metadata>
</contour>
<contour name="Process 28" class="PointContour" color="#d1a73a" visible="true">
<created>Thu Jun 03 11:18:40 EDT 2010</created>
<edited>Thu Jun 03 11:18:40 EDT 2010</edited>
<value><point x="11988" y="18866"/></value>
<metadata author="">

</metadata>
</contour>
<contour name="Process 28" class="PointContour" color="#d1a73a" visible="true">
<created>Thu Jun 03 11:18:40 EDT 2010</created>
<edited>Thu Jun 03 11:18:40 EDT 2010</edited>
<value><point x="11870" y="18838"/></value>
<metadata author="">

</metadata>
</contour>
<contour name="Process 28" class="PointContour" color="#d1a73a" visible="true">
<created>Thu Jun 03 11:18:40 EDT 2010</created>
<edited>Thu Jun 03 11:18:40 EDT 2010</edited>
<value><point x="11908" y="18848"/></value>
<metadata author="">

</metadata>
</contour>
<contour name="Process 28" class="PointContour" color="#d1a73a" visible="true">
<created>Thu Jun 03 11:18:40 EDT 2010</created>
<edited>Thu Jun 03 11:18:40 EDT 2010</edited>
<value><point x="11850" y="18834"/></value>
<metadata author="">

</metadata>
</contour>
<contour name="Process 112" class="PointContour" color="#ffd72d" visible="true">
<created>Tue Jun 08 16:56:48 EDT 2010</created>
<edited>Tue Jun 08 16:56:48 EDT 2010</edited>
<value><point x="12014" y="18190"/></value>
<metadata author="">

</metadata>
</contour>
<contour name="Process 28" class="PointContour" color="#d1a73a" visible="true">
<created>Thu Jun 03 11:18:40 EDT 2010</created>
<edited>Thu Jun 03 11:18:40 EDT 2010</edited>
<value><point x="12202" y="18916"/></value>
<metadata author="">

</metadata>
</contour>
<contour name="Process 28" class="PointContour" color="#d1a73a" visible="true">
<created>Thu Jun 03 11:18:40 EDT 2010</created>
<edited>Thu Jun 03 11:18:40 EDT 2010</edited>
<value><point x="11890" y="18844"/></value>
<metadata author="">

</metadata>
</contour>
<contour name="Process 28" class="PointContour" color="#d1a73a" visible="true">
<created>Thu Jun 03 11:18:40 EDT 2010</created>
<edited>Thu Jun 03 11:18:40 EDT 2010</edited>
<value><point x="11714" y="18802"/></value>
<metadata author="">

</metadata>
</contour>
<contour name="Process 35" class="PointContour" color="#f76b06" visible="true">
<created>Mon Jun 07 16:35:13 EDT 2010</created>
<edited>Mon Jun 07 16:35:13 EDT 2010</edited>
<value><point x="12682" y="18818"/></value>
<metadata author="">

</metadata>
</contour>
<contour name="Process 135" class="PointContour" color="#c313ff" visible="true">
<created>Wed Jun 09 13:18:00 EDT 2010</created>
<edited>Wed Jun 09 13:18:00 EDT 2010</edited>
<value><point x="11238" y="18290"/></value>
<metadata author="">

</metadata>
</contour>
<contour name="Process 184" class="PointContour" color="#e5ff1d" visible="true">
<created>Thu Jun 10 12:23:31 EDT 2010</created>
<edited>Thu Jun 10 12:23:31 EDT 2010</edited>
<value><point x="11308" y="19090"/></value>
<metadata author="">

</metadata>
</contour>
<contour name="Process 28" class="PointContour" color="#d1a73a" visible="true">
<created>Thu Jun 03 11:33:29 EDT 2010</created>
<edited>Thu Jun 03 11:33:29 EDT 2010</edited>
<value><point x="12562" y="18620"/></value>
<metadata author="">

</metadata>
</contour>
<contour name="Process 85" class="PointContour" color="#ff067f" visible="true">
<created>Tue Jun 08 13:18:32 EDT 2010</created>
<edited>Tue Jun 08 13:18:32 EDT 2010</edited>
<value><point x="12212" y="18814"/></value>
<metadata author="">

</metadata>
</contour>
<contour name="Process 139" class="PointContour" color="#ff6e25" visible="true">
<created>Wed Jun 09 14:55:45 EDT 2010</created>
<edited>Wed Jun 09 14:55:45 EDT 2010</edited>
<value><point x="11758" y="19314"/></value>
<metadata author="">

</metadata>
</contour>
<contour name="Process 10" class="PointContour" color="#ff17f0" visible="true">
<created>Wed Jun 02 17:11:08 EDT 2010</created>
<edited>Wed Jun 02 17:11:08 EDT 2010</edited>
<value><point x="11870" y="18028"/></value>
<metadata author="">

</metadata>
</contour>
<contour name="Process 58" class="PointContour" color="#ff0340" visible="true">
<created>Mon Jun 07 17:27:43 EDT 2010</created>
<edited>Mon Jun 07 17:27:43 EDT 2010</edited>
<value><point x="12986" y="18582"/></value>
<metadata author="">

</metadata>
</contour>
<contour name="Process 72" class="PointContour" color="#ffcd08" visible="true">
<created>Tue Jun 08 12:18:15 EDT 2010</created>
<edited>Tue Jun 08 12:18:15 EDT 2010</edited>
<value><point x="12820" y="18392"/></value>
<metadata author="">

</metadata>
</contour>
<contour name="Process 1" class="PointContour" color="#ff0000" visible="true">
<created>Wed Jun 02 16:03:32 EDT 2010</created>
<edited>Wed Jun 02 16:03:32 EDT 2010</edited>
<value><point x="11460" y="17800"/></value>
<metadata author="">

</metadata>
</contour>
<contour name="Process 4" class="PointContour" color="#fff812" visible="true">
<created>Wed Jun 02 16:26:54 EDT 2010</created>
<edited>Wed Jun 02 16:26:54 EDT 2010</edited>
<value><point x="11500" y="18246"/></value>
<metadata author="">

</metadata>
</contour>
<contour name="Process 82" class="PointContour" color="#cc05ff" visible="true">
<created>Fri Jun 11 11:17:14 EDT 2010</created>
<edited>Fri Jun 11 11:17:14 EDT 2010</edited>
<value><point x="11852" y="19466"/></value>
<metadata author="">

</metadata>
</contour>
<contour name="Process 29" class="PointContour" color="#7aff76" visible="true">
<created>Mon Jun 07 16:13:32 EDT 2010</created>
<edited>Mon Jun 07 16:13:32 EDT 2010</edited>
<value><point x="11756" y="18248"/></value>
<metadata author="">

</metadata>
</contour>
<contour name="Process 58" class="PointContour" color="#ff0340" visible="true">
<created>Mon Jun 07 17:27:39 EDT 2010</created>
<edited>Mon Jun 07 17:27:39 EDT 2010</edited>
<value><point x="12880" y="18666"/></value>
<metadata author="">

</metadata>
</contour>
<contour name="Process 116" class="PointContour" color="#a1ff02" visible="true">
<created>Tue Jun 08 17:06:57 EDT 2010</created>
<edited>Tue Jun 08 17:06:57 EDT 2010</edited>
<value><point x="11432" y="19062"/></value>
<metadata author="">

</metadata>
</contour>
<contour name="Process 28" class="PointContour" color="#d1a73a" visible="true">
<created>Thu Jun 03 11:18:40 EDT 2010</created>
<edited>Thu Jun 03 11:18:40 EDT 2010</edited>
<value><point x="12358" y="18954"/></value>
<metadata author="">

</metadata>
</contour>
<contour name="Process 171" class="PointContour" color="#d0ff5f" visible="true">
<created>Wed Jun 09 16:53:27 EDT 2010</created>
<edited>Wed Jun 09 16:53:27 EDT 2010</edited>
<value><point x="12980" y="17780"/></value>
<metadata author="">

</metadata>
</contour>
<contour name="Process 114" class="PointContour" color="#cbff04" visible="true">
<created>Tue Jun 08 17:00:42 EDT 2010</created>
<edited>Tue Jun 08 17:00:42 EDT 2010</edited>
<value><point x="12462" y="18418"/></value>
<metadata author="">

</metadata>
</contour>
<contour name="Process 191" class="PointContour" color="#50d7ff" visible="true">
<created>Thu Jun 10 12:37:23 EDT 2010</created>
<edited>Thu Jun 10 12:37:23 EDT 2010</edited>
<value><point x="11750" y="19440"/></value>
<metadata author="">

</metadata>
</contour>
<contour name="Process 28" class="PointContour" color="#d1a73a" visible="true">
<created>Thu Jun 03 11:18:40 EDT 2010</created>
<edited>Thu Jun 03 11:18:40 EDT 2010</edited>
<value><point x="11322" y="18710"/></value>
<metadata author="">

</metadata>
</contour>
<contour name="Process 209" class="PointContour" color="#9eff56" visible="true">
<created>Thu Jun 10 13:47:45 EDT 2010</created>
<edited>Thu Jun 10 13:47:45 EDT 2010</edited>
<value><point x="12182" y="18770"/></value>
<metadata author="">

</metadata>
</contour>
<contour name="Process 186" class="PointContour" color="#ff431a" visible="true">
<created>Thu Jun 10 12:26:34 EDT 2010</created>
<edited>Thu Jun 10 12:26:34 EDT 2010</edited>
<value><point x="11170" y="19040"/></value>
<metadata author="">

</metadata>
</contour>
<contour name="Process 105" class="PointContour" color="#ff0be6" visible="true">
<created>Tue Jun 08 16:16:13 EDT 2010</created>
<edited>Tue Jun 08 16:16:13 EDT 2010</edited>
<value><point x="11114" y="19002"/></value>
<metadata author="">

</metadata>
</contour>
<contour name="Process 9" class="PointContour" color="#ab0bff" visible="true">
<created>Wed Jun 02 17:09:00 EDT 2010</created>
<edited>Wed Jun 02 17:09:00 EDT 2010</edited>
<value><point x="11498" y="18474"/></value>
<metadata author="">

</metadata>
</contour>
<contour name="Process 28" class="PointContour" color="#d1a73a" visible="true">
<created>Thu Jun 03 11:18:40 EDT 2010</created>
<edited>Thu Jun 03 11:18:40 EDT 2010</edited>
<value><point x="11420" y="18734"/></value>
<metadata author="">

</metadata>
</contour>
<contour name="Process 28" class="PointContour" color="#d1a73a" visible="true">
<created>Thu Jun 03 11:18:40 EDT 2010</created>
<edited>Thu Jun 03 11:18:40 EDT 2010</edited>
<value><point x="12260" y="18930"/></value>
<metadata author="">

</metadata>
</contour>
<contour name="Process 28" class="PointContour" color="#d1a73a" visible="true">
<created>Thu Jun 03 11:18:40 EDT 2010</created>
<edited>Thu Jun 03 11:18:40 EDT 2010</edited>
<value><point x="11400" y="18728"/></value>
<metadata author="">

</metadata>
</contour>
<contour name="Process 172" class="PointContour" color="#ffbd63" visible="true">
<created>Wed Jun 09 17:02:21 EDT 2010</created>
<edited>Wed Jun 09 17:02:21 EDT 2010</edited>
<value><point x="12768" y="19452"/></value>
<metadata author="">

</metadata>
</contour>
<contour name="Process 28" class="PointContour" color="#d1a73a" visible="true">
<created>Thu Jun 03 11:18:40 EDT 2010</created>
<edited>Thu Jun 03 11:18:40 EDT 2010</edited>
<value><point x="11968" y="18862"/></value>
<metadata author="">

</metadata>
</contour>
<contour name="Trail 3" class="PointContour" color="#ffa20c" visible="true">
<created>Wed Jun 02 16:18:17 EDT 2010</created>
<edited>Wed Jun 02 16:18:17 EDT 2010</edited>
<value><point x="12356" y="18592"/></value>
<metadata author="">

</metadata>
</contour>
<contour name="Process 159" class="PointContour" color="#afff08" visible="true">
<created>Wed Jun 09 15:50:38 EDT 2010</created>
<edited>Wed Jun 09 15:50:38 EDT 2010</edited>
<value><point x="10964" y="18160"/></value>
<metadata author="">

</metadata>
</contour>
<contour name="Process 28" class="PointContour" color="#d1a73a" visible="true">
<created>Thu Jun 03 11:18:40 EDT 2010</created>
<edited>Thu Jun 03 11:18:40 EDT 2010</edited>
<value><point x="11694" y="18798"/></value>
<metadata author="">

</metadata>
</contour>
<contour name="Process 221" class="PointContour" color="#ff38d2" visible="true">
<created>Thu Jun 10 17:23:17 EDT 2010</created>
<edited>Thu Jun 10 17:23:17 EDT 2010</edited>
<value><point x="11818" y="17852"/></value>
<metadata author="">

</metadata>
</contour>
<contour name="Process 264" class="PointContour" color="#df3e16" visible="true">
<created>Fri Jun 11 13:13:50 EDT 2010</created>
<edited>Fri Jun 11 13:13:50 EDT 2010</edited>
<value><point x="11986" y="18478"/></value>
<metadata author="">

</metadata>
</contour>
<contour name="Process 28" class="PointContour" color="#d1a73a" visible="true">
<created>Thu Jun 03 11:18:40 EDT 2010</created>
<edited>Thu Jun 03 11:18:40 EDT 2010</edited>
<value><point x="11342" y="18714"/></value>
<metadata author="">

</metadata>
</contour>
<contour name="Process 28" class="PointContour" color="#d1a73a" visible="true">
<created>Thu Jun 03 11:18:40 EDT 2010</created>
<edited>Thu Jun 03 11:18:40 EDT 2010</edited>
<value><point x="12496" y="18986"/></value>
<metadata author="">

</metadata>
</contour>
<contour name="Process 210" class="PointContour" color="#6c6eff" visible="true">
<created>Thu Jun 10 13:51:08 EDT 2010</created>
<edited>Thu Jun 10 13:51:08 EDT 2010</edited>
<value><point x="12946" y="18236"/></value>
<metadata author="">

</metadata>
</contour>
<contour name="Process 28" class="PointContour" color="#d1a73a" visible="true">
<created>Thu Jun 03 11:18:40 EDT 2010</created>
<edited>Thu Jun 03 11:18:40 EDT 2010</edited>
<value><point x="12436" y="18972"/></value>
<metadata author="">

</metadata>
</contour>
<contour name="Process 187" class="PointContour" color="#afd2ff" visible="true">
<created>Thu Jun 10 12:27:34 EDT 2010</created>
<edited>Thu Jun 10 12:27:34 EDT 2010</edited>
<value><point x="11042" y="18982"/></value>
<metadata author="">

</metadata>
</contour>
<contour name="Process 28" class="PointContour" color="#d1a73a" visible="true">
<created>Thu Jun 03 11:18:40 EDT 2010</created>
<edited>Thu Jun 03 11:18:40 EDT 2010</edited>
<value><point x="12320" y="18944"/></value>
<metadata author="">

</metadata>
</contour>
<contour name="Process 28" class="PointContour" color="#d1a73a" visible="true">
<created>Thu Jun 03 11:18:40 EDT 2010</created>
<edited>Thu Jun 03 11:18:40 EDT 2010</edited>
<value><point x="11458" y="18742"/></value>
<metadata author="">

</metadata>
</contour>
<contour name="Process 28" class="PointContour" color="#d1a73a" visible="true">
<created>Thu Jun 03 11:18:40 EDT 2010</created>
<edited>Thu Jun 03 11:18:40 EDT 2010</edited>
<value><point x="11576" y="18770"/></value>
<metadata author="">

</metadata>
</contour>
<contour name="Process 39" class="PointContour" color="#a4f7f2" visible="true">
<created>Mon Jun 07 16:43:57 EDT 2010</created>
<edited>Mon Jun 07 16:43:57 EDT 2010</edited>
<value><point x="11988" y="17598"/></value>
<metadata author="">

</metadata>
</contour>
<contour name="Process 28" class="PointContour" color="#d1a73a" visible="true">
<created>Thu Jun 03 11:29:49 EDT 2010</created>
<edited>Thu Jun 03 11:29:49 EDT 2010</edited>
<value><point x="11210" y="19114"/></value>
<metadata author="">

</metadata>
</contour>
<contour name="Process 158" class="PointContour" color="#ff7fcd" visible="true">
<created>Wed Jun 09 15:48:34 EDT 2010</created>
<edited>Wed Jun 09 15:48:34 EDT 2010</edited>
<value><point x="11228" y="17956"/></value>
<metadata author="">

</metadata>
</contour>
<contour name="Process 28" class="PointContour" color="#d1a73a" visible="true">
<created>Thu Jun 03 11:18:40 EDT 2010</created>
<edited>Thu Jun 03 11:18:40 EDT 2010</edited>
<value><point x="11948" y="18858"/></value>
<metadata author="">

</metadata>
</contour>
<contour name="Process 28" class="PointContour" color="#d1a73a" visible="true">
<created>Thu Jun 03 11:18:40 EDT 2010</created>
<edited>Thu Jun 03 11:18:40 EDT 2010</edited>
<value><point x="12418" y="18968"/></value>
<metadata author="">

</metadata>
</contour>
<contour name="Process 28" class="PointContour" color="#d1a73a" visible="true">
<created>Thu Jun 03 11:18:40 EDT 2010</created>
<edited>Thu Jun 03 11:18:40 EDT 2010</edited>
<value><point x="11302" y="18706"/></value>
<metadata author="">

</metadata>
</contour>
<contour name="Process 179" class="PointContour" color="#87acff" visible="true">
<created>Thu Jun 10 10:30:20 EDT 2010</created>
<edited>Thu Jun 10 10:30:20 EDT 2010</edited>
<value><point x="11776" y="19466"/></value>
<metadata author="">

</metadata>
</contour>
<contour name="Process 28" class="PointContour" color="#d1a73a" visible="true">
<created>Thu Jun 03 11:18:40 EDT 2010</created>
<edited>Thu Jun 03 11:18:40 EDT 2010</edited>
<value><point x="11126" y="18664"/></value>
<metadata author="">

</metadata>
</contour>
<contour name="Process 28" class="PointContour" color="#d1a73a" visible="true">
<created>Thu Jun 03 11:18:40 EDT 2010</created>
<edited>Thu Jun 03 11:18:40 EDT 2010</edited>
<value><point x="11772" y="18816"/></value>
<metadata author="">

</metadata>
</contour>
<contour name="Process 12" class="PointContour" color="#ffa568" visible="true">
<created>Wed Jun 02 17:19:01 EDT 2010</created>
<edited>Wed Jun 02 17:19:01 EDT 2010</edited>
<value><point x="11604" y="17524"/></value>
<metadata author="">

</metadata>
</contour>
<contour name="Process 28" class="PointContour" color="#d1a73a" visible="true">
<created>Thu Jun 03 11:18:40 EDT 2010</created>
<edited>Thu Jun 03 11:18:40 EDT 2010</edited>
<value><point x="11792" y="18820"/></value>
<metadata author="">

</metadata>
</contour>
<contour name="Process 37" class="PointContour" color="#f7daf0" visible="true">
<created>Mon Jun 07 16:39:48 EDT 2010</created>
<edited>Mon Jun 07 16:39:48 EDT 2010</edited>
<value><point x="12176" y="17898"/></value>
<metadata author="">

</metadata>
</contour>
<contour name="Process 266" class="PointContour" color="#761a25" visible="true">
<created>Fri Jun 11 14:16:04 EDT 2010</created>
<edited>Fri Jun 11 14:16:04 EDT 2010</edited>
<value><point x="11818" y="18370"/></value>
<metadata author="">

</metadata>
</contour>
<contour name="Process 41" class="PointContour" color="#b2aff7" visible="true">
<created>Mon Jun 07 16:48:32 EDT 2010</created>
<edited>Mon Jun 07 16:48:32 EDT 2010</edited>
<value><point x="12936" y="17656"/></value>
<metadata author="">

</metadata>
</contour>
<contour name="Process 153" class="PointContour" color="#f3ff8b" visible="true">
<created>Wed Jun 09 15:30:15 EDT 2010</created>
<edited>Wed Jun 09 15:30:15 EDT 2010</edited>
<value><point x="12512" y="18250"/></value>
<metadata author="">

</metadata>
</contour>
<contour name="Process 28" class="PointContour" color="#d1a73a" visible="true">
<created>Thu Jun 03 11:18:40 EDT 2010</created>
<edited>Thu Jun 03 11:18:40 EDT 2010</edited>
<value><point x="11812" y="18826"/></value>
<metadata author="">

</metadata>
</contour>
<contour name="Process 7" class="PointContour" color="#10fffb" visible="true">
<created>Wed Jun 02 16:49:58 EDT 2010</created>
<edited>Wed Jun 02 16:49:58 EDT 2010</edited>
<value><point x="11430" y="19246"/></value>
<metadata author="">

</metadata>
</contour>
<contour name="Process 4" class="PointContour" color="#fff812" visible="true">
<created>Wed Jun 02 16:28:43 EDT 2010</created>
<edited>Wed Jun 02 16:28:43 EDT 2010</edited>
<value><point x="11652" y="18476"/></value>
<metadata author="">

</metadata>
</contour>
<contour name="Process 101" class="PointContour" color="#036bff" visible="true">
<created>Wed Jun 09 16:05:14 EDT 2010</created>
<edited>Wed Jun 09 16:05:14 EDT 2010</edited>
<value><point x="12396" y="18386"/></value>
<metadata author="">

</metadata>
</contour>
<contour name="Process 28" class="PointContour" color="#d1a73a" visible="true">
<created>Thu Jun 03 11:18:40 EDT 2010</created>
<edited>Thu Jun 03 11:18:40 EDT 2010</edited>
<value><point x="11518" y="18756"/></value>
<metadata author="">

</metadata>
</contour>
<contour name="Process 28" class="PointContour" color="#d1a73a" visible="true">
<created>Thu Jun 03 11:28:44 EDT 2010</created>
<edited>Thu Jun 03 11:28:44 EDT 2010</edited>
<value><point x="12912" y="18852"/></value>
<metadata author="">

</metadata>
</contour>
<contour name="Process 137" class="PointContour" color="#32ff05" visible="true">
<created>Wed Jun 09 14:49:08 EDT 2010</created>
<edited>Wed Jun 09 14:49:08 EDT 2010</edited>
<value><point x="12154" y="19278"/></value>
<metadata author="">

</metadata>
</contour>
<contour name="Process 28" class="PointContour" color="#d1a73a" visible="true">
<created>Thu Jun 03 11:18:40 EDT 2010</created>
<edited>Thu Jun 03 11:18:40 EDT 2010</edited>
<value><point x="11498" y="18752"/></value>
<metadata author="">

</metadata>
</contour>
<contour name="Process 122" class="PointContour" color="#4b89ff" visible="true">
<created>Tue Jun 08 17:30:41 EDT 2010</created>
<edited>Tue Jun 08 17:30:41 EDT 2010</edited>
<value><point x="11730" y="18400"/></value>
<metadata author="">

</metadata>
</contour>
<contour name="Process 28" class="PointContour" color="#d1a73a" visible="true">
<created>Thu Jun 03 11:18:40 EDT 2010</created>
<edited>Thu Jun 03 11:18:40 EDT 2010</edited>
<value><point x="11010" y="18638"/></value>
<metadata author="">

</metadata>
</contour>
<contour name="Process 28" class="PointContour" color="#d1a73a" visible="true">
<created>Thu Jun 03 11:18:40 EDT 2010</created>
<edited>Thu Jun 03 11:18:40 EDT 2010</edited>
<value><point x="11830" y="18830"/></value>
<metadata author="">

</metadata>
</contour>
<contour name="Process 104" class="PointContour" color="#df03ff" visible="true">
<created>Tue Jun 08 16:11:00 EDT 2010</created>
<edited>Tue Jun 08 16:11:00 EDT 2010</edited>
<value><point x="11782" y="17830"/></value>
<metadata author="">

</metadata>
</contour>
<contour name="Process 28" class="PointContour" color="#d1a73a" visible="true">
<created>Thu Jun 03 11:18:40 EDT 2010</created>
<edited>Thu Jun 03 11:18:40 EDT 2010</edited>
<value><point x="12182" y="18912"/></value>
<metadata author="">

</metadata>
</contour>
<contour name="Process 2" class="PointContour" color="#ff5107" visible="true">
<created>Wed Jun 02 16:08:43 EDT 2010</created>
<edited>Wed Jun 02 16:08:43 EDT 2010</edited>
<value><point x="11824" y="18518"/></value>
<metadata author="">

</metadata>
</contour>
<contour name="Process 178" class="PointContour" color="#09ffe5" visible="true">
<created>Thu Jun 10 10:29:40 EDT 2010</created>
<edited>Thu Jun 10 10:29:40 EDT 2010</edited>
<value><point x="12900" y="18360"/></value>
<metadata author="">

</metadata>
</contour>
<contour name="Process 28" class="PointContour" color="#d1a73a" visible="true">
<created>Thu Jun 03 11:18:40 EDT 2010</created>
<edited>Thu Jun 03 11:18:40 EDT 2010</edited>
<value><point x="11634" y="18784"/></value>
<metadata author="">

</metadata>
</contour>
<contour name="Process 28" class="PointContour" color="#d1a73a" visible="true">
<created>Thu Jun 03 10:40:05 EDT 2010</created>
<edited>Thu Jun 03 10:40:05 EDT 2010</edited>
<value><point x="11030" y="18726"/></value>
<metadata author="">

</metadata>
</contour>
<contour name="Process 44" class="PointContour" color="#ddf72a" visible="true">
<created>Mon Jun 07 16:52:57 EDT 2010</created>
<edited>Mon Jun 07 16:52:57 EDT 2010</edited>
<value><point x="11934" y="17860"/></value>
<metadata author="">

</metadata>
</contour>
<contour name="Process 48" class="PointContour" color="#cc6b6b" visible="true">
<created>Mon Jun 07 17:00:04 EDT 2010</created>
<edited>Mon Jun 07 17:00:04 EDT 2010</edited>
<value><point x="12010" y="17940"/></value>
<metadata author="">

</metadata>
</contour>
<contour name="Process 28" class="PointContour" color="#d1a73a" visible="true">
<created>Thu Jun 03 11:18:40 EDT 2010</created>
<edited>Thu Jun 03 11:18:40 EDT 2010</edited>
<value><point x="12516" y="18990"/></value>
<metadata author="">

</metadata>
</contour>
<contour name="Process 218" class="PointContour" color="#d0ff2e" visible="true">
<created>Thu Jun 10 15:00:24 EDT 2010</created>
<edited>Thu Jun 10 15:00:24 EDT 2010</edited>
<value><point x="12718" y="18546"/></value>
<metadata author="">

</metadata>
</contour>
<contour name="Process 235" class="PointContour" color="#a91e38" visible="true">
<created>Fri Jun 11 11:20:48 EDT 2010</created>
<edited>Fri Jun 11 11:20:48 EDT 2010</edited>
<value><point x="10972" y="17876"/></value>
<metadata author="">

</metadata>
</contour>
<contour name="Process 28" class="PointContour" color="#d1a73a" visible="true">
<created>Thu Jun 03 11:18:40 EDT 2010</created>
<edited>Thu Jun 03 11:18:40 EDT 2010</edited>
<value><point x="12594" y="19008"/></value>
<metadata author="">

</metadata>
</contour>
<contour name="Process 69" class="PointContour" color="#03ffda" visible="true">
<created>Mon Jun 07 17:44:39 EDT 2010</created>
<edited>Mon Jun 07 17:44:39 EDT 2010</edited>
<value><point x="11872" y="17494"/></value>
<metadata author="">

</metadata>
</contour>
<contour name="Process 28" class="PointContour" color="#d1a73a" visible="true">
<created>Thu Jun 03 11:18:40 EDT 2010</created>
<edited>Thu Jun 03 11:18:40 EDT 2010</edited>
<value><point x="12046" y="18880"/></value>
<metadata author="">

</metadata>
</contour>
<contour name="Process 263" class="PointContour" color="#22bc67" visible="true">
<created>Fri Jun 11 13:09:32 EDT 2010</created>
<edited>Fri Jun 11 13:09:32 EDT 2010</edited>
<value><point x="11650" y="19190"/></value>
<metadata author="">

</metadata>
</contour>
<contour name="Process 29" class="PointContour" color="#7aff76" visible="true">
<created>Mon Jun 07 15:06:58 EDT 2010</created>
<edited>Mon Jun 07 15:06:58 EDT 2010</edited>
<value><point x="11614" y="17678"/></value>
<metadata author="">

</metadata>
</contour>
<contour name="Process 75" class="PointContour" color="#08ffac" visible="true">
<created>Wed Jun 09 16:10:05 EDT 2010</created>
<edited>Wed Jun 09 16:10:05 EDT 2010</edited>
<value><point x="12256" y="18348"/></value>
<metadata author="">

</metadata>
</contour>
<contour name="Process 7" class="PointContour" color="#10fffb" visible="true">
<created>Wed Jun 02 16:51:30 EDT 2010</created>
<edited>Wed Jun 02 16:51:30 EDT 2010</edited>
<value><point x="11540" y="19280"/></value>
<metadata author="">

</metadata>
</contour>
<contour name="Process 28" class="PointContour" color="#d1a73a" visible="true">
<created>Thu Jun 03 11:18:40 EDT 2010</created>
<edited>Thu Jun 03 11:18:40 EDT 2010</edited>
<value><point x="11654" y="18788"/></value>
<metadata author="">

</metadata>
</contour>
<contour name="Process 92" class="PointContour" color="#ffd909" visible="true">
<created>Tue Jun 08 14:11:22 EDT 2010</created>
<edited>Tue Jun 08 14:11:22 EDT 2010</edited>
<value><point x="12178" y="19420"/></value>
<metadata author="">

</metadata>
</contour>
<contour name="Process 85" class="PointContour" color="#ff067f" visible="true">
<created>Tue Jun 08 13:34:08 EDT 2010</created>
<edited>Tue Jun 08 13:34:08 EDT 2010</edited>
<value><point x="12766" y="18798"/></value>
<metadata author="">

</metadata>
</contour>
<contour name="Process 28" class="PointContour" color="#d1a73a" visible="true">
<created>Thu Jun 03 11:18:40 EDT 2010</created>
<edited>Thu Jun 03 11:18:40 EDT 2010</edited>
<value><point x="12300" y="18940"/></value>
<metadata author="">

</metadata>
</contour>
<contour name="Process 134" class="PointContour" color="#0954ff" visible="true">
<created>Wed Jun 09 13:07:51 EDT 2010</created>
<edited>Wed Jun 09 13:07:51 EDT 2010</edited>
<value><point x="12502" y="17758"/></value>
<metadata author="">

</metadata>
</contour>
<contour name="Process 28" class="PointContour" color="#d1a73a" visible="true">
<created>Thu Jun 03 11:18:40 EDT 2010</created>
<edited>Thu Jun 03 11:18:40 EDT 2010</edited>
<value><point x="12574" y="19004"/></value>
<metadata author="">

</metadata>
</contour>
<contour name="Process 153" class="PointContour" color="#f3ff8b" visible="true">
<created>Wed Jun 09 15:29:58 EDT 2010</created>
<edited>Wed Jun 09 15:29:58 EDT 2010</edited>
<value><point x="12660" y="18026"/></value>
<metadata author="">

</metadata>
</contour>
<contour name="Process 28" class="PointContour" color="#d1a73a" visible="true">
<created>Thu Jun 03 11:18:40 EDT 2010</created>
<edited>Thu Jun 03 11:18:40 EDT 2010</edited>
<value><point x="11244" y="18692"/></value>
<metadata author="">

</metadata>
</contour>
<contour name="Process 8" class="PointContour" color="#2d23ff" visible="true">
<created>Wed Jun 02 17:05:17 EDT 2010</created>
<edited>Wed Jun 02 17:05:17 EDT 2010</edited>
<value><point x="12418" y="18290"/></value>
<metadata author="">

</metadata>
</contour>
<contour name="Trail 11" class="PointContour" color="#ff6a83" visible="true">
<created>Wed Jun 02 17:15:55 EDT 2010</created>
<edited>Wed Jun 02 17:15:55 EDT 2010</edited>
<value><point x="12580" y="18122"/></value>
<metadata author="">

</metadata>
</contour>
<contour name="Process 53" class="PointContour" color="#d507ff" visible="true">
<created>Mon Jun 07 17:22:07 EDT 2010</created>
<edited>Mon Jun 07 17:22:07 EDT 2010</edited>
<value><point x="12700" y="18156"/></value>
<metadata author="">

</metadata>
</contour>
<contour name="Process 28" class="PointContour" color="#d1a73a" visible="true">
<created>Thu Jun 03 11:18:40 EDT 2010</created>
<edited>Thu Jun 03 11:18:40 EDT 2010</edited>
<value><point x="11362" y="18720"/></value>
<metadata author="">

</metadata>
</contour>
<contour name="Process 28" class="PointContour" color="#d1a73a" visible="true">
<created>Thu Jun 03 11:18:40 EDT 2010</created>
<edited>Thu Jun 03 11:18:40 EDT 2010</edited>
<value><point x="11048" y="18646"/></value>
<metadata author="">

</metadata>
</contour>
<contour name="Process 92" class="PointContour" color="#ffd909" visible="true">
<created>Tue Jun 08 14:14:55 EDT 2010</created>
<edited>Tue Jun 08 14:14:55 EDT 2010</edited>
<value><point x="11856" y="19378"/></value>
<metadata author="">

</metadata>
</contour>
<contour name="Process 240" class="PointContour" color="#b3011e" visible="true">
<created>Fri Jun 11 11:23:53 EDT 2010</created>
<edited>Fri Jun 11 11:23:53 EDT 2010</edited>
<value><point x="11506" y="19448"/></value>
<metadata author="">

</metadata>
</contour>
<contour name="Process 28" class="PointContour" color="#d1a73a" visible="true">
<created>Thu Jun 03 11:18:40 EDT 2010</created>
<edited>Thu Jun 03 11:18:40 EDT 2010</edited>
<value><point x="11204" y="18682"/></value>
<metadata author="">

</metadata>
</contour>
<contour name="Process 153" class="PointContour" color="#f3ff8b" visible="true">
<created>Wed Jun 09 15:27:20 EDT 2010</created>
<edited>Wed Jun 09 15:27:20 EDT 2010</edited>
<value><point x="12372" y="18148"/></value>
<metadata author="">

</metadata>
</contour>
<contour name="Process 28" class="PointContour" color="#d1a73a" visible="true">
<created>Thu Jun 03 11:18:40 EDT 2010</created>
<edited>Thu Jun 03 11:18:40 EDT 2010</edited>
<value><point x="11264" y="18696"/></value>
<metadata author="">

</metadata>
</contour>
<contour name="Process 216" class="PointContour" color="#cf21ff" visible="true">
<created>Thu Jun 10 14:04:29 EDT 2010</created>
<edited>Thu Jun 10 14:04:29 EDT 2010</edited>
<value><point x="12350" y="18420"/></value>
<metadata author="">

</metadata>
</contour>
<contour name="Process 100" class="PointContour" color="#0395ff" visible="true">
<created>Tue Jun 08 14:56:48 EDT 2010</created>
<edited>Tue Jun 08 14:56:48 EDT 2010</edited>
<value><point x="12838" y="18468"/></value>
<metadata author="">

</metadata>
</contour>
<contour name="Process 130" class="PointContour" color="#0bff5b" visible="true">
<created>Wed Jun 09 12:58:55 EDT 2010</created>
<edited>Wed Jun 09 12:58:55 EDT 2010</edited>
<value><point x="12014" y="18400"/></value>
<metadata author="">

</metadata>
</contour>
<contour name="Trail 3" class="PointContour" color="#ffa20c" visible="true">
<created>Wed Jun 02 16:20:20 EDT 2010</created>
<edited>Wed Jun 02 16:20:20 EDT 2010</edited>
<value><point x="12484" y="18842"/></value>
<metadata author="">

</metadata>
</contour>
<contour name="Process 169" class="PointContour" color="#e3ff10" visible="true">
<created>Wed Jun 09 16:31:42 EDT 2010</created>
<edited>Wed Jun 09 16:31:42 EDT 2010</edited>
<value><point x="12376" y="18788"/></value>
<metadata author="">

</metadata>
</contour>
<contour name="Process 54" class="PointContour" color="#ed07ff" visible="true">
<created>Mon Jun 07 17:23:26 EDT 2010</created>
<edited>Mon Jun 07 17:23:26 EDT 2010</edited>
<value><point x="12332" y="17548"/></value>
<metadata author="">

</metadata>
</contour>
<contour name="Process 206" class="PointContour" color="#8e91ff" visible="true">
<created>Thu Jun 10 13:18:06 EDT 2010</created>
<edited>Thu Jun 10 13:18:06 EDT 2010</edited>
<value><point x="11910" y="17486"/></value>
<metadata author="">

</metadata>
</contour>
<contour name="Process 176" class="PointContour" color="#ff0000" visible="true">
<created>Thu Jun 10 10:25:29 EDT 2010</created>
<edited>Thu Jun 10 10:25:29 EDT 2010</edited>
<value><point x="12838" y="18834"/></value>
<metadata author="">

</metadata>
</contour>
<contour name="Process 5" class="PointContour" color="#c2ff00" visible="true">
<created>Wed Jun 02 16:32:44 EDT 2010</created>
<edited>Wed Jun 02 16:32:44 EDT 2010</edited>
<value><point x="11946" y="18276"/></value>
<metadata author="">

</metadata>
</contour>
<contour name="Process 153" class="PointContour" color="#f3ff8b" visible="true">
<created>Thu Jun 10 10:37:05 EDT 2010</created>
<edited>Thu Jun 10 10:37:05 EDT 2010</edited>
<value><point x="11690" y="18580"/></value>
<metadata author="">

</metadata>
</contour>
<contour name="Process 249" class="PointContour" color="#58eb11" visible="true">
<created>Fri Jun 11 12:26:37 EDT 2010</created>
<edited>Fri Jun 11 12:26:37 EDT 2010</edited>
<value><point x="10968" y="17978"/></value>
<metadata author="">

</metadata>
</contour>
<contour name="Process 207" class="PointContour" color="#c2ff4a" visible="true">
<created>Thu Jun 10 13:20:09 EDT 2010</created>
<edited>Thu Jun 10 13:20:09 EDT 2010</edited>
<value><point x="12464" y="18324"/></value>
<metadata author="">

</metadata>
</contour>
<contour name="Process 34" class="PointContour" color="#05f7b3" visible="true">
<created>Mon Jun 07 16:33:09 EDT 2010</created>
<edited>Mon Jun 07 16:33:09 EDT 2010</edited>
<value><point x="11228" y="17478"/></value>
<metadata author="">

</metadata>
</contour>
<contour name="Process 59" class="PointContour" color="#ff0340" visible="true">
<created>Mon Jun 07 17:29:28 EDT 2010</created>
<edited>Mon Jun 07 17:29:28 EDT 2010</edited>
<value><point x="12896" y="18754"/></value>
<metadata author="">

</metadata>
</contour>
<contour name="Process 52" class="PointContour" color="#b10aff" visible="true">
<created>Mon Jun 07 17:20:44 EDT 2010</created>
<edited>Mon Jun 07 17:20:44 EDT 2010</edited>
<value><point x="12124" y="18198"/></value>
<metadata author="">

</metadata>
</contour>
<contour name="Process 2" class="PointContour" color="#ff5107" visible="true">
<created>Wed Jun 02 16:14:04 EDT 2010</created>
<edited>Wed Jun 02 16:14:04 EDT 2010</edited>
<value><point x="11954" y="18666"/></value>
<metadata author="">

</metadata>
</contour>
<contour name="Process 29" class="PointContour" color="#7aff76" visible="true">
<created>Mon Jun 07 15:51:33 EDT 2010</created>
<edited>Mon Jun 07 15:51:33 EDT 2010</edited>
<value><point x="11880" y="17568"/></value>
<metadata author="">

</metadata>
</contour>
<contour name="Process 149" class="PointContour" color="#ffada8" visible="true">
<created>Wed Jun 09 15:20:07 EDT 2010</created>
<edited>Wed Jun 09 15:20:07 EDT 2010</edited>
<value><point x="12200" y="18716"/></value>
<metadata author="">

</metadata>
</contour>
<contour name="Process 216" class="PointContour" color="#cf21ff" visible="true">
<created>Thu Jun 10 14:05:40 EDT 2010</created>
<edited>Thu Jun 10 14:05:40 EDT 2010</edited>
<value><point x="11816" y="17660"/></value>
<metadata author="">

</metadata>
</contour>
<contour name="Process 200" class="PointContour" color="#8e1fff" visible="true">
<created>Thu Jun 10 13:06:35 EDT 2010</created>
<edited>Thu Jun 10 13:06:35 EDT 2010</edited>
<value><point x="11476" y="18138"/></value>
<metadata author="">

</metadata>
</contour>
<contour name="Process 128" class="PointContour" color="#acff0c" visible="true">
<created>Wed Jun 09 12:22:38 EDT 2010</created>
<edited>Wed Jun 09 12:22:38 EDT 2010</edited>
<value><point x="12160" y="18086"/></value>
<metadata author="">

</metadata>
</contour>
<contour name="Process 62" class="PointContour" color="#ff9c0d" visible="true">
<created>Mon Jun 07 17:32:48 EDT 2010</created>
<edited>Mon Jun 07 17:32:48 EDT 2010</edited>
<value><point x="11160" y="19310"/></value>
<metadata author="">

</metadata>
</contour>
<contour name="Process 87" class="PointContour" color="#ff0b2f" visible="true">
<created>Tue Jun 08 13:37:27 EDT 2010</created>
<edited>Tue Jun 08 13:37:27 EDT 2010</edited>
<value><point x="12356" y="19246"/></value>
<metadata author="">

</metadata>
</contour>
<contour name="Process 28" class="PointContour" color="#d1a73a" visible="true">
<created>Thu Jun 03 11:18:40 EDT 2010</created>
<edited>Thu Jun 03 11:18:40 EDT 2010</edited>
<value><point x="11088" y="18656"/></value>
<metadata author="">

</metadata>
</contour>
<contour name="Process 28" class="PointContour" color="#d1a73a" visible="true">
<created>Thu Jun 03 11:18:40 EDT 2010</created>
<edited>Thu Jun 03 11:18:40 EDT 2010</edited>
<value><point x="11596" y="18774"/></value>
<metadata author="">

</metadata>
</contour>
<contour name="Process 200" class="PointContour" color="#8e1fff" visible="true">
<created>Thu Jun 10 13:00:12 EDT 2010</created>
<edited>Thu Jun 10 13:00:12 EDT 2010</edited>
<value><point x="12272" y="17994"/></value>
<metadata author="">

</metadata>
</contour>
<contour name="Process 191" class="PointContour" color="#50d7ff" visible="true">
<created>Thu Jun 10 12:37:27 EDT 2010</created>
<edited>Thu Jun 10 12:37:27 EDT 2010</edited>
<value><point x="11962" y="19408"/></value>
<metadata author="">

</metadata>
</contour>
<contour name="Process 28" class="PointContour" color="#d1a73a" visible="true">
<created>Thu Jun 03 11:18:40 EDT 2010</created>
<edited>Thu Jun 03 11:18:40 EDT 2010</edited>
<value><point x="12084" y="18890"/></value>
<metadata author="">

</metadata>
</contour>
<contour name="Process 215" class="PointContour" color="#0a82ff" visible="true">
<created>Thu Jun 10 14:02:08 EDT 2010</created>
<edited>Thu Jun 10 14:02:08 EDT 2010</edited>
<value><point x="12958" y="18880"/></value>
<metadata author="">

</metadata>
</contour>
<contour name="Process 104" class="PointContour" color="#df03ff" visible="true">
<created>Tue Jun 08 16:08:58 EDT 2010</created>
<edited>Tue Jun 08 16:08:58 EDT 2010</edited>
<value><point x="12078" y="18566"/></value>
<metadata author="">

</metadata>
</contour>
<contour name="Process 171" class="PointContour" color="#d0ff5f" visible="true">
<created>Wed Jun 09 16:47:42 EDT 2010</created>
<edited>Wed Jun 09 16:47:42 EDT 2010</edited>
<value><point x="12314" y="17830"/></value>
<metadata author="">

</metadata>
</contour>
<contour name="Process 266" class="PointContour" color="#761a25" visible="true">
<created>Fri Jun 11 14:15:55 EDT 2010</created>
<edited>Fri Jun 11 14:15:55 EDT 2010</edited>
<value><point x="12096" y="18438"/></value>
<metadata author="">

</metadata>
</contour>
<contour name="Process 28" class="PointContour" color="#d1a73a" visible="true">
<created>Thu Jun 03 11:18:40 EDT 2010</created>
<edited>Thu Jun 03 11:18:40 EDT 2010</edited>
<value><point x="12340" y="18948"/></value>
<metadata author="">

</metadata>
</contour>
<contour name="Process 28" class="PointContour" color="#d1a73a" visible="true">
<created>Thu Jun 03 11:18:40 EDT 2010</created>
<edited>Thu Jun 03 11:18:40 EDT 2010</edited>
<value><point x="11538" y="18760"/></value>
<metadata author="">

</metadata>
</contour>
<contour name="Process 28" class="PointContour" color="#d1a73a" visible="true">
<created>Thu Jun 03 11:18:40 EDT 2010</created>
<edited>Thu Jun 03 11:18:40 EDT 2010</edited>
<value><point x="12104" y="18894"/></value>
<metadata author="">

</metadata>
</contour>
<contour name="Process 28" class="PointContour" color="#d1a73a" visible="true">
<created>Thu Jun 03 11:18:40 EDT 2010</created>
<edited>Thu Jun 03 11:18:40 EDT 2010</edited>
<value><point x="11186" y="18678"/></value>
<metadata author="">

</metadata>
</contour>
<contour name="Trail 21" class="PointContour" color="#68c268" visible="true">
<created>Thu Jun 03 09:59:44 EDT 2010</created>
<edited>Thu Jun 03 09:59:44 EDT 2010</edited>
<value><point x="12820" y="18244"/></value>
<metadata author="">

</metadata>
</contour>
<contour name="Process 29" class="PointContour" color="#7aff76" visible="true">
<created>Thu Jun 10 13:21:11 EDT 2010</created>
<edited>Thu Jun 10 13:21:11 EDT 2010</edited>
<value><point x="12362" y="17940"/></value>
<metadata author="">

</metadata>
</contour>
<contour name="Process 180" class="PointContour" color="#cd67ff" visible="true">
<created>Thu Jun 10 10:32:09 EDT 2010</created>
<edited>Thu Jun 10 10:32:09 EDT 2010</edited>
<value><point x="11354" y="19376"/></value>
<metadata author="">

</metadata>
</contour>
<contour name="Process 28" class="PointContour" color="#d1a73a" visible="true">
<created>Thu Jun 03 11:18:40 EDT 2010</created>
<edited>Thu Jun 03 11:18:40 EDT 2010</edited>
<value><point x="11224" y="18688"/></value>
<metadata author="">

</metadata>
</contour>
<contour name="Process 40" class="PointContour" color="#c4f7b5" visible="true">
<created>Mon Jun 07 16:46:17 EDT 2010</created>
<edited>Mon Jun 07 16:46:17 EDT 2010</edited>
<value><point x="12576" y="18240"/></value>
<metadata author="">

</metadata>
</contour>
<contour name="Process 28" class="PointContour" color="#d1a73a" visible="true">
<created>Thu Jun 03 11:18:40 EDT 2010</created>
<edited>Thu Jun 03 11:18:40 EDT 2010</edited>
<value><point x="12554" y="19000"/></value>
<metadata author="">

</metadata>
</contour>
<contour name="Process 38" class="PointContour" color="#f7edc9" visible="true">
<created>Mon Jun 07 16:42:06 EDT 2010</created>
<edited>Mon Jun 07 16:42:06 EDT 2010</edited>
<value><point x="12080" y="18134"/></value>
<metadata author="">

</metadata>
</contour>
<contour name="Process 92" class="PointContour" color="#ffd909" visible="true">
<created>Tue Jun 08 14:12:14 EDT 2010</created>
<edited>Tue Jun 08 14:12:14 EDT 2010</edited>
<value><point x="12552" y="19458"/></value>
<metadata author="">

</metadata>
</contour>
<contour name="Process 28" class="PointContour" color="#d1a73a" visible="true">
<created>Thu Jun 03 11:18:40 EDT 2010</created>
<edited>Thu Jun 03 11:18:40 EDT 2010</edited>
<value><point x="12398" y="18962"/></value>
<metadata author="">

</metadata>
</contour>
<contour name="Process 85" class="PointContour" color="#ff067f" visible="true">
<created>Tue Jun 08 13:14:45 EDT 2010</created>
<edited>Tue Jun 08 13:14:45 EDT 2010</edited>
<value><point x="11946" y="19150"/></value>
<metadata author="">

</metadata>
</contour>
<contour name="Process 28" class="PointContour" color="#d1a73a" visible="true">
<created>Thu Jun 03 11:18:40 EDT 2010</created>
<edited>Thu Jun 03 11:18:40 EDT 2010</edited>
<value><point x="12066" y="18884"/></value>
<metadata author="">

</metadata>
</contour>
<contour name="Process 46" class="PointContour" color="#9372cc" visible="true">
<created>Mon Jun 07 16:56:50 EDT 2010</created>
<edited>Mon Jun 07 16:56:50 EDT 2010</edited>
<value><point x="11870" y="17868"/></value>
<metadata author="">

</metadata>
</contour>
<contour name="Process 33" class="PointContour" color="#f70fe0" visible="true">
<created>Mon Jun 07 16:29:32 EDT 2010</created>
<edited>Mon Jun 07 16:29:32 EDT 2010</edited>
<value><point x="11326" y="17580"/></value>
<metadata author="">

</metadata>
</contour>
<contour name="Process 266" class="PointContour" color="#761a25" visible="true">
<created>Fri Jun 11 14:16:36 EDT 2010</created>
<edited>Fri Jun 11 14:16:36 EDT 2010</edited>
<value><point x="10978" y="18430"/></value>
<metadata author="">

</metadata>
</contour>
<contour name="Trail 3" class="PointContour" color="#ffa20c" visible="true">
<created>Wed Jun 09 16:13:49 EDT 2010</created>
<edited>Wed Jun 09 16:13:49 EDT 2010</edited>
<value><point x="12614" y="18516"/></value>
<metadata author="">

</metadata>
</contour>
<contour name="Process 106" class="PointContour" color="#ff02af" visible="true">
<created>Tue Jun 08 16:17:42 EDT 2010</created>
<edited>Tue Jun 08 16:17:42 EDT 2010</edited>
<value><point x="11228" y="19038"/></value>
<metadata author="">

</metadata>
</contour>
<contour name="Process 189" class="PointContour" color="#ffadba" visible="true">
<created>Thu Jun 10 12:29:54 EDT 2010</created>
<edited>Thu Jun 10 12:29:54 EDT 2010</edited>
<value><point x="11390" y="19078"/></value>
<metadata author="">

</metadata>
</contour>
<contour name="Process 29" class="PointContour" color="#7aff76" visible="true">
<created>Thu Jun 10 13:22:16 EDT 2010</created>
<edited>Thu Jun 10 13:22:16 EDT 2010</edited>
<value><point x="12412" y="18004"/></value>
<metadata author="">

</metadata>
</contour>
<contour name="Process 133" class="PointContour" color="#0484ff" visible="true">
<created>Wed Jun 09 13:13:22 EDT 2010</created>
<edited>Wed Jun 09 13:13:22 EDT 2010</edited>
<value><point x="11224" y="19442"/></value>
<metadata author="">

</metadata>
</contour>
<contour name="Process 28" class="PointContour" color="#d1a73a" visible="true">
<created>Thu Jun 03 11:18:40 EDT 2010</created>
<edited>Thu Jun 03 11:18:40 EDT 2010</edited>
<value><point x="11616" y="18780"/></value>
<metadata author="">

</metadata>
</contour>
<contour name="Process 200" class="PointContour" color="#8e1fff" visible="true">
<created>Thu Jun 10 13:01:51 EDT 2010</created>
<edited>Thu Jun 10 13:01:51 EDT 2010</edited>
<value><point x="11070" y="19026"/></value>
<metadata author="">

</metadata>
</contour>
<contour name="Process 175" class="PointContour" color="#3fcfff" visible="true">
<created>Wed Jun 09 17:11:48 EDT 2010</created>
<edited>Wed Jun 09 17:11:48 EDT 2010</edited>
<value><point x="11898" y="18682"/></value>
<metadata author="">

</metadata>
</contour>
<contour name="Process 1" class="PointContour" color="#ff0000" visible="true">
<created>Wed Jun 02 16:02:48 EDT 2010</created>
<edited>Wed Jun 02 16:02:48 EDT 2010</edited>
<value><point x="12374" y="17866"/></value>
<metadata author="">

</metadata>
</contour>
<contour name="Process 28" class="PointContour" color="#d1a73a" visible="true">
<created>Thu Jun 03 11:18:40 EDT 2010</created>
<edited>Thu Jun 03 11:18:40 EDT 2010</edited>
<value><point x="12006" y="18870"/></value>
<metadata author="">

</metadata>
</contour>
<contour name="Process 31" class="PointContour" color="#d9d331" visible="true">
<created>Mon Jun 07 16:21:43 EDT 2010</created>
<edited>Mon Jun 07 16:21:43 EDT 2010</edited>
<value><point x="11764" y="18144"/></value>
<metadata author="">

</metadata>
</contour>
<contour name="Process 250" class="PointContour" color="#925b27" visible="true">
<created>Fri Jun 11 12:27:56 EDT 2010</created>
<edited>Fri Jun 11 12:27:56 EDT 2010</edited>
<value><point x="10986" y="17808"/></value>
<metadata author="">

</metadata>
</contour>
<contour name="Process 128" class="PointContour" color="#acff0c" visible="true">
<created>Wed Jun 09 12:20:28 EDT 2010</created>
<edited>Wed Jun 09 12:20:28 EDT 2010</edited>
<value><point x="11838" y="17794"/></value>
<metadata author="">

</metadata>
</contour>
<contour name="Process 28" class="PointContour" color="#d1a73a" visible="true">
<created>Thu Jun 03 11:18:40 EDT 2010</created>
<edited>Thu Jun 03 11:18:40 EDT 2010</edited>
<value><point x="11556" y="18766"/></value>
<metadata author="">

</metadata>
</contour>
<contour name="Process 128" class="PointContour" color="#acff0c" visible="true">
<created>Wed Jun 09 12:20:16 EDT 2010</created>
<edited>Wed Jun 09 12:20:16 EDT 2010</edited>
<value><point x="11978" y="17838"/></value>
<metadata author="">

</metadata>
</contour>
<contour name="Process 76" class="PointContour" color="#08ffdd" visible="true">
<created>Tue Jun 08 12:39:11 EDT 2010</created>
<edited>Tue Jun 08 12:39:11 EDT 2010</edited>
<value><point x="12874" y="18526"/></value>
<metadata author="">

</metadata>
</contour>
<contour name="Process 47" class="PointContour" color="#93cc90" visible="true">
<created>Mon Jun 07 16:58:40 EDT 2010</created>
<edited>Mon Jun 07 16:58:40 EDT 2010</edited>
<value><point x="11832" y="17522"/></value>
<metadata author="">

</metadata>
</contour>
<contour name="Process 28" class="PointContour" color="#d1a73a" visible="true">
<created>Thu Jun 03 11:18:40 EDT 2010</created>
<edited>Thu Jun 03 11:18:40 EDT 2010</edited>
<value><point x="12378" y="18958"/></value>
<metadata author="">

</metadata>
</contour>
<contour name="Process 231" class="PointContour" color="#cfc613" visible="true">
<created>Fri Jun 11 11:18:54 EDT 2010</created>
<edited>Fri Jun 11 11:18:54 EDT 2010</edited>
<value><point x="10996" y="19442"/></value>
<metadata author="">

</metadata>
</contour>
<contour name="Process 85" class="PointContour" color="#ff067f" visible="true">
<created>Tue Jun 08 13:30:24 EDT 2010</created>
<edited>Tue Jun 08 13:30:24 EDT 2010</edited>
<value><point x="11608" y="19112"/></value>
<metadata author="">

</metadata>
</contour>
<contour name="Process 28" class="PointContour" color="#d1a73a" visible="true">
<created>Wed Jun 09 17:07:16 EDT 2010</created>
<edited>Wed Jun 09 17:07:16 EDT 2010</edited>
<value><point x="12356" y="19376"/></value>
<metadata author="">

</metadata>
</contour>
<contour name="Process 85" class="PointContour" color="#ff067f" visible="true">
<created>Tue Jun 08 13:22:19 EDT 2010</created>
<edited>Tue Jun 08 13:22:19 EDT 2010</edited>
<value><point x="12982" y="18460"/></value>
<metadata author="">

</metadata>
</contour>
<contour name="Process 29" class="PointContour" color="#7aff76" visible="true">
<created>Mon Jun 07 16:09:20 EDT 2010</created>
<edited>Mon Jun 07 16:09:20 EDT 2010</edited>
<value><point x="12228" y="17838"/></value>
<metadata author="">

</metadata>
</contour>
<contour name="Process 204" class="PointContour" color="#e0ff14" visible="true">
<created>Thu Jun 10 13:15:15 EDT 2010</created>
<edited>Thu Jun 10 13:15:15 EDT 2010</edited>
<value><point x="12224" y="17882"/></value>
<metadata author="">

</metadata>
</contour>
<contour name="Process 29" class="PointContour" color="#7aff76" visible="true">
<created>Thu Jun 10 12:38:09 EDT 2010</created>
<edited>Thu Jun 10 12:38:09 EDT 2010</edited>
<value><point x="11536" y="18426"/></value>
<metadata author="">

</metadata>
</contour>
<contour name="Process 28" class="PointContour" color="#d1a73a" visible="true">
<created>Thu Jun 03 11:18:40 EDT 2010</created>
<edited>Thu Jun 03 11:18:40 EDT 2010</edited>
<value><point x="11068" y="18650"/></value>
<metadata author="">

</metadata>
</contour>
<contour name="Process 28" class="PointContour" color="#d1a73a" visible="true">
<created>Thu Jun 03 11:18:40 EDT 2010</created>
<edited>Thu Jun 03 11:18:40 EDT 2010</edited>
<value><point x="11380" y="18724"/></value>
<metadata author="">

</metadata>
</contour>
<contour name="Process 100" class="PointContour" color="#0395ff" visible="true">
<created>Tue Jun 08 15:38:46 EDT 2010</created>
<edited>Tue Jun 08 15:38:46 EDT 2010</edited>
<value><point x="12698" y="17512"/></value>
<metadata author="">

</metadata>
</contour>
<contour name="Process 205" class="PointContour" color="#0ddcff" visible="true">
<created>Thu Jun 10 13:17:09 EDT 2010</created>
<edited>Thu Jun 10 13:17:09 EDT 2010</edited>
<value><point x="12374" y="18344"/></value>
<metadata author="">

</metadata>
</contour>
<contour name="Process 77" class="PointContour" color="#06dfff" visible="true">
<created>Tue Jun 08 12:42:24 EDT 2010</created>
<edited>Tue Jun 08 12:42:24 EDT 2010</edited>
<value><point x="12238" y="18712"/></value>
<metadata author="">

</metadata>
</contour>
<contour name="Process 29" class="PointContour" color="#7aff76" visible="true">
<created>Mon Jun 07 16:12:59 EDT 2010</created>
<edited>Mon Jun 07 16:12:59 EDT 2010</edited>
<value><point x="11980" y="18012"/></value>
<metadata author="">

</metadata>
</contour>
<contour name="Trail 3" class="PointContour" color="#ffa20c" visible="true">
<created>Wed Jun 09 15:38:47 EDT 2010</created>
<edited>Wed Jun 09 15:38:47 EDT 2010</edited>
<value><point x="11586" y="19158"/></value>
<metadata author="">

</metadata>
</contour>
<contour name="Process 28" class="PointContour" color="#d1a73a" visible="true">
<created>Thu Jun 03 11:18:40 EDT 2010</created>
<edited>Thu Jun 03 11:18:40 EDT 2010</edited>
<value><point x="12026" y="18876"/></value>
<metadata author="">

</metadata>
</contour>
<contour name="Process 28" class="PointContour" color="#d1a73a" visible="true">
<created>Thu Jun 03 11:18:40 EDT 2010</created>
<edited>Thu Jun 03 11:18:40 EDT 2010</edited>
<value><point x="11028" y="18642"/></value>
<metadata author="">

</metadata>
</contour>
<contour name="Process 177" class="PointContour" color="#e0ff0f" visible="true">
<created>Thu Jun 10 10:26:50 EDT 2010</created>
<edited>Thu Jun 10 10:26:50 EDT 2010</edited>
<value><point x="12910" y="18708"/></value>
<metadata author="">

</metadata>
</contour>
<contour name="Process 60" class="PointContour" color="#ff4e01" visible="true">
<created>Mon Jun 07 17:30:53 EDT 2010</created>
<edited>Mon Jun 07 17:30:53 EDT 2010</edited>
<value><point x="11836" y="17442"/></value>
<metadata author="">

</metadata>
</contour>
<contour name="Process 186" class="PointContour" color="#ff431a" visible="true">
<created>Thu Jun 10 12:25:54 EDT 2010</created>
<edited>Thu Jun 10 12:25:54 EDT 2010</edited>
<value><point x="11598" y="19366"/></value>
<metadata author="">

</metadata>
</contour>
<contour name="Process 28" class="PointContour" color="#d1a73a" visible="true">
<created>Thu Jun 03 11:18:40 EDT 2010</created>
<edited>Thu Jun 03 11:18:40 EDT 2010</edited>
<value><point x="11146" y="18670"/></value>
<metadata author="">

</metadata>
</contour>
<contour name="Process 171" class="PointContour" color="#d0ff5f" visible="true">
<created>Wed Jun 09 16:49:21 EDT 2010</created>
<edited>Wed Jun 09 16:49:21 EDT 2010</edited>
<value><point x="11948" y="17660"/></value>
<metadata author="">

</metadata>
</contour>
<contour name="Process 16" class="PointContour" color="#ff70a8" visible="true">
<created>Wed Jun 02 17:29:14 EDT 2010</created>
<edited>Wed Jun 02 17:29:14 EDT 2010</edited>
<value><point x="11636" y="18020"/></value>
<metadata author="">

</metadata>
</contour>
<contour name="Process 28" class="PointContour" color="#d1a73a" visible="true">
<created>Thu Jun 03 11:18:40 EDT 2010</created>
<edited>Thu Jun 03 11:18:40 EDT 2010</edited>
<value><point x="12164" y="18908"/></value>
<metadata author="">

</metadata>
</contour>
<contour name="Process 28" class="PointContour" color="#d1a73a" visible="true">
<created>Thu Jun 03 11:18:40 EDT 2010</created>
<edited>Thu Jun 03 11:18:40 EDT 2010</edited>
<value><point x="11752" y="18812"/></value>
<metadata author="">

</metadata>
</contour>
<contour name="Process 63" class="PointContour" color="#ffcc0d" visible="true">
<created>Mon Jun 07 17:34:34 EDT 2010</created>
<edited>Mon Jun 07 17:34:34 EDT 2010</edited>
<value><point x="12374" y="17442"/></value>
<metadata author="">

</metadata>
</contour>
<contour name="Process 28" class="PointContour" color="#d1a73a" visible="true">
<created>Thu Jun 03 11:18:40 EDT 2010</created>
<edited>Thu Jun 03 11:18:40 EDT 2010</edited>
<value><point x="11732" y="18806"/></value>
<metadata author="">

</metadata>
</contour>
<contour name="Process 28" class="PointContour" color="#d1a73a" visible="true">
<created>Thu Jun 03 11:18:40 EDT 2010</created>
<edited>Thu Jun 03 11:18:40 EDT 2010</edited>
<value><point x="12124" y="18898"/></value>
<metadata author="">

</metadata>
</contour>
<contour name="Process 183" class="PointContour" color="#e166ff" visible="true">
<created>Thu Jun 10 12:40:45 EDT 2010</created>
<edited>Thu Jun 10 12:40:45 EDT 2010</edited>
<value><point x="12526" y="18812"/></value>
<metadata author="">

</metadata>
</contour>
<contour name="Process 28" class="PointContour" color="#d1a73a" visible="true">
<created>Thu Jun 03 11:18:40 EDT 2010</created>
<edited>Thu Jun 03 11:18:40 EDT 2010</edited>
<value><point x="12280" y="18936"/></value>
<metadata author="">

</metadata>
</contour>
<contour name="Process 196" class="PointContour" color="#ff63b3" visible="true">
<created>Thu Jun 10 12:48:59 EDT 2010</created>
<edited>Thu Jun 10 12:48:59 EDT 2010</edited>
<value><point x="10984" y="18960"/></value>
<metadata author="">

</metadata>
</contour>
<contour name="Process 185" class="PointContour" color="#cf5cff" visible="true">
<created>Thu Jun 10 12:24:56 EDT 2010</created>
<edited>Thu Jun 10 12:24:56 EDT 2010</edited>
<value><point x="11116" y="19332"/></value>
<metadata author="">

</metadata>
</contour>
<contour name="Process 28" class="PointContour" color="#d1a73a" visible="true">
<created>Thu Jun 03 11:18:40 EDT 2010</created>
<edited>Thu Jun 03 11:18:40 EDT 2010</edited>
<value><point x="11928" y="18852"/></value>
<metadata author="">

</metadata>
</contour>
<contour name="Process 123" class="PointContour" color="#966dff" visible="true">
<created>Tue Jun 08 17:32:30 EDT 2010</created>
<edited>Tue Jun 08 17:32:30 EDT 2010</edited>
<value><point x="11446" y="18494"/></value>
<metadata author="">

</metadata>
</contour>
<contour name="Process 117" class="PointContour" color="#78ff04" visible="true">
<created>Tue Jun 08 17:08:51 EDT 2010</created>
<edited>Tue Jun 08 17:08:51 EDT 2010</edited>
<value><point x="11532" y="18516"/></value>
<metadata author="">

</metadata>
</contour>
<contour name="Process 216" class="PointContour" color="#cf21ff" visible="true">
<created>Thu Jun 10 14:04:14 EDT 2010</created>
<edited>Thu Jun 10 14:04:14 EDT 2010</edited>
<value><point x="12524" y="18712"/></value>
<metadata author="">

</metadata>
</contour>
<contour name="Process 28" class="PointContour" color="#d1a73a" visible="true">
<created>Thu Jun 03 11:18:40 EDT 2010</created>
<edited>Thu Jun 03 11:18:40 EDT 2010</edited>
<value><point x="11106" y="18660"/></value>
<metadata author="">

</metadata>
</contour>
<contour name="Process 28" class="PointContour" color="#d1a73a" visible="true">
<created>Thu Jun 03 11:18:40 EDT 2010</created>
<edited>Thu Jun 03 11:18:40 EDT 2010</edited>
<value><point x="11166" y="18674"/></value>
<metadata author="">

</metadata>
</contour>
<contour name="Process 28" class="PointContour" color="#d1a73a" visible="true">
<created>Thu Jun 03 11:18:40 EDT 2010</created>
<edited>Thu Jun 03 11:18:40 EDT 2010</edited>
<value><point x="12242" y="18926"/></value>
<metadata author="">

</metadata>
</contour>
<contour name="Process 102" class="PointContour" color="#7706ff" visible="true">
<created>Tue Jun 08 16:04:05 EDT 2010</created>
<edited>Tue Jun 08 16:04:05 EDT 2010</edited>
<value><point x="12134" y="17606"/></value>
<metadata author="">

</metadata>
</contour>
<contour name="Process 28" class="PointContour" color="#d1a73a" visible="true">
<created>Thu Jun 03 11:18:40 EDT 2010</created>
<edited>Thu Jun 03 11:18:40 EDT 2010</edited>
<value><point x="12534" y="18994"/></value>
<metadata author="">

</metadata>
</contour>
<contour name="Process 28" class="PointContour" color="#d1a73a" visible="true">
<created>Thu Jun 03 10:40:19 EDT 2010</created>
<edited>Thu Jun 03 10:40:19 EDT 2010</edited>
<value><point x="11710" y="18886"/></value>
<metadata author="">

</metadata>
</contour>
<contour name="Process 28" class="PointContour" color="#d1a73a" visible="true">
<created>Thu Jun 03 11:18:40 EDT 2010</created>
<edited>Thu Jun 03 11:18:40 EDT 2010</edited>
<value><point x="11674" y="18792"/></value>
<metadata author="">

</metadata>
</contour>
<contour name="Process 175" class="PointContour" color="#3fcfff" visible="true">
<created>Wed Jun 09 17:15:07 EDT 2010</created>
<edited>Wed Jun 09 17:15:07 EDT 2010</edited>
<value><point x="12848" y="19446"/></value>
<metadata author="">

</metadata>
</contour>
<contour name="Process 28" class="PointContour" color="#d1a73a" visible="true">
<created>Thu Jun 03 11:18:40 EDT 2010</created>
<edited>Thu Jun 03 11:18:40 EDT 2010</edited>
<value><point x="12144" y="18902"/></value>
<metadata author="">

</metadata>
</contour>
<contour name="Process 137" class="PointContour" color="#32ff05" visible="true">
<created>Wed Jun 09 14:49:54 EDT 2010</created>
<edited>Wed Jun 09 14:49:54 EDT 2010</edited>
<value><point x="12320" y="19220"/></value>
<metadata author="">

</metadata>
</contour>
<contour name="Process 26" class="PointContour" color="#c21ebd" visible="true">
<created>Thu Jun 03 10:33:41 EDT 2010</created>
<edited>Thu Jun 03 10:33:41 EDT 2010</edited>
<value><point x="12418" y="18338"/></value>
<metadata author="">

</metadata>
</contour>
<contour name="Process 28" class="PointContour" color="#d1a73a" visible="true">
<created>Thu Jun 03 11:18:40 EDT 2010</created>
<edited>Thu Jun 03 11:18:40 EDT 2010</edited>
<value><point x="11478" y="18748"/></value>
<metadata author="">

</metadata>
</contour>
<contour name="Process 271" class="PointContour" color="#75436a" visible="true">
<created>Fri Jun 11 16:58:08 EDT 2010</created>
<edited>Fri Jun 11 16:58:08 EDT 2010</edited>
<value><point x="12954" y="17736"/></value>
<metadata author="">

</metadata>
</contour>
<contour name="Process 272" class="PointContour" color="#864f91" visible="true">
<created>Fri Jun 11 16:58:23 EDT 2010</created>
<edited>Fri Jun 11 16:58:23 EDT 2010</edited>
<value><point x="11968" y="17442"/></value>
<metadata author="">

</metadata>
</contour>
<contour name="Process 273" class="PointContour" color="#a69f8c" visible="true">
<created>Fri Jun 11 16:59:43 EDT 2010</created>
<edited>Fri Jun 11 16:59:43 EDT 2010</edited>
<value><point x="12832" y="19356"/></value>
<metadata author="">

</metadata>
</contour>
<contour name="Process 274" class="PointContour" color="#37723c" visible="true">
<created>Fri Jun 11 17:00:40 EDT 2010</created>
<edited>Fri Jun 11 17:00:40 EDT 2010</edited>
<value><point x="11178" y="19394"/></value>
<metadata author="">

</metadata>
</contour>
<contour name="Process 275" class="PointContour" color="#2c3a0d" visible="true">
<created>Fri Jun 11 17:01:02 EDT 2010</created>
<edited>Fri Jun 11 17:01:02 EDT 2010</edited>
<value><point x="12332" y="18036"/></value>
<metadata author="">

</metadata>
</contour>
<contour name="Process 275" class="PointContour" color="#2c3a0d" visible="true">
<created>Fri Jun 11 17:01:48 EDT 2010</created>
<edited>Fri Jun 11 17:01:48 EDT 2010</edited>
<value><point x="12958" y="19430"/></value>
<metadata author="">

</metadata>
</contour>
<contour name="Process 277" class="PointContour" color="#438606" visible="true">
<created>Fri Jun 11 17:05:48 EDT 2010</created>
<edited>Fri Jun 11 17:05:48 EDT 2010</edited>
<value><point x="12948" y="18444"/></value>
<metadata author="">

</metadata>
</contour>
<contour name="Process 277" class="PointContour" color="#438606" visible="true">
<created>Fri Jun 11 17:06:34 EDT 2010</created>
<edited>Fri Jun 11 17:06:34 EDT 2010</edited>
<value><point x="12598" y="18850"/></value>
<metadata author="">

</metadata>
</contour>
<contour name="Process 279" class="PointContour" color="#37a347" visible="true">
<created>Mon Jun 14 12:37:42 EDT 2010</created>
<edited>Mon Jun 14 12:37:42 EDT 2010</edited>
<value><point x="12684" y="19276"/></value>
<metadata author="">

</metadata>
</contour>
<contour name="Process 282" class="PointContour" color="#92391c" visible="true">
<created>Mon Jun 14 12:45:14 EDT 2010</created>
<edited>Mon Jun 14 12:45:14 EDT 2010</edited>
<value><point x="11710" y="18620"/></value>
<metadata author="">

</metadata>
</contour>
<contour name="Process 284" class="PointContour" color="#42cb4e" visible="true">
<created>Mon Jun 14 12:51:08 EDT 2010</created>
<edited>Mon Jun 14 12:51:08 EDT 2010</edited>
<value><point x="11072" y="19268"/></value>
<metadata author="">

</metadata>
</contour>
<contour name="Process 171" class="PointContour" color="#d0ff5f" visible="true">
<created>Tue Jun 15 12:41:03 EDT 2010</created>
<edited>Tue Jun 15 12:41:03 EDT 2010</edited>
<value><point x="12602" y="18404"/></value>
<metadata author="">

</metadata>
</contour>
<contour name="Process 72" class="PointContour" color="#ffcd08" visible="true">
<created>Tue Jun 15 13:07:19 EDT 2010</created>
<edited>Tue Jun 15 13:07:19 EDT 2010</edited>
<value><point x="12910" y="18556"/></value>
<metadata author="">

</metadata>
</contour>
<contour name="Process 298" class="PointContour" color="#9b0b1c" visible="true">
<created>Tue Jun 15 13:07:41 EDT 2010</created>
<edited>Tue Jun 15 13:07:41 EDT 2010</edited>
<value><point x="12970" y="18534"/></value>
<metadata author="">

</metadata>
</contour>
<contour name="Process 301" class="PointContour" color="#ee987c" visible="true">
<created>Tue Jun 15 13:23:05 EDT 2010</created>
<edited>Tue Jun 15 13:23:05 EDT 2010</edited>
<value><point x="12170" y="18180"/></value>
<metadata author="">

</metadata>
</contour>
<contour name="Process 307" class="PointContour" color="#bc7f1e" visible="true">
<created>Tue Jun 15 14:38:10 EDT 2010</created>
<edited>Tue Jun 15 14:38:10 EDT 2010</edited>
<value><point x="12574" y="17460"/></value>
<metadata author="">

</metadata>
</contour>
<contour name="Process 307" class="PointContour" color="#bc7f1e" visible="true">
<created>Tue Jun 15 14:38:10 EDT 2010</created>
<edited>Tue Jun 15 14:38:10 EDT 2010</edited>
<value><point x="12582" y="17478"/></value>
<metadata author="">

</metadata>
</contour>
<contour name="Process 307" class="PointContour" color="#bc7f1e" visible="true">
<created>Tue Jun 15 14:38:10 EDT 2010</created>
<edited>Tue Jun 15 14:38:10 EDT 2010</edited>
<value><point x="12592" y="17496"/></value>
<metadata author="">

</metadata>
</contour>
<contour name="Process 307" class="PointContour" color="#bc7f1e" visible="true">
<created>Tue Jun 15 14:38:10 EDT 2010</created>
<edited>Tue Jun 15 14:38:10 EDT 2010</edited>
<value><point x="12600" y="17514"/></value>
<metadata author="">

</metadata>
</contour>
<contour name="Process 307" class="PointContour" color="#bc7f1e" visible="true">
<created>Tue Jun 15 14:38:10 EDT 2010</created>
<edited>Tue Jun 15 14:38:10 EDT 2010</edited>
<value><point x="12610" y="17532"/></value>
<metadata author="">

</metadata>
</contour>
<contour name="Process 307" class="PointContour" color="#bc7f1e" visible="true">
<created>Tue Jun 15 14:38:10 EDT 2010</created>
<edited>Tue Jun 15 14:38:10 EDT 2010</edited>
<value><point x="12618" y="17550"/></value>
<metadata author="">

</metadata>
</contour>
<contour name="Process 307" class="PointContour" color="#bc7f1e" visible="true">
<created>Tue Jun 15 14:38:10 EDT 2010</created>
<edited>Tue Jun 15 14:38:10 EDT 2010</edited>
<value><point x="12628" y="17568"/></value>
<metadata author="">

</metadata>
</contour>
<contour name="Process 307" class="PointContour" color="#bc7f1e" visible="true">
<created>Tue Jun 15 14:38:10 EDT 2010</created>
<edited>Tue Jun 15 14:38:10 EDT 2010</edited>
<value><point x="12636" y="17586"/></value>
<metadata author="">

</metadata>
</contour>
<contour name="Process 307" class="PointContour" color="#bc7f1e" visible="true">
<created>Tue Jun 15 14:38:10 EDT 2010</created>
<edited>Tue Jun 15 14:38:10 EDT 2010</edited>
<value><point x="12646" y="17604"/></value>
<metadata author="">

</metadata>
</contour>
<contour name="Process 307" class="PointContour" color="#bc7f1e" visible="true">
<created>Tue Jun 15 14:38:10 EDT 2010</created>
<edited>Tue Jun 15 14:38:10 EDT 2010</edited>
<value><point x="12654" y="17622"/></value>
<metadata author="">

</metadata>
</contour>
<contour name="Process 307" class="PointContour" color="#bc7f1e" visible="true">
<created>Tue Jun 15 14:38:10 EDT 2010</created>
<edited>Tue Jun 15 14:38:10 EDT 2010</edited>
<value><point x="12664" y="17640"/></value>
<metadata author="">

</metadata>
</contour>
<contour name="Process 307" class="PointContour" color="#bc7f1e" visible="true">
<created>Tue Jun 15 14:38:10 EDT 2010</created>
<edited>Tue Jun 15 14:38:10 EDT 2010</edited>
<value><point x="12672" y="17658"/></value>
<metadata author="">

</metadata>
</contour>
<contour name="Process 307" class="PointContour" color="#bc7f1e" visible="true">
<created>Tue Jun 15 14:38:10 EDT 2010</created>
<edited>Tue Jun 15 14:38:10 EDT 2010</edited>
<value><point x="12682" y="17676"/></value>
<metadata author="">

</metadata>
</contour>
<contour name="Process 307" class="PointContour" color="#bc7f1e" visible="true">
<created>Tue Jun 15 14:38:10 EDT 2010</created>
<edited>Tue Jun 15 14:38:10 EDT 2010</edited>
<value><point x="12692" y="17694"/></value>
<metadata author="">

</metadata>
</contour>
<contour name="Process 307" class="PointContour" color="#bc7f1e" visible="true">
<created>Tue Jun 15 14:38:10 EDT 2010</created>
<edited>Tue Jun 15 14:38:10 EDT 2010</edited>
<value><point x="12700" y="17712"/></value>
<metadata author="">

</metadata>
</contour>
<contour name="Process 307" class="PointContour" color="#bc7f1e" visible="true">
<created>Tue Jun 15 14:38:10 EDT 2010</created>
<edited>Tue Jun 15 14:38:10 EDT 2010</edited>
<value><point x="12710" y="17730"/></value>
<metadata author="">

</metadata>
</contour>
<contour name="Process 307" class="PointContour" color="#bc7f1e" visible="true">
<created>Tue Jun 15 14:38:10 EDT 2010</created>
<edited>Tue Jun 15 14:38:10 EDT 2010</edited>
<value><point x="12718" y="17748"/></value>
<metadata author="">

</metadata>
</contour>
<contour name="Process 307" class="PointContour" color="#bc7f1e" visible="true">
<created>Tue Jun 15 14:38:10 EDT 2010</created>
<edited>Tue Jun 15 14:38:10 EDT 2010</edited>
<value><point x="12728" y="17766"/></value>
<metadata author="">

</metadata>
</contour>
<contour name="Process 307" class="PointContour" color="#bc7f1e" visible="true">
<created>Tue Jun 15 14:38:10 EDT 2010</created>
<edited>Tue Jun 15 14:38:10 EDT 2010</edited>
<value><point x="12736" y="17784"/></value>
<metadata author="">

</metadata>
</contour>
<contour name="Process 307" class="PointContour" color="#bc7f1e" visible="true">
<created>Tue Jun 15 14:38:10 EDT 2010</created>
<edited>Tue Jun 15 14:38:10 EDT 2010</edited>
<value><point x="12746" y="17802"/></value>
<metadata author="">

</metadata>
</contour>
<contour name="Process 307" class="PointContour" color="#bc7f1e" visible="true">
<created>Tue Jun 15 14:38:10 EDT 2010</created>
<edited>Tue Jun 15 14:38:10 EDT 2010</edited>
<value><point x="12754" y="17820"/></value>
<metadata author="">

</metadata>
</contour>
<contour name="Process 307" class="PointContour" color="#bc7f1e" visible="true">
<created>Tue Jun 15 14:38:10 EDT 2010</created>
<edited>Tue Jun 15 14:38:10 EDT 2010</edited>
<value><point x="12764" y="17838"/></value>
<metadata author="">

</metadata>
</contour>
<contour name="Process 307" class="PointContour" color="#bc7f1e" visible="true">
<created>Tue Jun 15 14:38:10 EDT 2010</created>
<edited>Tue Jun 15 14:38:10 EDT 2010</edited>
<value><point x="12772" y="17856"/></value>
<metadata author="">

</metadata>
</contour>
<contour name="Process 307" class="PointContour" color="#bc7f1e" visible="true">
<created>Tue Jun 15 14:38:10 EDT 2010</created>
<edited>Tue Jun 15 14:38:10 EDT 2010</edited>
<value><point x="12782" y="17874"/></value>
<metadata author="">

</metadata>
</contour>
<contour name="Process 307" class="PointContour" color="#bc7f1e" visible="true">
<created>Tue Jun 15 14:38:10 EDT 2010</created>
<edited>Tue Jun 15 14:38:10 EDT 2010</edited>
<value><point x="12792" y="17892"/></value>
<metadata author="">

</metadata>
</contour>
<contour name="Process 307" class="PointContour" color="#bc7f1e" visible="true">
<created>Tue Jun 15 14:38:10 EDT 2010</created>
<edited>Tue Jun 15 14:38:10 EDT 2010</edited>
<value><point x="12800" y="17910"/></value>
<metadata author="">

</metadata>
</contour>
<contour name="Process 307" class="PointContour" color="#bc7f1e" visible="true">
<created>Tue Jun 15 14:38:10 EDT 2010</created>
<edited>Tue Jun 15 14:38:10 EDT 2010</edited>
<value><point x="12810" y="17928"/></value>
<metadata author="">

</metadata>
</contour>
<contour name="Process 307" class="PointContour" color="#bc7f1e" visible="true">
<created>Tue Jun 15 14:38:10 EDT 2010</created>
<edited>Tue Jun 15 14:38:10 EDT 2010</edited>
<value><point x="12818" y="17946"/></value>
<metadata author="">

</metadata>
</contour>
<contour name="Process 307" class="PointContour" color="#bc7f1e" visible="true">
<created>Tue Jun 15 14:38:10 EDT 2010</created>
<edited>Tue Jun 15 14:38:10 EDT 2010</edited>
<value><point x="12828" y="17964"/></value>
<metadata author="">

</metadata>
</contour>
<contour name="Process 307" class="PointContour" color="#bc7f1e" visible="true">
<created>Tue Jun 15 14:38:10 EDT 2010</created>
<edited>Tue Jun 15 14:38:10 EDT 2010</edited>
<value><point x="12836" y="17982"/></value>
<metadata author="">

</metadata>
</contour>
<contour name="Process 307" class="PointContour" color="#bc7f1e" visible="true">
<created>Tue Jun 15 14:38:10 EDT 2010</created>
<edited>Tue Jun 15 14:38:10 EDT 2010</edited>
<value><point x="12846" y="18000"/></value>
<metadata author="">

</metadata>
</contour>
<contour name="Process 307" class="PointContour" color="#bc7f1e" visible="true">
<created>Tue Jun 15 14:38:10 EDT 2010</created>
<edited>Tue Jun 15 14:38:10 EDT 2010</edited>
<value><point x="12854" y="18018"/></value>
<metadata author="">

</metadata>
</contour>
<contour name="Process 307" class="PointContour" color="#bc7f1e" visible="true">
<created>Tue Jun 15 14:38:10 EDT 2010</created>
<edited>Tue Jun 15 14:38:10 EDT 2010</edited>
<value><point x="12864" y="18036"/></value>
<metadata author="">

</metadata>
</contour>
<contour name="Process 307" class="PointContour" color="#bc7f1e" visible="true">
<created>Tue Jun 15 14:38:10 EDT 2010</created>
<edited>Tue Jun 15 14:38:10 EDT 2010</edited>
<value><point x="12872" y="18054"/></value>
<metadata author="">

</metadata>
</contour>
<contour name="Process 307" class="PointContour" color="#bc7f1e" visible="true">
<created>Tue Jun 15 14:38:10 EDT 2010</created>
<edited>Tue Jun 15 14:38:10 EDT 2010</edited>
<value><point x="12882" y="18072"/></value>
<metadata author="">

</metadata>
</contour>
<contour name="Process 133" class="PointContour" color="#0484ff" visible="true">
<created>Tue Jun 15 14:41:45 EDT 2010</created>
<edited>Tue Jun 15 14:41:45 EDT 2010</edited>
<value><point x="12302" y="18742"/></value>
<metadata author="">

</metadata>
</contour>
<contour name="Process 310" class="PointContour" color="#8b6602" visible="true">
<created>Tue Jun 15 14:45:01 EDT 2010</created>
<edited>Tue Jun 15 14:45:01 EDT 2010</edited>
<value><point x="11242" y="18442"/></value>
<metadata author="">

</metadata>
</contour>
<contour name="Process 311" class="PointContour" color="#0b7893" visible="true">
<created>Tue Jun 15 14:47:29 EDT 2010</created>
<edited>Tue Jun 15 14:47:29 EDT 2010</edited>
<value><point x="11528" y="19198"/></value>
<metadata author="">

</metadata>
</contour>
<contour name="Process 312" class="PointContour" color="#6518d1" visible="true">
<created>Tue Jun 15 14:48:24 EDT 2010</created>
<edited>Tue Jun 15 14:48:24 EDT 2010</edited>
<value><point x="11630" y="19444"/></value>
<metadata author="">

</metadata>
</contour>
<contour name="Process 312" class="PointContour" color="#6518d1" visible="true">
<created>Tue Jun 15 14:48:40 EDT 2010</created>
<edited>Tue Jun 15 14:48:40 EDT 2010</edited>
<value><point x="11272" y="19198"/></value>
<metadata author="">

</metadata>
</contour>
<contour name="Process 28" class="PointContour" color="#d1a73a" visible="true">
<created>Tue Jun 15 14:54:41 EDT 2010</created>
<edited>Tue Jun 15 14:54:41 EDT 2010</edited>
<value><point x="11916" y="18632"/></value>
<metadata author="">

</metadata>
</contour>
<contour name="Process 314" class="PointContour" color="#847d85" visible="true">
<created>Tue Jun 15 14:57:01 EDT 2010</created>
<edited>Tue Jun 15 14:57:01 EDT 2010</edited>
<value><point x="11256" y="19298"/></value>
<metadata author="">

</metadata>
</contour>
<contour name="Process 316" class="PointContour" color="#d12438" visible="true">
<created>Tue Jun 15 15:00:53 EDT 2010</created>
<edited>Tue Jun 15 15:00:53 EDT 2010</edited>
<value><point x="12784" y="18862"/></value>
<metadata author="">

</metadata>
</contour>
<contour name="Process 321" class="PointContour" color="#1fbbad" visible="true">
<created>Tue Jun 15 16:38:51 EDT 2010</created>
<edited>Tue Jun 15 16:38:51 EDT 2010</edited>
<value><point x="11308" y="17444"/></value>
<metadata author="">

</metadata>
</contour>
<contour name="Process 323" class="PointContour" color="#6134b5" visible="true">
<created>Tue Jun 15 16:39:50 EDT 2010</created>
<edited>Tue Jun 15 16:39:50 EDT 2010</edited>
<value><point x="11460" y="17506"/></value>
<metadata author="">

</metadata>
</contour>
<contour name="Process 324" class="PointContour" color="#1bad86" visible="true">
<created>Tue Jun 15 16:40:05 EDT 2010</created>
<edited>Tue Jun 15 16:40:05 EDT 2010</edited>
<value><point x="11024" y="17680"/></value>
<metadata author="">

</metadata>
</contour>
<contour name="Process 330" class="PointContour" color="#b65d7e" visible="true">
<created>Tue Jun 15 16:46:11 EDT 2010</created>
<edited>Tue Jun 15 16:46:11 EDT 2010</edited>
<value><point x="12798" y="17446"/></value>
<metadata author="">

</metadata>
</contour>
<contour name="Process 29" class="PointContour" color="#7aff76" visible="true">
<created>Tue Jun 15 16:53:44 EDT 2010</created>
<edited>Tue Jun 15 16:53:44 EDT 2010</edited>
<value><point x="10992" y="19164"/></value>
<metadata author="">

</metadata>
</contour>
<contour name="Process 171" class="PointContour" color="#d0ff5f" visible="true">
<created>Tue Jun 15 16:57:21 EDT 2010</created>
<edited>Tue Jun 15 16:57:21 EDT 2010</edited>
<value><point x="11398" y="17680"/></value>
<metadata author="">

</metadata>
</contour>
<contour name="Process 171" class="PointContour" color="#d0ff5f" visible="true">
<created>Tue Jun 15 16:57:58 EDT 2010</created>
<edited>Tue Jun 15 16:57:58 EDT 2010</edited>
<value><point x="11500" y="17974"/></value>
<metadata author="">

</metadata>
</contour>
<contour name="Process 84" class="PointContour" color="#ff0ac0" visible="true">
<created>Tue Jun 15 17:30:35 EDT 2010</created>
<edited>Tue Jun 15 17:30:35 EDT 2010</edited>
<value><point x="11744" y="19082"/></value>
<metadata author="">

</metadata>
</contour>
<contour name="Process 171" class="PointContour" color="#d0ff5f" visible="true">
<created>Tue Jun 15 17:43:41 EDT 2010</created>
<edited>Tue Jun 15 17:43:41 EDT 2010</edited>
<value><point x="11148" y="17650"/></value>
<metadata author="">

</metadata>
</contour>
<contour name="Process 171" class="PointContour" color="#d0ff5f" visible="true">
<created>Wed Jun 23 09:59:35 EDT 2010</created>
<edited>Wed Jun 23 09:59:35 EDT 2010</edited>
<value><point x="12064" y="18808"/></value>
<metadata author="">

</metadata>
</contour>
<contour name="Process 171" class="PointContour" color="#d0ff5f" visible="true">
<created>Wed Jun 23 12:12:15 EDT 2010</created>
<edited>Wed Jun 23 12:12:15 EDT 2010</edited>
<value><point x="11286" y="18248"/></value>
<metadata author="">

</metadata>
</contour>
<contour name="Process 171" class="PointContour" color="#d0ff5f" visible="true">
<created>Wed Jun 23 12:13:24 EDT 2010</created>
<edited>Wed Jun 23 12:13:24 EDT 2010</edited>
<value><point x="11544" y="17920"/></value>
<metadata author="">

</metadata>
</contour>
<contour name="Process 171" class="PointContour" color="#d0ff5f" visible="true">
<created>Wed Jun 23 12:14:23 EDT 2010</created>
<edited>Wed Jun 23 12:14:23 EDT 2010</edited>
<value><point x="11478" y="17934"/></value>
<metadata author="">

</metadata>
</contour>
<contour name="Process 171" class="PointContour" color="#d0ff5f" visible="true">
<created>Wed Jun 23 12:15:19 EDT 2010</created>
<edited>Wed Jun 23 12:15:19 EDT 2010</edited>
<value><point x="11016" y="18252"/></value>
<metadata author="">

</metadata>
</contour>
<contour name="Process 363" class="PointContour" color="#70971f" visible="true">
<created>Wed Jun 23 13:00:47 EDT 2010</created>
<edited>Wed Jun 23 13:00:47 EDT 2010</edited>
<value><point x="11514" y="19142"/></value>
<metadata author="">

</metadata>
</contour>
<contour name="Process 388" class="PointContour" color="#bdd1b7" visible="true">
<created>Wed Jun 23 13:03:27 EDT 2010</created>
<edited>Wed Jun 23 13:03:27 EDT 2010</edited>
<value><point x="12194" y="19366"/></value>
<metadata author="">

</metadata>
</contour>
<contour name="Process 275" class="PointContour" color="#2c3a0d" visible="true">
<created>Wed Jun 23 13:04:50 EDT 2010</created>
<edited>Wed Jun 23 13:04:50 EDT 2010</edited>
<value><point x="12408" y="17776"/></value>
<metadata author="">

</metadata>
</contour>
<contour name="Process 390" class="PointContour" color="#bc7f74" visible="true">
<created>Wed Jun 23 13:06:17 EDT 2010</created>
<edited>Wed Jun 23 13:06:17 EDT 2010</edited>
<value><point x="12094" y="18034"/></value>
<metadata author="">

</metadata>
</contour>
<contour name="Process 390" class="PointContour" color="#bc7f74" visible="true">
<created>Wed Jun 23 13:06:31 EDT 2010</created>
<edited>Wed Jun 23 13:06:31 EDT 2010</edited>
<value><point x="11492" y="18302"/></value>
<metadata author="">

</metadata>
</contour>
<contour name="Process 29" class="PointContour" color="#7aff76" visible="true">
<created>Tue Jun 29 17:20:24 EDT 2010</created>
<edited>Tue Jun 29 17:20:24 EDT 2010</edited>
<value><point x="12894" y="17478"/></value>
<metadata author="">

</metadata>
</contour>
<contour name="Process 394" class="PointContour" color="#9f5fc8" visible="true">
<created>Wed Jun 30 10:44:23 EDT 2010</created>
<edited>Wed Jun 30 10:44:23 EDT 2010</edited>
<value><point x="11122" y="17474"/></value>
<metadata author="">

</metadata>
</contour>
<contour name="Process 394" class="PointContour" color="#9f5fc8" visible="true">
<created>Wed Jun 30 10:44:35 EDT 2010</created>
<edited>Wed Jun 30 10:44:35 EDT 2010</edited>
<value><point x="11430" y="17634"/></value>
<metadata author="">

</metadata>
</contour>
<contour name="Process 396" class="PointContour" color="#750587" visible="true">
<created>Wed Jun 30 10:59:11 EDT 2010</created>
<edited>Wed Jun 30 10:59:11 EDT 2010</edited>
<value><point x="12304" y="19428"/></value>
<metadata author="">

</metadata>
</contour>
<contour name="Process 17" class="PointContour" color="#c115ff" visible="true">
<created>Wed Jun 30 19:06:34 EDT 2010</created>
<edited>Wed Jun 30 19:06:34 EDT 2010</edited>
<value><point x="10976" y="17604"/></value>
<metadata author="">

</metadata>
</contour>
<contour name="Process 401" class="PointContour" color="#73d3a6" visible="true">
<created>Thu Jul 01 11:01:13 EDT 2010</created>
<edited>Thu Jul 01 11:01:13 EDT 2010</edited>
<value><point x="12858" y="18590"/></value>
<metadata author="">

</metadata>
</contour>
<contour name="Process 401" class="PointContour" color="#73d3a6" visible="true">
<created>Thu Jul 01 11:01:47 EDT 2010</created>
<edited>Thu Jul 01 11:01:47 EDT 2010</edited>
<value><point x="12204" y="18334"/></value>
<metadata author="">

</metadata>
</contour>
<contour name="Process 402" class="PointContour" color="#09953b" visible="true">
<created>Thu Jul 01 11:05:49 EDT 2010</created>
<edited>Thu Jul 01 11:05:49 EDT 2010</edited>
<value><point x="11060" y="18442"/></value>
<metadata author="">

</metadata>
</contour>
<contour name="Process 411" class="PointContour" color="#f2f651" visible="true">
<created>Thu Jul 01 14:21:36 EDT 2010</created>
<edited>Thu Jul 01 14:21:36 EDT 2010</edited>
<value><point x="11820" y="19408"/></value>
<metadata author="">

</metadata>
</contour>
<contour name="Process 413" class="PointContour" color="#f086bb" visible="true">
<created>Thu Jul 01 14:32:12 EDT 2010</created>
<edited>Thu Jul 01 14:32:12 EDT 2010</edited>
<value><point x="11576" y="19228"/></value>
<metadata author="">

</metadata>
</contour>
<contour name="Process 414" class="PointContour" color="#bd1a87" visible="true">
<created>Thu Jul 08 13:28:48 EDT 2010</created>
<edited>Thu Jul 08 13:28:48 EDT 2010</edited>
<value><point x="11688" y="17968"/></value>
<metadata author="">

</metadata>
</contour>
<contour name="Process 417" class="PointContour" color="#add80e" visible="true">
<created>Tue Jul 13 17:23:29 EDT 2010</created>
<edited>Tue Jul 13 17:23:29 EDT 2010</edited>
<value><point x="12474" y="18198"/></value>
<metadata author="">

</metadata>
</contour>
<contour name="Process 417" class="PointContour" color="#add80e" visible="true">
<created>Tue Jul 13 17:23:32 EDT 2010</created>
<edited>Tue Jul 13 17:23:32 EDT 2010</edited>
<value><point x="12358" y="18276"/></value>
<metadata author="">

</metadata>
</contour>
<contour name="Process 171" class="PointContour" color="#d0ff5f" visible="true">
<created>Wed Jul 14 12:21:54 EDT 2010</created>
<edited>Wed Jul 14 12:21:54 EDT 2010</edited>
<value><point x="11962" y="17516"/></value>
<metadata author="">

</metadata>
</contour>
<contour name="Process 348" class="PointContour" color="#5105c9" visible="true">
<created>Wed Jul 14 17:12:29 EDT 2010</created>
<edited>Wed Jul 14 17:12:29 EDT 2010</edited>
<value><point x="12094" y="18276"/></value>
<metadata author="">

</metadata>
</contour>
<contour name="Process 348" class="PointContour" color="#5105c9" visible="true">
<created>Wed Jul 14 17:12:44 EDT 2010</created>
<edited>Wed Jul 14 17:12:44 EDT 2010</edited>
<value><point x="12218" y="18098"/></value>
<metadata author="">

</metadata>
</contour>
<contour name="Process 348" class="PointContour" color="#5105c9" visible="true">
<created>Wed Jul 14 17:13:36 EDT 2010</created>
<edited>Wed Jul 14 17:13:36 EDT 2010</edited>
<value><point x="11754" y="17540"/></value>
<metadata author="">

</metadata>
</contour>
<contour name="Process 423" class="PointContour" color="#f36543" visible="true">
<created>Wed Nov 24 17:31:54 EST 2010</created>
<edited>Wed Nov 24 17:31:54 EST 2010</edited>
<value><point x="10452" y="18020"/></value>
<metadata author="">

</metadata>
</contour>
<contour name="Process 423" class="PointContour" color="#f36543" visible="true">
<created>Wed Nov 24 17:34:00 EST 2010</created>
<edited>Wed Nov 24 17:34:00 EST 2010</edited>
<value><point x="8080" y="17707"/></value>
<metadata author="">

</metadata>
</contour>
<contour name="Process 423" class="PointContour" color="#f36543" visible="true">
<created>Wed Nov 24 17:34:17 EST 2010</created>
<edited>Wed Nov 24 17:34:17 EST 2010</edited>
<value><point x="7660" y="17811"/></value>
<metadata author="">

</metadata>
</contour>
<contour name="Process 423" class="PointContour" color="#f36543" visible="true">
<created>Wed Nov 24 17:36:17 EST 2010</created>
<edited>Wed Nov 24 17:36:17 EST 2010</edited>
<value><point x="5255" y="18160"/></value>
<metadata author="">

</metadata>
</contour>
<contour name="Process 423" class="PointContour" color="#f36543" visible="true">
<created>Wed Nov 24 18:25:50 EST 2010</created>
<edited>Wed Nov 24 18:25:50 EST 2010</edited>
<value><point x="5209" y="18465"/></value>
<metadata author="">

</metadata>
</contour>
<contour name="Process 426" class="PointContour" color="#a969fa" visible="true">
<created>Wed Nov 24 19:12:46 EST 2010</created>
<edited>Wed Nov 24 19:12:46 EST 2010</edited>
<value><point x="10833" y="18083"/></value>
<metadata author="">

</metadata>
</contour>
<contour name="Process 427" class="PointContour" color="#2e69d9" visible="true">
<created>Wed Nov 24 19:23:23 EST 2010</created>
<edited>Wed Nov 24 19:23:23 EST 2010</edited>
<value><point x="10459" y="18227"/></value>
<metadata author="">

</metadata>
</contour>
<contour name="Process 427" class="PointContour" color="#2e69d9" visible="true">
<created>Wed Nov 24 19:24:33 EST 2010</created>
<edited>Wed Nov 24 19:24:33 EST 2010</edited>
<value><point x="9865" y="18889"/></value>
<metadata author="">

</metadata>
</contour>
<contour name="Process 430" class="PointContour" color="#d6b579" visible="true">
<created>Wed Nov 24 20:11:27 EST 2010</created>
<edited>Wed Nov 24 20:11:27 EST 2010</edited>
<value><point x="8850" y="18363"/></value>
<metadata author="">

</metadata>
</contour>
<contour name="Process 431" class="PointContour" color="#a298f6" visible="true">
<created>Wed Nov 24 20:21:10 EST 2010</created>
<edited>Wed Nov 24 20:21:10 EST 2010</edited>
<value><point x="10450" y="18784"/></value>
<metadata author="">

</metadata>
</contour>
<contour name="Process 440" class="PointContour" color="#dc71ad" visible="true">
<created>Thu Nov 25 14:22:06 EST 2010</created>
<edited>Thu Nov 25 14:22:06 EST 2010</edited>
<value><point x="11450" y="17205"/></value>
<metadata author="">

</metadata>
</contour>
<contour name="Process 441" class="PointContour" color="#d89428" visible="true">
<created>Thu Nov 25 14:40:06 EST 2010</created>
<edited>Thu Nov 25 14:40:06 EST 2010</edited>
<value><point x="11366" y="17160"/></value>
<metadata author="">

</metadata>
</contour>
<contour name="Process 449" class="PointContour" color="#697c74" visible="true">
<created>Fri Nov 26 18:16:08 EST 2010</created>
<edited>Fri Nov 26 18:16:08 EST 2010</edited>
<value><point x="9348" y="22016"/></value>
<metadata author="">

</metadata>
</contour>
<contour name="Process 450" class="PointContour" color="#866c5b" visible="true">
<created>Fri Nov 26 20:59:23 EST 2010</created>
<edited>Fri Nov 26 20:59:23 EST 2010</edited>
<value><point x="11998" y="17350"/></value>
<metadata author="">

</metadata>
</contour>
<contour name="Process 461" class="PointContour" color="#65d5e9" visible="true">
<created>Fri Dec 03 23:17:46 EST 2010</created>
<edited>Fri Dec 03 23:17:46 EST 2010</edited>
<value><point x="11575" y="17136"/></value>
<metadata author="">

</metadata>
</contour>
<contour name="Process 466" class="PointContour" color="#722e57" visible="true">
<created>Sat Dec 04 00:04:20 EST 2010</created>
<edited>Sat Dec 04 00:04:20 EST 2010</edited>
<value><point x="11860" y="17044"/></value>
<metadata author="">

</metadata>
</contour>
<contour name="Process 467" class="PointContour" color="#a56551" visible="true">
<created>Sat Dec 04 00:13:57 EST 2010</created>
<edited>Sat Dec 04 00:13:57 EST 2010</edited>
<value><point x="12121" y="20095"/></value>
<metadata author="">

</metadata>
</contour>
<contour name="Process 468" class="PointContour" color="#5025db" visible="true">
<created>Sat Dec 04 00:22:33 EST 2010</created>
<edited>Sat Dec 04 00:22:33 EST 2010</edited>
<value><point x="14175" y="16478"/></value>
<metadata author="">

</metadata>
</contour>
<contour name="Process 468" class="PointContour" color="#5025db" visible="true">
<created>Sat Dec 04 00:23:13 EST 2010</created>
<edited>Sat Dec 04 00:23:13 EST 2010</edited>
<value><point x="16031" y="16103"/></value>
<metadata author="">

</metadata>
</contour>
<contour name="Process 469" class="PointContour" color="#7f3a2b" visible="true">
<created>Sat Dec 04 00:27:52 EST 2010</created>
<edited>Sat Dec 04 00:27:52 EST 2010</edited>
<value><point x="11647" y="19515"/></value>
<metadata author="">

</metadata>
</contour>
<contour name="Process 474" class="PointContour" color="#068f4d" visible="true">
<created>Tue Feb 08 14:11:31 EST 2011</created>
<edited>Tue Feb 08 14:11:31 EST 2011</edited>
<value><point x="8865" y="18990"/></value>
<metadata author="">

</metadata>
</contour>
<contour name="Process 474" class="PointContour" color="#068f4d" visible="true">
<created>Tue Feb 08 14:11:49 EST 2011</created>
<edited>Tue Feb 08 14:11:49 EST 2011</edited>
<value><point x="8343" y="18904"/></value>
<metadata author="">

</metadata>
</contour>
<contour name="Process 474" class="PointContour" color="#068f4d" visible="true">
<created>Tue Feb 08 14:13:07 EST 2011</created>
<edited>Tue Feb 08 14:13:07 EST 2011</edited>
<value><point x="7360" y="19785"/></value>
<metadata author="">

</metadata>
</contour>
<contour name="Process 475" class="PointContour" color="#5a9bb6" visible="true">
<created>Tue Feb 08 14:18:19 EST 2011</created>
<edited>Tue Feb 08 14:18:19 EST 2011</edited>
<value><point x="10457" y="20826"/></value>
<metadata author="">

</metadata>
</contour>
<contour name="Process 489" class="PointContour" color="#267e56" visible="true">
<created>Wed Feb 09 11:40:08 EST 2011</created>
<edited>Wed Feb 09 11:40:08 EST 2011</edited>
<value><point x="12430" y="19622"/></value>
<metadata author="">

</metadata>
</contour>
<contour name="Process 492" class="PointContour" color="#3725ba" visible="true">
<created>Wed Feb 09 15:36:49 EST 2011</created>
<edited>Wed Feb 09 15:36:49 EST 2011</edited>
<value><point x="12530" y="19593"/></value>
<metadata author="">

</metadata>
</contour>
<contour name="Trail 15" class="PointContour" color="#46ffdc" visible="true">
<created>Thu Feb 17 10:55:58 EST 2011</created>
<edited>Thu Feb 17 10:55:58 EST 2011</edited>
<value><point x="9545" y="15085"/></value>
<metadata author="">

</metadata>
</contour>
<contour name="Trail 12" class="PointContour" color="#ffa568" visible="true">
<created>Thu Mar 10 14:58:59 EST 2011</created>
<edited>Thu Mar 10 14:58:59 EST 2011</edited>
<value><point x="10504" y="14924"/></value>
<metadata author="">

</metadata>
</contour>
<contour name="Trail 12" class="PointContour" color="#ffa568" visible="true">
<created>Thu Mar 10 15:00:00 EST 2011</created>
<edited>Thu Mar 10 15:00:00 EST 2011</edited>
<value><point x="9415" y="12720"/></value>
<metadata author="">

</metadata>
</contour>
<contour name="Trail 127" class="PointContour" color="#ff9009" visible="true">
<created>Sun Mar 13 18:55:45 EDT 2011</created>
<edited>Sun Mar 13 18:55:45 EDT 2011</edited>
<value><point x="13945" y="18342"/></value>
<metadata author="">

</metadata>
</contour>
<contour name="Trail 134" class="PointContour" color="#0954ff" visible="true">
<created>Sun Mar 13 19:50:47 EDT 2011</created>
<edited>Sun Mar 13 19:50:47 EDT 2011</edited>
<value><point x="11923" y="16399"/></value>
<metadata author="">

</metadata>
</contour>
<contour name="Trail 146" class="PointContour" color="#a3c6ff" visible="true">
<created>Mon Mar 14 11:34:04 EDT 2011</created>
<edited>Mon Mar 14 11:34:04 EDT 2011</edited>
<value><point x="17325" y="18350"/></value>
<metadata author="">

</metadata>
</contour>
</contours>