<!--Last edited: 2011/03/14 19:51:15-->
<contours>
<contour name="Process 420" class="PointContour" color="#4fe1fe" visible="true">
<created>Wed Nov 24 16:51:06 EST 2010</created>
<edited>Wed Nov 24 16:51:06 EST 2010</edited>
<value><point x="10384" y="17631"/></value>
<metadata author="">

</metadata>
</contour>
<contour name="Process 421" class="PointContour" color="#e61dae" visible="true">
<created>Wed Nov 24 17:05:48 EST 2010</created>
<edited>Wed Nov 24 17:05:48 EST 2010</edited>
<value><point x="9749" y="17536"/></value>
<metadata author="">

</metadata>
</contour>
<contour name="Process 422" class="PointContour" color="#f8e1f2" visible="true">
<created>Wed Nov 24 17:19:32 EST 2010</created>
<edited>Wed Nov 24 17:19:32 EST 2010</edited>
<value><point x="9215" y="17565"/></value>
<metadata author="">

</metadata>
</contour>
<contour name="Process 424" class="PointContour" color="#f4ed50" visible="true">
<created>Wed Nov 24 18:02:27 EST 2010</created>
<edited>Wed Nov 24 18:02:27 EST 2010</edited>
<value><point x="10422" y="17579"/></value>
<metadata author="">

</metadata>
</contour>
<contour name="Process 425" class="PointContour" color="#b3923c" visible="true">
<created>Wed Nov 24 18:58:28 EST 2010</created>
<edited>Wed Nov 24 18:58:28 EST 2010</edited>
<value><point x="9324" y="18094"/></value>
<metadata author="">

</metadata>
</contour>
<contour name="Process 426" class="PointContour" color="#a969fa" visible="true">
<created>Wed Nov 24 19:14:55 EST 2010</created>
<edited>Wed Nov 24 19:14:55 EST 2010</edited>
<value><point x="9821" y="20157"/></value>
<metadata author="">

</metadata>
</contour>
<contour name="Process 427" class="PointContour" color="#2e69d9" visible="true">
<created>Wed Nov 24 19:26:55 EST 2010</created>
<edited>Wed Nov 24 19:26:55 EST 2010</edited>
<value><point x="8885" y="20503"/></value>
<metadata author="">

</metadata>
</contour>
<contour name="Process 428" class="PointContour" color="#fd30e1" visible="true">
<created>Wed Nov 24 19:51:58 EST 2010</created>
<edited>Wed Nov 24 19:51:58 EST 2010</edited>
<value><point x="10096" y="18581"/></value>
<metadata author="">

</metadata>
</contour>
<contour name="Process 429" class="PointContour" color="#bffe24" visible="true">
<created>Wed Nov 24 20:04:10 EST 2010</created>
<edited>Wed Nov 24 20:04:10 EST 2010</edited>
<value><point x="5642" y="17711"/></value>
<metadata author="">

</metadata>
</contour>
<contour name="Process 431" class="PointContour" color="#a298f6" visible="true">
<created>Wed Nov 24 20:22:52 EST 2010</created>
<edited>Wed Nov 24 20:22:52 EST 2010</edited>
<value><point x="10141" y="19957"/></value>
<metadata author="">

</metadata>
</contour>
<contour name="Process 432" class="PointContour" color="#350959" visible="true">
<created>Wed Nov 24 23:38:49 EST 2010</created>
<edited>Wed Nov 24 23:38:49 EST 2010</edited>
<value><point x="8410" y="21449"/></value>
<metadata author="">

</metadata>
</contour>
<contour name="Process 432" class="PointContour" color="#350959" visible="true">
<created>Wed Nov 24 23:39:10 EST 2010</created>
<edited>Wed Nov 24 23:39:10 EST 2010</edited>
<value><point x="7945" y="21668"/></value>
<metadata author="">

</metadata>
</contour>
<contour name="Process 432" class="PointContour" color="#350959" visible="true">
<created>Wed Nov 24 23:39:25 EST 2010</created>
<edited>Wed Nov 24 23:39:25 EST 2010</edited>
<value><point x="7641" y="21920"/></value>
<metadata author="">

</metadata>
</contour>
<contour name="Process 432" class="PointContour" color="#350959" visible="true">
<created>Wed Nov 24 23:39:58 EST 2010</created>
<edited>Wed Nov 24 23:39:58 EST 2010</edited>
<value><point x="6914" y="22453"/></value>
<metadata author="">

</metadata>
</contour>
<contour name="Process 432" class="PointContour" color="#350959" visible="true">
<created>Wed Nov 24 23:42:42 EST 2010</created>
<edited>Wed Nov 24 23:42:42 EST 2010</edited>
<value><point x="6407" y="22907"/></value>
<metadata author="">

</metadata>
</contour>
<contour name="Process 434" class="PointContour" color="#8a9f56" visible="true">
<created>Thu Nov 25 00:02:35 EST 2010</created>
<edited>Thu Nov 25 00:02:35 EST 2010</edited>
<value><point x="10639" y="18436"/></value>
<metadata author="">

</metadata>
</contour>
<contour name="Process 435" class="PointContour" color="#0430ee" visible="true">
<created>Thu Nov 25 00:12:36 EST 2010</created>
<edited>Thu Nov 25 00:12:36 EST 2010</edited>
<value><point x="10068" y="15568"/></value>
<metadata author="">

</metadata>
</contour>
<contour name="Process 441" class="PointContour" color="#d89428" visible="true">
<created>Thu Nov 25 14:41:57 EST 2010</created>
<edited>Thu Nov 25 14:41:57 EST 2010</edited>
<value><point x="13062" y="16203"/></value>
<metadata author="">

</metadata>
</contour>
<contour name="Process 443" class="PointContour" color="#a38ff2" visible="true">
<created>Thu Nov 25 19:25:52 EST 2010</created>
<edited>Thu Nov 25 19:25:52 EST 2010</edited>
<value><point x="10819" y="17199"/></value>
<metadata author="">

</metadata>
</contour>
<contour name="Process 449" class="PointContour" color="#697c74" visible="true">
<created>Fri Nov 26 18:01:12 EST 2010</created>
<edited>Fri Nov 26 18:01:12 EST 2010</edited>
<value><point x="11243" y="18890"/></value>
<metadata author="">

</metadata>
</contour>
<contour name="Process 449" class="PointContour" color="#697c74" visible="true">
<created>Fri Nov 26 18:11:17 EST 2010</created>
<edited>Fri Nov 26 18:11:17 EST 2010</edited>
<value><point x="11086" y="20042"/></value>
<metadata author="">

</metadata>
</contour>
<contour name="Process 450" class="PointContour" color="#866c5b" visible="true">
<created>Fri Nov 26 21:01:36 EST 2010</created>
<edited>Fri Nov 26 21:01:36 EST 2010</edited>
<value><point x="12071" y="16661"/></value>
<metadata author="">

</metadata>
</contour>
<contour name="Process 451" class="PointContour" color="#bcad85" visible="true">
<created>Fri Nov 26 21:11:13 EST 2010</created>
<edited>Fri Nov 26 21:11:13 EST 2010</edited>
<value><point x="12886" y="16253"/></value>
<metadata author="">

</metadata>
</contour>
<contour name="Process 455" class="PointContour" color="#d456a5" visible="true">
<created>Sat Nov 27 12:37:30 EST 2010</created>
<edited>Sat Nov 27 12:37:30 EST 2010</edited>
<value><point x="10915" y="18615"/></value>
<metadata author="">

</metadata>
</contour>
<contour name="Process 456" class="PointContour" color="#cbbd91" visible="true">
<created>Sat Nov 27 12:47:14 EST 2010</created>
<edited>Sat Nov 27 12:47:14 EST 2010</edited>
<value><point x="12606" y="18796"/></value>
<metadata author="">

</metadata>
</contour>
<contour name="Process 457" class="PointContour" color="#f8a74f" visible="true">
<created>Sat Nov 27 12:57:27 EST 2010</created>
<edited>Sat Nov 27 12:57:27 EST 2010</edited>
<value><point x="12637" y="18914"/></value>
<metadata author="">

</metadata>
</contour>
<contour name="Process 458" class="PointContour" color="#10a180" visible="true">
<created>Sat Nov 27 13:07:49 EST 2010</created>
<edited>Sat Nov 27 13:07:49 EST 2010</edited>
<value><point x="11919" y="18896"/></value>
<metadata author="">

</metadata>
</contour>
<contour name="Process 459" class="PointContour" color="#15a084" visible="true">
<created>Sat Nov 27 14:11:41 EST 2010</created>
<edited>Sat Nov 27 14:11:41 EST 2010</edited>
<value><point x="11461" y="19277"/></value>
<metadata author="">

</metadata>
</contour>
<contour name="Process 460" class="PointContour" color="#782b43" visible="true">
<created>Fri Dec 03 15:15:36 EST 2010</created>
<edited>Fri Dec 03 15:15:36 EST 2010</edited>
<value><point x="15018" y="17126"/></value>
<metadata author="">

</metadata>
</contour>
<contour name="Process 461" class="PointContour" color="#65d5e9" visible="true">
<created>Fri Dec 03 23:25:22 EST 2010</created>
<edited>Fri Dec 03 23:25:22 EST 2010</edited>
<value><point x="18286" y="12038"/></value>
<metadata author="">

</metadata>
</contour>
<contour name="Process 461" class="PointContour" color="#65d5e9" visible="true">
<created>Fri Dec 03 23:26:00 EST 2010</created>
<edited>Fri Dec 03 23:26:00 EST 2010</edited>
<value><point x="19328" y="11252"/></value>
<metadata author="">

</metadata>
</contour>
<contour name="Process 465" class="PointContour" color="#ae4a09" visible="true">
<created>Fri Dec 03 23:55:23 EST 2010</created>
<edited>Fri Dec 03 23:55:23 EST 2010</edited>
<value><point x="12271" y="17246"/></value>
<metadata author="">

</metadata>
</contour>
<contour name="Process 466" class="PointContour" color="#722e57" visible="true">
<created>Sat Dec 04 00:05:10 EST 2010</created>
<edited>Sat Dec 04 00:05:10 EST 2010</edited>
<value><point x="10829" y="16611"/></value>
<metadata author="">

</metadata>
</contour>
<contour name="Process 469" class="PointContour" color="#7f3a2b" visible="true">
<created>Sat Dec 04 00:28:39 EST 2010</created>
<edited>Sat Dec 04 00:28:39 EST 2010</edited>
<value><point x="11388" y="20163"/></value>
<metadata author="">

</metadata>
</contour>
<contour name="Process 470" class="PointContour" color="#266149" visible="true">
<created>Sat Dec 04 13:31:31 EST 2010</created>
<edited>Sat Dec 04 13:31:31 EST 2010</edited>
<value><point x="10672" y="18103"/></value>
<metadata author="">

</metadata>
</contour>
<contour name="Process 471" class="PointContour" color="#da4772" visible="true">
<created>Sat Dec 04 13:38:31 EST 2010</created>
<edited>Sat Dec 04 13:38:31 EST 2010</edited>
<value><point x="9911" y="17125"/></value>
<metadata author="">

</metadata>
</contour>
<contour name="Process 472" class="PointContour" color="#83f028" visible="true">
<created>Sat Dec 04 13:48:22 EST 2010</created>
<edited>Sat Dec 04 13:48:22 EST 2010</edited>
<value><point x="5789" y="15755"/></value>
<metadata author="">

</metadata>
</contour>
<contour name="Process 472" class="PointContour" color="#83f028" visible="true">
<created>Sat Dec 04 13:48:41 EST 2010</created>
<edited>Sat Dec 04 13:48:41 EST 2010</edited>
<value><point x="4959" y="15429"/></value>
<metadata author="">

</metadata>
</contour>
<contour name="Process 472" class="PointContour" color="#83f028" visible="true">
<created>Sat Dec 04 13:50:02 EST 2010</created>
<edited>Sat Dec 04 13:50:02 EST 2010</edited>
<value><point x="4348" y="15186"/></value>
<metadata author="">

</metadata>
</contour>
<contour name="Process 473" class="PointContour" color="#811f28" visible="true">
<created>Tue Feb 08 14:00:28 EST 2011</created>
<edited>Tue Feb 08 14:00:28 EST 2011</edited>
<value><point x="12866" y="20162"/></value>
<metadata author="">

</metadata>
</contour>
<contour name="Process 478" class="PointContour" color="#4bab49" visible="true">
<created>Tue Feb 08 15:10:22 EST 2011</created>
<edited>Tue Feb 08 15:10:22 EST 2011</edited>
<value><point x="12689" y="20039"/></value>
<metadata author="">

</metadata>
</contour>
<contour name="Process 480" class="PointContour" color="#ace8dd" visible="true">
<created>Tue Feb 08 15:28:46 EST 2011</created>
<edited>Tue Feb 08 15:28:46 EST 2011</edited>
<value><point x="10088" y="20036"/></value>
<metadata author="">

</metadata>
</contour>
<contour name="Process 481" class="PointContour" color="#51749d" visible="true">
<created>Tue Feb 08 15:52:01 EST 2011</created>
<edited>Tue Feb 08 15:52:01 EST 2011</edited>
<value><point x="11332" y="20092"/></value>
<metadata author="">

</metadata>
</contour>
<contour name="Process 482" class="PointContour" color="#965dda" visible="true">
<created>Tue Feb 08 16:44:15 EST 2011</created>
<edited>Tue Feb 08 16:44:15 EST 2011</edited>
<value><point x="13361" y="20406"/></value>
<metadata author="">

</metadata>
</contour>
<contour name="Process 482" class="PointContour" color="#965dda" visible="true">
<created>Tue Feb 08 16:44:40 EST 2011</created>
<edited>Tue Feb 08 16:44:40 EST 2011</edited>
<value><point x="13809" y="21318"/></value>
<metadata author="">

</metadata>
</contour>
<contour name="Process 488" class="PointContour" color="#e590b3" visible="true">
<created>Wed Feb 09 10:43:56 EST 2011</created>
<edited>Wed Feb 09 10:43:56 EST 2011</edited>
<value><point x="12785" y="20098"/></value>
<metadata author="">

</metadata>
</contour>
<contour name="Process 493" class="PointContour" color="#754904" visible="true">
<created>Wed Feb 09 15:43:55 EST 2011</created>
<edited>Wed Feb 09 15:43:55 EST 2011</edited>
<value><point x="11104" y="20213"/></value>
<metadata author="">

</metadata>
</contour>
<contour name="Process 493" class="PointContour" color="#754904" visible="true">
<created>Wed Feb 09 15:44:52 EST 2011</created>
<edited>Wed Feb 09 15:44:52 EST 2011</edited>
<value><point x="10236" y="21058"/></value>
<metadata author="">

</metadata>
</contour>
<contour name="Process 493" class="PointContour" color="#754904" visible="true">
<created>Wed Feb 09 15:47:15 EST 2011</created>
<edited>Wed Feb 09 15:47:15 EST 2011</edited>
<value><point x="8792" y="23096"/></value>
<metadata author="">

</metadata>
</contour>
<contour name="Process 526" class="PointContour" color="#8d24e6" visible="true">
<created>Fri Feb 11 17:27:03 EST 2011</created>
<edited>Fri Feb 11 17:27:03 EST 2011</edited>
<value><point x="12748" y="19032"/></value>
<metadata author="">

</metadata>
</contour>
<contour name="Trail 527" class="PointContour" color="#453b96" visible="true">
<created>Mon Feb 14 10:53:25 EST 2011</created>
<edited>Mon Feb 14 10:53:25 EST 2011</edited>
<value><point x="13360" y="19030"/></value>
<metadata author="">

</metadata>
</contour>
<contour name="Trail 527" class="PointContour" color="#453b96" visible="true">
<created>Mon Feb 14 10:53:25 EST 2011</created>
<edited>Mon Feb 14 10:53:25 EST 2011</edited>
<value><point x="13360" y="19030"/></value>
<metadata author="">

</metadata>
</contour>
<contour name="Trail 529" class="PointContour" color="#1ca7ed" visible="true">
<created>Mon Feb 14 11:32:51 EST 2011</created>
<edited>Mon Feb 14 11:32:51 EST 2011</edited>
<value><point x="11320" y="19135"/></value>
<metadata author="">

</metadata>
</contour>
<contour name="Trail 530" class="PointContour" color="#d5e631" visible="true">
<created>Mon Feb 14 11:38:26 EST 2011</created>
<edited>Mon Feb 14 11:38:26 EST 2011</edited>
<value><point x="11306" y="19216"/></value>
<metadata author="">

</metadata>
</contour>
<contour name="Trail 532" class="PointContour" color="#fabd81" visible="true">
<created>Mon Feb 14 11:46:26 EST 2011</created>
<edited>Mon Feb 14 11:46:26 EST 2011</edited>
<value><point x="11377" y="19296"/></value>
<metadata author="">

</metadata>
</contour>
<contour name="Trail 533" class="PointContour" color="#3e79a5" visible="true">
<created>Mon Feb 14 11:59:07 EST 2011</created>
<edited>Mon Feb 14 11:59:07 EST 2011</edited>
<value><point x="11914" y="18672"/></value>
<metadata author="">

</metadata>
</contour>
<contour name="Trail 533" class="PointContour" color="#3e79a5" visible="true">
<created>Mon Feb 14 12:00:35 EST 2011</created>
<edited>Mon Feb 14 12:00:35 EST 2011</edited>
<value><point x="13540" y="18113"/></value>
<metadata author="">

</metadata>
</contour>
<contour name="Trail 534" class="PointContour" color="#001c95" visible="true">
<created>Mon Feb 14 12:10:11 EST 2011</created>
<edited>Mon Feb 14 12:10:11 EST 2011</edited>
<value><point x="11869" y="18931"/></value>
<metadata author="">

</metadata>
</contour>
<contour name="Trail 535" class="PointContour" color="#bcc72b" visible="true">
<created>Mon Feb 14 12:55:09 EST 2011</created>
<edited>Mon Feb 14 12:55:09 EST 2011</edited>
<value><point x="11461" y="19313"/></value>
<metadata author="">

</metadata>
</contour>
<contour name="Trail 65" class="PointContour" color="#e3ff0e" visible="true">
<created>Mon Feb 14 15:02:27 EST 2011</created>
<edited>Mon Feb 14 15:02:27 EST 2011</edited>
<value><point x="12203" y="19021"/></value>
<metadata author="">

</metadata>
</contour>
<contour name="Trail 115" class="PointContour" color="#cbff04" visible="true">
<created>Mon Feb 14 15:32:46 EST 2011</created>
<edited>Mon Feb 14 15:32:46 EST 2011</edited>
<value><point x="12322" y="18953"/></value>
<metadata author="">

</metadata>
</contour>
<contour name="Trail 94" class="PointContour" color="#beff05" visible="true">
<created>Mon Feb 14 15:49:03 EST 2011</created>
<edited>Mon Feb 14 15:49:03 EST 2011</edited>
<value><point x="11240" y="19157"/></value>
<metadata author="">

</metadata>
</contour>
<contour name="Trail 49" class="PointContour" color="#4053cc" visible="true">
<created>Mon Feb 14 15:56:03 EST 2011</created>
<edited>Mon Feb 14 15:56:03 EST 2011</edited>
<value><point x="11640" y="18548"/></value>
<metadata author="">

</metadata>
</contour>
<contour name="Trail 159" class="PointContour" color="#afff08" visible="true">
<created>Mon Feb 14 16:05:06 EST 2011</created>
<edited>Mon Feb 14 16:05:06 EST 2011</edited>
<value><point x="11204" y="18441"/></value>
<metadata author="">

</metadata>
</contour>
<contour name="Trail 26" class="PointContour" color="#c21ebd" visible="true">
<created>Tue Feb 15 11:57:03 EST 2011</created>
<edited>Tue Feb 15 11:57:03 EST 2011</edited>
<value><point x="12151" y="18510"/></value>
<metadata author="">

</metadata>
</contour>
<contour name="Trail 38" class="PointContour" color="#f7edc9" visible="true">
<created>Tue Feb 15 12:01:45 EST 2011</created>
<edited>Tue Feb 15 12:01:45 EST 2011</edited>
<value><point x="12052" y="18391"/></value>
<metadata author="">

</metadata>
</contour>
<contour name="Trail 52" class="PointContour" color="#b10aff" visible="true">
<created>Tue Feb 15 12:17:21 EST 2011</created>
<edited>Tue Feb 15 12:17:21 EST 2011</edited>
<value><point x="12180" y="18404"/></value>
<metadata author="">

</metadata>
</contour>
<contour name="Trail 40" class="PointContour" color="#c4f7b5" visible="true">
<created>Tue Feb 15 12:21:22 EST 2011</created>
<edited>Tue Feb 15 12:21:22 EST 2011</edited>
<value><point x="12252" y="18208"/></value>
<metadata author="">

</metadata>
</contour>
<contour name="Trail 45" class="PointContour" color="#80d2ff" visible="true">
<created>Tue Feb 15 12:28:38 EST 2011</created>
<edited>Tue Feb 15 12:28:38 EST 2011</edited>
<value><point x="11537" y="17983"/></value>
<metadata author="">

</metadata>
</contour>
<contour name="Trail 86" class="PointContour" color="#ff067f" visible="true">
<created>Tue Feb 15 14:16:55 EST 2011</created>
<edited>Tue Feb 15 14:16:55 EST 2011</edited>
<value><point x="11594" y="18231"/></value>
<metadata author="">

</metadata>
</contour>
<contour name="Trail 86" class="PointContour" color="#ff067f" visible="true">
<created>Tue Feb 15 14:17:18 EST 2011</created>
<edited>Tue Feb 15 14:17:18 EST 2011</edited>
<value><point x="11597" y="17721"/></value>
<metadata author="">

</metadata>
</contour>
<contour name="Trail 18" class="PointContour" color="#ff5cb4" visible="true">
<created>Tue Feb 15 14:44:43 EST 2011</created>
<edited>Tue Feb 15 14:44:43 EST 2011</edited>
<value><point x="10947" y="18433"/></value>
<metadata author="">

</metadata>
</contour>
<contour name="Trail 97" class="PointContour" color="#05ff95" visible="true">
<created>Tue Feb 15 14:48:11 EST 2011</created>
<edited>Tue Feb 15 14:48:11 EST 2011</edited>
<value><point x="8620" y="17781"/></value>
<metadata author="">

</metadata>
</contour>
<contour name="Trail 39" class="PointContour" color="#a4f7f2" visible="true">
<created>Tue Feb 15 14:52:09 EST 2011</created>
<edited>Tue Feb 15 14:52:09 EST 2011</edited>
<value><point x="11391" y="18226"/></value>
<metadata author="">

</metadata>
</contour>
<contour name="Trail 205" class="PointContour" color="#0ddcff" visible="true">
<created>Tue Feb 15 15:00:05 EST 2011</created>
<edited>Tue Feb 15 15:00:05 EST 2011</edited>
<value><point x="12133" y="17982"/></value>
<metadata author="">

</metadata>
</contour>
<contour name="Trail 205" class="PointContour" color="#0ddcff" visible="true">
<created>Tue Feb 15 15:00:05 EST 2011</created>
<edited>Tue Feb 15 15:00:05 EST 2011</edited>
<value><point x="12133" y="17982"/></value>
<metadata author="">

</metadata>
</contour>
<contour name="Trail 53" class="PointContour" color="#d507ff" visible="true">
<created>Tue Feb 15 16:23:30 EST 2011</created>
<edited>Tue Feb 15 16:23:30 EST 2011</edited>
<value><point x="12428" y="18645"/></value>
<metadata author="">

</metadata>
</contour>
<contour name="Trail 8" class="PointContour" color="#2d23ff" visible="true">
<created>Thu Feb 17 10:12:17 EST 2011</created>
<edited>Thu Feb 17 10:12:17 EST 2011</edited>
<value><point x="12209" y="18451"/></value>
<metadata author="">

</metadata>
</contour>
<contour name="Trail 15" class="PointContour" color="#46ffdc" visible="true">
<created>Thu Feb 17 10:19:13 EST 2011</created>
<edited>Thu Feb 17 10:19:13 EST 2011</edited>
<value><point x="11565" y="17939"/></value>
<metadata author="">

</metadata>
</contour>
<contour name="Trail 15" class="PointContour" color="#46ffdc" visible="true">
<created>Thu Feb 17 10:54:52 EST 2011</created>
<edited>Thu Feb 17 10:54:52 EST 2011</edited>
<value><point x="10153" y="16173"/></value>
<metadata author="">

</metadata>
</contour>
<contour name="Trail 96" class="PointContour" color="#55ff01" visible="true">
<created>Thu Feb 17 11:14:48 EST 2011</created>
<edited>Thu Feb 17 11:14:48 EST 2011</edited>
<value><point x="11263" y="19220"/></value>
<metadata author="">

</metadata>
</contour>
<contour name="Trail 12" class="PointContour" color="#ffa568" visible="true">
<created>Thu Mar 10 14:16:13 EST 2011</created>
<edited>Thu Mar 10 14:16:13 EST 2011</edited>
<value><point x="12618" y="18724"/></value>
<metadata author="">

</metadata>
</contour>
<contour name="Trail 25" class="PointContour" color="#448fc2" visible="true">
<created>Thu Mar 10 16:50:22 EST 2011</created>
<edited>Thu Mar 10 16:50:22 EST 2011</edited>
<value><point x="11145" y="17997"/></value>
<metadata author="">

</metadata>
</contour>
<contour name="Trail 33" class="PointContour" color="#f70fe0" visible="true">
<created>Sun Mar 13 16:39:31 EDT 2011</created>
<edited>Sun Mar 13 16:39:31 EDT 2011</edited>
<value><point x="11828" y="18126"/></value>
<metadata author="">

</metadata>
</contour>
<contour name="Trail 41" class="PointContour" color="#b2aff7" visible="true">
<created>Sun Mar 13 16:54:57 EDT 2011</created>
<edited>Sun Mar 13 16:54:57 EDT 2011</edited>
<value><point x="11561" y="17903"/></value>
<metadata author="">

</metadata>
</contour>
<contour name="Trail 127" class="PointContour" color="#ff9009" visible="true">
<created>Sun Mar 13 19:11:02 EDT 2011</created>
<edited>Sun Mar 13 19:11:02 EDT 2011</edited>
<value><point x="12203" y="18348"/></value>
<metadata author="">

</metadata>
</contour>
<contour name="Trail 134" class="PointContour" color="#0954ff" visible="true">
<created>Sun Mar 13 19:51:33 EDT 2011</created>
<edited>Sun Mar 13 19:51:33 EDT 2011</edited>
<value><point x="12208" y="15659"/></value>
<metadata author="">

</metadata>
</contour>
<contour name="Trail 134" class="PointContour" color="#0954ff" visible="true">
<created>Sun Mar 13 22:06:09 EDT 2011</created>
<edited>Sun Mar 13 22:06:09 EDT 2011</edited>
<value><point x="13257" y="19149"/></value>
<metadata author="">

</metadata>
</contour>
<contour name="Trail 134" class="PointContour" color="#0954ff" visible="true">
<created>Sun Mar 13 22:07:08 EDT 2011</created>
<edited>Sun Mar 13 22:07:08 EDT 2011</edited>
<value><point x="13122" y="20335"/></value>
<metadata author="">

</metadata>
</contour>
<contour name="Trail 146" class="PointContour" color="#a3c6ff" visible="true">
<created>Mon Mar 14 11:38:07 EDT 2011</created>
<edited>Mon Mar 14 11:38:07 EDT 2011</edited>
<value><point x="5441" y="18863"/></value>
<metadata author="">

</metadata>
</contour>
<contour name="Trail 146" class="PointContour" color="#a3c6ff" visible="true">
<created>Mon Mar 14 11:38:30 EDT 2011</created>
<edited>Mon Mar 14 11:38:30 EDT 2011</edited>
<value><point x="4086" y="19333"/></value>
<metadata author="">

</metadata>
</contour>
<contour name="Trail 146" class="PointContour" color="#a3c6ff" visible="true">
<created>Mon Mar 14 11:38:31 EDT 2011</created>
<edited>Mon Mar 14 11:38:31 EDT 2011</edited>
<value><point x="4086" y="19333"/></value>
<metadata author="">

</metadata>
</contour>
<contour name="Trail 187" class="PointContour" color="#afd2ff" visible="true">
<created>Mon Mar 14 11:50:08 EDT 2011</created>
<edited>Mon Mar 14 11:50:08 EDT 2011</edited>
<value><point x="8952" y="18860"/></value>
<metadata author="">

</metadata>
</contour>
<contour name="Process 4001" class="PointContour" color="#f9cbd2" visible="true">
<created>Sat Nov 13 19:14:15 EST 2010</created>
<edited>Sat Nov 13 19:14:15 EST 2010</edited>
<value><point x="10009" y="11363"/></value>
<metadata author="">

</metadata>
</contour>
<contour name="Process 4002" class="PointContour" color="#b2e18f" visible="true">
<created>Sat Nov 13 19:14:49 EST 2010</created>
<edited>Sat Nov 13 19:14:49 EST 2010</edited>
<value><point x="9935" y="11353"/></value>
<metadata author="">

</metadata>
</contour>
<contour name="Process 4003" class="PointContour" color="#df88bd" visible="true">
<created>Sat Nov 13 19:16:04 EST 2010</created>
<edited>Sat Nov 13 19:16:04 EST 2010</edited>
<value><point x="9845" y="11389"/></value>
<metadata author="">

</metadata>
</contour>
<contour name="Process 4004" class="PointContour" color="#abc72d" visible="true">
<created>Sat Nov 13 19:17:26 EST 2010</created>
<edited>Sat Nov 13 19:17:26 EST 2010</edited>
<value><point x="9875" y="11339"/></value>
<metadata author="">

</metadata>
</contour>
<contour name="Process 4005" class="PointContour" color="#3228bf" visible="true">
<created>Sat Nov 13 19:18:45 EST 2010</created>
<edited>Sat Nov 13 19:18:45 EST 2010</edited>
<value><point x="9753" y="11439"/></value>
<metadata author="">

</metadata>
</contour>
<contour name="Process 4006" class="PointContour" color="#f68502" visible="true">
<created>Sat Nov 13 19:22:24 EST 2010</created>
<edited>Sat Nov 13 19:22:24 EST 2010</edited>
<value><point x="10089" y="11467"/></value>
<metadata author="">

</metadata>
</contour>
<contour name="Process 4007" class="PointContour" color="#dacef2" visible="true">
<created>Sat Nov 13 19:23:51 EST 2010</created>
<edited>Sat Nov 13 19:23:51 EST 2010</edited>
<value><point x="9211" y="11675"/></value>
<metadata author="">

</metadata>
</contour>
<contour name="Process 4008" class="PointContour" color="#5ce99a" visible="true">
<created>Sat Nov 13 19:29:19 EST 2010</created>
<edited>Sat Nov 13 19:29:19 EST 2010</edited>
<value><point x="9283" y="11031"/></value>
<metadata author="">

</metadata>
</contour>
<contour name="Process 4009" class="PointContour" color="#6897dd" visible="true">
<created>Sat Nov 13 19:31:18 EST 2010</created>
<edited>Sat Nov 13 19:31:18 EST 2010</edited>
<value><point x="9373" y="11357"/></value>
<metadata author="">

</metadata>
</contour>
<contour name="Process 4010" class="PointContour" color="#b7d984" visible="true">
<created>Sat Nov 13 19:32:37 EST 2010</created>
<edited>Sat Nov 13 19:32:37 EST 2010</edited>
<value><point x="9289" y="11161"/></value>
<metadata author="">

</metadata>
</contour>
<contour name="Process 4011" class="PointContour" color="#f34753" visible="true">
<created>Sat Nov 13 19:33:26 EST 2010</created>
<edited>Sat Nov 13 19:33:26 EST 2010</edited>
<value><point x="9327" y="11241"/></value>
<metadata author="">

</metadata>
</contour>
<contour name="Process 4012" class="PointContour" color="#18e06d" visible="true">
<created>Sat Nov 13 20:02:18 EST 2010</created>
<edited>Sat Nov 13 20:02:18 EST 2010</edited>
<value><point x="9759" y="11363"/></value>
<metadata author="">

</metadata>
</contour>
<contour name="Process 4012" class="PointContour" color="#18e06d" visible="true">
<created>Sat Nov 13 20:02:32 EST 2010</created>
<edited>Sat Nov 13 20:02:32 EST 2010</edited>
<value><point x="9933" y="11493"/></value>
<metadata author="">

</metadata>
</contour>
<contour name="Process 4012" class="PointContour" color="#18e06d" visible="true">
<created>Sat Nov 13 20:04:07 EST 2010</created>
<edited>Sat Nov 13 20:04:07 EST 2010</edited>
<value><point x="10483" y="11819"/></value>
<metadata author="">

</metadata>
</contour>
<contour name="Process 4012" class="PointContour" color="#18e06d" visible="true">
<created>Sat Nov 13 20:04:20 EST 2010</created>
<edited>Sat Nov 13 20:04:20 EST 2010</edited>
<value><point x="10661" y="12017"/></value>
<metadata author="">

</metadata>
</contour>
<contour name="Process 4013" class="PointContour" color="#3b5f31" visible="true">
<created>Sat Nov 13 20:05:37 EST 2010</created>
<edited>Sat Nov 13 20:05:37 EST 2010</edited>
<value><point x="9809" y="11269"/></value>
<metadata author="">

</metadata>
</contour>
<contour name="Process 4014" class="PointContour" color="#878ce0" visible="true">
<created>Sat Nov 13 20:08:20 EST 2010</created>
<edited>Sat Nov 13 20:08:20 EST 2010</edited>
<value><point x="9241" y="10905"/></value>
<metadata author="">

</metadata>
</contour>
<contour name="Process 4015" class="PointContour" color="#c066de" visible="true">
<created>Sun Nov 14 00:06:53 EST 2010</created>
<edited>Sun Nov 14 00:06:53 EST 2010</edited>
<value><point x="9247" y="10957"/></value>
<metadata author="">

</metadata>
</contour>
<contour name="Process 4016" class="PointContour" color="#9a4c22" visible="true">
<created>Sun Nov 14 00:08:07 EST 2010</created>
<edited>Sun Nov 14 00:08:07 EST 2010</edited>
<value><point x="9141" y="10889"/></value>
<metadata author="">

</metadata>
</contour>
<contour name="Process 4017" class="PointContour" color="#d97332" visible="true">
<created>Sun Nov 14 00:11:46 EST 2010</created>
<edited>Sun Nov 14 00:11:46 EST 2010</edited>
<value><point x="9203" y="10941"/></value>
<metadata author="">

</metadata>
</contour>
<contour name="Process 4018" class="PointContour" color="#ce95d9" visible="true">
<created>Sun Nov 14 00:12:48 EST 2010</created>
<edited>Sun Nov 14 00:12:48 EST 2010</edited>
<value><point x="9037" y="11033"/></value>
<metadata author="">

</metadata>
</contour>
<contour name="Process 4019" class="PointContour" color="#810191" visible="true">
<created>Sun Nov 14 00:14:31 EST 2010</created>
<edited>Sun Nov 14 00:14:31 EST 2010</edited>
<value><point x="9837" y="11477"/></value>
<metadata author="">

</metadata>
</contour>
<contour name="Process 4020" class="PointContour" color="#956e4b" visible="true">
<created>Sun Nov 14 00:16:52 EST 2010</created>
<edited>Sun Nov 14 00:16:52 EST 2010</edited>
<value><point x="9927" y="11413"/></value>
<metadata author="">

</metadata>
</contour>
<contour name="Process 4021" class="PointContour" color="#ac1888" visible="true">
<created>Sun Nov 14 00:18:34 EST 2010</created>
<edited>Sun Nov 14 00:18:34 EST 2010</edited>
<value><point x="10005" y="11651"/></value>
<metadata author="">

</metadata>
</contour>
<contour name="Process 4022" class="PointContour" color="#cdd632" visible="true">
<created>Sun Nov 14 00:20:12 EST 2010</created>
<edited>Sun Nov 14 00:20:12 EST 2010</edited>
<value><point x="10153" y="11713"/></value>
<metadata author="">

</metadata>
</contour>
<contour name="Process 4023" class="PointContour" color="#b7d299" visible="true">
<created>Sun Nov 14 00:21:53 EST 2010</created>
<edited>Sun Nov 14 00:21:53 EST 2010</edited>
<value><point x="10143" y="11553"/></value>
<metadata author="">

</metadata>
</contour>
<contour name="Process 4024" class="PointContour" color="#067702" visible="true">
<created>Sun Nov 14 00:23:34 EST 2010</created>
<edited>Sun Nov 14 00:23:34 EST 2010</edited>
<value><point x="9587" y="11323"/></value>
<metadata author="">

</metadata>
</contour>
<contour name="Process 4025" class="PointContour" color="#c5aafd" visible="true">
<created>Sun Nov 14 00:25:19 EST 2010</created>
<edited>Sun Nov 14 00:25:19 EST 2010</edited>
<value><point x="10067" y="11417"/></value>
<metadata author="">

</metadata>
</contour>
<contour name="Process 4026" class="PointContour" color="#5cde64" visible="true">
<created>Sun Nov 14 00:26:51 EST 2010</created>
<edited>Sun Nov 14 00:26:51 EST 2010</edited>
<value><point x="10291" y="11541"/></value>
<metadata author="">

</metadata>
</contour>
<contour name="Process 4027" class="PointContour" color="#568503" visible="true">
<created>Sun Nov 14 08:28:30 EST 2010</created>
<edited>Sun Nov 14 08:28:30 EST 2010</edited>
<value><point x="10189" y="11749"/></value>
<metadata author="">

</metadata>
</contour>
<contour name="Process 4030" class="PointContour" color="#a4ab48" visible="true">
<created>Sun Nov 14 13:54:47 EST 2010</created>
<edited>Sun Nov 14 13:54:47 EST 2010</edited>
<value><point x="10543" y="11799"/></value>
<metadata author="">

</metadata>
</contour>
<contour name="Process 4030" class="PointContour" color="#a4ab48" visible="true">
<created>Sun Nov 14 13:55:09 EST 2010</created>
<edited>Sun Nov 14 13:55:09 EST 2010</edited>
<value><point x="10773" y="11965"/></value>
<metadata author="">

</metadata>
</contour>
<contour name="Process 4031" class="PointContour" color="#0c4b3b" visible="true">
<created>Sun Nov 14 13:55:50 EST 2010</created>
<edited>Sun Nov 14 13:55:50 EST 2010</edited>
<value><point x="10537" y="11351"/></value>
<metadata author="">

</metadata>
</contour>
<contour name="Process 4032" class="PointContour" color="#6c8def" visible="true">
<created>Sun Nov 14 13:56:31 EST 2010</created>
<edited>Sun Nov 14 13:56:31 EST 2010</edited>
<value><point x="10469" y="11295"/></value>
<metadata author="">

</metadata>
</contour>
<contour name="Process 4033" class="PointContour" color="#4958fb" visible="true">
<created>Sun Nov 14 13:57:35 EST 2010</created>
<edited>Sun Nov 14 13:57:35 EST 2010</edited>
<value><point x="10595" y="11307"/></value>
<metadata author="">

</metadata>
</contour>
<contour name="Process 4034" class="PointContour" color="#726115" visible="true">
<created>Sun Nov 14 13:58:32 EST 2010</created>
<edited>Sun Nov 14 13:58:32 EST 2010</edited>
<value><point x="9891" y="11663"/></value>
<metadata author="">

</metadata>
</contour>
<contour name="Process 4034" class="PointContour" color="#726115" visible="true">
<created>Sun Nov 14 13:58:48 EST 2010</created>
<edited>Sun Nov 14 13:58:48 EST 2010</edited>
<value><point x="9445" y="11461"/></value>
<metadata author="">

</metadata>
</contour>
<contour name="Process 4035" class="PointContour" color="#758ccd" visible="true">
<created>Sun Nov 14 14:00:29 EST 2010</created>
<edited>Sun Nov 14 14:00:29 EST 2010</edited>
<value><point x="10553" y="11737"/></value>
<metadata author="">

</metadata>
</contour>
<contour name="Process 4036" class="PointContour" color="#cfadea" visible="true">
<created>Sun Nov 14 14:01:38 EST 2010</created>
<edited>Sun Nov 14 14:01:38 EST 2010</edited>
<value><point x="10693" y="11717"/></value>
<metadata author="">

</metadata>
</contour>
<contour name="Process 4037" class="PointContour" color="#3c0995" visible="true">
<created>Sun Nov 14 14:02:03 EST 2010</created>
<edited>Sun Nov 14 14:02:03 EST 2010</edited>
<value><point x="10637" y="11761"/></value>
<metadata author="">

</metadata>
</contour>
<contour name="Process 4038" class="PointContour" color="#f26a12" visible="true">
<created>Sun Nov 14 14:03:00 EST 2010</created>
<edited>Sun Nov 14 14:03:00 EST 2010</edited>
<value><point x="9041" y="11157"/></value>
<metadata author="">

</metadata>
</contour>
<contour name="Process 4039" class="PointContour" color="#936af3" visible="true">
<created>Sun Nov 14 14:03:38 EST 2010</created>
<edited>Sun Nov 14 14:03:38 EST 2010</edited>
<value><point x="10439" y="11697"/></value>
<metadata author="">

</metadata>
</contour>
<contour name="Process 4040" class="PointContour" color="#6c4e54" visible="true">
<created>Sun Nov 14 17:32:36 EST 2010</created>
<edited>Sun Nov 14 17:32:36 EST 2010</edited>
<value><point x="10703" y="11381"/></value>
<metadata author="">

</metadata>
</contour>
<contour name="Process 4041" class="PointContour" color="#bd029b" visible="true">
<created>Sun Nov 14 17:33:29 EST 2010</created>
<edited>Sun Nov 14 17:33:29 EST 2010</edited>
<value><point x="10739" y="11823"/></value>
<metadata author="">

</metadata>
</contour>
<contour name="Process 4042" class="PointContour" color="#62e086" visible="true">
<created>Sun Nov 14 17:34:38 EST 2010</created>
<edited>Sun Nov 14 17:34:38 EST 2010</edited>
<value><point x="10829" y="11839"/></value>
<metadata author="">

</metadata>
</contour>
<contour name="Process 4043" class="PointContour" color="#1e7bdd" visible="true">
<created>Sun Nov 14 17:37:08 EST 2010</created>
<edited>Sun Nov 14 17:37:08 EST 2010</edited>
<value><point x="10825" y="11731"/></value>
<metadata author="">

</metadata>
</contour>
<contour name="Process 4045" class="PointContour" color="#e4b561" visible="true">
<created>Sun Nov 14 17:38:23 EST 2010</created>
<edited>Sun Nov 14 17:38:23 EST 2010</edited>
<value><point x="10033" y="11745"/></value>
<metadata author="">

</metadata>
</contour>
<contour name="Process 4046" class="PointContour" color="#440df9" visible="true">
<created>Sun Nov 14 17:41:09 EST 2010</created>
<edited>Sun Nov 14 17:41:09 EST 2010</edited>
<value><point x="10097" y="11807"/></value>
<metadata author="">

</metadata>
</contour>
<contour name="Process 4047" class="PointContour" color="#3e3ee2" visible="true">
<created>Sun Nov 14 17:43:44 EST 2010</created>
<edited>Sun Nov 14 17:43:44 EST 2010</edited>
<value><point x="10619" y="11329"/></value>
<metadata author="">

</metadata>
</contour>
<contour name="Process 4048" class="PointContour" color="#d6f249" visible="true">
<created>Sun Nov 14 17:45:12 EST 2010</created>
<edited>Sun Nov 14 17:45:12 EST 2010</edited>
<value><point x="10807" y="11253"/></value>
<metadata author="">

</metadata>
</contour>
<contour name="Process 4049" class="PointContour" color="#6fc1f2" visible="true">
<created>Sun Nov 14 17:46:03 EST 2010</created>
<edited>Sun Nov 14 17:46:03 EST 2010</edited>
<value><point x="10187" y="11871"/></value>
<metadata author="">

</metadata>
</contour>
<contour name="Process 4050" class="PointContour" color="#32f9a3" visible="true">
<created>Sun Nov 14 17:48:59 EST 2010</created>
<edited>Sun Nov 14 17:48:59 EST 2010</edited>
<value><point x="10105" y="11677"/></value>
<metadata author="">

</metadata>
</contour>
<contour name="Process 4050" class="PointContour" color="#32f9a3" visible="true">
<created>Sun Nov 14 17:50:56 EST 2010</created>
<edited>Sun Nov 14 17:50:56 EST 2010</edited>
<value><point x="10305" y="11747"/></value>
<metadata author="">

</metadata>
</contour>
<contour name="Process 4051" class="PointContour" color="#8d881e" visible="true">
<created>Sun Nov 14 17:51:37 EST 2010</created>
<edited>Sun Nov 14 17:51:37 EST 2010</edited>
<value><point x="9939" y="11753"/></value>
<metadata author="">

</metadata>
</contour>
<contour name="Process 4052" class="PointContour" color="#be65c4" visible="true">
<created>Sun Nov 14 17:52:47 EST 2010</created>
<edited>Sun Nov 14 17:52:47 EST 2010</edited>
<value><point x="10065" y="11957"/></value>
<metadata author="">

</metadata>
</contour>
<contour name="Process 4053" class="PointContour" color="#9926d3" visible="true">
<created>Sun Nov 14 17:53:48 EST 2010</created>
<edited>Sun Nov 14 17:53:48 EST 2010</edited>
<value><point x="9147" y="11479"/></value>
<metadata author="">

</metadata>
</contour>
<contour name="Process 4054" class="PointContour" color="#b9886f" visible="true">
<created>Sun Nov 14 17:54:48 EST 2010</created>
<edited>Sun Nov 14 17:54:48 EST 2010</edited>
<value><point x="9447" y="11531"/></value>
<metadata author="">

</metadata>
</contour>
<contour name="Process 4055" class="PointContour" color="#78a87b" visible="true">
<created>Sun Nov 14 17:57:02 EST 2010</created>
<edited>Sun Nov 14 17:57:02 EST 2010</edited>
<value><point x="10643" y="12131"/></value>
<metadata author="">

</metadata>
</contour>
<contour name="Process 4056" class="PointContour" color="#7d4d71" visible="true">
<created>Sun Nov 14 17:57:40 EST 2010</created>
<edited>Sun Nov 14 17:57:40 EST 2010</edited>
<value><point x="10799" y="12051"/></value>
<metadata author="">

</metadata>
</contour>
<contour name="Process 4057" class="PointContour" color="#fe3ec4" visible="true">
<created>Sun Nov 14 17:58:04 EST 2010</created>
<edited>Sun Nov 14 17:58:04 EST 2010</edited>
<value><point x="10665" y="12085"/></value>
<metadata author="">

</metadata>
</contour>
<contour name="Process 4059" class="PointContour" color="#274d1a" visible="true">
<created>Sun Nov 14 17:58:50 EST 2010</created>
<edited>Sun Nov 14 17:58:50 EST 2010</edited>
<value><point x="10769" y="12275"/></value>
<metadata author="">

</metadata>
</contour>
<contour name="Process 4061" class="PointContour" color="#91ee41" visible="true">
<created>Sun Nov 14 17:59:30 EST 2010</created>
<edited>Sun Nov 14 17:59:30 EST 2010</edited>
<value><point x="10693" y="12279"/></value>
<metadata author="">

</metadata>
</contour>
<contour name="Process 4062" class="PointContour" color="#4c57a5" visible="true">
<created>Sun Nov 14 18:00:47 EST 2010</created>
<edited>Sun Nov 14 18:00:47 EST 2010</edited>
<value><point x="9003" y="11471"/></value>
<metadata author="">

</metadata>
</contour>
<contour name="Process 4063" class="PointContour" color="#ce22be" visible="true">
<created>Sun Nov 14 18:02:13 EST 2010</created>
<edited>Sun Nov 14 18:02:13 EST 2010</edited>
<value><point x="9391" y="11667"/></value>
<metadata author="">

</metadata>
</contour>
<contour name="Process 4064" class="PointContour" color="#869b91" visible="true">
<created>Sun Nov 14 18:02:57 EST 2010</created>
<edited>Sun Nov 14 18:02:57 EST 2010</edited>
<value><point x="9365" y="11501"/></value>
<metadata author="">

</metadata>
</contour>
<contour name="Process 4065" class="PointContour" color="#b0d56e" visible="true">
<created>Sun Nov 14 18:05:50 EST 2010</created>
<edited>Sun Nov 14 18:05:50 EST 2010</edited>
<value><point x="9015" y="11901"/></value>
<metadata author="">

</metadata>
</contour>
<contour name="Process 4066" class="PointContour" color="#5f03a1" visible="true">
<created>Sun Nov 14 18:07:20 EST 2010</created>
<edited>Sun Nov 14 18:07:20 EST 2010</edited>
<value><point x="9001" y="11763"/></value>
<metadata author="">

</metadata>
</contour>
<contour name="Process 4067" class="PointContour" color="#dc4137" visible="true">
<created>Sun Nov 14 18:25:22 EST 2010</created>
<edited>Sun Nov 14 18:25:22 EST 2010</edited>
<value><point x="9439" y="11991"/></value>
<metadata author="">

</metadata>
</contour>
<contour name="Process 4068" class="PointContour" color="#b71d7a" visible="true">
<created>Sun Nov 14 18:26:25 EST 2010</created>
<edited>Sun Nov 14 18:26:25 EST 2010</edited>
<value><point x="9409" y="11845"/></value>
<metadata author="">

</metadata>
</contour>
<contour name="Process 4069" class="PointContour" color="#e98f59" visible="true">
<created>Sun Nov 14 18:27:18 EST 2010</created>
<edited>Sun Nov 14 18:27:18 EST 2010</edited>
<value><point x="9587" y="12117"/></value>
<metadata author="">

</metadata>
</contour>
<contour name="Process 4070" class="PointContour" color="#890d1f" visible="true">
<created>Sun Nov 14 18:28:28 EST 2010</created>
<edited>Sun Nov 14 18:28:28 EST 2010</edited>
<value><point x="9427" y="11797"/></value>
<metadata author="">

</metadata>
</contour>
<contour name="Process 4071" class="PointContour" color="#7a445d" visible="true">
<created>Sun Nov 14 18:30:03 EST 2010</created>
<edited>Sun Nov 14 18:30:03 EST 2010</edited>
<value><point x="8893" y="12123"/></value>
<metadata author="">

</metadata>
</contour>
<contour name="Process 4071" class="PointContour" color="#7a445d" visible="true">
<created>Sun Nov 14 18:30:26 EST 2010</created>
<edited>Sun Nov 14 18:30:26 EST 2010</edited>
<value><point x="8987" y="12599"/></value>
<metadata author="">

</metadata>
</contour>
<contour name="Process 4072" class="PointContour" color="#2a271a" visible="true">
<created>Sun Nov 14 18:32:59 EST 2010</created>
<edited>Sun Nov 14 18:32:59 EST 2010</edited>
<value><point x="9541" y="12145"/></value>
<metadata author="">

</metadata>
</contour>
<contour name="Process 4073" class="PointContour" color="#084606" visible="true">
<created>Sun Nov 14 18:33:57 EST 2010</created>
<edited>Sun Nov 14 18:33:57 EST 2010</edited>
<value><point x="9499" y="12103"/></value>
<metadata author="">

</metadata>
</contour>
<contour name="Process 4074" class="PointContour" color="#4a3119" visible="true">
<created>Sun Nov 14 18:34:44 EST 2010</created>
<edited>Sun Nov 14 18:34:44 EST 2010</edited>
<value><point x="9625" y="12273"/></value>
<metadata author="">

</metadata>
</contour>
<contour name="Process 4075" class="PointContour" color="#3b027f" visible="true">
<created>Sun Nov 14 18:35:29 EST 2010</created>
<edited>Sun Nov 14 18:35:29 EST 2010</edited>
<value><point x="9789" y="12153"/></value>
<metadata author="">

</metadata>
</contour>
<contour name="Process 4076" class="PointContour" color="#b3733e" visible="true">
<created>Sun Nov 14 18:38:21 EST 2010</created>
<edited>Sun Nov 14 18:38:21 EST 2010</edited>
<value><point x="10795" y="11411"/></value>
<metadata author="">

</metadata>
</contour>
<contour name="Process 4077" class="PointContour" color="#a5b28a" visible="true">
<created>Sun Nov 14 18:39:47 EST 2010</created>
<edited>Sun Nov 14 18:39:47 EST 2010</edited>
<value><point x="9689" y="12113"/></value>
<metadata author="">

</metadata>
</contour>
<contour name="Process 4078" class="PointContour" color="#ecb436" visible="true">
<created>Sun Nov 14 19:36:16 EST 2010</created>
<edited>Sun Nov 14 19:36:16 EST 2010</edited>
<value><point x="8915" y="11083"/></value>
<metadata author="">

</metadata>
</contour>
<contour name="Process 4079" class="PointContour" color="#3ea73b" visible="true">
<created>Sun Nov 14 19:38:00 EST 2010</created>
<edited>Sun Nov 14 19:38:00 EST 2010</edited>
<value><point x="8829" y="10955"/></value>
<metadata author="">

</metadata>
</contour>
<contour name="Process 4080" class="PointContour" color="#107e03" visible="true">
<created>Sun Nov 14 19:39:11 EST 2010</created>
<edited>Sun Nov 14 19:39:11 EST 2010</edited>
<value><point x="10005" y="12073"/></value>
<metadata author="">

</metadata>
</contour>
<contour name="Process 4081" class="PointContour" color="#dfa025" visible="true">
<created>Sun Nov 14 19:41:09 EST 2010</created>
<edited>Sun Nov 14 19:41:09 EST 2010</edited>
<value><point x="9403" y="12057"/></value>
<metadata author="">

</metadata>
</contour>
<contour name="Process 4082" class="PointContour" color="#818471" visible="true">
<created>Sun Nov 14 19:42:59 EST 2010</created>
<edited>Sun Nov 14 19:42:59 EST 2010</edited>
<value><point x="8925" y="11783"/></value>
<metadata author="">

</metadata>
</contour>
<contour name="Process 4086" class="PointContour" color="#1512fa" visible="true">
<created>Sat Nov 20 11:53:08 EST 2010</created>
<edited>Sat Nov 20 11:53:08 EST 2010</edited>
<value><point x="9275" y="10989"/></value>
<metadata author="">

</metadata>
</contour>
<contour name="Process 4087" class="PointContour" color="#7598d4" visible="true">
<created>Sat Nov 20 11:56:34 EST 2010</created>
<edited>Sat Nov 20 11:56:34 EST 2010</edited>
<value><point x="8863" y="11869"/></value>
<metadata author="">

</metadata>
</contour>
<contour name="Process 4088" class="PointContour" color="#4d8ed7" visible="true">
<created>Sat Nov 20 11:57:06 EST 2010</created>
<edited>Sat Nov 20 11:57:06 EST 2010</edited>
<value><point x="9101" y="11803"/></value>
<metadata author="">

</metadata>
</contour>
<contour name="Process 4089" class="PointContour" color="#633594" visible="true">
<created>Sat Nov 20 11:57:56 EST 2010</created>
<edited>Sat Nov 20 11:57:56 EST 2010</edited>
<value><point x="9239" y="11527"/></value>
<metadata author="">

</metadata>
</contour>
<contour name="Process 4090" class="PointContour" color="#8674dc" visible="true">
<created>Sat Nov 20 11:59:24 EST 2010</created>
<edited>Sat Nov 20 11:59:24 EST 2010</edited>
<value><point x="9927" y="12025"/></value>
<metadata author="">

</metadata>
</contour>
<contour name="Process 4091" class="PointContour" color="#5240cf" visible="true">
<created>Sat Nov 20 12:00:48 EST 2010</created>
<edited>Sat Nov 20 12:00:48 EST 2010</edited>
<value><point x="9501" y="11899"/></value>
<metadata author="">

</metadata>
</contour>
<contour name="Process 4092" class="PointContour" color="#e68fc8" visible="true">
<created>Sat Nov 20 12:01:57 EST 2010</created>
<edited>Sat Nov 20 12:01:57 EST 2010</edited>
<value><point x="9839" y="12085"/></value>
<metadata author="">

</metadata>
</contour>
<contour name="Process 4092" class="PointContour" color="#e68fc8" visible="true">
<created>Sat Nov 20 12:10:00 EST 2010</created>
<edited>Sat Nov 20 12:10:00 EST 2010</edited>
<value><point x="10115" y="11717"/></value>
<metadata author="">

</metadata>
</contour>
<contour name="Process 4092" class="PointContour" color="#e68fc8" visible="true">
<created>Sat Nov 20 12:13:03 EST 2010</created>
<edited>Sat Nov 20 12:13:03 EST 2010</edited>
<value><point x="10043" y="12499"/></value>
<metadata author="">

</metadata>
</contour>
<contour name="Process 4092" class="PointContour" color="#e68fc8" visible="true">
<created>Sat Nov 20 12:13:54 EST 2010</created>
<edited>Sat Nov 20 12:13:54 EST 2010</edited>
<value><point x="10719" y="12353"/></value>
<metadata author="">

</metadata>
</contour>
<contour name="Process 4093" class="PointContour" color="#4d5173" visible="true">
<created>Sat Nov 20 12:16:38 EST 2010</created>
<edited>Sat Nov 20 12:16:38 EST 2010</edited>
<value><point x="9409" y="12107"/></value>
<metadata author="">

</metadata>
</contour>
<contour name="Process 4094" class="PointContour" color="#01db57" visible="true">
<created>Sat Nov 20 12:19:37 EST 2010</created>
<edited>Sat Nov 20 12:19:37 EST 2010</edited>
<value><point x="9241" y="11969"/></value>
<metadata author="">

</metadata>
</contour>
<contour name="Process 4095" class="PointContour" color="#5ab860" visible="true">
<created>Sat Nov 20 12:25:08 EST 2010</created>
<edited>Sat Nov 20 12:25:08 EST 2010</edited>
<value><point x="9487" y="12045"/></value>
<metadata author="">

</metadata>
</contour>
<contour name="Process 4097" class="PointContour" color="#dd7443" visible="true">
<created>Sat Nov 20 12:27:22 EST 2010</created>
<edited>Sat Nov 20 12:27:22 EST 2010</edited>
<value><point x="9569" y="11793"/></value>
<metadata author="">

</metadata>
</contour>
<contour name="Process 4099" class="PointContour" color="#58a3f4" visible="true">
<created>Sat Nov 20 12:29:40 EST 2010</created>
<edited>Sat Nov 20 12:29:40 EST 2010</edited>
<value><point x="9851" y="12207"/></value>
<metadata author="">

</metadata>
</contour>
<contour name="Process 4100" class="PointContour" color="#e07bbd" visible="true">
<created>Sat Nov 20 12:30:48 EST 2010</created>
<edited>Sat Nov 20 12:30:48 EST 2010</edited>
<value><point x="9585" y="12187"/></value>
<metadata author="">

</metadata>
</contour>
<contour name="Process 4101" class="PointContour" color="#6282a8" visible="true">
<created>Sat Nov 20 12:33:45 EST 2010</created>
<edited>Sat Nov 20 12:33:45 EST 2010</edited>
<value><point x="9773" y="12207"/></value>
<metadata author="">

</metadata>
</contour>
<contour name="Process 4102" class="PointContour" color="#12d4e2" visible="true">
<created>Sat Nov 20 12:34:51 EST 2010</created>
<edited>Sat Nov 20 12:34:51 EST 2010</edited>
<value><point x="10069" y="12355"/></value>
<metadata author="">

</metadata>
</contour>
<contour name="Process 4103" class="PointContour" color="#71172e" visible="true">
<created>Sat Nov 20 12:35:50 EST 2010</created>
<edited>Sat Nov 20 12:35:50 EST 2010</edited>
<value><point x="9979" y="11727"/></value>
<metadata author="">

</metadata>
</contour>
<contour name="Process 4104" class="PointContour" color="#1c08a1" visible="true">
<created>Sat Nov 20 12:37:25 EST 2010</created>
<edited>Sat Nov 20 12:37:25 EST 2010</edited>
<value><point x="10203" y="12199"/></value>
<metadata author="">

</metadata>
</contour>
<contour name="Process 4105" class="PointContour" color="#2831d7" visible="true">
<created>Sat Nov 20 12:38:28 EST 2010</created>
<edited>Sat Nov 20 12:38:28 EST 2010</edited>
<value><point x="10319" y="12137"/></value>
<metadata author="">

</metadata>
</contour>
<contour name="Process 4106" class="PointContour" color="#46b004" visible="true">
<created>Sat Nov 20 12:39:19 EST 2010</created>
<edited>Sat Nov 20 12:39:19 EST 2010</edited>
<value><point x="10455" y="12339"/></value>
<metadata author="">

</metadata>
</contour>
<contour name="Process 4107" class="PointContour" color="#2f09fe" visible="true">
<created>Sat Nov 20 12:40:05 EST 2010</created>
<edited>Sat Nov 20 12:40:05 EST 2010</edited>
<value><point x="10611" y="12265"/></value>
<metadata author="">

</metadata>
</contour>
<contour name="Process 4108" class="PointContour" color="#e616a7" visible="true">
<created>Sat Nov 20 12:41:00 EST 2010</created>
<edited>Sat Nov 20 12:41:00 EST 2010</edited>
<value><point x="10267" y="12127"/></value>
<metadata author="">

</metadata>
</contour>
<contour name="Process 4109" class="PointContour" color="#858f81" visible="true">
<created>Sat Nov 20 12:42:04 EST 2010</created>
<edited>Sat Nov 20 12:42:04 EST 2010</edited>
<value><point x="10525" y="12033"/></value>
<metadata author="">

</metadata>
</contour>
<contour name="Process 4110" class="PointContour" color="#5c0fd7" visible="true">
<created>Sat Nov 20 12:43:00 EST 2010</created>
<edited>Sat Nov 20 12:43:00 EST 2010</edited>
<value><point x="9953" y="12367"/></value>
<metadata author="">

</metadata>
</contour>
<contour name="Process 4110" class="PointContour" color="#5c0fd7" visible="true">
<created>Sat Nov 20 12:46:43 EST 2010</created>
<edited>Sat Nov 20 12:46:43 EST 2010</edited>
<value><point x="10377" y="11931"/></value>
<metadata author="">

</metadata>
</contour>
<contour name="Process 4111" class="PointContour" color="#a31038" visible="true">
<created>Sat Nov 20 12:47:30 EST 2010</created>
<edited>Sat Nov 20 12:47:30 EST 2010</edited>
<value><point x="9689" y="12285"/></value>
<metadata author="">

</metadata>
</contour>
<contour name="Process 4112" class="PointContour" color="#0a7a4a" visible="true">
<created>Sat Nov 20 12:48:48 EST 2010</created>
<edited>Sat Nov 20 12:48:48 EST 2010</edited>
<value><point x="9781" y="12577"/></value>
<metadata author="">

</metadata>
</contour>
<contour name="Process 4113" class="PointContour" color="#ab415c" visible="true">
<created>Sat Nov 20 12:49:33 EST 2010</created>
<edited>Sat Nov 20 12:49:33 EST 2010</edited>
<value><point x="8985" y="12127"/></value>
<metadata author="">

</metadata>
</contour>
<contour name="Process 4113" class="PointContour" color="#ab415c" visible="true">
<created>Sat Nov 20 12:54:11 EST 2010</created>
<edited>Sat Nov 20 12:54:11 EST 2010</edited>
<value><point x="9457" y="12233"/></value>
<metadata author="">

</metadata>
</contour>
<contour name="Process 4115" class="PointContour" color="#dd68ce" visible="true">
<created>Sat Nov 20 12:55:01 EST 2010</created>
<edited>Sat Nov 20 12:55:01 EST 2010</edited>
<value><point x="9159" y="12333"/></value>
<metadata author="">

</metadata>
</contour>
<contour name="Process 4116" class="PointContour" color="#ea738f" visible="true">
<created>Sat Nov 20 13:00:46 EST 2010</created>
<edited>Sat Nov 20 13:00:46 EST 2010</edited>
<value><point x="9283" y="12377"/></value>
<metadata author="">

</metadata>
</contour>
<contour name="Process 4117" class="PointContour" color="#aec527" visible="true">
<created>Sat Nov 20 13:02:13 EST 2010</created>
<edited>Sat Nov 20 13:02:13 EST 2010</edited>
<value><point x="9091" y="12515"/></value>
<metadata author="">

</metadata>
</contour>
<contour name="Process 4118" class="PointContour" color="#e94d3e" visible="true">
<created>Sat Nov 20 13:02:56 EST 2010</created>
<edited>Sat Nov 20 13:02:56 EST 2010</edited>
<value><point x="9225" y="12423"/></value>
<metadata author="">

</metadata>
</contour>
<contour name="Process 4119" class="PointContour" color="#cb4965" visible="true">
<created>Sat Nov 20 13:03:49 EST 2010</created>
<edited>Sat Nov 20 13:03:49 EST 2010</edited>
<value><point x="9039" y="12489"/></value>
<metadata author="">

</metadata>
</contour>
<contour name="Process 4121" class="PointContour" color="#82f5f7" visible="true">
<created>Sat Nov 20 13:05:29 EST 2010</created>
<edited>Sat Nov 20 13:05:29 EST 2010</edited>
<value><point x="8829" y="12281"/></value>
<metadata author="">

</metadata>
</contour>
<contour name="Process 4122" class="PointContour" color="#b84602" visible="true">
<created>Sat Nov 20 13:05:56 EST 2010</created>
<edited>Sat Nov 20 13:05:56 EST 2010</edited>
<value><point x="9207" y="12305"/></value>
<metadata author="">

</metadata>
</contour>
<contour name="Process 4123" class="PointContour" color="#bc57f7" visible="true">
<created>Sat Nov 20 13:07:11 EST 2010</created>
<edited>Sat Nov 20 13:07:11 EST 2010</edited>
<value><point x="9977" y="12577"/></value>
<metadata author="">

</metadata>
</contour>
<contour name="Process 4123" class="PointContour" color="#bc57f7" visible="true">
<created>Sat Nov 20 13:07:17 EST 2010</created>
<edited>Sat Nov 20 13:07:17 EST 2010</edited>
<value><point x="9731" y="12469"/></value>
<metadata author="">

</metadata>
</contour>
<contour name="Process 4124" class="PointContour" color="#e5ac90" visible="true">
<created>Sat Nov 20 13:08:10 EST 2010</created>
<edited>Sat Nov 20 13:08:10 EST 2010</edited>
<value><point x="10145" y="12457"/></value>
<metadata author="">

</metadata>
</contour>
<contour name="Process 4125" class="PointContour" color="#4ce4bd" visible="true">
<created>Sat Nov 20 13:09:14 EST 2010</created>
<edited>Sat Nov 20 13:09:14 EST 2010</edited>
<value><point x="10495" y="12495"/></value>
<metadata author="">

</metadata>
</contour>
<contour name="Process 4128" class="PointContour" color="#f12035" visible="true">
<created>Sat Nov 20 13:10:18 EST 2010</created>
<edited>Sat Nov 20 13:10:18 EST 2010</edited>
<value><point x="10835" y="11299"/></value>
<metadata author="">

</metadata>
</contour>
<contour name="Process 4129" class="PointContour" color="#5c8a11" visible="true">
<created>Sat Nov 20 13:12:22 EST 2010</created>
<edited>Sat Nov 20 13:12:22 EST 2010</edited>
<value><point x="10073" y="12557"/></value>
<metadata author="">

</metadata>
</contour>
<contour name="Process 4130" class="PointContour" color="#0b7541" visible="true">
<created>Sat Nov 20 13:13:18 EST 2010</created>
<edited>Sat Nov 20 13:13:18 EST 2010</edited>
<value><point x="10509" y="12597"/></value>
<metadata author="">

</metadata>
</contour>
<contour name="Process 4131" class="PointContour" color="#d7bc90" visible="true">
<created>Sat Nov 20 13:13:51 EST 2010</created>
<edited>Sat Nov 20 13:13:51 EST 2010</edited>
<value><point x="10649" y="12521"/></value>
<metadata author="">

</metadata>
</contour>
<contour name="Process 4133" class="PointContour" color="#c6c85f" visible="true">
<created>Sat Nov 20 13:15:11 EST 2010</created>
<edited>Sat Nov 20 13:15:11 EST 2010</edited>
<value><point x="10347" y="12189"/></value>
<metadata author="">

</metadata>
</contour>
<contour name="Process 4134" class="PointContour" color="#4b88bc" visible="true">
<created>Sat Nov 20 13:16:22 EST 2010</created>
<edited>Sat Nov 20 13:16:22 EST 2010</edited>
<value><point x="10117" y="12617"/></value>
<metadata author="">

</metadata>
</contour>
<contour name="Process 4136" class="PointContour" color="#5822dc" visible="true">
<created>Sat Nov 20 13:17:34 EST 2010</created>
<edited>Sat Nov 20 13:17:34 EST 2010</edited>
<value><point x="10069" y="12739"/></value>
<metadata author="">

</metadata>
</contour>
<contour name="Process 4137" class="PointContour" color="#d6e049" visible="true">
<created>Sat Nov 20 13:18:15 EST 2010</created>
<edited>Sat Nov 20 13:18:15 EST 2010</edited>
<value><point x="9053" y="12275"/></value>
<metadata author="">

</metadata>
</contour>
<contour name="Process 4138" class="PointContour" color="#ce1255" visible="true">
<created>Sat Nov 20 13:19:29 EST 2010</created>
<edited>Sat Nov 20 13:19:29 EST 2010</edited>
<value><point x="9639" y="12537"/></value>
<metadata author="">

</metadata>
</contour>
<contour name="Process 4139" class="PointContour" color="#d05b49" visible="true">
<created>Sat Nov 20 13:20:51 EST 2010</created>
<edited>Sat Nov 20 13:20:51 EST 2010</edited>
<value><point x="9023" y="12087"/></value>
<metadata author="">

</metadata>
</contour>
<contour name="Process 4140" class="PointContour" color="#969798" visible="true">
<created>Sat Nov 20 13:21:27 EST 2010</created>
<edited>Sat Nov 20 13:21:27 EST 2010</edited>
<value><point x="8931" y="12333"/></value>
<metadata author="">

</metadata>
</contour>
<contour name="Process 4141" class="PointContour" color="#534af5" visible="true">
<created>Sat Nov 20 13:21:55 EST 2010</created>
<edited>Sat Nov 20 13:21:55 EST 2010</edited>
<value><point x="9893" y="12679"/></value>
<metadata author="">

</metadata>
</contour>
<contour name="Process 4141" class="PointContour" color="#534af5" visible="true">
<created>Sat Nov 20 13:22:17 EST 2010</created>
<edited>Sat Nov 20 13:22:17 EST 2010</edited>
<value><point x="10273" y="12567"/></value>
<metadata author="">

</metadata>
</contour>
<contour name="Process 4141" class="PointContour" color="#534af5" visible="true">
<created>Sat Nov 20 13:22:48 EST 2010</created>
<edited>Sat Nov 20 13:22:48 EST 2010</edited>
<value><point x="9709" y="11807"/></value>
<metadata author="">

</metadata>
</contour>
<contour name="Process 4142" class="PointContour" color="#f1b149" visible="true">
<created>Sat Nov 20 13:23:39 EST 2010</created>
<edited>Sat Nov 20 13:23:39 EST 2010</edited>
<value><point x="9997" y="12633"/></value>
<metadata author="">

</metadata>
</contour>
<contour name="Process 4143" class="PointContour" color="#9079c9" visible="true">
<created>Sat Nov 20 13:25:11 EST 2010</created>
<edited>Sat Nov 20 13:25:11 EST 2010</edited>
<value><point x="10783" y="12179"/></value>
<metadata author="">

</metadata>
</contour>
<contour name="Process 4143" class="PointContour" color="#9079c9" visible="true">
<created>Sat Nov 20 13:26:49 EST 2010</created>
<edited>Sat Nov 20 13:26:49 EST 2010</edited>
<value><point x="10505" y="12189"/></value>
<metadata author="">

</metadata>
</contour>
<contour name="Process 4144" class="PointContour" color="#1e65da" visible="true">
<created>Sat Nov 20 13:27:56 EST 2010</created>
<edited>Sat Nov 20 13:27:56 EST 2010</edited>
<value><point x="10663" y="12657"/></value>
<metadata author="">

</metadata>
</contour>
<contour name="Process 4147" class="PointContour" color="#66df61" visible="true">
<created>Sat Nov 20 13:28:46 EST 2010</created>
<edited>Sat Nov 20 13:28:46 EST 2010</edited>
<value><point x="10649" y="12459"/></value>
<metadata author="">

</metadata>
</contour>
<contour name="Process 4149" class="PointContour" color="#0ece2e" visible="true">
<created>Sat Nov 20 13:29:56 EST 2010</created>
<edited>Sat Nov 20 13:29:56 EST 2010</edited>
<value><point x="9691" y="12611"/></value>
<metadata author="">

</metadata>
</contour>
<contour name="Process 4149" class="PointContour" color="#0ece2e" visible="true">
<created>Sat Nov 20 13:32:40 EST 2010</created>
<edited>Sat Nov 20 13:32:40 EST 2010</edited>
<value><point x="9607" y="12009"/></value>
<metadata author="">

</metadata>
</contour>
<contour name="Process 4150" class="PointContour" color="#24fd33" visible="true">
<created>Sat Nov 20 13:33:28 EST 2010</created>
<edited>Sat Nov 20 13:33:28 EST 2010</edited>
<value><point x="10727" y="12063"/></value>
<metadata author="">

</metadata>
</contour>
<contour name="Process 4151" class="PointContour" color="#31404b" visible="true">
<created>Sat Nov 20 13:34:50 EST 2010</created>
<edited>Sat Nov 20 13:34:50 EST 2010</edited>
<value><point x="8805" y="12037"/></value>
<metadata author="">

</metadata>
</contour>
<contour name="Process 4151" class="PointContour" color="#31404b" visible="true">
<created>Sat Nov 20 13:35:03 EST 2010</created>
<edited>Sat Nov 20 13:35:03 EST 2010</edited>
<value><point x="8969" y="12051"/></value>
<metadata author="">

</metadata>
</contour>
<contour name="Process 4158" class="PointContour" color="#e9bb5e" visible="true">
<created>Sat Nov 20 14:04:11 EST 2010</created>
<edited>Sat Nov 20 14:04:11 EST 2010</edited>
<value><point x="10809" y="11523"/></value>
<metadata author="">

</metadata>
</contour>
<contour name="Process 4161" class="PointContour" color="#09d77d" visible="true">
<created>Sat Nov 20 14:05:47 EST 2010</created>
<edited>Sat Nov 20 14:05:47 EST 2010</edited>
<value><point x="10745" y="11253"/></value>
<metadata author="">

</metadata>
</contour>
<contour name="Process 4167" class="PointContour" color="#050900" visible="true">
<created>Sat Nov 20 14:09:06 EST 2010</created>
<edited>Sat Nov 20 14:09:06 EST 2010</edited>
<value><point x="9895" y="11983"/></value>
<metadata author="">

</metadata>
</contour>
<contour name="Process 4167" class="PointContour" color="#050900" visible="true">
<created>Sat Nov 20 14:17:34 EST 2010</created>
<edited>Sat Nov 20 14:17:34 EST 2010</edited>
<value><point x="10141" y="12069"/></value>
<metadata author="">

</metadata>
</contour>
<contour name="Process 4167" class="PointContour" color="#050900" visible="true">
<created>Sat Nov 20 14:20:13 EST 2010</created>
<edited>Sat Nov 20 14:20:13 EST 2010</edited>
<value><point x="10505" y="12261"/></value>
<metadata author="">

</metadata>
</contour>
<contour name="Process 4167" class="PointContour" color="#050900" visible="true">
<created>Sat Nov 20 14:22:47 EST 2010</created>
<edited>Sat Nov 20 14:22:47 EST 2010</edited>
<value><point x="10223" y="11621"/></value>
<metadata author="">

</metadata>
</contour>
<contour name="Process 4167" class="PointContour" color="#050900" visible="true">
<created>Sat Nov 20 14:24:15 EST 2010</created>
<edited>Sat Nov 20 14:24:15 EST 2010</edited>
<value><point x="10551" y="11691"/></value>
<metadata author="">

</metadata>
</contour>
<contour name="Process 4167" class="PointContour" color="#050900" visible="true">
<created>Sat Nov 20 14:24:50 EST 2010</created>
<edited>Sat Nov 20 14:24:50 EST 2010</edited>
<value><point x="9969" y="11431"/></value>
<metadata author="">

</metadata>
</contour>
<contour name="Process 4169" class="PointContour" color="#00a594" visible="true">
<created>Sat Nov 20 14:27:22 EST 2010</created>
<edited>Sat Nov 20 14:27:22 EST 2010</edited>
<value><point x="9177" y="10977"/></value>
<metadata author="">

</metadata>
</contour>
<contour name="Process 4170" class="PointContour" color="#d96733" visible="true">
<created>Sat Nov 20 14:28:41 EST 2010</created>
<edited>Sat Nov 20 14:28:41 EST 2010</edited>
<value><point x="10517" y="12085"/></value>
<metadata author="">

</metadata>
</contour>
<contour name="Process 4179" class="PointContour" color="#776608" visible="true">
<created>Sat Nov 20 14:37:02 EST 2010</created>
<edited>Sat Nov 20 14:37:02 EST 2010</edited>
<value><point x="9645" y="11905"/></value>
<metadata author="">

</metadata>
</contour>
<contour name="Process 4190" class="PointContour" color="#096335" visible="true">
<created>Sat Nov 20 15:13:35 EST 2010</created>
<edited>Sat Nov 20 15:13:35 EST 2010</edited>
<value><point x="10149" y="12703"/></value>
<metadata author="">

</metadata>
</contour>
<contour name="Process 4195" class="PointContour" color="#6c1570" visible="true">
<created>Sat Nov 20 16:01:06 EST 2010</created>
<edited>Sat Nov 20 16:01:06 EST 2010</edited>
<value><point x="10191" y="12555"/></value>
<metadata author="">

</metadata>
</contour>
<contour name="Process 4196" class="PointContour" color="#2681ac" visible="true">
<created>Sat Nov 20 16:03:17 EST 2010</created>
<edited>Sat Nov 20 16:03:17 EST 2010</edited>
<value><point x="10105" y="12513"/></value>
<metadata author="">

</metadata>
</contour>
<contour name="Process 4200" class="PointContour" color="#35c6ee" visible="true">
<created>Sat Nov 20 16:12:51 EST 2010</created>
<edited>Sat Nov 20 16:12:51 EST 2010</edited>
<value><point x="9325" y="12357"/></value>
<metadata author="">

</metadata>
</contour>
<contour name="Process 4201" class="PointContour" color="#952bed" visible="true">
<created>Sat Nov 20 16:13:14 EST 2010</created>
<edited>Sat Nov 20 16:13:14 EST 2010</edited>
<value><point x="10239" y="12699"/></value>
<metadata author="">

</metadata>
</contour>
<contour name="Process 4205" class="PointContour" color="#ef2941" visible="true">
<created>Sat Nov 20 16:23:15 EST 2010</created>
<edited>Sat Nov 20 16:23:15 EST 2010</edited>
<value><point x="8867" y="11323"/></value>
<metadata author="">

</metadata>
</contour>
<contour name="Process 4206" class="PointContour" color="#868468" visible="true">
<created>Sat Nov 20 16:23:55 EST 2010</created>
<edited>Sat Nov 20 16:23:55 EST 2010</edited>
<value><point x="8913" y="12383"/></value>
<metadata author="">

</metadata>
</contour>
<contour name="Process 4207" class="PointContour" color="#32b221" visible="true">
<created>Sat Nov 20 16:25:35 EST 2010</created>
<edited>Sat Nov 20 16:25:35 EST 2010</edited>
<value><point x="8815" y="11935"/></value>
<metadata author="">

</metadata>
</contour>
<contour name="Process 4208" class="PointContour" color="#0eb726" visible="true">
<created>Sat Nov 20 16:27:06 EST 2010</created>
<edited>Sat Nov 20 16:27:06 EST 2010</edited>
<value><point x="9399" y="11619"/></value>
<metadata author="">

</metadata>
</contour>
<contour name="Process 4208" class="PointContour" color="#0eb726" visible="true">
<created>Sat Nov 20 16:27:15 EST 2010</created>
<edited>Sat Nov 20 16:27:15 EST 2010</edited>
<value><point x="8999" y="11539"/></value>
<metadata author="">

</metadata>
</contour>
<contour name="Process 4209" class="PointContour" color="#c57b72" visible="true">
<created>Sat Nov 20 16:29:19 EST 2010</created>
<edited>Sat Nov 20 16:29:19 EST 2010</edited>
<value><point x="8851" y="12409"/></value>
<metadata author="">

</metadata>
</contour>
<contour name="Process 4210" class="PointContour" color="#f8f62f" visible="true">
<created>Sat Nov 20 16:30:26 EST 2010</created>
<edited>Sat Nov 20 16:30:26 EST 2010</edited>
<value><point x="10785" y="12481"/></value>
<metadata author="">

</metadata>
</contour>
<contour name="Process 4211" class="PointContour" color="#5d0dce" visible="true">
<created>Sat Nov 20 16:31:21 EST 2010</created>
<edited>Sat Nov 20 16:31:21 EST 2010</edited>
<value><point x="9471" y="12611"/></value>
<metadata author="">

</metadata>
</contour>
<contour name="Process 4211" class="PointContour" color="#5d0dce" visible="true">
<created>Sat Nov 20 16:31:40 EST 2010</created>
<edited>Sat Nov 20 16:31:40 EST 2010</edited>
<value><point x="9329" y="12301"/></value>
<metadata author="">

</metadata>
</contour>
<contour name="Process 4211" class="PointContour" color="#5d0dce" visible="true">
<created>Sat Nov 20 16:32:25 EST 2010</created>
<edited>Sat Nov 20 16:32:25 EST 2010</edited>
<value><point x="9125" y="12163"/></value>
<metadata author="">

</metadata>
</contour>
<contour name="Process 4213" class="PointContour" color="#e6e6be" visible="true">
<created>Sat Nov 20 16:34:06 EST 2010</created>
<edited>Sat Nov 20 16:34:06 EST 2010</edited>
<value><point x="9585" y="12689"/></value>
<metadata author="">

</metadata>
</contour>
<contour name="Process 4214" class="PointContour" color="#4235e8" visible="true">
<created>Sat Nov 20 16:35:34 EST 2010</created>
<edited>Sat Nov 20 16:35:34 EST 2010</edited>
<value><point x="10299" y="12369"/></value>
<metadata author="">

</metadata>
</contour>
<contour name="Process 4214" class="PointContour" color="#4235e8" visible="true">
<created>Sat Nov 20 16:35:39 EST 2010</created>
<edited>Sat Nov 20 16:35:39 EST 2010</edited>
<value><point x="9551" y="12409"/></value>
<metadata author="">

</metadata>
</contour>
<contour name="Process 4214" class="PointContour" color="#4235e8" visible="true">
<created>Sat Nov 20 16:36:12 EST 2010</created>
<edited>Sat Nov 20 16:36:12 EST 2010</edited>
<value><point x="8847" y="12445"/></value>
<metadata author="">

</metadata>
</contour>
<contour name="Process 4214" class="PointContour" color="#4235e8" visible="true">
<created>Sat Nov 20 16:36:25 EST 2010</created>
<edited>Sat Nov 20 16:36:25 EST 2010</edited>
<value><point x="9923" y="12237"/></value>
<metadata author="">

</metadata>
</contour>
<contour name="Process 4219" class="PointContour" color="#e25baf" visible="true">
<created>Sat Nov 20 16:52:28 EST 2010</created>
<edited>Sat Nov 20 16:52:28 EST 2010</edited>
<value><point x="10801" y="11669"/></value>
<metadata author="">

</metadata>
</contour>
<contour name="Process 4220" class="PointContour" color="#a64c3d" visible="true">
<created>Sat Nov 20 16:54:35 EST 2010</created>
<edited>Sat Nov 20 16:54:35 EST 2010</edited>
<value><point x="9703" y="12213"/></value>
<metadata author="">

</metadata>
</contour>
<contour name="Process 4221" class="PointContour" color="#8a5f51" visible="true">
<created>Sat Nov 20 16:57:30 EST 2010</created>
<edited>Sat Nov 20 16:57:30 EST 2010</edited>
<value><point x="9477" y="11777"/></value>
<metadata author="">

</metadata>
</contour>
<contour name="Process 4221" class="PointContour" color="#8a5f51" visible="true">
<created>Sat Nov 20 16:57:59 EST 2010</created>
<edited>Sat Nov 20 16:57:59 EST 2010</edited>
<value><point x="10129" y="11841"/></value>
<metadata author="">

</metadata>
</contour>
<contour name="Process 4222" class="PointContour" color="#608147" visible="true">
<created>Sat Nov 20 16:59:28 EST 2010</created>
<edited>Sat Nov 20 16:59:28 EST 2010</edited>
<value><point x="9527" y="11989"/></value>
<metadata author="">

</metadata>
</contour>
<contour name="Process 4225" class="PointContour" color="#bd412f" visible="true">
<created>Sat Nov 20 17:07:36 EST 2010</created>
<edited>Sat Nov 20 17:07:36 EST 2010</edited>
<value><point x="8859" y="10999"/></value>
<metadata author="">

</metadata>
</contour>
<contour name="Process 4227" class="PointContour" color="#d97217" visible="true">
<created>Sat Nov 20 17:10:27 EST 2010</created>
<edited>Sat Nov 20 17:10:27 EST 2010</edited>
<value><point x="10347" y="12489"/></value>
<metadata author="">

</metadata>
</contour>
<contour name="Process 4228" class="PointContour" color="#659166" visible="true">
<created>Sat Nov 20 17:12:25 EST 2010</created>
<edited>Sat Nov 20 17:12:25 EST 2010</edited>
<value><point x="10201" y="12471"/></value>
<metadata author="">

</metadata>
</contour>
<contour name="Process 4229" class="PointContour" color="#c04326" visible="true">
<created>Sat Nov 20 17:15:07 EST 2010</created>
<edited>Sat Nov 20 17:15:07 EST 2010</edited>
<value><point x="9537" y="11613"/></value>
<metadata author="">

</metadata>
</contour>
<contour name="Process 4229" class="PointContour" color="#c04326" visible="true">
<created>Sat Nov 20 17:16:04 EST 2010</created>
<edited>Sat Nov 20 17:16:04 EST 2010</edited>
<value><point x="10057" y="11847"/></value>
<metadata author="">

</metadata>
</contour>
<contour name="Process 4230" class="PointContour" color="#86fa64" visible="true">
<created>Sat Nov 20 17:22:51 EST 2010</created>
<edited>Sat Nov 20 17:22:51 EST 2010</edited>
<value><point x="9257" y="11483"/></value>
<metadata author="">

</metadata>
</contour>
<contour name="Process 4232" class="PointContour" color="#7ad306" visible="true">
<created>Sat Nov 20 17:35:42 EST 2010</created>
<edited>Sat Nov 20 17:35:42 EST 2010</edited>
<value><point x="8809" y="12719"/></value>
<metadata author="">

</metadata>
</contour>
<contour name="Process 4235" class="PointContour" color="#dbdd91" visible="true">
<created>Sat Nov 20 17:41:50 EST 2010</created>
<edited>Sat Nov 20 17:41:50 EST 2010</edited>
<value><point x="8977" y="11653"/></value>
<metadata author="">

</metadata>
</contour>
<contour name="Process 4236" class="PointContour" color="#4cb636" visible="true">
<created>Sat Nov 20 17:46:27 EST 2010</created>
<edited>Sat Nov 20 17:46:27 EST 2010</edited>
<value><point x="10539" y="12411"/></value>
<metadata author="">

</metadata>
</contour>
<contour name="Process 4237" class="PointContour" color="#9a0162" visible="true">
<created>Sat Nov 20 17:49:33 EST 2010</created>
<edited>Sat Nov 20 17:49:33 EST 2010</edited>
<value><point x="9681" y="11651"/></value>
<metadata author="">

</metadata>
</contour>
<contour name="Process 4237" class="PointContour" color="#9a0162" visible="true">
<created>Sat Nov 20 17:49:56 EST 2010</created>
<edited>Sat Nov 20 17:49:56 EST 2010</edited>
<value><point x="8971" y="10921"/></value>
<metadata author="">

</metadata>
</contour>
<contour name="Process 4238" class="PointContour" color="#8c914e" visible="true">
<created>Sat Nov 20 17:52:15 EST 2010</created>
<edited>Sat Nov 20 17:52:15 EST 2010</edited>
<value><point x="10535" y="11273"/></value>
<metadata author="">

</metadata>
</contour>
<contour name="Process 4243" class="PointContour" color="#a36d93" visible="true">
<created>Sat Nov 20 18:13:13 EST 2010</created>
<edited>Sat Nov 20 18:13:13 EST 2010</edited>
<value><point x="10555" y="12079"/></value>
<metadata author="">

</metadata>
</contour>
<contour name="Process 4243" class="PointContour" color="#a36d93" visible="true">
<created>Sat Nov 20 18:13:45 EST 2010</created>
<edited>Sat Nov 20 18:13:45 EST 2010</edited>
<value><point x="9627" y="12617"/></value>
<metadata author="">

</metadata>
</contour>
<contour name="Process 4243" class="PointContour" color="#a36d93" visible="true">
<created>Sat Nov 20 18:14:09 EST 2010</created>
<edited>Sat Nov 20 18:14:09 EST 2010</edited>
<value><point x="9477" y="12733"/></value>
<metadata author="">

</metadata>
</contour>
<contour name="Process 4249" class="PointContour" color="#5a4e4f" visible="true">
<created>Sat Nov 20 18:30:16 EST 2010</created>
<edited>Sat Nov 20 18:30:16 EST 2010</edited>
<value><point x="9291" y="11303"/></value>
<metadata author="">

</metadata>
</contour>
<contour name="Process 4253" class="PointContour" color="#bd71d2" visible="true">
<created>Sat Nov 20 18:36:52 EST 2010</created>
<edited>Sat Nov 20 18:36:52 EST 2010</edited>
<value><point x="10647" y="11241"/></value>
<metadata author="">

</metadata>
</contour>
<contour name="Process 4254" class="PointContour" color="#53c75e" visible="true">
<created>Sat Nov 20 18:38:43 EST 2010</created>
<edited>Sat Nov 20 18:38:43 EST 2010</edited>
<value><point x="10767" y="11321"/></value>
<metadata author="">

</metadata>
</contour>
<contour name="Process 4255" class="PointContour" color="#3f33af" visible="true">
<created>Sat Nov 20 18:39:35 EST 2010</created>
<edited>Sat Nov 20 18:39:35 EST 2010</edited>
<value><point x="10623" y="11443"/></value>
<metadata author="">

</metadata>
</contour>
<contour name="Process 4260" class="PointContour" color="#3b1bc0" visible="true">
<created>Sat Nov 20 18:52:00 EST 2010</created>
<edited>Sat Nov 20 18:52:00 EST 2010</edited>
<value><point x="10703" y="11605"/></value>
<metadata author="">

</metadata>
</contour>
<contour name="Process 4263" class="PointContour" color="#7b9a06" visible="true">
<created>Sat Nov 20 18:55:30 EST 2010</created>
<edited>Sat Nov 20 18:55:30 EST 2010</edited>
<value><point x="8955" y="12259"/></value>
<metadata author="">

</metadata>
</contour>
<contour name="Process 4267" class="PointContour" color="#6dd544" visible="true">
<created>Sat Nov 20 19:24:28 EST 2010</created>
<edited>Sat Nov 20 19:24:28 EST 2010</edited>
<value><point x="8813" y="11459"/></value>
<metadata author="">

</metadata>
</contour>
<contour name="Process 4268" class="PointContour" color="#2df29d" visible="true">
<created>Sat Nov 20 19:26:26 EST 2010</created>
<edited>Sat Nov 20 19:26:26 EST 2010</edited>
<value><point x="9179" y="12555"/></value>
<metadata author="">

</metadata>
</contour>
<contour name="Process 4272" class="PointContour" color="#f5c358" visible="true">
<created>Sat Nov 20 19:36:10 EST 2010</created>
<edited>Sat Nov 20 19:36:10 EST 2010</edited>
<value><point x="10825" y="12783"/></value>
<metadata author="">

</metadata>
</contour>
<contour name="Process 4275" class="PointContour" color="#fd9bbf" visible="true">
<created>Sat Nov 20 19:39:16 EST 2010</created>
<edited>Sat Nov 20 19:39:16 EST 2010</edited>
<value><point x="9017" y="12805"/></value>
<metadata author="">

</metadata>
</contour>
<contour name="Process 4141" class="PointContour" color="#534af5" visible="true">
<created>Sat Nov 20 19:50:44 EST 2010</created>
<edited>Sat Nov 20 19:50:44 EST 2010</edited>
<value><point x="10363" y="12743"/></value>
<metadata author="">

</metadata>
</contour>
<contour name="Process 4149" class="PointContour" color="#0ece2e" visible="true">
<created>Sat Nov 20 19:52:26 EST 2010</created>
<edited>Sat Nov 20 19:52:26 EST 2010</edited>
<value><point x="9679" y="12771"/></value>
<metadata author="">

</metadata>
</contour>
<contour name="Process 4281" class="PointContour" color="#23558e" visible="true">
<created>Sat Nov 20 20:47:26 EST 2010</created>
<edited>Sat Nov 20 20:47:26 EST 2010</edited>
<value><point x="10461" y="12769"/></value>
<metadata author="">

</metadata>
</contour>
<contour name="Process 4285" class="PointContour" color="#410067" visible="true">
<created>Sat Nov 20 20:55:12 EST 2010</created>
<edited>Sat Nov 20 20:55:12 EST 2010</edited>
<value><point x="9297" y="12639"/></value>
<metadata author="">

</metadata>
</contour>
<contour name="Process 4286" class="PointContour" color="#62750a" visible="true">
<created>Sat Nov 20 20:56:04 EST 2010</created>
<edited>Sat Nov 20 20:56:04 EST 2010</edited>
<value><point x="8839" y="11793"/></value>
<metadata author="">

</metadata>
</contour>
<contour name="Process 4290" class="PointContour" color="#c47cde" visible="true">
<created>Sun Nov 21 21:18:06 EST 2010</created>
<edited>Sun Nov 21 21:18:06 EST 2010</edited>
<value><point x="10507" y="12799"/></value>
<metadata author="">

</metadata>
</contour>
<contour name="Process 4291" class="PointContour" color="#82afc1" visible="true">
<created>Sun Nov 21 21:18:53 EST 2010</created>
<edited>Sun Nov 21 21:18:53 EST 2010</edited>
<value><point x="10817" y="12855"/></value>
<metadata author="">

</metadata>
</contour>
<contour name="Process 4292" class="PointContour" color="#59ca82" visible="true">
<created>Sun Nov 21 21:20:53 EST 2010</created>
<edited>Sun Nov 21 21:20:53 EST 2010</edited>
<value><point x="9749" y="12645"/></value>
<metadata author="">

</metadata>
</contour>
<contour name="Process 4292" class="PointContour" color="#59ca82" visible="true">
<created>Sun Nov 21 21:20:59 EST 2010</created>
<edited>Sun Nov 21 21:20:59 EST 2010</edited>
<value><point x="9477" y="12851"/></value>
<metadata author="">

</metadata>
</contour>
<contour name="Process 4293" class="PointContour" color="#111b2e" visible="true">
<created>Sun Nov 21 21:24:18 EST 2010</created>
<edited>Sun Nov 21 21:24:18 EST 2010</edited>
<value><point x="10211" y="12833"/></value>
<metadata author="">

</metadata>
</contour>
<contour name="Process 4296" class="PointContour" color="#384cc0" visible="true">
<created>Sun Nov 21 21:25:56 EST 2010</created>
<edited>Sun Nov 21 21:25:56 EST 2010</edited>
<value><point x="10563" y="12809"/></value>
<metadata author="">

</metadata>
</contour>
<contour name="Process 4297" class="PointContour" color="#2b4e69" visible="true">
<created>Sun Nov 21 21:26:47 EST 2010</created>
<edited>Sun Nov 21 21:26:47 EST 2010</edited>
<value><point x="10771" y="12817"/></value>
<metadata author="">

</metadata>
</contour>
<contour name="Process 4034" class="PointContour" color="#726115" visible="true">
<created>Sun Nov 21 21:30:32 EST 2010</created>
<edited>Sun Nov 21 21:30:32 EST 2010</edited>
<value><point x="10149" y="11947"/></value>
<metadata author="">

</metadata>
</contour>
<contour name="Process 4299" class="PointContour" color="#2b75b8" visible="true">
<created>Sun Nov 21 21:33:56 EST 2010</created>
<edited>Sun Nov 21 21:33:56 EST 2010</edited>
<value><point x="9941" y="11121"/></value>
<metadata author="">

</metadata>
</contour>
<contour name="Process 4307" class="PointContour" color="#5e5e6a" visible="true">
<created>Sun Nov 21 21:44:11 EST 2010</created>
<edited>Sun Nov 21 21:44:11 EST 2010</edited>
<value><point x="10675" y="11091"/></value>
<metadata author="">

</metadata>
</contour>
<contour name="Process 4309" class="PointContour" color="#0d51b8" visible="true">
<created>Sun Nov 21 21:45:40 EST 2010</created>
<edited>Sun Nov 21 21:45:40 EST 2010</edited>
<value><point x="10593" y="11233"/></value>
<metadata author="">

</metadata>
</contour>
<contour name="Process 4310" class="PointContour" color="#48c442" visible="true">
<created>Sun Nov 21 21:47:28 EST 2010</created>
<edited>Sun Nov 21 21:47:28 EST 2010</edited>
<value><point x="9509" y="11191"/></value>
<metadata author="">

</metadata>
</contour>
<contour name="Process 4310" class="PointContour" color="#48c442" visible="true">
<created>Sun Nov 21 21:49:23 EST 2010</created>
<edited>Sun Nov 21 21:49:23 EST 2010</edited>
<value><point x="9195" y="11847"/></value>
<metadata author="">

</metadata>
</contour>
<contour name="Process 4310" class="PointContour" color="#48c442" visible="true">
<created>Sun Nov 21 21:49:38 EST 2010</created>
<edited>Sun Nov 21 21:49:38 EST 2010</edited>
<value><point x="9103" y="12107"/></value>
<metadata author="">

</metadata>
</contour>
<contour name="Process 4310" class="PointContour" color="#48c442" visible="true">
<created>Sun Nov 21 21:51:10 EST 2010</created>
<edited>Sun Nov 21 21:51:10 EST 2010</edited>
<value><point x="9019" y="12205"/></value>
<metadata author="">

</metadata>
</contour>
<contour name="Process 4310" class="PointContour" color="#48c442" visible="true">
<created>Sun Nov 21 21:53:01 EST 2010</created>
<edited>Sun Nov 21 21:53:01 EST 2010</edited>
<value><point x="9033" y="11629"/></value>
<metadata author="">

</metadata>
</contour>
<contour name="Process 4313" class="PointContour" color="#555025" visible="true">
<created>Sun Nov 21 23:04:26 EST 2010</created>
<edited>Sun Nov 21 23:04:26 EST 2010</edited>
<value><point x="8951" y="11021"/></value>
<metadata author="">

</metadata>
</contour>
<contour name="Process 4314" class="PointContour" color="#a99b51" visible="true">
<created>Mon Nov 22 00:48:30 EST 2010</created>
<edited>Mon Nov 22 00:48:30 EST 2010</edited>
<value><point x="8845" y="11113"/></value>
<metadata author="">

</metadata>
</contour>
<contour name="Process 4315" class="PointContour" color="#0aa1c1" visible="true">
<created>Mon Nov 22 00:49:45 EST 2010</created>
<edited>Mon Nov 22 00:49:45 EST 2010</edited>
<value><point x="8819" y="11055"/></value>
<metadata author="">

</metadata>
</contour>
<contour name="Process 4071" class="PointContour" color="#7a445d" visible="true">
<created>Mon Nov 22 01:13:20 EST 2010</created>
<edited>Mon Nov 22 01:13:20 EST 2010</edited>
<value><point x="8975" y="12605"/></value>
<metadata author="">

</metadata>
</contour>
<contour name="Process 4026" class="PointContour" color="#5cde64" visible="true">
<created>Mon Mar 07 12:40:44 EST 2011</created>
<edited>Mon Mar 07 12:40:44 EST 2011</edited>
<value><point x="10363" y="12859"/></value>
<metadata author="">

</metadata>
</contour>
<contour name="Process 4326" class="PointContour" color="#575409" visible="true">
<created>Mon Mar 07 12:42:38 EST 2011</created>
<edited>Mon Mar 07 12:42:38 EST 2011</edited>
<value><point x="10823" y="12583"/></value>
<metadata author="">

</metadata>
</contour>
<contour name="Process 4327" class="PointContour" color="#0b6af4" visible="true">
<created>Mon Mar 07 12:45:46 EST 2011</created>
<edited>Mon Mar 07 12:45:46 EST 2011</edited>
<value><point x="10761" y="12697"/></value>
<metadata author="">

</metadata>
</contour>
<contour name="Process 4328" class="PointContour" color="#d1cfdd" visible="true">
<created>Mon Mar 07 12:46:24 EST 2011</created>
<edited>Mon Mar 07 12:46:24 EST 2011</edited>
<value><point x="10451" y="12671"/></value>
<metadata author="">

</metadata>
</contour>
<contour name="Process 4329" class="PointContour" color="#d41f2d" visible="true">
<created>Mon Mar 07 12:49:19 EST 2011</created>
<edited>Mon Mar 07 12:49:19 EST 2011</edited>
<value><point x="10549" y="11967"/></value>
<metadata author="">

</metadata>
</contour>
<contour name="Process 4333" class="PointContour" color="#21c999" visible="true">
<created>Mon Mar 07 13:02:21 EST 2011</created>
<edited>Mon Mar 07 13:02:21 EST 2011</edited>
<value><point x="10687" y="12803"/></value>
<metadata author="">

</metadata>
</contour>
</contours>