<!--Last edited: 2011/03/14 19:51:16-->
<contours>
<contour name="Process 420" class="PointContour" color="#4fe1fe" visible="true">
<created>Wed Nov 24 16:52:26 EST 2010</created>
<edited>Wed Nov 24 16:52:26 EST 2010</edited>
<value><point x="8505" y="18200"/></value>
<metadata author="">

</metadata>
</contour>
<contour name="Process 421" class="PointContour" color="#e61dae" visible="true">
<created>Wed Nov 24 17:07:55 EST 2010</created>
<edited>Wed Nov 24 17:07:55 EST 2010</edited>
<value><point x="8140" y="17339"/></value>
<metadata author="">

</metadata>
</contour>
<contour name="Process 422" class="PointContour" color="#f8e1f2" visible="true">
<created>Wed Nov 24 17:25:48 EST 2010</created>
<edited>Wed Nov 24 17:25:48 EST 2010</edited>
<value><point x="5823" y="16737"/></value>
<metadata author="">

</metadata>
</contour>
<contour name="Process 424" class="PointContour" color="#f4ed50" visible="true">
<created>Wed Nov 24 18:06:11 EST 2010</created>
<edited>Wed Nov 24 18:06:11 EST 2010</edited>
<value><point x="7599" y="18089"/></value>
<metadata author="">

</metadata>
</contour>
<contour name="Process 425" class="PointContour" color="#b3923c" visible="true">
<created>Wed Nov 24 19:03:57 EST 2010</created>
<edited>Wed Nov 24 19:03:57 EST 2010</edited>
<value><point x="7503" y="16146"/></value>
<metadata author="">

</metadata>
</contour>
<contour name="Process 426" class="PointContour" color="#a969fa" visible="true">
<created>Wed Nov 24 19:19:31 EST 2010</created>
<edited>Wed Nov 24 19:19:31 EST 2010</edited>
<value><point x="4180" y="21888"/></value>
<metadata author="">

</metadata>
</contour>
<contour name="Process 428" class="PointContour" color="#fd30e1" visible="true">
<created>Wed Nov 24 19:54:02 EST 2010</created>
<edited>Wed Nov 24 19:54:02 EST 2010</edited>
<value><point x="8591" y="20357"/></value>
<metadata author="">

</metadata>
</contour>
<contour name="Process 435" class="PointContour" color="#0430ee" visible="true">
<created>Thu Nov 25 00:22:13 EST 2010</created>
<edited>Thu Nov 25 00:22:13 EST 2010</edited>
<value><point x="7818" y="8592"/></value>
<metadata author="">

</metadata>
</contour>
<contour name="Process 443" class="PointContour" color="#a38ff2" visible="true">
<created>Thu Nov 25 19:29:45 EST 2010</created>
<edited>Thu Nov 25 19:29:45 EST 2010</edited>
<value><point x="8896" y="16374"/></value>
<metadata author="">

</metadata>
</contour>
<contour name="Process 449" class="PointContour" color="#697c74" visible="true">
<created>Fri Nov 26 18:05:03 EST 2010</created>
<edited>Fri Nov 26 18:05:03 EST 2010</edited>
<value><point x="12279" y="17599"/></value>
<metadata author="">

</metadata>
</contour>
<contour name="Process 450" class="PointContour" color="#866c5b" visible="true">
<created>Fri Nov 26 21:03:31 EST 2010</created>
<edited>Fri Nov 26 21:03:31 EST 2010</edited>
<value><point x="12729" y="15854"/></value>
<metadata author="">

</metadata>
</contour>
<contour name="Process 455" class="PointContour" color="#d456a5" visible="true">
<created>Sat Nov 27 12:40:00 EST 2010</created>
<edited>Sat Nov 27 12:40:00 EST 2010</edited>
<value><point x="10057" y="20234"/></value>
<metadata author="">

</metadata>
</contour>
<contour name="Process 456" class="PointContour" color="#cbbd91" visible="true">
<created>Sat Nov 27 12:48:59 EST 2010</created>
<edited>Sat Nov 27 12:48:59 EST 2010</edited>
<value><point x="12045" y="18953"/></value>
<metadata author="">

</metadata>
</contour>
<contour name="Process 457" class="PointContour" color="#f8a74f" visible="true">
<created>Sat Nov 27 13:00:16 EST 2010</created>
<edited>Sat Nov 27 13:00:16 EST 2010</edited>
<value><point x="11653" y="19911"/></value>
<metadata author="">

</metadata>
</contour>
<contour name="Process 458" class="PointContour" color="#10a180" visible="true">
<created>Sat Nov 27 13:09:19 EST 2010</created>
<edited>Sat Nov 27 13:09:19 EST 2010</edited>
<value><point x="12797" y="19343"/></value>
<metadata author="">

</metadata>
</contour>
<contour name="Process 459" class="PointContour" color="#15a084" visible="true">
<created>Sat Nov 27 14:18:33 EST 2010</created>
<edited>Sat Nov 27 14:18:33 EST 2010</edited>
<value><point x="11136" y="17030"/></value>
<metadata author="">

</metadata>
</contour>
<contour name="Process 465" class="PointContour" color="#ae4a09" visible="true">
<created>Fri Dec 03 23:57:18 EST 2010</created>
<edited>Fri Dec 03 23:57:18 EST 2010</edited>
<value><point x="10883" y="17147"/></value>
<metadata author="">

</metadata>
</contour>
<contour name="Process 466" class="PointContour" color="#722e57" visible="true">
<created>Sat Dec 04 00:06:59 EST 2010</created>
<edited>Sat Dec 04 00:06:59 EST 2010</edited>
<value><point x="9547" y="16051"/></value>
<metadata author="">

</metadata>
</contour>
<contour name="Process 469" class="PointContour" color="#7f3a2b" visible="true">
<created>Sat Dec 04 00:29:37 EST 2010</created>
<edited>Sat Dec 04 00:29:37 EST 2010</edited>
<value><point x="10763" y="20945"/></value>
<metadata author="">

</metadata>
</contour>
<contour name="Process 470" class="PointContour" color="#266149" visible="true">
<created>Sat Dec 04 13:32:50 EST 2010</created>
<edited>Sat Dec 04 13:32:50 EST 2010</edited>
<value><point x="8861" y="18127"/></value>
<metadata author="">

</metadata>
</contour>
<contour name="Process 470" class="PointContour" color="#266149" visible="true">
<created>Sat Dec 04 13:34:47 EST 2010</created>
<edited>Sat Dec 04 13:34:47 EST 2010</edited>
<value><point x="7876" y="20913"/></value>
<metadata author="">

</metadata>
</contour>
<contour name="Process 470" class="PointContour" color="#266149" visible="true">
<created>Sat Dec 04 13:35:42 EST 2010</created>
<edited>Sat Dec 04 13:35:42 EST 2010</edited>
<value><point x="8368" y="22674"/></value>
<metadata author="">

</metadata>
</contour>
<contour name="Process 471" class="PointContour" color="#da4772" visible="true">
<created>Sat Dec 04 13:40:02 EST 2010</created>
<edited>Sat Dec 04 13:40:02 EST 2010</edited>
<value><point x="7527" y="14176"/></value>
<metadata author="">

</metadata>
</contour>
<contour name="Process 478" class="PointContour" color="#4bab49" visible="true">
<created>Tue Feb 08 15:14:33 EST 2011</created>
<edited>Tue Feb 08 15:14:33 EST 2011</edited>
<value><point x="17659" y="23368"/></value>
<metadata author="">

</metadata>
</contour>
<contour name="Process 480" class="PointContour" color="#ace8dd" visible="true">
<created>Tue Feb 08 15:32:32 EST 2011</created>
<edited>Tue Feb 08 15:32:32 EST 2011</edited>
<value><point x="4562" y="20589"/></value>
<metadata author="">

</metadata>
</contour>
<contour name="Process 481" class="PointContour" color="#51749d" visible="true">
<created>Tue Feb 08 15:53:29 EST 2011</created>
<edited>Tue Feb 08 15:53:29 EST 2011</edited>
<value><point x="10750" y="20485"/></value>
<metadata author="">

</metadata>
</contour>
<contour name="Process 488" class="PointContour" color="#e590b3" visible="true">
<created>Wed Feb 09 10:46:52 EST 2011</created>
<edited>Wed Feb 09 10:46:52 EST 2011</edited>
<value><point x="13709" y="22054"/></value>
<metadata author="">

</metadata>
</contour>
<contour name="Process 526" class="PointContour" color="#8d24e6" visible="true">
<created>Fri Feb 11 17:29:57 EST 2011</created>
<edited>Fri Feb 11 17:29:57 EST 2011</edited>
<value><point x="15740" y="21026"/></value>
<metadata author="">

</metadata>
</contour>
<contour name="Trail 529" class="PointContour" color="#1ca7ed" visible="true">
<created>Mon Feb 14 11:35:03 EST 2011</created>
<edited>Mon Feb 14 11:35:03 EST 2011</edited>
<value><point x="8443" y="18375"/></value>
<metadata author="">

</metadata>
</contour>
<contour name="Trail 530" class="PointContour" color="#d5e631" visible="true">
<created>Mon Feb 14 11:39:56 EST 2011</created>
<edited>Mon Feb 14 11:39:56 EST 2011</edited>
<value><point x="9210" y="20279"/></value>
<metadata author="">

</metadata>
</contour>
<contour name="Trail 532" class="PointContour" color="#fabd81" visible="true">
<created>Mon Feb 14 11:48:34 EST 2011</created>
<edited>Mon Feb 14 11:48:34 EST 2011</edited>
<value><point x="5902" y="19228"/></value>
<metadata author="">

</metadata>
</contour>
<contour name="Trail 534" class="PointContour" color="#001c95" visible="true">
<created>Mon Feb 14 12:11:46 EST 2011</created>
<edited>Mon Feb 14 12:11:46 EST 2011</edited>
<value><point x="12631" y="19483"/></value>
<metadata author="">

</metadata>
</contour>
<contour name="Trail 535" class="PointContour" color="#bcc72b" visible="true">
<created>Mon Feb 14 12:57:52 EST 2011</created>
<edited>Mon Feb 14 12:57:52 EST 2011</edited>
<value><point x="10666" y="17180"/></value>
<metadata author="">

</metadata>
</contour>
<contour name="Trail 535" class="PointContour" color="#bcc72b" visible="true">
<created>Mon Feb 14 12:58:02 EST 2011</created>
<edited>Mon Feb 14 12:58:02 EST 2011</edited>
<value><point x="10724" y="16933"/></value>
<metadata author="">

</metadata>
</contour>
<contour name="Trail 65" class="PointContour" color="#e3ff0e" visible="true">
<created>Mon Feb 14 15:25:59 EST 2011</created>
<edited>Mon Feb 14 15:25:59 EST 2011</edited>
<value><point x="11354" y="17572"/></value>
<metadata author="">

</metadata>
</contour>
<contour name="Trail 94" class="PointContour" color="#beff05" visible="true">
<created>Mon Feb 14 15:53:45 EST 2011</created>
<edited>Mon Feb 14 15:53:45 EST 2011</edited>
<value><point x="8384" y="22614"/></value>
<metadata author="">

</metadata>
</contour>
<contour name="Trail 49" class="PointContour" color="#4053cc" visible="true">
<created>Mon Feb 14 15:58:25 EST 2011</created>
<edited>Mon Feb 14 15:58:25 EST 2011</edited>
<value><point x="10794" y="20428"/></value>
<metadata author="">

</metadata>
</contour>
<contour name="Trail 26" class="PointContour" color="#c21ebd" visible="true">
<created>Tue Feb 15 11:58:06 EST 2011</created>
<edited>Tue Feb 15 11:58:06 EST 2011</edited>
<value><point x="11322" y="18833"/></value>
<metadata author="">

</metadata>
</contour>
<contour name="Trail 38" class="PointContour" color="#f7edc9" visible="true">
<created>Tue Feb 15 12:15:37 EST 2011</created>
<edited>Tue Feb 15 12:15:37 EST 2011</edited>
<value><point x="17318" y="15028"/></value>
<metadata author="">

</metadata>
</contour>
<contour name="Trail 52" class="PointContour" color="#b10aff" visible="true">
<created>Tue Feb 15 12:18:08 EST 2011</created>
<edited>Tue Feb 15 12:18:08 EST 2011</edited>
<value><point x="12211" y="18343"/></value>
<metadata author="">

</metadata>
</contour>
<contour name="Trail 40" class="PointContour" color="#c4f7b5" visible="true">
<created>Tue Feb 15 12:23:22 EST 2011</created>
<edited>Tue Feb 15 12:23:22 EST 2011</edited>
<value><point x="11327" y="18688"/></value>
<metadata author="">

</metadata>
</contour>
<contour name="Trail 45" class="PointContour" color="#80d2ff" visible="true">
<created>Tue Feb 15 12:31:01 EST 2011</created>
<edited>Tue Feb 15 12:31:01 EST 2011</edited>
<value><point x="11194" y="17272"/></value>
<metadata author="">

</metadata>
</contour>
<contour name="Trail 86" class="PointContour" color="#ff067f" visible="true">
<created>Tue Feb 15 14:19:08 EST 2011</created>
<edited>Tue Feb 15 14:19:08 EST 2011</edited>
<value><point x="13694" y="17940"/></value>
<metadata author="">

</metadata>
</contour>
<contour name="Trail 39" class="PointContour" color="#a4f7f2" visible="true">
<created>Tue Feb 15 14:53:42 EST 2011</created>
<edited>Tue Feb 15 14:53:42 EST 2011</edited>
<value><point x="10250" y="18515"/></value>
<metadata author="">

</metadata>
</contour>
<contour name="Trail 205" class="PointContour" color="#0ddcff" visible="true">
<created>Tue Feb 15 15:03:32 EST 2011</created>
<edited>Tue Feb 15 15:03:32 EST 2011</edited>
<value><point x="11589" y="16568"/></value>
<metadata author="">

</metadata>
</contour>
<contour name="Trail 53" class="PointContour" color="#d507ff" visible="true">
<created>Tue Feb 15 17:52:38 EST 2011</created>
<edited>Tue Feb 15 17:52:38 EST 2011</edited>
<value><point x="11571" y="19751"/></value>
<metadata author="">

</metadata>
</contour>
<contour name="Trail 8" class="PointContour" color="#2d23ff" visible="true">
<created>Thu Feb 17 10:13:21 EST 2011</created>
<edited>Thu Feb 17 10:13:21 EST 2011</edited>
<value><point x="12402" y="18996"/></value>
<metadata author="">

</metadata>
</contour>
<contour name="Trail 12" class="PointContour" color="#ffa568" visible="true">
<created>Thu Mar 10 14:19:04 EST 2011</created>
<edited>Thu Mar 10 14:19:04 EST 2011</edited>
<value><point x="14962" y="19948"/></value>
<metadata author="">

</metadata>
</contour>
<contour name="Trail 25" class="PointContour" color="#448fc2" visible="true">
<created>Thu Mar 10 16:57:55 EST 2011</created>
<edited>Thu Mar 10 16:57:55 EST 2011</edited>
<value><point x="12466" y="14592"/></value>
<metadata author="">

</metadata>
</contour>
<contour name="Trail 33" class="PointContour" color="#f70fe0" visible="true">
<created>Sun Mar 13 16:40:44 EDT 2011</created>
<edited>Sun Mar 13 16:40:44 EDT 2011</edited>
<value><point x="12690" y="18754"/></value>
<metadata author="">

</metadata>
</contour>
<contour name="Trail 41" class="PointContour" color="#b2aff7" visible="true">
<created>Sun Mar 13 17:02:46 EDT 2011</created>
<edited>Sun Mar 13 17:02:46 EDT 2011</edited>
<value><point x="10108" y="17762"/></value>
<metadata author="">

</metadata>
</contour>
<contour name="Trail 127" class="PointContour" color="#ff9009" visible="true">
<created>Sun Mar 13 19:12:44 EDT 2011</created>
<edited>Sun Mar 13 19:12:44 EDT 2011</edited>
<value><point x="10054" y="17830"/></value>
<metadata author="">

</metadata>
</contour>
<contour name="Trail 134" class="PointContour" color="#0954ff" visible="true">
<created>Sun Mar 13 19:52:45 EDT 2011</created>
<edited>Sun Mar 13 19:52:45 EDT 2011</edited>
<value><point x="10676" y="14403"/></value>
<metadata author="">

</metadata>
</contour>
</contours>