<!--Last edited: 2011/03/14 19:51:15-->
<contours>
<contour name="Process 420" class="PointContour" color="#4fe1fe" visible="true">
<created>Wed Nov 24 16:51:42 EST 2010</created>
<edited>Wed Nov 24 16:51:42 EST 2010</edited>
<value><point x="9403" y="17872"/></value>
<metadata author="">

</metadata>
</contour>
<contour name="Process 421" class="PointContour" color="#e61dae" visible="true">
<created>Wed Nov 24 17:06:58 EST 2010</created>
<edited>Wed Nov 24 17:06:58 EST 2010</edited>
<value><point x="9287" y="17332"/></value>
<metadata author="">

</metadata>
</contour>
<contour name="Process 422" class="PointContour" color="#f8e1f2" visible="true">
<created>Wed Nov 24 17:23:12 EST 2010</created>
<edited>Wed Nov 24 17:23:12 EST 2010</edited>
<value><point x="7651" y="17144"/></value>
<metadata author="">

</metadata>
</contour>
<contour name="Process 424" class="PointContour" color="#f4ed50" visible="true">
<created>Wed Nov 24 18:04:19 EST 2010</created>
<edited>Wed Nov 24 18:04:19 EST 2010</edited>
<value><point x="9168" y="17655"/></value>
<metadata author="">

</metadata>
</contour>
<contour name="Process 425" class="PointContour" color="#b3923c" visible="true">
<created>Wed Nov 24 18:59:48 EST 2010</created>
<edited>Wed Nov 24 18:59:48 EST 2010</edited>
<value><point x="8150" y="17647"/></value>
<metadata author="">

</metadata>
</contour>
<contour name="Process 426" class="PointContour" color="#a969fa" visible="true">
<created>Wed Nov 24 19:16:08 EST 2010</created>
<edited>Wed Nov 24 19:16:08 EST 2010</edited>
<value><point x="8389" y="20839"/></value>
<metadata author="">

</metadata>
</contour>
<contour name="Process 427" class="PointContour" color="#2e69d9" visible="true">
<created>Wed Nov 24 19:29:10 EST 2010</created>
<edited>Wed Nov 24 19:29:10 EST 2010</edited>
<value><point x="6553" y="21567"/></value>
<metadata author="">

</metadata>
</contour>
<contour name="Process 428" class="PointContour" color="#fd30e1" visible="true">
<created>Wed Nov 24 19:52:39 EST 2010</created>
<edited>Wed Nov 24 19:52:39 EST 2010</edited>
<value><point x="9781" y="19592"/></value>
<metadata author="">

</metadata>
</contour>
<contour name="Process 431" class="PointContour" color="#a298f6" visible="true">
<created>Wed Nov 24 20:26:50 EST 2010</created>
<edited>Wed Nov 24 20:26:50 EST 2010</edited>
<value><point x="6371" y="22390"/></value>
<metadata author="">

</metadata>
</contour>
<contour name="Process 434" class="PointContour" color="#8a9f56" visible="true">
<created>Thu Nov 25 00:03:57 EST 2010</created>
<edited>Thu Nov 25 00:03:57 EST 2010</edited>
<value><point x="10493" y="17109"/></value>
<metadata author="">

</metadata>
</contour>
<contour name="Process 435" class="PointContour" color="#0430ee" visible="true">
<created>Thu Nov 25 00:14:12 EST 2010</created>
<edited>Thu Nov 25 00:14:12 EST 2010</edited>
<value><point x="9992" y="14109"/></value>
<metadata author="">

</metadata>
</contour>
<contour name="Process 435" class="PointContour" color="#0430ee" visible="true">
<created>Thu Nov 25 00:16:27 EST 2010</created>
<edited>Thu Nov 25 00:16:27 EST 2010</edited>
<value><point x="9965" y="13588"/></value>
<metadata author="">

</metadata>
</contour>
<contour name="Process 435" class="PointContour" color="#0430ee" visible="true">
<created>Thu Nov 25 00:20:43 EST 2010</created>
<edited>Thu Nov 25 00:20:43 EST 2010</edited>
<value><point x="8383" y="9164"/></value>
<metadata author="">

</metadata>
</contour>
<contour name="Process 441" class="PointContour" color="#d89428" visible="true">
<created>Thu Nov 25 14:44:39 EST 2010</created>
<edited>Thu Nov 25 14:44:39 EST 2010</edited>
<value><point x="13761" y="15835"/></value>
<metadata author="">

</metadata>
</contour>
<contour name="Process 443" class="PointContour" color="#a38ff2" visible="true">
<created>Thu Nov 25 19:26:47 EST 2010</created>
<edited>Thu Nov 25 19:26:47 EST 2010</edited>
<value><point x="10160" y="17108"/></value>
<metadata author="">

</metadata>
</contour>
<contour name="Process 449" class="PointContour" color="#697c74" visible="true">
<created>Fri Nov 26 18:02:53 EST 2010</created>
<edited>Fri Nov 26 18:02:53 EST 2010</edited>
<value><point x="11446" y="19018"/></value>
<metadata author="">

</metadata>
</contour>
<contour name="Process 450" class="PointContour" color="#866c5b" visible="true">
<created>Fri Nov 26 21:02:25 EST 2010</created>
<edited>Fri Nov 26 21:02:25 EST 2010</edited>
<value><point x="12336" y="16399"/></value>
<metadata author="">

</metadata>
</contour>
<contour name="Process 451" class="PointContour" color="#bcad85" visible="true">
<created>Fri Nov 26 21:14:28 EST 2010</created>
<edited>Fri Nov 26 21:14:28 EST 2010</edited>
<value><point x="15171" y="11847"/></value>
<metadata author="">

</metadata>
</contour>
<contour name="Process 455" class="PointContour" color="#d456a5" visible="true">
<created>Sat Nov 27 12:38:45 EST 2010</created>
<edited>Sat Nov 27 12:38:45 EST 2010</edited>
<value><point x="10347" y="19366"/></value>
<metadata author="">

</metadata>
</contour>
<contour name="Process 456" class="PointContour" color="#cbbd91" visible="true">
<created>Sat Nov 27 12:47:59 EST 2010</created>
<edited>Sat Nov 27 12:47:59 EST 2010</edited>
<value><point x="12440" y="18728"/></value>
<metadata author="">

</metadata>
</contour>
<contour name="Process 457" class="PointContour" color="#f8a74f" visible="true">
<created>Sat Nov 27 12:58:18 EST 2010</created>
<edited>Sat Nov 27 12:58:18 EST 2010</edited>
<value><point x="12551" y="19240"/></value>
<metadata author="">

</metadata>
</contour>
<contour name="Process 458" class="PointContour" color="#10a180" visible="true">
<created>Sat Nov 27 13:08:36 EST 2010</created>
<edited>Sat Nov 27 13:08:36 EST 2010</edited>
<value><point x="12240" y="19153"/></value>
<metadata author="">

</metadata>
</contour>
<contour name="Process 459" class="PointContour" color="#15a084" visible="true">
<created>Sat Nov 27 14:13:01 EST 2010</created>
<edited>Sat Nov 27 14:13:01 EST 2010</edited>
<value><point x="12124" y="20231"/></value>
<metadata author="">

</metadata>
</contour>
<contour name="Process 460" class="PointContour" color="#782b43" visible="true">
<created>Fri Dec 03 15:17:31 EST 2010</created>
<edited>Fri Dec 03 15:17:31 EST 2010</edited>
<value><point x="19335" y="16444"/></value>
<metadata author="">

</metadata>
</contour>
<contour name="Process 465" class="PointContour" color="#ae4a09" visible="true">
<created>Fri Dec 03 23:56:33 EST 2010</created>
<edited>Fri Dec 03 23:56:33 EST 2010</edited>
<value><point x="11569" y="17131"/></value>
<metadata author="">

</metadata>
</contour>
<contour name="Process 466" class="PointContour" color="#722e57" visible="true">
<created>Sat Dec 04 00:05:45 EST 2010</created>
<edited>Sat Dec 04 00:05:45 EST 2010</edited>
<value><point x="10635" y="16558"/></value>
<metadata author="">

</metadata>
</contour>
<contour name="Process 469" class="PointContour" color="#7f3a2b" visible="true">
<created>Sat Dec 04 00:29:03 EST 2010</created>
<edited>Sat Dec 04 00:29:03 EST 2010</edited>
<value><point x="11159" y="20421"/></value>
<metadata author="">

</metadata>
</contour>
<contour name="Process 470" class="PointContour" color="#266149" visible="true">
<created>Sat Dec 04 13:32:06 EST 2010</created>
<edited>Sat Dec 04 13:32:06 EST 2010</edited>
<value><point x="9525" y="17854"/></value>
<metadata author="">

</metadata>
</contour>
<contour name="Process 471" class="PointContour" color="#da4772" visible="true">
<created>Sat Dec 04 13:39:15 EST 2010</created>
<edited>Sat Dec 04 13:39:15 EST 2010</edited>
<value><point x="8642" y="15594"/></value>
<metadata author="">

</metadata>
</contour>
<contour name="Process 473" class="PointContour" color="#811f28" visible="true">
<created>Tue Feb 08 14:02:18 EST 2011</created>
<edited>Tue Feb 08 14:02:18 EST 2011</edited>
<value><point x="13651" y="21672"/></value>
<metadata author="">

</metadata>
</contour>
<contour name="Process 478" class="PointContour" color="#4bab49" visible="true">
<created>Tue Feb 08 15:11:06 EST 2011</created>
<edited>Tue Feb 08 15:11:06 EST 2011</edited>
<value><point x="12801" y="21216"/></value>
<metadata author="">

</metadata>
</contour>
<contour name="Process 478" class="PointContour" color="#4bab49" visible="true">
<created>Tue Feb 08 15:11:33 EST 2011</created>
<edited>Tue Feb 08 15:11:33 EST 2011</edited>
<value><point x="13401" y="21545"/></value>
<metadata author="">

</metadata>
</contour>
<contour name="Process 478" class="PointContour" color="#4bab49" visible="true">
<created>Tue Feb 08 15:12:12 EST 2011</created>
<edited>Tue Feb 08 15:12:12 EST 2011</edited>
<value><point x="14812" y="21962"/></value>
<metadata author="">

</metadata>
</contour>
<contour name="Process 480" class="PointContour" color="#ace8dd" visible="true">
<created>Tue Feb 08 15:30:17 EST 2011</created>
<edited>Tue Feb 08 15:30:17 EST 2011</edited>
<value><point x="7008" y="20757"/></value>
<metadata author="">

</metadata>
</contour>
<contour name="Process 481" class="PointContour" color="#51749d" visible="true">
<created>Tue Feb 08 15:52:40 EST 2011</created>
<edited>Tue Feb 08 15:52:40 EST 2011</edited>
<value><point x="11054" y="20299"/></value>
<metadata author="">

</metadata>
</contour>
<contour name="Process 482" class="PointContour" color="#965dda" visible="true">
<created>Tue Feb 08 17:23:55 EST 2011</created>
<edited>Tue Feb 08 17:23:55 EST 2011</edited>
<value><point x="16076" y="23295"/></value>
<metadata author="">

</metadata>
</contour>
<contour name="Process 488" class="PointContour" color="#e590b3" visible="true">
<created>Wed Feb 09 10:45:02 EST 2011</created>
<edited>Wed Feb 09 10:45:02 EST 2011</edited>
<value><point x="12958" y="20870"/></value>
<metadata author="">

</metadata>
</contour>
<contour name="Process 526" class="PointContour" color="#8d24e6" visible="true">
<created>Fri Feb 11 17:28:07 EST 2011</created>
<edited>Fri Feb 11 17:28:07 EST 2011</edited>
<value><point x="13693" y="19867"/></value>
<metadata author="">

</metadata>
</contour>
<contour name="Trail 530" class="PointContour" color="#d5e631" visible="true">
<created>Mon Feb 14 11:39:05 EST 2011</created>
<edited>Mon Feb 14 11:39:05 EST 2011</edited>
<value><point x="10361" y="19449"/></value>
<metadata author="">

</metadata>
</contour>
<contour name="Trail 532" class="PointContour" color="#fabd81" visible="true">
<created>Mon Feb 14 11:47:39 EST 2011</created>
<edited>Mon Feb 14 11:47:39 EST 2011</edited>
<value><point x="7781" y="19150"/></value>
<metadata author="">

</metadata>
</contour>
<contour name="Trail 534" class="PointContour" color="#001c95" visible="true">
<created>Mon Feb 14 12:10:57 EST 2011</created>
<edited>Mon Feb 14 12:10:57 EST 2011</edited>
<value><point x="12192" y="19136"/></value>
<metadata author="">

</metadata>
</contour>
<contour name="Trail 535" class="PointContour" color="#bcc72b" visible="true">
<created>Mon Feb 14 12:56:19 EST 2011</created>
<edited>Mon Feb 14 12:56:19 EST 2011</edited>
<value><point x="11245" y="19022"/></value>
<metadata author="">

</metadata>
</contour>
<contour name="Trail 65" class="PointContour" color="#e3ff0e" visible="true">
<created>Mon Feb 14 15:25:06 EST 2011</created>
<edited>Mon Feb 14 15:25:06 EST 2011</edited>
<value><point x="11546" y="17945"/></value>
<metadata author="">

</metadata>
</contour>
<contour name="Trail 115" class="PointContour" color="#cbff04" visible="true">
<created>Mon Feb 14 15:35:27 EST 2011</created>
<edited>Mon Feb 14 15:35:27 EST 2011</edited>
<value><point x="14032" y="19803"/></value>
<metadata author="">

</metadata>
</contour>
<contour name="Trail 94" class="PointContour" color="#beff05" visible="true">
<created>Mon Feb 14 15:51:00 EST 2011</created>
<edited>Mon Feb 14 15:51:00 EST 2011</edited>
<value><point x="10059" y="20821"/></value>
<metadata author="">

</metadata>
</contour>
<contour name="Trail 49" class="PointContour" color="#4053cc" visible="true">
<created>Mon Feb 14 15:56:56 EST 2011</created>
<edited>Mon Feb 14 15:56:56 EST 2011</edited>
<value><point x="11109" y="19403"/></value>
<metadata author="">

</metadata>
</contour>
<contour name="Trail 159" class="PointContour" color="#afff08" visible="true">
<created>Mon Feb 14 16:06:46 EST 2011</created>
<edited>Mon Feb 14 16:06:46 EST 2011</edited>
<value><point x="11276" y="18640"/></value>
<metadata author="">

</metadata>
</contour>
<contour name="Trail 159" class="PointContour" color="#afff08" visible="true">
<created>Mon Feb 14 16:07:13 EST 2011</created>
<edited>Mon Feb 14 16:07:13 EST 2011</edited>
<value><point x="11474" y="18589"/></value>
<metadata author="">

</metadata>
</contour>
<contour name="Trail 26" class="PointContour" color="#c21ebd" visible="true">
<created>Tue Feb 15 11:57:33 EST 2011</created>
<edited>Tue Feb 15 11:57:33 EST 2011</edited>
<value><point x="11942" y="18732"/></value>
<metadata author="">

</metadata>
</contour>
<contour name="Trail 38" class="PointContour" color="#f7edc9" visible="true">
<created>Tue Feb 15 12:02:07 EST 2011</created>
<edited>Tue Feb 15 12:02:07 EST 2011</edited>
<value><point x="12317" y="18267"/></value>
<metadata author="">

</metadata>
</contour>
<contour name="Trail 52" class="PointContour" color="#b10aff" visible="true">
<created>Tue Feb 15 12:17:44 EST 2011</created>
<edited>Tue Feb 15 12:17:44 EST 2011</edited>
<value><point x="12378" y="18375"/></value>
<metadata author="">

</metadata>
</contour>
<contour name="Trail 40" class="PointContour" color="#c4f7b5" visible="true">
<created>Tue Feb 15 12:22:42 EST 2011</created>
<edited>Tue Feb 15 12:22:42 EST 2011</edited>
<value><point x="11874" y="18485"/></value>
<metadata author="">

</metadata>
</contour>
<contour name="Trail 45" class="PointContour" color="#80d2ff" visible="true">
<created>Tue Feb 15 12:29:46 EST 2011</created>
<edited>Tue Feb 15 12:29:46 EST 2011</edited>
<value><point x="11468" y="17579"/></value>
<metadata author="">

</metadata>
</contour>
<contour name="Trail 86" class="PointContour" color="#ff067f" visible="true">
<created>Tue Feb 15 14:18:04 EST 2011</created>
<edited>Tue Feb 15 14:18:04 EST 2011</edited>
<value><point x="12662" y="17275"/></value>
<metadata author="">

</metadata>
</contour>
<contour name="Trail 97" class="PointContour" color="#05ff95" visible="true">
<created>Tue Feb 15 14:50:07 EST 2011</created>
<edited>Tue Feb 15 14:50:07 EST 2011</edited>
<value><point x="4092" y="15570"/></value>
<metadata author="">

</metadata>
</contour>
<contour name="Trail 39" class="PointContour" color="#a4f7f2" visible="true">
<created>Tue Feb 15 14:52:54 EST 2011</created>
<edited>Tue Feb 15 14:52:54 EST 2011</edited>
<value><point x="10902" y="18528"/></value>
<metadata author="">

</metadata>
</contour>
<contour name="Trail 205" class="PointContour" color="#0ddcff" visible="true">
<created>Tue Feb 15 15:02:36 EST 2011</created>
<edited>Tue Feb 15 15:02:36 EST 2011</edited>
<value><point x="11657" y="17169"/></value>
<metadata author="">

</metadata>
</contour>
<contour name="Trail 53" class="PointContour" color="#d507ff" visible="true">
<created>Tue Feb 15 17:51:20 EST 2011</created>
<edited>Tue Feb 15 17:51:20 EST 2011</edited>
<value><point x="12149" y="19100"/></value>
<metadata author="">

</metadata>
</contour>
<contour name="Trail 8" class="PointContour" color="#2d23ff" visible="true">
<created>Thu Feb 17 10:12:45 EST 2011</created>
<edited>Thu Feb 17 10:12:45 EST 2011</edited>
<value><point x="12438" y="18673"/></value>
<metadata author="">

</metadata>
</contour>
<contour name="Trail 96" class="PointContour" color="#55ff01" visible="true">
<created>Thu Feb 17 11:16:13 EST 2011</created>
<edited>Thu Feb 17 11:16:13 EST 2011</edited>
<value><point x="9066" y="21170"/></value>
<metadata author="">

</metadata>
</contour>
<contour name="Trail 96" class="PointContour" color="#55ff01" visible="true">
<created>Thu Feb 17 11:16:55 EST 2011</created>
<edited>Thu Feb 17 11:16:55 EST 2011</edited>
<value><point x="7600" y="21681"/></value>
<metadata author="">

</metadata>
</contour>
<contour name="Trail 96" class="PointContour" color="#55ff01" visible="true">
<created>Thu Feb 17 11:17:31 EST 2011</created>
<edited>Thu Feb 17 11:17:31 EST 2011</edited>
<value><point x="5971" y="22163"/></value>
<metadata author="">

</metadata>
</contour>
<contour name="Trail 96" class="PointContour" color="#55ff01" visible="true">
<created>Thu Feb 17 11:17:55 EST 2011</created>
<edited>Thu Feb 17 11:17:55 EST 2011</edited>
<value><point x="5366" y="22597"/></value>
<metadata author="">

</metadata>
</contour>
<contour name="Trail 12" class="PointContour" color="#ffa568" visible="true">
<created>Thu Mar 10 14:17:14 EST 2011</created>
<edited>Thu Mar 10 14:17:14 EST 2011</edited>
<value><point x="13625" y="19231"/></value>
<metadata author="">

</metadata>
</contour>
<contour name="Trail 25" class="PointContour" color="#448fc2" visible="true">
<created>Thu Mar 10 16:52:31 EST 2011</created>
<edited>Thu Mar 10 16:52:31 EST 2011</edited>
<value><point x="11505" y="16649"/></value>
<metadata author="">

</metadata>
</contour>
<contour name="Trail 33" class="PointContour" color="#f70fe0" visible="true">
<created>Sun Mar 13 16:40:03 EDT 2011</created>
<edited>Sun Mar 13 16:40:03 EDT 2011</edited>
<value><point x="12153" y="18383"/></value>
<metadata author="">

</metadata>
</contour>
<contour name="Trail 41" class="PointContour" color="#b2aff7" visible="true">
<created>Sun Mar 13 17:01:29 EDT 2011</created>
<edited>Sun Mar 13 17:01:29 EDT 2011</edited>
<value><point x="11107" y="17615"/></value>
<metadata author="">

</metadata>
</contour>
<contour name="Trail 127" class="PointContour" color="#ff9009" visible="true">
<created>Sun Mar 13 19:11:47 EDT 2011</created>
<edited>Sun Mar 13 19:11:47 EDT 2011</edited>
<value><point x="11502" y="18168"/></value>
<metadata author="">

</metadata>
</contour>
<contour name="Trail 134" class="PointContour" color="#0954ff" visible="true">
<created>Sun Mar 13 19:52:10 EDT 2011</created>
<edited>Sun Mar 13 19:52:10 EDT 2011</edited>
<value><point x="11759" y="14956"/></value>
<metadata author="">

</metadata>
</contour>
<contour name="Trail 187" class="PointContour" color="#afd2ff" visible="true">
<created>Mon Mar 14 11:51:06 EDT 2011</created>
<edited>Mon Mar 14 11:51:06 EDT 2011</edited>
<value><point x="7168" y="18392"/></value>
<metadata author="">

</metadata>
</contour>
</contours>