<!--Last edited: 2011/03/14 19:51:15-->
<contours>
<contour name="Process 420" class="PointContour" color="#4fe1fe" visible="true">
<created>Wed Nov 24 16:51:14 EST 2010</created>
<edited>Wed Nov 24 16:51:14 EST 2010</edited>
<value><point x="10035" y="17563"/></value>
<metadata author="">

</metadata>
</contour>
<contour name="Process 421" class="PointContour" color="#e61dae" visible="true">
<created>Wed Nov 24 17:06:11 EST 2010</created>
<edited>Wed Nov 24 17:06:11 EST 2010</edited>
<value><point x="9478" y="17366"/></value>
<metadata author="">

</metadata>
</contour>
<contour name="Process 422" class="PointContour" color="#f8e1f2" visible="true">
<created>Wed Nov 24 17:22:34 EST 2010</created>
<edited>Wed Nov 24 17:22:34 EST 2010</edited>
<value><point x="8439" y="17493"/></value>
<metadata author="">

</metadata>
</contour>
<contour name="Process 424" class="PointContour" color="#f4ed50" visible="true">
<created>Wed Nov 24 18:03:26 EST 2010</created>
<edited>Wed Nov 24 18:03:26 EST 2010</edited>
<value><point x="9848" y="17409"/></value>
<metadata author="">

</metadata>
</contour>
<contour name="Process 425" class="PointContour" color="#b3923c" visible="true">
<created>Wed Nov 24 18:58:49 EST 2010</created>
<edited>Wed Nov 24 18:58:49 EST 2010</edited>
<value><point x="8912" y="18024"/></value>
<metadata author="">

</metadata>
</contour>
<contour name="Process 426" class="PointContour" color="#a969fa" visible="true">
<created>Wed Nov 24 19:15:10 EST 2010</created>
<edited>Wed Nov 24 19:15:10 EST 2010</edited>
<value><point x="9646" y="20301"/></value>
<metadata author="">

</metadata>
</contour>
<contour name="Process 427" class="PointContour" color="#2e69d9" visible="true">
<created>Wed Nov 24 19:28:06 EST 2010</created>
<edited>Wed Nov 24 19:28:06 EST 2010</edited>
<value><point x="7420" y="20742"/></value>
<metadata author="">

</metadata>
</contour>
<contour name="Process 428" class="PointContour" color="#fd30e1" visible="true">
<created>Wed Nov 24 19:52:14 EST 2010</created>
<edited>Wed Nov 24 19:52:14 EST 2010</edited>
<value><point x="9853" y="18842"/></value>
<metadata author="">

</metadata>
</contour>
<contour name="Process 429" class="PointContour" color="#bffe24" visible="true">
<created>Wed Nov 24 20:04:48 EST 2010</created>
<edited>Wed Nov 24 20:04:48 EST 2010</edited>
<value><point x="4197" y="17669"/></value>
<metadata author="">

</metadata>
</contour>
<contour name="Process 429" class="PointContour" color="#bffe24" visible="true">
<created>Wed Nov 24 20:05:12 EST 2010</created>
<edited>Wed Nov 24 20:05:12 EST 2010</edited>
<value><point x="3651" y="17615"/></value>
<metadata author="">

</metadata>
</contour>
<contour name="Process 429" class="PointContour" color="#bffe24" visible="true">
<created>Wed Nov 24 20:05:27 EST 2010</created>
<edited>Wed Nov 24 20:05:27 EST 2010</edited>
<value><point x="3207" y="17585"/></value>
<metadata author="">

</metadata>
</contour>
<contour name="Process 431" class="PointContour" color="#a298f6" visible="true">
<created>Wed Nov 24 20:23:01 EST 2010</created>
<edited>Wed Nov 24 20:23:01 EST 2010</edited>
<value><point x="9933" y="20191"/></value>
<metadata author="">

</metadata>
</contour>
<contour name="Process 434" class="PointContour" color="#8a9f56" visible="true">
<created>Thu Nov 25 00:03:06 EST 2010</created>
<edited>Thu Nov 25 00:03:06 EST 2010</edited>
<value><point x="10479" y="18051"/></value>
<metadata author="">

</metadata>
</contour>
<contour name="Process 435" class="PointContour" color="#0430ee" visible="true">
<created>Thu Nov 25 00:13:12 EST 2010</created>
<edited>Thu Nov 25 00:13:12 EST 2010</edited>
<value><point x="10098" y="14753"/></value>
<metadata author="">

</metadata>
</contour>
<contour name="Process 435" class="PointContour" color="#0430ee" visible="true">
<created>Thu Nov 25 00:19:20 EST 2010</created>
<edited>Thu Nov 25 00:19:20 EST 2010</edited>
<value><point x="8598" y="10242"/></value>
<metadata author="">

</metadata>
</contour>
<contour name="Process 435" class="PointContour" color="#0430ee" visible="true">
<created>Thu Nov 25 00:19:38 EST 2010</created>
<edited>Thu Nov 25 00:19:38 EST 2010</edited>
<value><point x="8556" y="9782"/></value>
<metadata author="">

</metadata>
</contour>
<contour name="Process 441" class="PointContour" color="#d89428" visible="true">
<created>Thu Nov 25 14:43:54 EST 2010</created>
<edited>Thu Nov 25 14:43:54 EST 2010</edited>
<value><point x="13245" y="16084"/></value>
<metadata author="">

</metadata>
</contour>
<contour name="Process 443" class="PointContour" color="#a38ff2" visible="true">
<created>Thu Nov 25 19:26:20 EST 2010</created>
<edited>Thu Nov 25 19:26:20 EST 2010</edited>
<value><point x="10307" y="17057"/></value>
<metadata author="">

</metadata>
</contour>
<contour name="Process 449" class="PointContour" color="#697c74" visible="true">
<created>Fri Nov 26 18:02:14 EST 2010</created>
<edited>Fri Nov 26 18:02:14 EST 2010</edited>
<value><point x="11263" y="19375"/></value>
<metadata author="">

</metadata>
</contour>
<contour name="Process 450" class="PointContour" color="#866c5b" visible="true">
<created>Fri Nov 26 21:02:04 EST 2010</created>
<edited>Fri Nov 26 21:02:04 EST 2010</edited>
<value><point x="12323" y="16587"/></value>
<metadata author="">

</metadata>
</contour>
<contour name="Process 451" class="PointContour" color="#bcad85" visible="true">
<created>Fri Nov 26 21:11:33 EST 2010</created>
<edited>Fri Nov 26 21:11:33 EST 2010</edited>
<value><point x="12967" y="15733"/></value>
<metadata author="">

</metadata>
</contour>
<contour name="Process 455" class="PointContour" color="#d456a5" visible="true">
<created>Sat Nov 27 12:38:02 EST 2010</created>
<edited>Sat Nov 27 12:38:02 EST 2010</edited>
<value><point x="10668" y="18935"/></value>
<metadata author="">

</metadata>
</contour>
<contour name="Process 456" class="PointContour" color="#cbbd91" visible="true">
<created>Sat Nov 27 12:47:30 EST 2010</created>
<edited>Sat Nov 27 12:47:30 EST 2010</edited>
<value><point x="12511" y="18761"/></value>
<metadata author="">

</metadata>
</contour>
<contour name="Process 457" class="PointContour" color="#f8a74f" visible="true">
<created>Sat Nov 27 12:57:39 EST 2010</created>
<edited>Sat Nov 27 12:57:39 EST 2010</edited>
<value><point x="12578" y="18964"/></value>
<metadata author="">

</metadata>
</contour>
<contour name="Process 458" class="PointContour" color="#10a180" visible="true">
<created>Sat Nov 27 13:08:05 EST 2010</created>
<edited>Sat Nov 27 13:08:05 EST 2010</edited>
<value><point x="12054" y="19002"/></value>
<metadata author="">

</metadata>
</contour>
<contour name="Process 459" class="PointContour" color="#15a084" visible="true">
<created>Sat Nov 27 14:11:56 EST 2010</created>
<edited>Sat Nov 27 14:11:56 EST 2010</edited>
<value><point x="11465" y="19367"/></value>
<metadata author="">

</metadata>
</contour>
<contour name="Process 460" class="PointContour" color="#782b43" visible="true">
<created>Fri Dec 03 15:15:52 EST 2010</created>
<edited>Fri Dec 03 15:15:52 EST 2010</edited>
<value><point x="15712" y="17069"/></value>
<metadata author="">

</metadata>
</contour>
<contour name="Process 465" class="PointContour" color="#ae4a09" visible="true">
<created>Fri Dec 03 23:56:09 EST 2010</created>
<edited>Fri Dec 03 23:56:09 EST 2010</edited>
<value><point x="12055" y="17089"/></value>
<metadata author="">

</metadata>
</contour>
<contour name="Process 466" class="PointContour" color="#722e57" visible="true">
<created>Sat Dec 04 00:05:20 EST 2010</created>
<edited>Sat Dec 04 00:05:20 EST 2010</edited>
<value><point x="10782" y="16661"/></value>
<metadata author="">

</metadata>
</contour>
<contour name="Process 469" class="PointContour" color="#7f3a2b" visible="true">
<created>Sat Dec 04 00:28:49 EST 2010</created>
<edited>Sat Dec 04 00:28:49 EST 2010</edited>
<value><point x="11342" y="20362"/></value>
<metadata author="">

</metadata>
</contour>
<contour name="Process 470" class="PointContour" color="#266149" visible="true">
<created>Sat Dec 04 13:31:44 EST 2010</created>
<edited>Sat Dec 04 13:31:44 EST 2010</edited>
<value><point x="10014" y="17704"/></value>
<metadata author="">

</metadata>
</contour>
<contour name="Process 471" class="PointContour" color="#da4772" visible="true">
<created>Sat Dec 04 13:38:42 EST 2010</created>
<edited>Sat Dec 04 13:38:42 EST 2010</edited>
<value><point x="9542" y="16930"/></value>
<metadata author="">

</metadata>
</contour>
<contour name="Process 473" class="PointContour" color="#811f28" visible="true">
<created>Tue Feb 08 14:01:15 EST 2011</created>
<edited>Tue Feb 08 14:01:15 EST 2011</edited>
<value><point x="12865" y="20667"/></value>
<metadata author="">

</metadata>
</contour>
<contour name="Process 478" class="PointContour" color="#4bab49" visible="true">
<created>Tue Feb 08 15:10:36 EST 2011</created>
<edited>Tue Feb 08 15:10:36 EST 2011</edited>
<value><point x="12786" y="20457"/></value>
<metadata author="">

</metadata>
</contour>
<contour name="Process 480" class="PointContour" color="#ace8dd" visible="true">
<created>Tue Feb 08 15:29:05 EST 2011</created>
<edited>Tue Feb 08 15:29:05 EST 2011</edited>
<value><point x="9598" y="20262"/></value>
<metadata author="">

</metadata>
</contour>
<contour name="Process 481" class="PointContour" color="#51749d" visible="true">
<created>Tue Feb 08 15:52:13 EST 2011</created>
<edited>Tue Feb 08 15:52:13 EST 2011</edited>
<value><point x="11268" y="20151"/></value>
<metadata author="">

</metadata>
</contour>
<contour name="Process 482" class="PointContour" color="#965dda" visible="true">
<created>Tue Feb 08 17:22:21 EST 2011</created>
<edited>Tue Feb 08 17:22:21 EST 2011</edited>
<value><point x="14084" y="21817"/></value>
<metadata author="">

</metadata>
</contour>
<contour name="Process 482" class="PointContour" color="#965dda" visible="true">
<created>Tue Feb 08 17:22:43 EST 2011</created>
<edited>Tue Feb 08 17:22:43 EST 2011</edited>
<value><point x="14794" y="22367"/></value>
<metadata author="">

</metadata>
</contour>
<contour name="Process 488" class="PointContour" color="#e590b3" visible="true">
<created>Wed Feb 09 10:44:28 EST 2011</created>
<edited>Wed Feb 09 10:44:28 EST 2011</edited>
<value><point x="12854" y="20550"/></value>
<metadata author="">

</metadata>
</contour>
<contour name="Process 493" class="PointContour" color="#754904" visible="true">
<created>Wed Feb 09 15:45:24 EST 2011</created>
<edited>Wed Feb 09 15:45:24 EST 2011</edited>
<value><point x="10071" y="21356"/></value>
<metadata author="">

</metadata>
</contour>
<contour name="Process 493" class="PointContour" color="#754904" visible="true">
<created>Wed Feb 09 15:46:14 EST 2011</created>
<edited>Wed Feb 09 15:46:14 EST 2011</edited>
<value><point x="9522" y="22029"/></value>
<metadata author="">

</metadata>
</contour>
<contour name="Process 493" class="PointContour" color="#754904" visible="true">
<created>Wed Feb 09 15:46:27 EST 2011</created>
<edited>Wed Feb 09 15:46:27 EST 2011</edited>
<value><point x="9366" y="22456"/></value>
<metadata author="">

</metadata>
</contour>
<contour name="Process 526" class="PointContour" color="#8d24e6" visible="true">
<created>Fri Feb 11 17:27:25 EST 2011</created>
<edited>Fri Feb 11 17:27:25 EST 2011</edited>
<value><point x="13117" y="19369"/></value>
<metadata author="">

</metadata>
</contour>
<contour name="Trail 527" class="PointContour" color="#453b96" visible="true">
<created>Mon Feb 14 10:53:44 EST 2011</created>
<edited>Mon Feb 14 10:53:44 EST 2011</edited>
<value><point x="14206" y="19297"/></value>
<metadata author="">

</metadata>
</contour>
<contour name="Trail 527" class="PointContour" color="#453b96" visible="true">
<created>Mon Feb 14 10:53:44 EST 2011</created>
<edited>Mon Feb 14 10:53:44 EST 2011</edited>
<value><point x="14206" y="19297"/></value>
<metadata author="">

</metadata>
</contour>
<contour name="Trail 527" class="PointContour" color="#453b96" visible="true">
<created>Mon Feb 14 11:20:18 EST 2011</created>
<edited>Mon Feb 14 11:20:18 EST 2011</edited>
<value><point x="17598" y="19890"/></value>
<metadata author="">

</metadata>
</contour>
<contour name="Trail 529" class="PointContour" color="#1ca7ed" visible="true">
<created>Mon Feb 14 11:33:05 EST 2011</created>
<edited>Mon Feb 14 11:33:05 EST 2011</edited>
<value><point x="10754" y="19076"/></value>
<metadata author="">

</metadata>
</contour>
<contour name="Trail 530" class="PointContour" color="#d5e631" visible="true">
<created>Mon Feb 14 11:38:42 EST 2011</created>
<edited>Mon Feb 14 11:38:42 EST 2011</edited>
<value><point x="10814" y="19150"/></value>
<metadata author="">

</metadata>
</contour>
<contour name="Trail 532" class="PointContour" color="#fabd81" visible="true">
<created>Mon Feb 14 11:46:44 EST 2011</created>
<edited>Mon Feb 14 11:46:44 EST 2011</edited>
<value><point x="10437" y="19380"/></value>
<metadata author="">

</metadata>
</contour>
<contour name="Trail 533" class="PointContour" color="#3e79a5" visible="true">
<created>Mon Feb 14 11:59:31 EST 2011</created>
<edited>Mon Feb 14 11:59:31 EST 2011</edited>
<value><point x="12469" y="18659"/></value>
<metadata author="">

</metadata>
</contour>
<contour name="Trail 533" class="PointContour" color="#3e79a5" visible="true">
<created>Mon Feb 14 11:59:39 EST 2011</created>
<edited>Mon Feb 14 11:59:39 EST 2011</edited>
<value><point x="12797" y="18685"/></value>
<metadata author="">

</metadata>
</contour>
<contour name="Trail 534" class="PointContour" color="#001c95" visible="true">
<created>Mon Feb 14 12:10:28 EST 2011</created>
<edited>Mon Feb 14 12:10:28 EST 2011</edited>
<value><point x="12002" y="18953"/></value>
<metadata author="">

</metadata>
</contour>
<contour name="Trail 535" class="PointContour" color="#bcc72b" visible="true">
<created>Mon Feb 14 12:55:24 EST 2011</created>
<edited>Mon Feb 14 12:55:24 EST 2011</edited>
<value><point x="11403" y="19372"/></value>
<metadata author="">

</metadata>
</contour>
<contour name="Trail 65" class="PointContour" color="#e3ff0e" visible="true">
<created>Mon Feb 14 15:02:50 EST 2011</created>
<edited>Mon Feb 14 15:02:50 EST 2011</edited>
<value><point x="11871" y="18433"/></value>
<metadata author="">

</metadata>
</contour>
<contour name="Trail 115" class="PointContour" color="#cbff04" visible="true">
<created>Mon Feb 14 15:33:05 EST 2011</created>
<edited>Mon Feb 14 15:33:05 EST 2011</edited>
<value><point x="12767" y="19091"/></value>
<metadata author="">

</metadata>
</contour>
<contour name="Trail 94" class="PointContour" color="#beff05" visible="true">
<created>Mon Feb 14 15:49:52 EST 2011</created>
<edited>Mon Feb 14 15:49:52 EST 2011</edited>
<value><point x="11010" y="19318"/></value>
<metadata author="">

</metadata>
</contour>
<contour name="Trail 94" class="PointContour" color="#beff05" visible="true">
<created>Mon Feb 14 15:50:10 EST 2011</created>
<edited>Mon Feb 14 15:50:10 EST 2011</edited>
<value><point x="10635" y="19720"/></value>
<metadata author="">

</metadata>
</contour>
<contour name="Trail 49" class="PointContour" color="#4053cc" visible="true">
<created>Mon Feb 14 15:56:22 EST 2011</created>
<edited>Mon Feb 14 15:56:22 EST 2011</edited>
<value><point x="11501" y="18816"/></value>
<metadata author="">

</metadata>
</contour>
<contour name="Trail 159" class="PointContour" color="#afff08" visible="true">
<created>Mon Feb 14 16:05:15 EST 2011</created>
<edited>Mon Feb 14 16:05:15 EST 2011</edited>
<value><point x="11098" y="18459"/></value>
<metadata author="">

</metadata>
</contour>
<contour name="Trail 26" class="PointContour" color="#c21ebd" visible="true">
<created>Tue Feb 15 11:57:13 EST 2011</created>
<edited>Tue Feb 15 11:57:13 EST 2011</edited>
<value><point x="12123" y="18554"/></value>
<metadata author="">

</metadata>
</contour>
<contour name="Trail 38" class="PointContour" color="#f7edc9" visible="true">
<created>Tue Feb 15 12:01:50 EST 2011</created>
<edited>Tue Feb 15 12:01:50 EST 2011</edited>
<value><point x="12176" y="18344"/></value>
<metadata author="">

</metadata>
</contour>
<contour name="Trail 52" class="PointContour" color="#b10aff" visible="true">
<created>Tue Feb 15 12:17:27 EST 2011</created>
<edited>Tue Feb 15 12:17:27 EST 2011</edited>
<value><point x="12224" y="18405"/></value>
<metadata author="">

</metadata>
</contour>
<contour name="Trail 40" class="PointContour" color="#c4f7b5" visible="true">
<created>Tue Feb 15 12:22:16 EST 2011</created>
<edited>Tue Feb 15 12:22:16 EST 2011</edited>
<value><point x="12180" y="18301"/></value>
<metadata author="">

</metadata>
</contour>
<contour name="Trail 45" class="PointContour" color="#80d2ff" visible="true">
<created>Tue Feb 15 12:28:53 EST 2011</created>
<edited>Tue Feb 15 12:28:53 EST 2011</edited>
<value><point x="11465" y="17838"/></value>
<metadata author="">

</metadata>
</contour>
<contour name="Trail 86" class="PointContour" color="#ff067f" visible="true">
<created>Tue Feb 15 14:17:35 EST 2011</created>
<edited>Tue Feb 15 14:17:35 EST 2011</edited>
<value><point x="12111" y="17488"/></value>
<metadata author="">

</metadata>
</contour>
<contour name="Trail 97" class="PointContour" color="#05ff95" visible="true">
<created>Tue Feb 15 14:48:26 EST 2011</created>
<edited>Tue Feb 15 14:48:26 EST 2011</edited>
<value><point x="7980" y="17272"/></value>
<metadata author="">

</metadata>
</contour>
<contour name="Trail 97" class="PointContour" color="#05ff95" visible="true">
<created>Tue Feb 15 14:48:58 EST 2011</created>
<edited>Tue Feb 15 14:48:58 EST 2011</edited>
<value><point x="6821" y="16836"/></value>
<metadata author="">

</metadata>
</contour>
<contour name="Trail 97" class="PointContour" color="#05ff95" visible="true">
<created>Tue Feb 15 14:49:39 EST 2011</created>
<edited>Tue Feb 15 14:49:39 EST 2011</edited>
<value><point x="5245" y="16206"/></value>
<metadata author="">

</metadata>
</contour>
<contour name="Trail 39" class="PointContour" color="#a4f7f2" visible="true">
<created>Tue Feb 15 14:52:27 EST 2011</created>
<edited>Tue Feb 15 14:52:27 EST 2011</edited>
<value><point x="11129" y="18410"/></value>
<metadata author="">

</metadata>
</contour>
<contour name="Trail 39" class="PointContour" color="#a4f7f2" visible="true">
<created>Tue Feb 15 14:52:27 EST 2011</created>
<edited>Tue Feb 15 14:52:27 EST 2011</edited>
<value><point x="11129" y="18410"/></value>
<metadata author="">

</metadata>
</contour>
<contour name="Trail 205" class="PointContour" color="#0ddcff" visible="true">
<created>Tue Feb 15 15:01:56 EST 2011</created>
<edited>Tue Feb 15 15:01:56 EST 2011</edited>
<value><point x="11774" y="17401"/></value>
<metadata author="">

</metadata>
</contour>
<contour name="Trail 53" class="PointContour" color="#d507ff" visible="true">
<created>Tue Feb 15 16:23:47 EST 2011</created>
<edited>Tue Feb 15 16:23:47 EST 2011</edited>
<value><point x="12316" y="18765"/></value>
<metadata author="">

</metadata>
</contour>
<contour name="Trail 8" class="PointContour" color="#2d23ff" visible="true">
<created>Thu Feb 17 10:12:25 EST 2011</created>
<edited>Thu Feb 17 10:12:25 EST 2011</edited>
<value><point x="12252" y="18446"/></value>
<metadata author="">

</metadata>
</contour>
<contour name="Trail 15" class="PointContour" color="#46ffdc" visible="true">
<created>Thu Feb 17 10:54:23 EST 2011</created>
<edited>Thu Feb 17 10:54:23 EST 2011</edited>
<value><point x="10157" y="16546"/></value>
<metadata author="">

</metadata>
</contour>
<contour name="Trail 96" class="PointContour" color="#55ff01" visible="true">
<created>Thu Feb 17 11:15:14 EST 2011</created>
<edited>Thu Feb 17 11:15:14 EST 2011</edited>
<value><point x="10653" y="19844"/></value>
<metadata author="">

</metadata>
</contour>
<contour name="Trail 96" class="PointContour" color="#55ff01" visible="true">
<created>Thu Feb 17 11:15:22 EST 2011</created>
<edited>Thu Feb 17 11:15:22 EST 2011</edited>
<value><point x="10181" y="20334"/></value>
<metadata author="">

</metadata>
</contour>
<contour name="Trail 12" class="PointContour" color="#ffa568" visible="true">
<created>Thu Mar 10 14:16:31 EST 2011</created>
<edited>Thu Mar 10 14:16:31 EST 2011</edited>
<value><point x="13185" y="18841"/></value>
<metadata author="">

</metadata>
</contour>
<contour name="Trail 25" class="PointContour" color="#448fc2" visible="true">
<created>Thu Mar 10 16:51:15 EST 2011</created>
<edited>Thu Mar 10 16:51:15 EST 2011</edited>
<value><point x="11250" y="17082"/></value>
<metadata author="">

</metadata>
</contour>
<contour name="Trail 33" class="PointContour" color="#f70fe0" visible="true">
<created>Sun Mar 13 16:39:43 EDT 2011</created>
<edited>Sun Mar 13 16:39:43 EDT 2011</edited>
<value><point x="11972" y="18204"/></value>
<metadata author="">

</metadata>
</contour>
<contour name="Trail 41" class="PointContour" color="#b2aff7" visible="true">
<created>Sun Mar 13 16:55:25 EDT 2011</created>
<edited>Sun Mar 13 16:55:25 EDT 2011</edited>
<value><point x="11434" y="17798"/></value>
<metadata author="">

</metadata>
</contour>
<contour name="Trail 127" class="PointContour" color="#ff9009" visible="true">
<created>Sun Mar 13 19:11:13 EDT 2011</created>
<edited>Sun Mar 13 19:11:13 EDT 2011</edited>
<value><point x="12019" y="18290"/></value>
<metadata author="">

</metadata>
</contour>
<contour name="Trail 134" class="PointContour" color="#0954ff" visible="true">
<created>Sun Mar 13 19:51:47 EDT 2011</created>
<edited>Sun Mar 13 19:51:47 EDT 2011</edited>
<value><point x="12377" y="15218"/></value>
<metadata author="">

</metadata>
</contour>
<contour name="Trail 134" class="PointContour" color="#0954ff" visible="true">
<created>Sun Mar 13 22:08:01 EDT 2011</created>
<edited>Sun Mar 13 22:08:01 EDT 2011</edited>
<value><point x="13173" y="21030"/></value>
<metadata author="">

</metadata>
</contour>
<contour name="Trail 187" class="PointContour" color="#afd2ff" visible="true">
<created>Mon Mar 14 11:50:32 EDT 2011</created>
<edited>Mon Mar 14 11:50:32 EDT 2011</edited>
<value><point x="8408" y="18727"/></value>
<metadata author="">

</metadata>
</contour>
<contour name="Trail 187" class="PointContour" color="#afd2ff" visible="true">
<created>Mon Mar 14 12:00:13 EDT 2011</created>
<edited>Mon Mar 14 12:00:13 EDT 2011</edited>
<value><point x="5720" y="17880"/></value>
<metadata author="">

</metadata>
</contour>
<contour name="Trail 187" class="PointContour" color="#afd2ff" visible="true">
<created>Mon Mar 14 12:01:10 EDT 2011</created>
<edited>Mon Mar 14 12:01:10 EDT 2011</edited>
<value><point x="4046" y="17184"/></value>
<metadata author="">

</metadata>
</contour>
</contours>