<!--Last edited: 2011/03/14 19:51:16-->
<contours>
<contour name="Process 420" class="PointContour" color="#4fe1fe" visible="true">
<created>Wed Nov 24 16:52:40 EST 2010</created>
<edited>Wed Nov 24 16:52:40 EST 2010</edited>
<value><point x="8210" y="18429"/></value>
<metadata author="">

</metadata>
</contour>
<contour name="Process 421" class="PointContour" color="#e61dae" visible="true">
<created>Wed Nov 24 17:08:39 EST 2010</created>
<edited>Wed Nov 24 17:08:39 EST 2010</edited>
<value><point x="7754" y="17347"/></value>
<metadata author="">

</metadata>
</contour>
<contour name="Process 422" class="PointContour" color="#f8e1f2" visible="true">
<created>Wed Nov 24 17:26:25 EST 2010</created>
<edited>Wed Nov 24 17:26:25 EST 2010</edited>
<value><point x="5330" y="16772"/></value>
<metadata author="">

</metadata>
</contour>
<contour name="Process 424" class="PointContour" color="#f4ed50" visible="true">
<created>Wed Nov 24 18:06:52 EST 2010</created>
<edited>Wed Nov 24 18:06:52 EST 2010</edited>
<value><point x="7042" y="17805"/></value>
<metadata author="">

</metadata>
</contour>
<contour name="Process 425" class="PointContour" color="#b3923c" visible="true">
<created>Wed Nov 24 19:04:45 EST 2010</created>
<edited>Wed Nov 24 19:04:45 EST 2010</edited>
<value><point x="7204" y="15604"/></value>
<metadata author="">

</metadata>
</contour>
<contour name="Process 426" class="PointContour" color="#a969fa" visible="true">
<created>Wed Nov 24 19:20:08 EST 2010</created>
<edited>Wed Nov 24 19:20:08 EST 2010</edited>
<value><point x="3468" y="22291"/></value>
<metadata author="">

</metadata>
</contour>
<contour name="Process 428" class="PointContour" color="#fd30e1" visible="true">
<created>Wed Nov 24 19:54:37 EST 2010</created>
<edited>Wed Nov 24 19:54:37 EST 2010</edited>
<value><point x="8659" y="20721"/></value>
<metadata author="">

</metadata>
</contour>
<contour name="Process 435" class="PointContour" color="#0430ee" visible="true">
<created>Thu Nov 25 00:23:14 EST 2010</created>
<edited>Thu Nov 25 00:23:14 EST 2010</edited>
<value><point x="7072" y="8110"/></value>
<metadata author="">

</metadata>
</contour>
<contour name="Process 443" class="PointContour" color="#a38ff2" visible="true">
<created>Thu Nov 25 19:31:43 EST 2010</created>
<edited>Thu Nov 25 19:31:43 EST 2010</edited>
<value><point x="8766" y="15324"/></value>
<metadata author="">

</metadata>
</contour>
<contour name="Process 450" class="PointContour" color="#866c5b" visible="true">
<created>Fri Nov 26 21:04:14 EST 2010</created>
<edited>Fri Nov 26 21:04:14 EST 2010</edited>
<value><point x="13297" y="15238"/></value>
<metadata author="">

</metadata>
</contour>
<contour name="Process 455" class="PointContour" color="#d456a5" visible="true">
<created>Sat Nov 27 12:40:54 EST 2010</created>
<edited>Sat Nov 27 12:40:54 EST 2010</edited>
<value><point x="9263" y="20713"/></value>
<metadata author="">

</metadata>
</contour>
<contour name="Process 455" class="PointContour" color="#d456a5" visible="true">
<created>Sat Nov 27 12:40:56 EST 2010</created>
<edited>Sat Nov 27 12:40:56 EST 2010</edited>
<value><point x="9442" y="20664"/></value>
<metadata author="">

</metadata>
</contour>
<contour name="Process 456" class="PointContour" color="#cbbd91" visible="true">
<created>Sat Nov 27 12:49:38 EST 2010</created>
<edited>Sat Nov 27 12:49:38 EST 2010</edited>
<value><point x="11592" y="18804"/></value>
<metadata author="">

</metadata>
</contour>
<contour name="Process 457" class="PointContour" color="#f8a74f" visible="true">
<created>Sat Nov 27 13:00:55 EST 2010</created>
<edited>Sat Nov 27 13:00:55 EST 2010</edited>
<value><point x="11493" y="19681"/></value>
<metadata author="">

</metadata>
</contour>
<contour name="Process 458" class="PointContour" color="#10a180" visible="true">
<created>Sat Nov 27 13:09:46 EST 2010</created>
<edited>Sat Nov 27 13:09:46 EST 2010</edited>
<value><point x="13048" y="19545"/></value>
<metadata author="">

</metadata>
</contour>
<contour name="Process 459" class="PointContour" color="#15a084" visible="true">
<created>Sat Nov 27 14:19:08 EST 2010</created>
<edited>Sat Nov 27 14:19:08 EST 2010</edited>
<value><point x="10933" y="16953"/></value>
<metadata author="">

</metadata>
</contour>
<contour name="Process 465" class="PointContour" color="#ae4a09" visible="true">
<created>Fri Dec 03 23:57:35 EST 2010</created>
<edited>Fri Dec 03 23:57:35 EST 2010</edited>
<value><point x="10666" y="16876"/></value>
<metadata author="">

</metadata>
</contour>
<contour name="Process 466" class="PointContour" color="#722e57" visible="true">
<created>Sat Dec 04 00:08:13 EST 2010</created>
<edited>Sat Dec 04 00:08:13 EST 2010</edited>
<value><point x="8682" y="15393"/></value>
<metadata author="">

</metadata>
</contour>
<contour name="Process 469" class="PointContour" color="#7f3a2b" visible="true">
<created>Sat Dec 04 00:29:49 EST 2010</created>
<edited>Sat Dec 04 00:29:49 EST 2010</edited>
<value><point x="10416" y="21201"/></value>
<metadata author="">

</metadata>
</contour>
<contour name="Process 470" class="PointContour" color="#266149" visible="true">
<created>Sat Dec 04 13:33:12 EST 2010</created>
<edited>Sat Dec 04 13:33:12 EST 2010</edited>
<value><point x="8406" y="18356"/></value>
<metadata author="">

</metadata>
</contour>
<contour name="Process 470" class="PointContour" color="#266149" visible="true">
<created>Sat Dec 04 13:34:26 EST 2010</created>
<edited>Sat Dec 04 13:34:26 EST 2010</edited>
<value><point x="7585" y="20321"/></value>
<metadata author="">

</metadata>
</contour>
<contour name="Process 470" class="PointContour" color="#266149" visible="true">
<created>Sat Dec 04 13:36:03 EST 2010</created>
<edited>Sat Dec 04 13:36:03 EST 2010</edited>
<value><point x="8084" y="23274"/></value>
<metadata author="">

</metadata>
</contour>
<contour name="Process 471" class="PointContour" color="#da4772" visible="true">
<created>Sat Dec 04 13:40:26 EST 2010</created>
<edited>Sat Dec 04 13:40:26 EST 2010</edited>
<value><point x="6726" y="13592"/></value>
<metadata author="">

</metadata>
</contour>
<contour name="Process 480" class="PointContour" color="#ace8dd" visible="true">
<created>Tue Feb 08 15:33:19 EST 2011</created>
<edited>Tue Feb 08 15:33:19 EST 2011</edited>
<value><point x="3318" y="20873"/></value>
<metadata author="">

</metadata>
</contour>
<contour name="Process 481" class="PointContour" color="#51749d" visible="true">
<created>Tue Feb 08 15:53:49 EST 2011</created>
<edited>Tue Feb 08 15:53:49 EST 2011</edited>
<value><point x="10551" y="20809"/></value>
<metadata author="">

</metadata>
</contour>
<contour name="Process 526" class="PointContour" color="#8d24e6" visible="true">
<created>Fri Feb 11 17:30:24 EST 2011</created>
<edited>Fri Feb 11 17:30:24 EST 2011</edited>
<value><point x="16431" y="20672"/></value>
<metadata author="">

</metadata>
</contour>
<contour name="Trail 529" class="PointContour" color="#1ca7ed" visible="true">
<created>Mon Feb 14 11:35:22 EST 2011</created>
<edited>Mon Feb 14 11:35:22 EST 2011</edited>
<value><point x="7628" y="18431"/></value>
<metadata author="">

</metadata>
</contour>
<contour name="Trail 530" class="PointContour" color="#d5e631" visible="true">
<created>Mon Feb 14 11:40:11 EST 2011</created>
<edited>Mon Feb 14 11:40:11 EST 2011</edited>
<value><point x="8540" y="20049"/></value>
<metadata author="">

</metadata>
</contour>
<contour name="Trail 530" class="PointContour" color="#d5e631" visible="true">
<created>Mon Feb 14 11:40:19 EST 2011</created>
<edited>Mon Feb 14 11:40:19 EST 2011</edited>
<value><point x="8359" y="19862"/></value>
<metadata author="">

</metadata>
</contour>
<contour name="Trail 530" class="PointContour" color="#d5e631" visible="true">
<created>Mon Feb 14 11:40:52 EST 2011</created>
<edited>Mon Feb 14 11:40:52 EST 2011</edited>
<value><point x="7704" y="19130"/></value>
<metadata author="">

</metadata>
</contour>
<contour name="Trail 532" class="PointContour" color="#fabd81" visible="true">
<created>Mon Feb 14 11:48:57 EST 2011</created>
<edited>Mon Feb 14 11:48:57 EST 2011</edited>
<value><point x="5240" y="18970"/></value>
<metadata author="">

</metadata>
</contour>
<contour name="Trail 532" class="PointContour" color="#fabd81" visible="true">
<created>Mon Feb 14 11:49:59 EST 2011</created>
<edited>Mon Feb 14 11:49:59 EST 2011</edited>
<value><point x="3708" y="19552"/></value>
<metadata author="">

</metadata>
</contour>
<contour name="Trail 534" class="PointContour" color="#001c95" visible="true">
<created>Mon Feb 14 12:12:15 EST 2011</created>
<edited>Mon Feb 14 12:12:15 EST 2011</edited>
<value><point x="12555" y="19528"/></value>
<metadata author="">

</metadata>
</contour>
<contour name="Trail 535" class="PointContour" color="#bcc72b" visible="true">
<created>Mon Feb 14 12:58:27 EST 2011</created>
<edited>Mon Feb 14 12:58:27 EST 2011</edited>
<value><point x="11024" y="16203"/></value>
<metadata author="">

</metadata>
</contour>
<contour name="Trail 65" class="PointContour" color="#e3ff0e" visible="true">
<created>Mon Feb 14 15:26:27 EST 2011</created>
<edited>Mon Feb 14 15:26:27 EST 2011</edited>
<value><point x="11241" y="17222"/></value>
<metadata author="">

</metadata>
</contour>
<contour name="Trail 49" class="PointContour" color="#4053cc" visible="true">
<created>Mon Feb 14 15:59:13 EST 2011</created>
<edited>Mon Feb 14 15:59:13 EST 2011</edited>
<value><point x="10609" y="20591"/></value>
<metadata author="">

</metadata>
</contour>
<contour name="Trail 26" class="PointContour" color="#c21ebd" visible="true">
<created>Tue Feb 15 11:58:27 EST 2011</created>
<edited>Tue Feb 15 11:58:27 EST 2011</edited>
<value><point x="11066" y="19126"/></value>
<metadata author="">

</metadata>
</contour>
<contour name="Trail 52" class="PointContour" color="#b10aff" visible="true">
<created>Tue Feb 15 12:18:21 EST 2011</created>
<edited>Tue Feb 15 12:18:21 EST 2011</edited>
<value><point x="12204" y="18332"/></value>
<metadata author="">

</metadata>
</contour>
<contour name="Trail 40" class="PointContour" color="#c4f7b5" visible="true">
<created>Tue Feb 15 12:23:49 EST 2011</created>
<edited>Tue Feb 15 12:23:49 EST 2011</edited>
<value><point x="10668" y="18387"/></value>
<metadata author="">

</metadata>
</contour>
<contour name="Trail 45" class="PointContour" color="#80d2ff" visible="true">
<created>Tue Feb 15 12:31:25 EST 2011</created>
<edited>Tue Feb 15 12:31:25 EST 2011</edited>
<value><point x="11204" y="17166"/></value>
<metadata author="">

</metadata>
</contour>
<contour name="Trail 86" class="PointContour" color="#ff067f" visible="true">
<created>Tue Feb 15 14:19:39 EST 2011</created>
<edited>Tue Feb 15 14:19:39 EST 2011</edited>
<value><point x="15062" y="18110"/></value>
<metadata author="">

</metadata>
</contour>
<contour name="Trail 39" class="PointContour" color="#a4f7f2" visible="true">
<created>Tue Feb 15 14:54:05 EST 2011</created>
<edited>Tue Feb 15 14:54:05 EST 2011</edited>
<value><point x="9575" y="18417"/></value>
<metadata author="">

</metadata>
</contour>
<contour name="Trail 205" class="PointContour" color="#0ddcff" visible="true">
<created>Tue Feb 15 15:04:01 EST 2011</created>
<edited>Tue Feb 15 15:04:01 EST 2011</edited>
<value><point x="11432" y="16177"/></value>
<metadata author="">

</metadata>
</contour>
<contour name="Trail 205" class="PointContour" color="#0ddcff" visible="true">
<created>Tue Feb 15 15:04:12 EST 2011</created>
<edited>Tue Feb 15 15:04:12 EST 2011</edited>
<value><point x="11197" y="16329"/></value>
<metadata author="">

</metadata>
</contour>
<contour name="Trail 53" class="PointContour" color="#d507ff" visible="true">
<created>Tue Feb 15 17:53:08 EST 2011</created>
<edited>Tue Feb 15 17:53:08 EST 2011</edited>
<value><point x="11156" y="19945"/></value>
<metadata author="">

</metadata>
</contour>
<contour name="Trail 53" class="PointContour" color="#d507ff" visible="true">
<created>Tue Feb 15 17:53:08 EST 2011</created>
<edited>Tue Feb 15 17:53:08 EST 2011</edited>
<value><point x="11156" y="19945"/></value>
<metadata author="">

</metadata>
</contour>
<contour name="Trail 8" class="PointContour" color="#2d23ff" visible="true">
<created>Thu Feb 17 10:13:33 EST 2011</created>
<edited>Thu Feb 17 10:13:33 EST 2011</edited>
<value><point x="12357" y="18964"/></value>
<metadata author="">

</metadata>
</contour>
<contour name="Trail 12" class="PointContour" color="#ffa568" visible="true">
<created>Thu Mar 10 14:22:59 EST 2011</created>
<edited>Thu Mar 10 14:22:59 EST 2011</edited>
<value><point x="15641" y="20462"/></value>
<metadata author="">

</metadata>
</contour>
<contour name="Trail 25" class="PointContour" color="#448fc2" visible="true">
<created>Thu Mar 10 16:58:38 EST 2011</created>
<edited>Thu Mar 10 16:58:38 EST 2011</edited>
<value><point x="12882" y="14064"/></value>
<metadata author="">

</metadata>
</contour>
<contour name="Trail 33" class="PointContour" color="#f70fe0" visible="true">
<created>Sun Mar 13 16:41:02 EDT 2011</created>
<edited>Sun Mar 13 16:41:02 EDT 2011</edited>
<value><point x="12982" y="19008"/></value>
<metadata author="">

</metadata>
</contour>
<contour name="Trail 41" class="PointContour" color="#b2aff7" visible="true">
<created>Sun Mar 13 17:03:20 EDT 2011</created>
<edited>Sun Mar 13 17:03:20 EDT 2011</edited>
<value><point x="9783" y="18218"/></value>
<metadata author="">

</metadata>
</contour>
<contour name="Trail 134" class="PointContour" color="#0954ff" visible="true">
<created>Sun Mar 13 19:52:58 EDT 2011</created>
<edited>Sun Mar 13 19:52:58 EDT 2011</edited>
<value><point x="10312" y="14038"/></value>
<metadata author="">

</metadata>
</contour>
</contours>