<!--Last edited: 2011/03/14 19:51:08-->
<contours>
<contour name="Process 437" class="PointContour" color="#e3dc89" visible="true">
<created>Thu Nov 25 01:13:03 EST 2010</created>
<edited>Thu Nov 25 01:13:03 EST 2010</edited>
<value><point x="5968" y="16681"/></value>
<metadata author="">

</metadata>
</contour>
<contour name="Process 438" class="PointContour" color="#d7e318" visible="true">
<created>Thu Nov 25 01:55:51 EST 2010</created>
<edited>Thu Nov 25 01:55:51 EST 2010</edited>
<value><point x="6477" y="15610"/></value>
<metadata author="">

</metadata>
</contour>
<contour name="Process 438" class="PointContour" color="#d7e318" visible="true">
<created>Thu Nov 25 02:02:01 EST 2010</created>
<edited>Thu Nov 25 02:02:01 EST 2010</edited>
<value><point x="6211" y="16696"/></value>
<metadata author="">

</metadata>
</contour>
<contour name="Process 442" class="PointContour" color="#04bb4c" visible="true">
<created>Thu Nov 25 15:28:14 EST 2010</created>
<edited>Thu Nov 25 15:28:14 EST 2010</edited>
<value><point x="6347" y="12875"/></value>
<metadata author="">

</metadata>
</contour>
<contour name="Process 442" class="PointContour" color="#04bb4c" visible="true">
<created>Thu Nov 25 15:30:42 EST 2010</created>
<edited>Thu Nov 25 15:30:42 EST 2010</edited>
<value><point x="5943" y="12791"/></value>
<metadata author="">

</metadata>
</contour>
<contour name="Process 453" class="PointContour" color="#c98e91" visible="true">
<created>Fri Nov 26 22:21:13 EST 2010</created>
<edited>Fri Nov 26 22:21:13 EST 2010</edited>
<value><point x="16831" y="18741"/></value>
<metadata author="">

</metadata>
</contour>
<contour name="Process 454" class="PointContour" color="#d2dc83" visible="true">
<created>Fri Nov 26 22:40:20 EST 2010</created>
<edited>Fri Nov 26 22:40:20 EST 2010</edited>
<value><point x="16100" y="14230"/></value>
<metadata author="">

</metadata>
</contour>
<contour name="Process 476" class="PointContour" color="#3c3865" visible="true">
<created>Tue Feb 08 14:48:57 EST 2011</created>
<edited>Tue Feb 08 14:48:57 EST 2011</edited>
<value><point x="13224" y="17687"/></value>
<metadata author="">

</metadata>
</contour>
<contour name="Process 487" class="PointContour" color="#79a346" visible="true">
<created>Wed Feb 09 10:40:18 EST 2011</created>
<edited>Wed Feb 09 10:40:18 EST 2011</edited>
<value><point x="15226" y="17314"/></value>
<metadata author="">

</metadata>
</contour>
<contour name="Process 489" class="PointContour" color="#267e56" visible="true">
<created>Wed Feb 09 11:38:15 EST 2011</created>
<edited>Wed Feb 09 11:38:15 EST 2011</edited>
<value><point x="8756" y="18951"/></value>
<metadata author="">

</metadata>
</contour>
<contour name="Process 494" class="PointContour" color="#d497eb" visible="true">
<created>Wed Feb 09 17:48:13 EST 2011</created>
<edited>Wed Feb 09 17:48:13 EST 2011</edited>
<value><point x="17508" y="19275"/></value>
<metadata author="">

</metadata>
</contour>
<contour name="Process 501" class="PointContour" color="#f7a896" visible="true">
<created>Thu Feb 10 14:59:43 EST 2011</created>
<edited>Thu Feb 10 14:59:43 EST 2011</edited>
<value><point x="14041" y="12892"/></value>
<metadata author="">

</metadata>
</contour>
<contour name="Process 503" class="PointContour" color="#2350e4" visible="true">
<created>Thu Feb 10 15:49:59 EST 2011</created>
<edited>Thu Feb 10 15:49:59 EST 2011</edited>
<value><point x="10461" y="18444"/></value>
<metadata author="">

</metadata>
</contour>
<contour name="Process 510" class="PointContour" color="#183835" visible="true">
<created>Fri Feb 11 10:13:33 EST 2011</created>
<edited>Fri Feb 11 10:13:33 EST 2011</edited>
<value><point x="13064" y="16893"/></value>
<metadata author="">

</metadata>
</contour>
<contour name="Process 511" class="PointContour" color="#74a57c" visible="true">
<created>Fri Feb 11 11:21:33 EST 2011</created>
<edited>Fri Feb 11 11:21:33 EST 2011</edited>
<value><point x="16873" y="13158"/></value>
<metadata author="">

</metadata>
</contour>
<contour name="Process 512" class="PointContour" color="#8cc43e" visible="true">
<created>Fri Feb 11 11:31:10 EST 2011</created>
<edited>Fri Feb 11 11:31:10 EST 2011</edited>
<value><point x="12797" y="16134"/></value>
<metadata author="">

</metadata>
</contour>
<contour name="Process 514" class="PointContour" color="#31c1d7" visible="true">
<created>Fri Feb 11 13:16:23 EST 2011</created>
<edited>Fri Feb 11 13:16:23 EST 2011</edited>
<value><point x="14394" y="16852"/></value>
<metadata author="">

</metadata>
</contour>
<contour name="Process 518" class="PointContour" color="#773dc2" visible="true">
<created>Fri Feb 11 13:53:37 EST 2011</created>
<edited>Fri Feb 11 13:53:37 EST 2011</edited>
<value><point x="15663" y="17699"/></value>
<metadata author="">

</metadata>
</contour>
<contour name="Process 521" class="PointContour" color="#af93b8" visible="true">
<created>Fri Feb 11 17:01:57 EST 2011</created>
<edited>Fri Feb 11 17:01:57 EST 2011</edited>
<value><point x="14629" y="12789"/></value>
<metadata author="">

</metadata>
</contour>
<contour name="Process 522" class="PointContour" color="#33868d" visible="true">
<created>Fri Feb 11 17:09:04 EST 2011</created>
<edited>Fri Feb 11 17:09:04 EST 2011</edited>
<value><point x="17655" y="10465"/></value>
<metadata author="">

</metadata>
</contour>
<contour name="Process 524" class="PointContour" color="#5f21fc" visible="true">
<created>Fri Feb 11 17:19:22 EST 2011</created>
<edited>Fri Feb 11 17:19:22 EST 2011</edited>
<value><point x="18129" y="18660"/></value>
<metadata author="">

</metadata>
</contour>
<contour name="Process 525" class="PointContour" color="#1529c2" visible="true">
<created>Fri Feb 11 17:24:18 EST 2011</created>
<edited>Fri Feb 11 17:24:18 EST 2011</edited>
<value><point x="9801" y="18832"/></value>
<metadata author="">

</metadata>
</contour>
<contour name="Trail 127" class="PointContour" color="#ff9009" visible="true">
<created>Sun Mar 13 19:07:59 EDT 2011</created>
<edited>Sun Mar 13 19:07:59 EDT 2011</edited>
<value><point x="16363" y="17258"/></value>
<metadata author="">

</metadata>
</contour>
</contours>