<!--Last edited: 2011/03/14 19:51:08-->
<contours>
<contour name="Process 437" class="PointContour" color="#e3dc89" visible="true">
<created>Thu Nov 25 01:14:19 EST 2010</created>
<edited>Thu Nov 25 01:14:19 EST 2010</edited>
<value><point x="5652" y="16271"/></value>
<metadata author="">

</metadata>
</contour>
<contour name="Process 438" class="PointContour" color="#d7e318" visible="true">
<created>Thu Nov 25 01:58:50 EST 2010</created>
<edited>Thu Nov 25 01:58:50 EST 2010</edited>
<value><point x="6701" y="15697"/></value>
<metadata author="">

</metadata>
</contour>
<contour name="Process 438" class="PointContour" color="#d7e318" visible="true">
<created>Thu Nov 25 02:03:14 EST 2010</created>
<edited>Thu Nov 25 02:03:14 EST 2010</edited>
<value><point x="6110" y="16374"/></value>
<metadata author="">

</metadata>
</contour>
<contour name="Process 442" class="PointContour" color="#04bb4c" visible="true">
<created>Thu Nov 25 15:29:22 EST 2010</created>
<edited>Thu Nov 25 15:29:22 EST 2010</edited>
<value><point x="6154" y="12584"/></value>
<metadata author="">

</metadata>
</contour>
<contour name="Process 454" class="PointContour" color="#d2dc83" visible="true">
<created>Fri Nov 26 22:41:08 EST 2010</created>
<edited>Fri Nov 26 22:41:08 EST 2010</edited>
<value><point x="16689" y="13340"/></value>
<metadata author="">

</metadata>
</contour>
<contour name="Process 476" class="PointContour" color="#3c3865" visible="true">
<created>Tue Feb 08 14:49:50 EST 2011</created>
<edited>Tue Feb 08 14:49:50 EST 2011</edited>
<value><point x="13381" y="17329"/></value>
<metadata author="">

</metadata>
</contour>
<contour name="Process 487" class="PointContour" color="#79a346" visible="true">
<created>Wed Feb 09 10:41:28 EST 2011</created>
<edited>Wed Feb 09 10:41:28 EST 2011</edited>
<value><point x="14542" y="16354"/></value>
<metadata author="">

</metadata>
</contour>
<contour name="Process 489" class="PointContour" color="#267e56" visible="true">
<created>Wed Feb 09 11:38:56 EST 2011</created>
<edited>Wed Feb 09 11:38:56 EST 2011</edited>
<value><point x="8193" y="19172"/></value>
<metadata author="">

</metadata>
</contour>
<contour name="Process 501" class="PointContour" color="#f7a896" visible="true">
<created>Thu Feb 10 15:00:12 EST 2011</created>
<edited>Thu Feb 10 15:00:12 EST 2011</edited>
<value><point x="14049" y="12579"/></value>
<metadata author="">

</metadata>
</contour>
<contour name="Process 503" class="PointContour" color="#2350e4" visible="true">
<created>Thu Feb 10 15:50:50 EST 2011</created>
<edited>Thu Feb 10 15:50:50 EST 2011</edited>
<value><point x="10218" y="18569"/></value>
<metadata author="">

</metadata>
</contour>
<contour name="Process 510" class="PointContour" color="#183835" visible="true">
<created>Fri Feb 11 10:13:42 EST 2011</created>
<edited>Fri Feb 11 10:13:42 EST 2011</edited>
<value><point x="13118" y="16827"/></value>
<metadata author="">

</metadata>
</contour>
<contour name="Process 511" class="PointContour" color="#74a57c" visible="true">
<created>Fri Feb 11 11:22:29 EST 2011</created>
<edited>Fri Feb 11 11:22:29 EST 2011</edited>
<value><point x="17853" y="11999"/></value>
<metadata author="">

</metadata>
</contour>
<contour name="Process 512" class="PointContour" color="#8cc43e" visible="true">
<created>Fri Feb 11 11:31:30 EST 2011</created>
<edited>Fri Feb 11 11:31:30 EST 2011</edited>
<value><point x="13244" y="15535"/></value>
<metadata author="">

</metadata>
</contour>
<contour name="Process 514" class="PointContour" color="#31c1d7" visible="true">
<created>Fri Feb 11 13:16:52 EST 2011</created>
<edited>Fri Feb 11 13:16:52 EST 2011</edited>
<value><point x="14251" y="16545"/></value>
<metadata author="">

</metadata>
</contour>
<contour name="Process 518" class="PointContour" color="#773dc2" visible="true">
<created>Fri Feb 11 13:54:01 EST 2011</created>
<edited>Fri Feb 11 13:54:01 EST 2011</edited>
<value><point x="16185" y="17274"/></value>
<metadata author="">

</metadata>
</contour>
<contour name="Process 521" class="PointContour" color="#af93b8" visible="true">
<created>Fri Feb 11 17:02:32 EST 2011</created>
<edited>Fri Feb 11 17:02:32 EST 2011</edited>
<value><point x="15332" y="11833"/></value>
<metadata author="">

</metadata>
</contour>
<contour name="Process 525" class="PointContour" color="#1529c2" visible="true">
<created>Fri Feb 11 17:24:46 EST 2011</created>
<edited>Fri Feb 11 17:24:46 EST 2011</edited>
<value><point x="9527" y="18739"/></value>
<metadata author="">

</metadata>
</contour>
</contours>