<!--Last edited: 2011/03/14 19:51:16-->
<contours>
<contour name="Process 420" class="PointContour" color="#4fe1fe" visible="true">
<created>Wed Nov 24 16:51:44 EST 2010</created>
<edited>Wed Nov 24 16:51:44 EST 2010</edited>
<value><point x="9285" y="17934"/></value>
<metadata author="">

</metadata>
</contour>
<contour name="Process 421" class="PointContour" color="#e61dae" visible="true">
<created>Wed Nov 24 17:07:04 EST 2010</created>
<edited>Wed Nov 24 17:07:04 EST 2010</edited>
<value><point x="9240" y="17309"/></value>
<metadata author="">

</metadata>
</contour>
<contour name="Process 422" class="PointContour" color="#f8e1f2" visible="true">
<created>Wed Nov 24 17:23:41 EST 2010</created>
<edited>Wed Nov 24 17:23:41 EST 2010</edited>
<value><point x="7436" y="17050"/></value>
<metadata author="">

</metadata>
</contour>
<contour name="Process 424" class="PointContour" color="#f4ed50" visible="true">
<created>Wed Nov 24 18:04:26 EST 2010</created>
<edited>Wed Nov 24 18:04:26 EST 2010</edited>
<value><point x="8953" y="17707"/></value>
<metadata author="">

</metadata>
</contour>
<contour name="Process 425" class="PointContour" color="#b3923c" visible="true">
<created>Wed Nov 24 19:02:19 EST 2010</created>
<edited>Wed Nov 24 19:02:19 EST 2010</edited>
<value><point x="7842" y="17510"/></value>
<metadata author="">

</metadata>
</contour>
<contour name="Process 426" class="PointContour" color="#a969fa" visible="true">
<created>Wed Nov 24 19:16:18 EST 2010</created>
<edited>Wed Nov 24 19:16:18 EST 2010</edited>
<value><point x="7913" y="20866"/></value>
<metadata author="">

</metadata>
</contour>
<contour name="Process 427" class="PointContour" color="#2e69d9" visible="true">
<created>Wed Nov 24 19:29:45 EST 2010</created>
<edited>Wed Nov 24 19:29:45 EST 2010</edited>
<value><point x="5870" y="22275"/></value>
<metadata author="">

</metadata>
</contour>
<contour name="Process 428" class="PointContour" color="#fd30e1" visible="true">
<created>Wed Nov 24 19:53:20 EST 2010</created>
<edited>Wed Nov 24 19:53:20 EST 2010</edited>
<value><point x="9652" y="19676"/></value>
<metadata author="">

</metadata>
</contour>
<contour name="Process 431" class="PointContour" color="#a298f6" visible="true">
<created>Wed Nov 24 20:27:09 EST 2010</created>
<edited>Wed Nov 24 20:27:09 EST 2010</edited>
<value><point x="6047" y="22630"/></value>
<metadata author="">

</metadata>
</contour>
<contour name="Process 434" class="PointContour" color="#8a9f56" visible="true">
<created>Thu Nov 25 00:04:13 EST 2010</created>
<edited>Thu Nov 25 00:04:13 EST 2010</edited>
<value><point x="10531" y="16985"/></value>
<metadata author="">

</metadata>
</contour>
<contour name="Process 435" class="PointContour" color="#0430ee" visible="true">
<created>Thu Nov 25 00:14:35 EST 2010</created>
<edited>Thu Nov 25 00:14:35 EST 2010</edited>
<value><point x="9834" y="13694"/></value>
<metadata author="">

</metadata>
</contour>
<contour name="Process 435" class="PointContour" color="#0430ee" visible="true">
<created>Thu Nov 25 00:21:06 EST 2010</created>
<edited>Thu Nov 25 00:21:06 EST 2010</edited>
<value><point x="8417" y="9035"/></value>
<metadata author="">

</metadata>
</contour>
<contour name="Process 441" class="PointContour" color="#d89428" visible="true">
<created>Thu Nov 25 14:44:51 EST 2010</created>
<edited>Thu Nov 25 14:44:51 EST 2010</edited>
<value><point x="14316" y="15331"/></value>
<metadata author="">

</metadata>
</contour>
<contour name="Process 441" class="PointContour" color="#d89428" visible="true">
<created>Thu Nov 25 14:45:47 EST 2010</created>
<edited>Thu Nov 25 14:45:47 EST 2010</edited>
<value><point x="15001" y="14863"/></value>
<metadata author="">

</metadata>
</contour>
<contour name="Process 441" class="PointContour" color="#d89428" visible="true">
<created>Thu Nov 25 14:46:52 EST 2010</created>
<edited>Thu Nov 25 14:46:52 EST 2010</edited>
<value><point x="15543" y="13896"/></value>
<metadata author="">

</metadata>
</contour>
<contour name="Process 441" class="PointContour" color="#d89428" visible="true">
<created>Thu Nov 25 14:47:11 EST 2010</created>
<edited>Thu Nov 25 14:47:11 EST 2010</edited>
<value><point x="15772" y="13611"/></value>
<metadata author="">

</metadata>
</contour>
<contour name="Process 443" class="PointContour" color="#a38ff2" visible="true">
<created>Thu Nov 25 19:26:53 EST 2010</created>
<edited>Thu Nov 25 19:26:53 EST 2010</edited>
<value><point x="10051" y="17065"/></value>
<metadata author="">

</metadata>
</contour>
<contour name="Process 449" class="PointContour" color="#697c74" visible="true">
<created>Fri Nov 26 18:03:21 EST 2010</created>
<edited>Fri Nov 26 18:03:21 EST 2010</edited>
<value><point x="11552" y="18816"/></value>
<metadata author="">

</metadata>
</contour>
<contour name="Process 450" class="PointContour" color="#866c5b" visible="true">
<created>Fri Nov 26 21:02:32 EST 2010</created>
<edited>Fri Nov 26 21:02:32 EST 2010</edited>
<value><point x="12349" y="16426"/></value>
<metadata author="">

</metadata>
</contour>
<contour name="Process 451" class="PointContour" color="#bcad85" visible="true">
<created>Fri Nov 26 21:14:35 EST 2010</created>
<edited>Fri Nov 26 21:14:35 EST 2010</edited>
<value><point x="15186" y="11578"/></value>
<metadata author="">

</metadata>
</contour>
<contour name="Process 451" class="PointContour" color="#bcad85" visible="true">
<created>Fri Nov 26 21:15:08 EST 2010</created>
<edited>Fri Nov 26 21:15:08 EST 2010</edited>
<value><point x="15456" y="11136"/></value>
<metadata author="">

</metadata>
</contour>
<contour name="Process 455" class="PointContour" color="#d456a5" visible="true">
<created>Sat Nov 27 12:38:53 EST 2010</created>
<edited>Sat Nov 27 12:38:53 EST 2010</edited>
<value><point x="10276" y="19447"/></value>
<metadata author="">

</metadata>
</contour>
<contour name="Process 456" class="PointContour" color="#cbbd91" visible="true">
<created>Sat Nov 27 12:48:05 EST 2010</created>
<edited>Sat Nov 27 12:48:05 EST 2010</edited>
<value><point x="12429" y="18763"/></value>
<metadata author="">

</metadata>
</contour>
<contour name="Process 457" class="PointContour" color="#f8a74f" visible="true">
<created>Sat Nov 27 12:58:34 EST 2010</created>
<edited>Sat Nov 27 12:58:34 EST 2010</edited>
<value><point x="12402" y="19375"/></value>
<metadata author="">

</metadata>
</contour>
<contour name="Process 458" class="PointContour" color="#10a180" visible="true">
<created>Sat Nov 27 13:08:44 EST 2010</created>
<edited>Sat Nov 27 13:08:44 EST 2010</edited>
<value><point x="12300" y="19157"/></value>
<metadata author="">

</metadata>
</contour>
<contour name="Process 459" class="PointContour" color="#15a084" visible="true">
<created>Sat Nov 27 14:13:07 EST 2010</created>
<edited>Sat Nov 27 14:13:07 EST 2010</edited>
<value><point x="12143" y="20303"/></value>
<metadata author="">

</metadata>
</contour>
<contour name="Process 465" class="PointContour" color="#ae4a09" visible="true">
<created>Fri Dec 03 23:56:41 EST 2010</created>
<edited>Fri Dec 03 23:56:41 EST 2010</edited>
<value><point x="11434" y="17099"/></value>
<metadata author="">

</metadata>
</contour>
<contour name="Process 466" class="PointContour" color="#722e57" visible="true">
<created>Sat Dec 04 00:05:51 EST 2010</created>
<edited>Sat Dec 04 00:05:51 EST 2010</edited>
<value><point x="10499" y="16554"/></value>
<metadata author="">

</metadata>
</contour>
<contour name="Process 469" class="PointContour" color="#7f3a2b" visible="true">
<created>Sat Dec 04 00:29:06 EST 2010</created>
<edited>Sat Dec 04 00:29:06 EST 2010</edited>
<value><point x="11142" y="20430"/></value>
<metadata author="">

</metadata>
</contour>
<contour name="Process 470" class="PointContour" color="#266149" visible="true">
<created>Sat Dec 04 13:32:11 EST 2010</created>
<edited>Sat Dec 04 13:32:11 EST 2010</edited>
<value><point x="9380" y="17858"/></value>
<metadata author="">

</metadata>
</contour>
<contour name="Process 471" class="PointContour" color="#da4772" visible="true">
<created>Sat Dec 04 13:39:20 EST 2010</created>
<edited>Sat Dec 04 13:39:20 EST 2010</edited>
<value><point x="8535" y="15436"/></value>
<metadata author="">

</metadata>
</contour>
<contour name="Process 473" class="PointContour" color="#811f28" visible="true">
<created>Tue Feb 08 14:02:29 EST 2011</created>
<edited>Tue Feb 08 14:02:29 EST 2011</edited>
<value><point x="13799" y="21851"/></value>
<metadata author="">

</metadata>
</contour>
<contour name="Process 478" class="PointContour" color="#4bab49" visible="true">
<created>Tue Feb 08 15:11:17 EST 2011</created>
<edited>Tue Feb 08 15:11:17 EST 2011</edited>
<value><point x="13149" y="21325"/></value>
<metadata author="">

</metadata>
</contour>
<contour name="Process 478" class="PointContour" color="#4bab49" visible="true">
<created>Tue Feb 08 15:12:19 EST 2011</created>
<edited>Tue Feb 08 15:12:19 EST 2011</edited>
<value><point x="15286" y="22165"/></value>
<metadata author="">

</metadata>
</contour>
<contour name="Process 480" class="PointContour" color="#ace8dd" visible="true">
<created>Tue Feb 08 15:30:34 EST 2011</created>
<edited>Tue Feb 08 15:30:34 EST 2011</edited>
<value><point x="6411" y="20499"/></value>
<metadata author="">

</metadata>
</contour>
<contour name="Process 481" class="PointContour" color="#51749d" visible="true">
<created>Tue Feb 08 15:52:48 EST 2011</created>
<edited>Tue Feb 08 15:52:48 EST 2011</edited>
<value><point x="10997" y="20351"/></value>
<metadata author="">

</metadata>
</contour>
<contour name="Process 482" class="PointContour" color="#965dda" visible="true">
<created>Tue Feb 08 17:24:05 EST 2011</created>
<edited>Tue Feb 08 17:24:05 EST 2011</edited>
<value><point x="16092" y="23412"/></value>
<metadata author="">

</metadata>
</contour>
<contour name="Process 488" class="PointContour" color="#e590b3" visible="true">
<created>Wed Feb 09 10:45:11 EST 2011</created>
<edited>Wed Feb 09 10:45:11 EST 2011</edited>
<value><point x="12948" y="20940"/></value>
<metadata author="">

</metadata>
</contour>
<contour name="Process 526" class="PointContour" color="#8d24e6" visible="true">
<created>Fri Feb 11 17:28:11 EST 2011</created>
<edited>Fri Feb 11 17:28:11 EST 2011</edited>
<value><point x="13700" y="19878"/></value>
<metadata author="">

</metadata>
</contour>
<contour name="Trail 529" class="PointContour" color="#1ca7ed" visible="true">
<created>Mon Feb 14 11:34:06 EST 2011</created>
<edited>Mon Feb 14 11:34:06 EST 2011</edited>
<value><point x="10023" y="18885"/></value>
<metadata author="">

</metadata>
</contour>
<contour name="Trail 530" class="PointContour" color="#d5e631" visible="true">
<created>Mon Feb 14 11:39:14 EST 2011</created>
<edited>Mon Feb 14 11:39:14 EST 2011</edited>
<value><point x="10146" y="19452"/></value>
<metadata author="">

</metadata>
</contour>
<contour name="Trail 532" class="PointContour" color="#fabd81" visible="true">
<created>Mon Feb 14 11:47:48 EST 2011</created>
<edited>Mon Feb 14 11:47:48 EST 2011</edited>
<value><point x="7238" y="19461"/></value>
<metadata author="">

</metadata>
</contour>
<contour name="Trail 534" class="PointContour" color="#001c95" visible="true">
<created>Mon Feb 14 12:11:08 EST 2011</created>
<edited>Mon Feb 14 12:11:08 EST 2011</edited>
<value><point x="12204" y="19189"/></value>
<metadata author="">

</metadata>
</contour>
<contour name="Trail 535" class="PointContour" color="#bcc72b" visible="true">
<created>Mon Feb 14 12:56:45 EST 2011</created>
<edited>Mon Feb 14 12:56:45 EST 2011</edited>
<value><point x="11204" y="18487"/></value>
<metadata author="">

</metadata>
</contour>
<contour name="Trail 65" class="PointContour" color="#e3ff0e" visible="true">
<created>Mon Feb 14 15:25:15 EST 2011</created>
<edited>Mon Feb 14 15:25:15 EST 2011</edited>
<value><point x="11533" y="17864"/></value>
<metadata author="">

</metadata>
</contour>
<contour name="Trail 115" class="PointContour" color="#cbff04" visible="true">
<created>Mon Feb 14 15:35:37 EST 2011</created>
<edited>Mon Feb 14 15:35:37 EST 2011</edited>
<value><point x="14263" y="19812"/></value>
<metadata author="">

</metadata>
</contour>
<contour name="Trail 94" class="PointContour" color="#beff05" visible="true">
<created>Mon Feb 14 15:51:20 EST 2011</created>
<edited>Mon Feb 14 15:51:20 EST 2011</edited>
<value><point x="9798" y="20873"/></value>
<metadata author="">

</metadata>
</contour>
<contour name="Trail 49" class="PointContour" color="#4053cc" visible="true">
<created>Mon Feb 14 15:57:13 EST 2011</created>
<edited>Mon Feb 14 15:57:13 EST 2011</edited>
<value><point x="10981" y="19555"/></value>
<metadata author="">

</metadata>
</contour>
<contour name="Trail 159" class="PointContour" color="#afff08" visible="true">
<created>Mon Feb 14 16:06:52 EST 2011</created>
<edited>Mon Feb 14 16:06:52 EST 2011</edited>
<value><point x="11323" y="18677"/></value>
<metadata author="">

</metadata>
</contour>
<contour name="Trail 26" class="PointContour" color="#c21ebd" visible="true">
<created>Tue Feb 15 11:57:38 EST 2011</created>
<edited>Tue Feb 15 11:57:38 EST 2011</edited>
<value><point x="11847" y="18775"/></value>
<metadata author="">

</metadata>
</contour>
<contour name="Trail 38" class="PointContour" color="#f7edc9" visible="true">
<created>Tue Feb 15 12:02:20 EST 2011</created>
<edited>Tue Feb 15 12:02:20 EST 2011</edited>
<value><point x="12399" y="18195"/></value>
<metadata author="">

</metadata>
</contour>
<contour name="Trail 52" class="PointContour" color="#b10aff" visible="true">
<created>Tue Feb 15 12:17:47 EST 2011</created>
<edited>Tue Feb 15 12:17:47 EST 2011</edited>
<value><point x="12397" y="18264"/></value>
<metadata author="">

</metadata>
</contour>
<contour name="Trail 40" class="PointContour" color="#c4f7b5" visible="true">
<created>Tue Feb 15 12:22:50 EST 2011</created>
<edited>Tue Feb 15 12:22:50 EST 2011</edited>
<value><point x="11871" y="18562"/></value>
<metadata author="">

</metadata>
</contour>
<contour name="Trail 86" class="PointContour" color="#ff067f" visible="true">
<created>Tue Feb 15 14:18:15 EST 2011</created>
<edited>Tue Feb 15 14:18:15 EST 2011</edited>
<value><point x="12796" y="17306"/></value>
<metadata author="">

</metadata>
</contour>
<contour name="Trail 97" class="PointContour" color="#05ff95" visible="true">
<created>Tue Feb 15 14:50:12 EST 2011</created>
<edited>Tue Feb 15 14:50:12 EST 2011</edited>
<value><point x="3944" y="15492"/></value>
<metadata author="">

</metadata>
</contour>
<contour name="Trail 39" class="PointContour" color="#a4f7f2" visible="true">
<created>Tue Feb 15 14:53:01 EST 2011</created>
<edited>Tue Feb 15 14:53:01 EST 2011</edited>
<value><point x="10770" y="18540"/></value>
<metadata author="">

</metadata>
</contour>
<contour name="Trail 205" class="PointContour" color="#0ddcff" visible="true">
<created>Tue Feb 15 15:02:41 EST 2011</created>
<edited>Tue Feb 15 15:02:41 EST 2011</edited>
<value><point x="11632" y="17102"/></value>
<metadata author="">

</metadata>
</contour>
<contour name="Trail 53" class="PointContour" color="#d507ff" visible="true">
<created>Tue Feb 15 17:51:31 EST 2011</created>
<edited>Tue Feb 15 17:51:31 EST 2011</edited>
<value><point x="12127" y="19146"/></value>
<metadata author="">

</metadata>
</contour>
<contour name="Trail 8" class="PointContour" color="#2d23ff" visible="true">
<created>Thu Feb 17 10:12:49 EST 2011</created>
<edited>Thu Feb 17 10:12:49 EST 2011</edited>
<value><point x="12423" y="18733"/></value>
<metadata author="">

</metadata>
</contour>
<contour name="Trail 96" class="PointContour" color="#55ff01" visible="true">
<created>Thu Feb 17 11:16:21 EST 2011</created>
<edited>Thu Feb 17 11:16:21 EST 2011</edited>
<value><point x="9046" y="21304"/></value>
<metadata author="">

</metadata>
</contour>
<contour name="Trail 96" class="PointContour" color="#55ff01" visible="true">
<created>Thu Feb 17 11:16:31 EST 2011</created>
<edited>Thu Feb 17 11:16:31 EST 2011</edited>
<value><point x="8577" y="21410"/></value>
<metadata author="">

</metadata>
</contour>
<contour name="Trail 96" class="PointContour" color="#55ff01" visible="true">
<created>Thu Feb 17 11:18:06 EST 2011</created>
<edited>Thu Feb 17 11:18:06 EST 2011</edited>
<value><point x="4980" y="22716"/></value>
<metadata author="">

</metadata>
</contour>
<contour name="Trail 12" class="PointContour" color="#ffa568" visible="true">
<created>Thu Mar 10 14:17:25 EST 2011</created>
<edited>Thu Mar 10 14:17:25 EST 2011</edited>
<value><point x="13689" y="19278"/></value>
<metadata author="">

</metadata>
</contour>
<contour name="Trail 25" class="PointContour" color="#448fc2" visible="true">
<created>Thu Mar 10 16:56:10 EST 2011</created>
<edited>Thu Mar 10 16:56:10 EST 2011</edited>
<value><point x="11583" y="16441"/></value>
<metadata author="">

</metadata>
</contour>
<contour name="Trail 33" class="PointContour" color="#f70fe0" visible="true">
<created>Sun Mar 13 16:40:09 EDT 2011</created>
<edited>Sun Mar 13 16:40:09 EDT 2011</edited>
<value><point x="12501" y="18512"/></value>
<metadata author="">

</metadata>
</contour>
<contour name="Trail 41" class="PointContour" color="#b2aff7" visible="true">
<created>Sun Mar 13 17:01:36 EDT 2011</created>
<edited>Sun Mar 13 17:01:36 EDT 2011</edited>
<value><point x="10891" y="17640"/></value>
<metadata author="">

</metadata>
</contour>
<contour name="Trail 127" class="PointContour" color="#ff9009" visible="true">
<created>Sun Mar 13 19:11:54 EDT 2011</created>
<edited>Sun Mar 13 19:11:54 EDT 2011</edited>
<value><point x="11347" y="18095"/></value>
<metadata author="">

</metadata>
</contour>
<contour name="Trail 134" class="PointContour" color="#0954ff" visible="true">
<created>Sun Mar 13 19:52:15 EDT 2011</created>
<edited>Sun Mar 13 19:52:15 EDT 2011</edited>
<value><point x="11506" y="14885"/></value>
<metadata author="">

</metadata>
</contour>
</contours>