<!--Last edited: 2011/03/14 19:51:15-->
<contours>
<contour name="Process 420" class="PointContour" color="#4fe1fe" visible="true">
<created>Wed Nov 24 16:50:52 EST 2010</created>
<edited>Wed Nov 24 16:50:52 EST 2010</edited>
<value><point x="10551" y="17716"/></value>
<metadata author="">

</metadata>
</contour>
<contour name="Process 421" class="PointContour" color="#e61dae" visible="true">
<created>Wed Nov 24 17:05:42 EST 2010</created>
<edited>Wed Nov 24 17:05:42 EST 2010</edited>
<value><point x="9955" y="17595"/></value>
<metadata author="">

</metadata>
</contour>
<contour name="Process 422" class="PointContour" color="#f8e1f2" visible="true">
<created>Wed Nov 24 17:19:04 EST 2010</created>
<edited>Wed Nov 24 17:19:04 EST 2010</edited>
<value><point x="9496" y="17638"/></value>
<metadata author="">

</metadata>
</contour>
<contour name="Process 424" class="PointContour" color="#f4ed50" visible="true">
<created>Wed Nov 24 18:02:17 EST 2010</created>
<edited>Wed Nov 24 18:02:17 EST 2010</edited>
<value><point x="10582" y="17668"/></value>
<metadata author="">

</metadata>
</contour>
<contour name="Process 425" class="PointContour" color="#b3923c" visible="true">
<created>Wed Nov 24 18:58:01 EST 2010</created>
<edited>Wed Nov 24 18:58:01 EST 2010</edited>
<value><point x="9917" y="17920"/></value>
<metadata author="">

</metadata>
</contour>
<contour name="Process 426" class="PointContour" color="#a969fa" visible="true">
<created>Wed Nov 24 19:14:47 EST 2010</created>
<edited>Wed Nov 24 19:14:47 EST 2010</edited>
<value><point x="9949" y="20022"/></value>
<metadata author="">

</metadata>
</contour>
<contour name="Process 427" class="PointContour" color="#2e69d9" visible="true">
<created>Wed Nov 24 19:26:37 EST 2010</created>
<edited>Wed Nov 24 19:26:37 EST 2010</edited>
<value><point x="9205" y="20231"/></value>
<metadata author="">

</metadata>
</contour>
<contour name="Process 428" class="PointContour" color="#fd30e1" visible="true">
<created>Wed Nov 24 19:51:44 EST 2010</created>
<edited>Wed Nov 24 19:51:44 EST 2010</edited>
<value><point x="10257" y="18339"/></value>
<metadata author="">

</metadata>
</contour>
<contour name="Process 429" class="PointContour" color="#bffe24" visible="true">
<created>Wed Nov 24 20:02:41 EST 2010</created>
<edited>Wed Nov 24 20:02:41 EST 2010</edited>
<value><point x="8273" y="17492"/></value>
<metadata author="">

</metadata>
</contour>
<contour name="Process 429" class="PointContour" color="#bffe24" visible="true">
<created>Wed Nov 24 20:03:57 EST 2010</created>
<edited>Wed Nov 24 20:03:57 EST 2010</edited>
<value><point x="6477" y="17655"/></value>
<metadata author="">

</metadata>
</contour>
<contour name="Process 431" class="PointContour" color="#a298f6" visible="true">
<created>Wed Nov 24 20:22:29 EST 2010</created>
<edited>Wed Nov 24 20:22:29 EST 2010</edited>
<value><point x="10187" y="19761"/></value>
<metadata author="">

</metadata>
</contour>
<contour name="Process 432" class="PointContour" color="#350959" visible="true">
<created>Wed Nov 24 23:38:08 EST 2010</created>
<edited>Wed Nov 24 23:38:08 EST 2010</edited>
<value><point x="9253" y="20852"/></value>
<metadata author="">

</metadata>
</contour>
<contour name="Process 433" class="PointContour" color="#60ae73" visible="true">
<created>Wed Nov 24 23:48:11 EST 2010</created>
<edited>Wed Nov 24 23:48:11 EST 2010</edited>
<value><point x="10131" y="19658"/></value>
<metadata author="">

</metadata>
</contour>
<contour name="Process 433" class="PointContour" color="#60ae73" visible="true">
<created>Wed Nov 24 23:48:29 EST 2010</created>
<edited>Wed Nov 24 23:48:29 EST 2010</edited>
<value><point x="10116" y="19861"/></value>
<metadata author="">

</metadata>
</contour>
<contour name="Process 433" class="PointContour" color="#60ae73" visible="true">
<created>Wed Nov 24 23:48:35 EST 2010</created>
<edited>Wed Nov 24 23:48:35 EST 2010</edited>
<value><point x="10016" y="20104"/></value>
<metadata author="">

</metadata>
</contour>
<contour name="Process 433" class="PointContour" color="#60ae73" visible="true">
<created>Wed Nov 24 23:49:04 EST 2010</created>
<edited>Wed Nov 24 23:49:04 EST 2010</edited>
<value><point x="9790" y="20747"/></value>
<metadata author="">

</metadata>
</contour>
<contour name="Process 434" class="PointContour" color="#8a9f56" visible="true">
<created>Thu Nov 25 00:02:09 EST 2010</created>
<edited>Thu Nov 25 00:02:09 EST 2010</edited>
<value><point x="10670" y="18602"/></value>
<metadata author="">

</metadata>
</contour>
<contour name="Process 435" class="PointContour" color="#0430ee" visible="true">
<created>Thu Nov 25 00:10:49 EST 2010</created>
<edited>Thu Nov 25 00:10:49 EST 2010</edited>
<value><point x="10260" y="17530"/></value>
<metadata author="">

</metadata>
</contour>
<contour name="Process 435" class="PointContour" color="#0430ee" visible="true">
<created>Thu Nov 25 00:11:10 EST 2010</created>
<edited>Thu Nov 25 00:11:10 EST 2010</edited>
<value><point x="10306" y="17082"/></value>
<metadata author="">

</metadata>
</contour>
<contour name="Process 435" class="PointContour" color="#0430ee" visible="true">
<created>Thu Nov 25 00:11:51 EST 2010</created>
<edited>Thu Nov 25 00:11:51 EST 2010</edited>
<value><point x="10099" y="16300"/></value>
<metadata author="">

</metadata>
</contour>
<contour name="Process 441" class="PointContour" color="#d89428" visible="true">
<created>Thu Nov 25 14:41:50 EST 2010</created>
<edited>Thu Nov 25 14:41:50 EST 2010</edited>
<value><point x="12943" y="16273"/></value>
<metadata author="">

</metadata>
</contour>
<contour name="Process 441" class="PointContour" color="#d89428" visible="true">
<created>Thu Nov 25 14:43:13 EST 2010</created>
<edited>Thu Nov 25 14:43:13 EST 2010</edited>
<value><point x="13079" y="16212"/></value>
<metadata author="">

</metadata>
</contour>
<contour name="Process 443" class="PointContour" color="#a38ff2" visible="true">
<created>Thu Nov 25 19:25:43 EST 2010</created>
<edited>Thu Nov 25 19:25:43 EST 2010</edited>
<value><point x="11052" y="17127"/></value>
<metadata author="">

</metadata>
</contour>
<contour name="Process 449" class="PointContour" color="#697c74" visible="true">
<created>Fri Nov 26 18:00:19 EST 2010</created>
<edited>Fri Nov 26 18:00:19 EST 2010</edited>
<value><point x="11161" y="18394"/></value>
<metadata author="">

</metadata>
</contour>
<contour name="Process 449" class="PointContour" color="#697c74" visible="true">
<created>Fri Nov 26 18:11:28 EST 2010</created>
<edited>Fri Nov 26 18:11:28 EST 2010</edited>
<value><point x="10997" y="20259"/></value>
<metadata author="">

</metadata>
</contour>
<contour name="Process 450" class="PointContour" color="#866c5b" visible="true">
<created>Fri Nov 26 21:01:26 EST 2010</created>
<edited>Fri Nov 26 21:01:26 EST 2010</edited>
<value><point x="12116" y="16829"/></value>
<metadata author="">

</metadata>
</contour>
<contour name="Process 451" class="PointContour" color="#bcad85" visible="true">
<created>Fri Nov 26 21:11:03 EST 2010</created>
<edited>Fri Nov 26 21:11:03 EST 2010</edited>
<value><point x="12726" y="16440"/></value>
<metadata author="">

</metadata>
</contour>
<contour name="Process 455" class="PointContour" color="#d456a5" visible="true">
<created>Sat Nov 27 12:37:22 EST 2010</created>
<edited>Sat Nov 27 12:37:22 EST 2010</edited>
<value><point x="10990" y="18540"/></value>
<metadata author="">

</metadata>
</contour>
<contour name="Process 456" class="PointContour" color="#cbbd91" visible="true">
<created>Sat Nov 27 12:47:06 EST 2010</created>
<edited>Sat Nov 27 12:47:06 EST 2010</edited>
<value><point x="12647" y="18781"/></value>
<metadata author="">

</metadata>
</contour>
<contour name="Process 457" class="PointContour" color="#f8a74f" visible="true">
<created>Sat Nov 27 12:57:18 EST 2010</created>
<edited>Sat Nov 27 12:57:18 EST 2010</edited>
<value><point x="12638" y="18870"/></value>
<metadata author="">

</metadata>
</contour>
<contour name="Process 458" class="PointContour" color="#10a180" visible="true">
<created>Sat Nov 27 13:07:30 EST 2010</created>
<edited>Sat Nov 27 13:07:30 EST 2010</edited>
<value><point x="11892" y="18869"/></value>
<metadata author="">

</metadata>
</contour>
<contour name="Process 459" class="PointContour" color="#15a084" visible="true">
<created>Sat Nov 27 14:11:34 EST 2010</created>
<edited>Sat Nov 27 14:11:34 EST 2010</edited>
<value><point x="11460" y="19283"/></value>
<metadata author="">

</metadata>
</contour>
<contour name="Process 460" class="PointContour" color="#782b43" visible="true">
<created>Fri Dec 03 15:15:13 EST 2010</created>
<edited>Fri Dec 03 15:15:13 EST 2010</edited>
<value><point x="14608" y="17066"/></value>
<metadata author="">

</metadata>
</contour>
<contour name="Process 461" class="PointContour" color="#65d5e9" visible="true">
<created>Fri Dec 03 23:25:10 EST 2010</created>
<edited>Fri Dec 03 23:25:10 EST 2010</edited>
<value><point x="18086" y="12215"/></value>
<metadata author="">

</metadata>
</contour>
<contour name="Process 465" class="PointContour" color="#ae4a09" visible="true">
<created>Fri Dec 03 23:55:18 EST 2010</created>
<edited>Fri Dec 03 23:55:18 EST 2010</edited>
<value><point x="12313" y="17292"/></value>
<metadata author="">

</metadata>
</contour>
<contour name="Process 466" class="PointContour" color="#722e57" visible="true">
<created>Sat Dec 04 00:04:58 EST 2010</created>
<edited>Sat Dec 04 00:04:58 EST 2010</edited>
<value><point x="11275" y="16771"/></value>
<metadata author="">

</metadata>
</contour>
<contour name="Process 469" class="PointContour" color="#7f3a2b" visible="true">
<created>Sat Dec 04 00:28:29 EST 2010</created>
<edited>Sat Dec 04 00:28:29 EST 2010</edited>
<value><point x="11433" y="20009"/></value>
<metadata author="">

</metadata>
</contour>
<contour name="Process 470" class="PointContour" color="#266149" visible="true">
<created>Sat Dec 04 13:31:23 EST 2010</created>
<edited>Sat Dec 04 13:31:23 EST 2010</edited>
<value><point x="10784" y="18286"/></value>
<metadata author="">

</metadata>
</contour>
<contour name="Process 471" class="PointContour" color="#da4772" visible="true">
<created>Sat Dec 04 13:38:15 EST 2010</created>
<edited>Sat Dec 04 13:38:15 EST 2010</edited>
<value><point x="9979" y="17815"/></value>
<metadata author="">

</metadata>
</contour>
<contour name="Process 472" class="PointContour" color="#83f028" visible="true">
<created>Sat Dec 04 13:47:54 EST 2010</created>
<edited>Sat Dec 04 13:47:54 EST 2010</edited>
<value><point x="6378" y="16376"/></value>
<metadata author="">

</metadata>
</contour>
<contour name="Process 472" class="PointContour" color="#83f028" visible="true">
<created>Sat Dec 04 13:48:07 EST 2010</created>
<edited>Sat Dec 04 13:48:07 EST 2010</edited>
<value><point x="6022" y="15998"/></value>
<metadata author="">

</metadata>
</contour>
<contour name="Process 472" class="PointContour" color="#83f028" visible="true">
<created>Sat Dec 04 13:48:14 EST 2010</created>
<edited>Sat Dec 04 13:48:14 EST 2010</edited>
<value><point x="5883" y="15837"/></value>
<metadata author="">

</metadata>
</contour>
<contour name="Process 473" class="PointContour" color="#811f28" visible="true">
<created>Tue Feb 08 14:00:17 EST 2011</created>
<edited>Tue Feb 08 14:00:17 EST 2011</edited>
<value><point x="12755" y="19967"/></value>
<metadata author="">

</metadata>
</contour>
<contour name="Process 478" class="PointContour" color="#4bab49" visible="true">
<created>Tue Feb 08 15:10:15 EST 2011</created>
<edited>Tue Feb 08 15:10:15 EST 2011</edited>
<value><point x="12553" y="19912"/></value>
<metadata author="">

</metadata>
</contour>
<contour name="Process 480" class="PointContour" color="#ace8dd" visible="true">
<created>Tue Feb 08 15:28:36 EST 2011</created>
<edited>Tue Feb 08 15:28:36 EST 2011</edited>
<value><point x="10200" y="19916"/></value>
<metadata author="">

</metadata>
</contour>
<contour name="Process 481" class="PointContour" color="#51749d" visible="true">
<created>Tue Feb 08 15:51:53 EST 2011</created>
<edited>Tue Feb 08 15:51:53 EST 2011</edited>
<value><point x="11353" y="19973"/></value>
<metadata author="">

</metadata>
</contour>
<contour name="Process 482" class="PointContour" color="#965dda" visible="true">
<created>Tue Feb 08 16:44:00 EST 2011</created>
<edited>Tue Feb 08 16:44:00 EST 2011</edited>
<value><point x="13179" y="20100"/></value>
<metadata author="">

</metadata>
</contour>
<contour name="Process 488" class="PointContour" color="#e590b3" visible="true">
<created>Wed Feb 09 10:43:45 EST 2011</created>
<edited>Wed Feb 09 10:43:45 EST 2011</edited>
<value><point x="12642" y="19910"/></value>
<metadata author="">

</metadata>
</contour>
<contour name="Process 493" class="PointContour" color="#754904" visible="true">
<created>Wed Feb 09 15:43:48 EST 2011</created>
<edited>Wed Feb 09 15:43:48 EST 2011</edited>
<value><point x="10967" y="20333"/></value>
<metadata author="">

</metadata>
</contour>
<contour name="Process 493" class="PointContour" color="#754904" visible="true">
<created>Wed Feb 09 15:44:45 EST 2011</created>
<edited>Wed Feb 09 15:44:45 EST 2011</edited>
<value><point x="10304" y="20884"/></value>
<metadata author="">

</metadata>
</contour>
<contour name="Process 526" class="PointContour" color="#8d24e6" visible="true">
<created>Fri Feb 11 17:26:58 EST 2011</created>
<edited>Fri Feb 11 17:26:58 EST 2011</edited>
<value><point x="12592" y="18995"/></value>
<metadata author="">

</metadata>
</contour>
<contour name="Trail 527" class="PointContour" color="#453b96" visible="true">
<created>Mon Feb 14 10:52:57 EST 2011</created>
<edited>Mon Feb 14 10:52:57 EST 2011</edited>
<value><point x="12696" y="18809"/></value>
<metadata author="">

</metadata>
</contour>
<contour name="Trail 528" class="PointContour" color="#2405d0" visible="true">
<created>Mon Feb 14 11:32:02 EST 2011</created>
<edited>Mon Feb 14 11:32:02 EST 2011</edited>
<value><point x="11693" y="19202"/></value>
<metadata author="">

</metadata>
</contour>
<contour name="Trail 529" class="PointContour" color="#1ca7ed" visible="true">
<created>Mon Feb 14 11:32:46 EST 2011</created>
<edited>Mon Feb 14 11:32:46 EST 2011</edited>
<value><point x="11507" y="19180"/></value>
<metadata author="">

</metadata>
</contour>
<contour name="Trail 530" class="PointContour" color="#d5e631" visible="true">
<created>Mon Feb 14 11:38:20 EST 2011</created>
<edited>Mon Feb 14 11:38:20 EST 2011</edited>
<value><point x="11439" y="19207"/></value>
<metadata author="">

</metadata>
</contour>
<contour name="Trail 531" class="PointContour" color="#34704e" visible="true">
<created>Mon Feb 14 11:45:40 EST 2011</created>
<edited>Mon Feb 14 11:45:40 EST 2011</edited>
<value><point x="11502" y="19338"/></value>
<metadata author="">

</metadata>
</contour>
<contour name="Trail 532" class="PointContour" color="#fabd81" visible="true">
<created>Mon Feb 14 11:46:20 EST 2011</created>
<edited>Mon Feb 14 11:46:20 EST 2011</edited>
<value><point x="11557" y="19279"/></value>
<metadata author="">

</metadata>
</contour>
<contour name="Trail 533" class="PointContour" color="#3e79a5" visible="true">
<created>Mon Feb 14 11:58:52 EST 2011</created>
<edited>Mon Feb 14 11:58:52 EST 2011</edited>
<value><point x="11574" y="18797"/></value>
<metadata author="">

</metadata>
</contour>
<contour name="Trail 533" class="PointContour" color="#3e79a5" visible="true">
<created>Mon Feb 14 12:00:43 EST 2011</created>
<edited>Mon Feb 14 12:00:43 EST 2011</edited>
<value><point x="13711" y="17995"/></value>
<metadata author="">

</metadata>
</contour>
<contour name="Trail 534" class="PointContour" color="#001c95" visible="true">
<created>Mon Feb 14 12:10:04 EST 2011</created>
<edited>Mon Feb 14 12:10:04 EST 2011</edited>
<value><point x="11797" y="18970"/></value>
<metadata author="">

</metadata>
</contour>
<contour name="Trail 535" class="PointContour" color="#bcc72b" visible="true">
<created>Mon Feb 14 12:55:00 EST 2011</created>
<edited>Mon Feb 14 12:55:00 EST 2011</edited>
<value><point x="11564" y="19343"/></value>
<metadata author="">

</metadata>
</contour>
<contour name="Trail 65" class="PointContour" color="#e3ff0e" visible="true">
<created>Mon Feb 14 15:02:16 EST 2011</created>
<edited>Mon Feb 14 15:02:16 EST 2011</edited>
<value><point x="12215" y="19043"/></value>
<metadata author="">

</metadata>
</contour>
<contour name="Trail 115" class="PointContour" color="#cbff04" visible="true">
<created>Mon Feb 14 15:32:38 EST 2011</created>
<edited>Mon Feb 14 15:32:38 EST 2011</edited>
<value><point x="12189" y="18888"/></value>
<metadata author="">

</metadata>
</contour>
<contour name="Trail 94" class="PointContour" color="#beff05" visible="true">
<created>Mon Feb 14 15:48:39 EST 2011</created>
<edited>Mon Feb 14 15:48:39 EST 2011</edited>
<value><point x="11445" y="18939"/></value>
<metadata author="">

</metadata>
</contour>
<contour name="Trail 49" class="PointContour" color="#4053cc" visible="true">
<created>Mon Feb 14 15:55:53 EST 2011</created>
<edited>Mon Feb 14 15:55:53 EST 2011</edited>
<value><point x="11680" y="18457"/></value>
<metadata author="">

</metadata>
</contour>
<contour name="Trail 159" class="PointContour" color="#afff08" visible="true">
<created>Mon Feb 14 16:04:58 EST 2011</created>
<edited>Mon Feb 14 16:04:58 EST 2011</edited>
<value><point x="11191" y="18363"/></value>
<metadata author="">

</metadata>
</contour>
<contour name="Trail 26" class="PointContour" color="#c21ebd" visible="true">
<created>Tue Feb 15 11:56:58 EST 2011</created>
<edited>Tue Feb 15 11:56:58 EST 2011</edited>
<value><point x="12150" y="18476"/></value>
<metadata author="">

</metadata>
</contour>
<contour name="Trail 38" class="PointContour" color="#f7edc9" visible="true">
<created>Tue Feb 15 12:01:41 EST 2011</created>
<edited>Tue Feb 15 12:01:41 EST 2011</edited>
<value><point x="12070" y="18407"/></value>
<metadata author="">

</metadata>
</contour>
<contour name="Trail 52" class="PointContour" color="#b10aff" visible="true">
<created>Tue Feb 15 12:17:16 EST 2011</created>
<edited>Tue Feb 15 12:17:16 EST 2011</edited>
<value><point x="12156" y="18360"/></value>
<metadata author="">

</metadata>
</contour>
<contour name="Trail 40" class="PointContour" color="#c4f7b5" visible="true">
<created>Tue Feb 15 12:21:18 EST 2011</created>
<edited>Tue Feb 15 12:21:18 EST 2011</edited>
<value><point x="12300" y="18233"/></value>
<metadata author="">

</metadata>
</contour>
<contour name="Trail 40" class="PointContour" color="#c4f7b5" visible="true">
<created>Tue Feb 15 12:21:37 EST 2011</created>
<edited>Tue Feb 15 12:21:37 EST 2011</edited>
<value><point x="12532" y="18705"/></value>
<metadata author="">

</metadata>
</contour>
<contour name="Trail 45" class="PointContour" color="#80d2ff" visible="true">
<created>Tue Feb 15 12:28:29 EST 2011</created>
<edited>Tue Feb 15 12:28:29 EST 2011</edited>
<value><point x="11621" y="18026"/></value>
<metadata author="">

</metadata>
</contour>
<contour name="Trail 86" class="PointContour" color="#ff067f" visible="true">
<created>Tue Feb 15 14:16:42 EST 2011</created>
<edited>Tue Feb 15 14:16:42 EST 2011</edited>
<value><point x="11400" y="17889"/></value>
<metadata author="">

</metadata>
</contour>
<contour name="Trail 18" class="PointContour" color="#ff5cb4" visible="true">
<created>Tue Feb 15 14:44:26 EST 2011</created>
<edited>Tue Feb 15 14:44:26 EST 2011</edited>
<value><point x="11169" y="18328"/></value>
<metadata author="">

</metadata>
</contour>
<contour name="Trail 97" class="PointContour" color="#05ff95" visible="true">
<created>Tue Feb 15 14:47:53 EST 2011</created>
<edited>Tue Feb 15 14:47:53 EST 2011</edited>
<value><point x="9487" y="17890"/></value>
<metadata author="">

</metadata>
</contour>
<contour name="Trail 205" class="PointContour" color="#0ddcff" visible="true">
<created>Tue Feb 15 14:59:57 EST 2011</created>
<edited>Tue Feb 15 14:59:57 EST 2011</edited>
<value><point x="12199" y="18130"/></value>
<metadata author="">

</metadata>
</contour>
<contour name="Trail 53" class="PointContour" color="#d507ff" visible="true">
<created>Tue Feb 15 15:09:48 EST 2011</created>
<edited>Tue Feb 15 15:09:48 EST 2011</edited>
<value><point x="12435" y="18561"/></value>
<metadata author="">

</metadata>
</contour>
<contour name="Trail 8" class="PointContour" color="#2d23ff" visible="true">
<created>Thu Feb 17 10:12:12 EST 2011</created>
<edited>Thu Feb 17 10:12:12 EST 2011</edited>
<value><point x="12222" y="18423"/></value>
<metadata author="">

</metadata>
</contour>
<contour name="Trail 15" class="PointContour" color="#46ffdc" visible="true">
<created>Thu Feb 17 10:19:05 EST 2011</created>
<edited>Thu Feb 17 10:19:05 EST 2011</edited>
<value><point x="11605" y="17966"/></value>
<metadata author="">

</metadata>
</contour>
<contour name="Trail 15" class="PointContour" color="#46ffdc" visible="true">
<created>Thu Feb 17 10:55:02 EST 2011</created>
<edited>Thu Feb 17 10:55:02 EST 2011</edited>
<value><point x="10017" y="16020"/></value>
<metadata author="">

</metadata>
</contour>
<contour name="Trail 96" class="PointContour" color="#55ff01" visible="true">
<created>Thu Feb 17 11:14:38 EST 2011</created>
<edited>Thu Feb 17 11:14:38 EST 2011</edited>
<value><point x="11457" y="19048"/></value>
<metadata author="">

</metadata>
</contour>
<contour name="Trail 127" class="PointContour" color="#ff9009" visible="true">
<created>Thu Feb 17 14:32:52 EST 2011</created>
<edited>Thu Feb 17 14:32:52 EST 2011</edited>
<value><point x="12323" y="18409"/></value>
<metadata author="">

</metadata>
</contour>
<contour name="Trail 12" class="PointContour" color="#ffa568" visible="true">
<created>Thu Mar 10 14:15:01 EST 2011</created>
<edited>Thu Mar 10 14:15:01 EST 2011</edited>
<value><point x="12272" y="19059"/></value>
<metadata author="">

</metadata>
</contour>
<contour name="Trail 12" class="PointContour" color="#ffa568" visible="true">
<created>Thu Mar 10 14:16:04 EST 2011</created>
<edited>Thu Mar 10 14:16:04 EST 2011</edited>
<value><point x="12388" y="18721"/></value>
<metadata author="">

</metadata>
</contour>
<contour name="Trail 25" class="PointContour" color="#448fc2" visible="true">
<created>Thu Mar 10 16:49:52 EST 2011</created>
<edited>Thu Mar 10 16:49:52 EST 2011</edited>
<value><point x="11096" y="18390"/></value>
<metadata author="">

</metadata>
</contour>
<contour name="Trail 33" class="PointContour" color="#f70fe0" visible="true">
<created>Sun Mar 13 16:39:10 EDT 2011</created>
<edited>Sun Mar 13 16:39:10 EDT 2011</edited>
<value><point x="11816" y="17997"/></value>
<metadata author="">

</metadata>
</contour>
<contour name="Trail 41" class="PointContour" color="#b2aff7" visible="true">
<created>Sun Mar 13 16:54:48 EDT 2011</created>
<edited>Sun Mar 13 16:54:48 EDT 2011</edited>
<value><point x="11606" y="17932"/></value>
<metadata author="">

</metadata>
</contour>
<contour name="Trail 134" class="PointContour" color="#0954ff" visible="true">
<created>Sun Mar 13 19:51:26 EDT 2011</created>
<edited>Sun Mar 13 19:51:26 EDT 2011</edited>
<value><point x="12140" y="15726"/></value>
<metadata author="">

</metadata>
</contour>
<contour name="Trail 134" class="PointContour" color="#0954ff" visible="true">
<created>Sun Mar 13 22:04:36 EDT 2011</created>
<edited>Sun Mar 13 22:04:36 EDT 2011</edited>
<value><point x="13161" y="18936"/></value>
<metadata author="">

</metadata>
</contour>
<contour name="Trail 134" class="PointContour" color="#0954ff" visible="true">
<created>Sun Mar 13 22:07:17 EDT 2011</created>
<edited>Sun Mar 13 22:07:17 EDT 2011</edited>
<value><point x="12926" y="20448"/></value>
<metadata author="">

</metadata>
</contour>
<contour name="Trail 134" class="PointContour" color="#0954ff" visible="true">
<created>Sun Mar 13 22:10:56 EDT 2011</created>
<edited>Sun Mar 13 22:10:56 EDT 2011</edited>
<value><point x="12472" y="21251"/></value>
<metadata author="">

</metadata>
</contour>
<contour name="Trail 134" class="PointContour" color="#0954ff" visible="true">
<created>Sun Mar 13 22:11:07 EDT 2011</created>
<edited>Sun Mar 13 22:11:07 EDT 2011</edited>
<value><point x="12425" y="21585"/></value>
<metadata author="">

</metadata>
</contour>
<contour name="Trail 146" class="PointContour" color="#a3c6ff" visible="true">
<created>Mon Mar 14 11:37:59 EDT 2011</created>
<edited>Mon Mar 14 11:37:59 EDT 2011</edited>
<value><point x="5762" y="18773"/></value>
<metadata author="">

</metadata>
</contour>
<contour name="Trail 146" class="PointContour" color="#a3c6ff" visible="true">
<created>Mon Mar 14 11:37:59 EDT 2011</created>
<edited>Mon Mar 14 11:37:59 EDT 2011</edited>
<value><point x="5762" y="18773"/></value>
<metadata author="">

</metadata>
</contour>
<contour name="Trail 187" class="PointContour" color="#afd2ff" visible="true">
<created>Mon Mar 14 11:50:01 EDT 2011</created>
<edited>Mon Mar 14 11:50:01 EDT 2011</edited>
<value><point x="9185" y="18886"/></value>
<metadata author="">

</metadata>
</contour>
<contour name="Process 4002" class="PointContour" color="#b2e18f" visible="true">
<created>Sat Nov 13 19:15:01 EST 2010</created>
<edited>Sat Nov 13 19:15:01 EST 2010</edited>
<value><point x="10041" y="11343"/></value>
<metadata author="">

</metadata>
</contour>
<contour name="Process 4003" class="PointContour" color="#df88bd" visible="true">
<created>Sat Nov 13 19:16:15 EST 2010</created>
<edited>Sat Nov 13 19:16:15 EST 2010</edited>
<value><point x="9863" y="11527"/></value>
<metadata author="">

</metadata>
</contour>
<contour name="Process 4004" class="PointContour" color="#abc72d" visible="true">
<created>Sat Nov 13 19:17:35 EST 2010</created>
<edited>Sat Nov 13 19:17:35 EST 2010</edited>
<value><point x="9927" y="11479"/></value>
<metadata author="">

</metadata>
</contour>
<contour name="Process 4005" class="PointContour" color="#3228bf" visible="true">
<created>Sat Nov 13 19:18:51 EST 2010</created>
<edited>Sat Nov 13 19:18:51 EST 2010</edited>
<value><point x="9933" y="11609"/></value>
<metadata author="">

</metadata>
</contour>
<contour name="Process 4006" class="PointContour" color="#f68502" visible="true">
<created>Sat Nov 13 19:22:36 EST 2010</created>
<edited>Sat Nov 13 19:22:36 EST 2010</edited>
<value><point x="10027" y="11535"/></value>
<metadata author="">

</metadata>
</contour>
<contour name="Process 4007" class="PointContour" color="#dacef2" visible="true">
<created>Sat Nov 13 19:23:56 EST 2010</created>
<edited>Sat Nov 13 19:23:56 EST 2010</edited>
<value><point x="9033" y="11673"/></value>
<metadata author="">

</metadata>
</contour>
<contour name="Process 4008" class="PointContour" color="#5ce99a" visible="true">
<created>Sat Nov 13 19:29:35 EST 2010</created>
<edited>Sat Nov 13 19:29:35 EST 2010</edited>
<value><point x="9149" y="11063"/></value>
<metadata author="">

</metadata>
</contour>
<contour name="Process 4009" class="PointContour" color="#6897dd" visible="true">
<created>Sat Nov 13 19:31:30 EST 2010</created>
<edited>Sat Nov 13 19:31:30 EST 2010</edited>
<value><point x="9203" y="11443"/></value>
<metadata author="">

</metadata>
</contour>
<contour name="Process 4010" class="PointContour" color="#b7d984" visible="true">
<created>Sat Nov 13 19:32:46 EST 2010</created>
<edited>Sat Nov 13 19:32:46 EST 2010</edited>
<value><point x="9313" y="11169"/></value>
<metadata author="">

</metadata>
</contour>
<contour name="Process 4011" class="PointContour" color="#f34753" visible="true">
<created>Sat Nov 13 19:33:29 EST 2010</created>
<edited>Sat Nov 13 19:33:29 EST 2010</edited>
<value><point x="9359" y="11241"/></value>
<metadata author="">

</metadata>
</contour>
<contour name="Process 4013" class="PointContour" color="#3b5f31" visible="true">
<created>Sat Nov 13 20:06:10 EST 2010</created>
<edited>Sat Nov 13 20:06:10 EST 2010</edited>
<value><point x="10497" y="11335"/></value>
<metadata author="">

</metadata>
</contour>
<contour name="Process 4014" class="PointContour" color="#878ce0" visible="true">
<created>Sat Nov 13 20:10:19 EST 2010</created>
<edited>Sat Nov 13 20:10:19 EST 2010</edited>
<value><point x="9221" y="10887"/></value>
<metadata author="">

</metadata>
</contour>
<contour name="Process 4015" class="PointContour" color="#c066de" visible="true">
<created>Sun Nov 14 00:07:13 EST 2010</created>
<edited>Sun Nov 14 00:07:13 EST 2010</edited>
<value><point x="9247" y="10913"/></value>
<metadata author="">

</metadata>
</contour>
<contour name="Process 4016" class="PointContour" color="#9a4c22" visible="true">
<created>Sun Nov 14 00:08:26 EST 2010</created>
<edited>Sun Nov 14 00:08:26 EST 2010</edited>
<value><point x="8951" y="11049"/></value>
<metadata author="">

</metadata>
</contour>
<contour name="Process 4017" class="PointContour" color="#d97332" visible="true">
<created>Sun Nov 14 00:11:54 EST 2010</created>
<edited>Sun Nov 14 00:11:54 EST 2010</edited>
<value><point x="9125" y="10883"/></value>
<metadata author="">

</metadata>
</contour>
<contour name="Process 4018" class="PointContour" color="#ce95d9" visible="true">
<created>Sun Nov 14 00:13:00 EST 2010</created>
<edited>Sun Nov 14 00:13:00 EST 2010</edited>
<value><point x="9055" y="11095"/></value>
<metadata author="">

</metadata>
</contour>
<contour name="Process 4019" class="PointContour" color="#810191" visible="true">
<created>Sun Nov 14 00:14:44 EST 2010</created>
<edited>Sun Nov 14 00:14:44 EST 2010</edited>
<value><point x="9919" y="11555"/></value>
<metadata author="">

</metadata>
</contour>
<contour name="Process 4020" class="PointContour" color="#956e4b" visible="true">
<created>Sun Nov 14 00:17:06 EST 2010</created>
<edited>Sun Nov 14 00:17:06 EST 2010</edited>
<value><point x="10021" y="11435"/></value>
<metadata author="">

</metadata>
</contour>
<contour name="Process 4021" class="PointContour" color="#ac1888" visible="true">
<created>Sun Nov 14 00:18:43 EST 2010</created>
<edited>Sun Nov 14 00:18:43 EST 2010</edited>
<value><point x="10129" y="11679"/></value>
<metadata author="">

</metadata>
</contour>
<contour name="Process 4022" class="PointContour" color="#cdd632" visible="true">
<created>Sun Nov 14 00:20:32 EST 2010</created>
<edited>Sun Nov 14 00:20:32 EST 2010</edited>
<value><point x="10617" y="11741"/></value>
<metadata author="">

</metadata>
</contour>
<contour name="Process 4023" class="PointContour" color="#b7d299" visible="true">
<created>Sun Nov 14 00:21:57 EST 2010</created>
<edited>Sun Nov 14 00:21:57 EST 2010</edited>
<value><point x="10045" y="11623"/></value>
<metadata author="">

</metadata>
</contour>
<contour name="Process 4024" class="PointContour" color="#067702" visible="true">
<created>Sun Nov 14 00:24:07 EST 2010</created>
<edited>Sun Nov 14 00:24:07 EST 2010</edited>
<value><point x="9199" y="10913"/></value>
<metadata author="">

</metadata>
</contour>
<contour name="Process 4025" class="PointContour" color="#c5aafd" visible="true">
<created>Sun Nov 14 00:25:29 EST 2010</created>
<edited>Sun Nov 14 00:25:29 EST 2010</edited>
<value><point x="10015" y="11377"/></value>
<metadata author="">

</metadata>
</contour>
<contour name="Process 4026" class="PointContour" color="#5cde64" visible="true">
<created>Sun Nov 14 00:26:58 EST 2010</created>
<edited>Sun Nov 14 00:26:58 EST 2010</edited>
<value><point x="10361" y="11573"/></value>
<metadata author="">

</metadata>
</contour>
<contour name="Process 4027" class="PointContour" color="#568503" visible="true">
<created>Sun Nov 14 08:28:51 EST 2010</created>
<edited>Sun Nov 14 08:28:51 EST 2010</edited>
<value><point x="10183" y="11981"/></value>
<metadata author="">

</metadata>
</contour>
<contour name="Process 4031" class="PointContour" color="#0c4b3b" visible="true">
<created>Sun Nov 14 13:55:56 EST 2010</created>
<edited>Sun Nov 14 13:55:56 EST 2010</edited>
<value><point x="10563" y="11361"/></value>
<metadata author="">

</metadata>
</contour>
<contour name="Process 4032" class="PointContour" color="#6c8def" visible="true">
<created>Sun Nov 14 13:56:39 EST 2010</created>
<edited>Sun Nov 14 13:56:39 EST 2010</edited>
<value><point x="10547" y="11295"/></value>
<metadata author="">

</metadata>
</contour>
<contour name="Process 4033" class="PointContour" color="#4958fb" visible="true">
<created>Sun Nov 14 13:57:44 EST 2010</created>
<edited>Sun Nov 14 13:57:44 EST 2010</edited>
<value><point x="10653" y="11321"/></value>
<metadata author="">

</metadata>
</contour>
<contour name="Process 4034" class="PointContour" color="#726115" visible="true">
<created>Sun Nov 14 13:59:12 EST 2010</created>
<edited>Sun Nov 14 13:59:12 EST 2010</edited>
<value><point x="9067" y="11485"/></value>
<metadata author="">

</metadata>
</contour>
<contour name="Process 4035" class="PointContour" color="#758ccd" visible="true">
<created>Sun Nov 14 14:00:46 EST 2010</created>
<edited>Sun Nov 14 14:00:46 EST 2010</edited>
<value><point x="10593" y="11809"/></value>
<metadata author="">

</metadata>
</contour>
<contour name="Process 4037" class="PointContour" color="#3c0995" visible="true">
<created>Sun Nov 14 14:02:11 EST 2010</created>
<edited>Sun Nov 14 14:02:11 EST 2010</edited>
<value><point x="10623" y="11847"/></value>
<metadata author="">

</metadata>
</contour>
<contour name="Process 4038" class="PointContour" color="#f26a12" visible="true">
<created>Sun Nov 14 14:03:02 EST 2010</created>
<edited>Sun Nov 14 14:03:02 EST 2010</edited>
<value><point x="9161" y="11235"/></value>
<metadata author="">

</metadata>
</contour>
<contour name="Process 4039" class="PointContour" color="#936af3" visible="true">
<created>Sun Nov 14 14:03:49 EST 2010</created>
<edited>Sun Nov 14 14:03:49 EST 2010</edited>
<value><point x="10445" y="11783"/></value>
<metadata author="">

</metadata>
</contour>
<contour name="Process 4040" class="PointContour" color="#6c4e54" visible="true">
<created>Sun Nov 14 17:32:39 EST 2010</created>
<edited>Sun Nov 14 17:32:39 EST 2010</edited>
<value><point x="10695" y="11391"/></value>
<metadata author="">

</metadata>
</contour>
<contour name="Process 4041" class="PointContour" color="#bd029b" visible="true">
<created>Sun Nov 14 17:33:41 EST 2010</created>
<edited>Sun Nov 14 17:33:41 EST 2010</edited>
<value><point x="10729" y="11881"/></value>
<metadata author="">

</metadata>
</contour>
<contour name="Process 4042" class="PointContour" color="#62e086" visible="true">
<created>Sun Nov 14 17:35:06 EST 2010</created>
<edited>Sun Nov 14 17:35:06 EST 2010</edited>
<value><point x="10803" y="11985"/></value>
<metadata author="">

</metadata>
</contour>
<contour name="Process 4045" class="PointContour" color="#e4b561" visible="true">
<created>Sun Nov 14 17:39:53 EST 2010</created>
<edited>Sun Nov 14 17:39:53 EST 2010</edited>
<value><point x="9255" y="11581"/></value>
<metadata author="">

</metadata>
</contour>
<contour name="Process 4045" class="PointContour" color="#e4b561" visible="true">
<created>Sun Nov 14 17:39:57 EST 2010</created>
<edited>Sun Nov 14 17:39:57 EST 2010</edited>
<value><point x="9619" y="11679"/></value>
<metadata author="">

</metadata>
</contour>
<contour name="Process 4046" class="PointContour" color="#440df9" visible="true">
<created>Sun Nov 14 17:41:20 EST 2010</created>
<edited>Sun Nov 14 17:41:20 EST 2010</edited>
<value><point x="9553" y="11595"/></value>
<metadata author="">

</metadata>
</contour>
<contour name="Process 4046" class="PointContour" color="#440df9" visible="true">
<created>Sun Nov 14 17:41:28 EST 2010</created>
<edited>Sun Nov 14 17:41:28 EST 2010</edited>
<value><point x="9373" y="11507"/></value>
<metadata author="">

</metadata>
</contour>
<contour name="Process 4046" class="PointContour" color="#440df9" visible="true">
<created>Sun Nov 14 17:42:41 EST 2010</created>
<edited>Sun Nov 14 17:42:41 EST 2010</edited>
<value><point x="9383" y="11183"/></value>
<metadata author="">

</metadata>
</contour>
<contour name="Process 4047" class="PointContour" color="#3e3ee2" visible="true">
<created>Sun Nov 14 17:43:53 EST 2010</created>
<edited>Sun Nov 14 17:43:53 EST 2010</edited>
<value><point x="10615" y="11371"/></value>
<metadata author="">

</metadata>
</contour>
<contour name="Process 4048" class="PointContour" color="#d6f249" visible="true">
<created>Sun Nov 14 17:45:18 EST 2010</created>
<edited>Sun Nov 14 17:45:18 EST 2010</edited>
<value><point x="10833" y="11261"/></value>
<metadata author="">

</metadata>
</contour>
<contour name="Process 4049" class="PointContour" color="#6fc1f2" visible="true">
<created>Sun Nov 14 17:46:10 EST 2010</created>
<edited>Sun Nov 14 17:46:10 EST 2010</edited>
<value><point x="10297" y="11871"/></value>
<metadata author="">

</metadata>
</contour>
<contour name="Process 4050" class="PointContour" color="#32f9a3" visible="true">
<created>Sun Nov 14 17:50:04 EST 2010</created>
<edited>Sun Nov 14 17:50:04 EST 2010</edited>
<value><point x="10455" y="11647"/></value>
<metadata author="">

</metadata>
</contour>
<contour name="Process 4051" class="PointContour" color="#8d881e" visible="true">
<created>Sun Nov 14 17:51:43 EST 2010</created>
<edited>Sun Nov 14 17:51:43 EST 2010</edited>
<value><point x="9973" y="11809"/></value>
<metadata author="">

</metadata>
</contour>
<contour name="Process 4052" class="PointContour" color="#be65c4" visible="true">
<created>Sun Nov 14 17:52:50 EST 2010</created>
<edited>Sun Nov 14 17:52:50 EST 2010</edited>
<value><point x="10037" y="11979"/></value>
<metadata author="">

</metadata>
</contour>
<contour name="Process 4053" class="PointContour" color="#9926d3" visible="true">
<created>Sun Nov 14 17:53:56 EST 2010</created>
<edited>Sun Nov 14 17:53:56 EST 2010</edited>
<value><point x="9121" y="11409"/></value>
<metadata author="">

</metadata>
</contour>
<contour name="Process 4054" class="PointContour" color="#b9886f" visible="true">
<created>Sun Nov 14 17:55:04 EST 2010</created>
<edited>Sun Nov 14 17:55:04 EST 2010</edited>
<value><point x="9439" y="11377"/></value>
<metadata author="">

</metadata>
</contour>
<contour name="Process 4055" class="PointContour" color="#78a87b" visible="true">
<created>Sun Nov 14 17:57:06 EST 2010</created>
<edited>Sun Nov 14 17:57:06 EST 2010</edited>
<value><point x="10617" y="12143"/></value>
<metadata author="">

</metadata>
</contour>
<contour name="Process 4057" class="PointContour" color="#fe3ec4" visible="true">
<created>Sun Nov 14 17:58:11 EST 2010</created>
<edited>Sun Nov 14 17:58:11 EST 2010</edited>
<value><point x="10831" y="12059"/></value>
<metadata author="">

</metadata>
</contour>
<contour name="Process 4059" class="PointContour" color="#274d1a" visible="true">
<created>Sun Nov 14 17:58:56 EST 2010</created>
<edited>Sun Nov 14 17:58:56 EST 2010</edited>
<value><point x="10833" y="12293"/></value>
<metadata author="">

</metadata>
</contour>
<contour name="Process 4061" class="PointContour" color="#91ee41" visible="true">
<created>Sun Nov 14 17:59:35 EST 2010</created>
<edited>Sun Nov 14 17:59:35 EST 2010</edited>
<value><point x="10687" y="12281"/></value>
<metadata author="">

</metadata>
</contour>
<contour name="Process 4062" class="PointContour" color="#4c57a5" visible="true">
<created>Sun Nov 14 18:01:19 EST 2010</created>
<edited>Sun Nov 14 18:01:19 EST 2010</edited>
<value><point x="9007" y="11367"/></value>
<metadata author="">

</metadata>
</contour>
<contour name="Process 4063" class="PointContour" color="#ce22be" visible="true">
<created>Sun Nov 14 18:02:18 EST 2010</created>
<edited>Sun Nov 14 18:02:18 EST 2010</edited>
<value><point x="9435" y="11647"/></value>
<metadata author="">

</metadata>
</contour>
<contour name="Process 4064" class="PointContour" color="#869b91" visible="true">
<created>Sun Nov 14 18:03:12 EST 2010</created>
<edited>Sun Nov 14 18:03:12 EST 2010</edited>
<value><point x="9405" y="11423"/></value>
<metadata author="">

</metadata>
</contour>
<contour name="Process 4065" class="PointContour" color="#b0d56e" visible="true">
<created>Sun Nov 14 18:05:55 EST 2010</created>
<edited>Sun Nov 14 18:05:55 EST 2010</edited>
<value><point x="9069" y="11913"/></value>
<metadata author="">

</metadata>
</contour>
<contour name="Process 4065" class="PointContour" color="#b0d56e" visible="true">
<created>Sun Nov 14 18:06:04 EST 2010</created>
<edited>Sun Nov 14 18:06:04 EST 2010</edited>
<value><point x="9117" y="12129"/></value>
<metadata author="">

</metadata>
</contour>
<contour name="Process 4066" class="PointContour" color="#5f03a1" visible="true">
<created>Sun Nov 14 18:07:25 EST 2010</created>
<edited>Sun Nov 14 18:07:25 EST 2010</edited>
<value><point x="9091" y="11809"/></value>
<metadata author="">

</metadata>
</contour>
<contour name="Process 4067" class="PointContour" color="#dc4137" visible="true">
<created>Sun Nov 14 18:25:29 EST 2010</created>
<edited>Sun Nov 14 18:25:29 EST 2010</edited>
<value><point x="9587" y="12091"/></value>
<metadata author="">

</metadata>
</contour>
<contour name="Process 4068" class="PointContour" color="#b71d7a" visible="true">
<created>Sun Nov 14 18:26:33 EST 2010</created>
<edited>Sun Nov 14 18:26:33 EST 2010</edited>
<value><point x="9405" y="11765"/></value>
<metadata author="">

</metadata>
</contour>
<contour name="Process 4069" class="PointContour" color="#e98f59" visible="true">
<created>Sun Nov 14 18:27:25 EST 2010</created>
<edited>Sun Nov 14 18:27:25 EST 2010</edited>
<value><point x="9617" y="12285"/></value>
<metadata author="">

</metadata>
</contour>
<contour name="Process 4070" class="PointContour" color="#890d1f" visible="true">
<created>Sun Nov 14 18:28:41 EST 2010</created>
<edited>Sun Nov 14 18:28:41 EST 2010</edited>
<value><point x="9567" y="11733"/></value>
<metadata author="">

</metadata>
</contour>
<contour name="Process 4071" class="PointContour" color="#7a445d" visible="true">
<created>Sun Nov 14 18:30:06 EST 2010</created>
<edited>Sun Nov 14 18:30:06 EST 2010</edited>
<value><point x="8869" y="12197"/></value>
<metadata author="">

</metadata>
</contour>
<contour name="Process 4072" class="PointContour" color="#2a271a" visible="true">
<created>Sun Nov 14 18:33:03 EST 2010</created>
<edited>Sun Nov 14 18:33:03 EST 2010</edited>
<value><point x="9613" y="12187"/></value>
<metadata author="">

</metadata>
</contour>
<contour name="Process 4073" class="PointContour" color="#084606" visible="true">
<created>Sun Nov 14 18:34:02 EST 2010</created>
<edited>Sun Nov 14 18:34:02 EST 2010</edited>
<value><point x="9545" y="12215"/></value>
<metadata author="">

</metadata>
</contour>
<contour name="Process 4074" class="PointContour" color="#4a3119" visible="true">
<created>Sun Nov 14 18:34:50 EST 2010</created>
<edited>Sun Nov 14 18:34:50 EST 2010</edited>
<value><point x="9555" y="12433"/></value>
<metadata author="">

</metadata>
</contour>
<contour name="Process 4075" class="PointContour" color="#3b027f" visible="true">
<created>Sun Nov 14 18:35:44 EST 2010</created>
<edited>Sun Nov 14 18:35:44 EST 2010</edited>
<value><point x="10003" y="12143"/></value>
<metadata author="">

</metadata>
</contour>
<contour name="Process 4076" class="PointContour" color="#b3733e" visible="true">
<created>Sun Nov 14 18:38:23 EST 2010</created>
<edited>Sun Nov 14 18:38:23 EST 2010</edited>
<value><point x="10801" y="11411"/></value>
<metadata author="">

</metadata>
</contour>
<contour name="Process 4077" class="PointContour" color="#a5b28a" visible="true">
<created>Sun Nov 14 18:39:55 EST 2010</created>
<edited>Sun Nov 14 18:39:55 EST 2010</edited>
<value><point x="9845" y="12173"/></value>
<metadata author="">

</metadata>
</contour>
<contour name="Process 4078" class="PointContour" color="#ecb436" visible="true">
<created>Sun Nov 14 19:36:25 EST 2010</created>
<edited>Sun Nov 14 19:36:25 EST 2010</edited>
<value><point x="8941" y="11145"/></value>
<metadata author="">

</metadata>
</contour>
<contour name="Process 4080" class="PointContour" color="#107e03" visible="true">
<created>Sun Nov 14 19:39:25 EST 2010</created>
<edited>Sun Nov 14 19:39:25 EST 2010</edited>
<value><point x="9955" y="12061"/></value>
<metadata author="">

</metadata>
</contour>
<contour name="Process 4081" class="PointContour" color="#dfa025" visible="true">
<created>Sun Nov 14 19:41:19 EST 2010</created>
<edited>Sun Nov 14 19:41:19 EST 2010</edited>
<value><point x="9693" y="12129"/></value>
<metadata author="">

</metadata>
</contour>
<contour name="Process 4082" class="PointContour" color="#818471" visible="true">
<created>Sun Nov 14 19:43:10 EST 2010</created>
<edited>Sun Nov 14 19:43:10 EST 2010</edited>
<value><point x="8987" y="11835"/></value>
<metadata author="">

</metadata>
</contour>
<contour name="Process 4086" class="PointContour" color="#1512fa" visible="true">
<created>Sat Nov 20 11:53:24 EST 2010</created>
<edited>Sat Nov 20 11:53:24 EST 2010</edited>
<value><point x="9523" y="11043"/></value>
<metadata author="">

</metadata>
</contour>
<contour name="Process 4088" class="PointContour" color="#4d8ed7" visible="true">
<created>Sat Nov 20 11:57:13 EST 2010</created>
<edited>Sat Nov 20 11:57:13 EST 2010</edited>
<value><point x="9147" y="11761"/></value>
<metadata author="">

</metadata>
</contour>
<contour name="Process 4089" class="PointContour" color="#633594" visible="true">
<created>Sat Nov 20 11:58:08 EST 2010</created>
<edited>Sat Nov 20 11:58:08 EST 2010</edited>
<value><point x="9403" y="11305"/></value>
<metadata author="">

</metadata>
</contour>
<contour name="Process 4089" class="PointContour" color="#633594" visible="true">
<created>Sat Nov 20 11:58:52 EST 2010</created>
<edited>Sat Nov 20 11:58:52 EST 2010</edited>
<value><point x="9477" y="11149"/></value>
<metadata author="">

</metadata>
</contour>
<contour name="Process 4090" class="PointContour" color="#8674dc" visible="true">
<created>Sat Nov 20 11:59:39 EST 2010</created>
<edited>Sat Nov 20 11:59:39 EST 2010</edited>
<value><point x="10095" y="12051"/></value>
<metadata author="">

</metadata>
</contour>
<contour name="Process 4091" class="PointContour" color="#5240cf" visible="true">
<created>Sat Nov 20 12:00:53 EST 2010</created>
<edited>Sat Nov 20 12:00:53 EST 2010</edited>
<value><point x="9401" y="11837"/></value>
<metadata author="">

</metadata>
</contour>
<contour name="Process 4092" class="PointContour" color="#e68fc8" visible="true">
<created>Sat Nov 20 12:02:03 EST 2010</created>
<edited>Sat Nov 20 12:02:03 EST 2010</edited>
<value><point x="9631" y="11887"/></value>
<metadata author="">

</metadata>
</contour>
<contour name="Process 4092" class="PointContour" color="#e68fc8" visible="true">
<created>Sat Nov 20 12:06:51 EST 2010</created>
<edited>Sat Nov 20 12:06:51 EST 2010</edited>
<value><point x="9993" y="11751"/></value>
<metadata author="">

</metadata>
</contour>
<contour name="Process 4092" class="PointContour" color="#e68fc8" visible="true">
<created>Sat Nov 20 12:12:03 EST 2010</created>
<edited>Sat Nov 20 12:12:03 EST 2010</edited>
<value><point x="9975" y="11537"/></value>
<metadata author="">

</metadata>
</contour>
<contour name="Process 4092" class="PointContour" color="#e68fc8" visible="true">
<created>Sat Nov 20 12:13:12 EST 2010</created>
<edited>Sat Nov 20 12:13:12 EST 2010</edited>
<value><point x="9969" y="12691"/></value>
<metadata author="">

</metadata>
</contour>
<contour name="Process 4093" class="PointContour" color="#4d5173" visible="true">
<created>Sat Nov 20 12:16:52 EST 2010</created>
<edited>Sat Nov 20 12:16:52 EST 2010</edited>
<value><point x="9501" y="12091"/></value>
<metadata author="">

</metadata>
</contour>
<contour name="Process 4094" class="PointContour" color="#01db57" visible="true">
<created>Sat Nov 20 12:19:40 EST 2010</created>
<edited>Sat Nov 20 12:19:40 EST 2010</edited>
<value><point x="9389" y="11927"/></value>
<metadata author="">

</metadata>
</contour>
<contour name="Process 4095" class="PointContour" color="#5ab860" visible="true">
<created>Sat Nov 20 12:25:20 EST 2010</created>
<edited>Sat Nov 20 12:25:20 EST 2010</edited>
<value><point x="9689" y="12103"/></value>
<metadata author="">

</metadata>
</contour>
<contour name="Process 4097" class="PointContour" color="#dd7443" visible="true">
<created>Sat Nov 20 12:27:28 EST 2010</created>
<edited>Sat Nov 20 12:27:28 EST 2010</edited>
<value><point x="9523" y="11769"/></value>
<metadata author="">

</metadata>
</contour>
<contour name="Process 4099" class="PointContour" color="#58a3f4" visible="true">
<created>Sat Nov 20 12:29:46 EST 2010</created>
<edited>Sat Nov 20 12:29:46 EST 2010</edited>
<value><point x="9783" y="12241"/></value>
<metadata author="">

</metadata>
</contour>
<contour name="Process 4101" class="PointContour" color="#6282a8" visible="true">
<created>Sat Nov 20 12:33:51 EST 2010</created>
<edited>Sat Nov 20 12:33:51 EST 2010</edited>
<value><point x="9687" y="12277"/></value>
<metadata author="">

</metadata>
</contour>
<contour name="Process 4102" class="PointContour" color="#12d4e2" visible="true">
<created>Sat Nov 20 12:34:56 EST 2010</created>
<edited>Sat Nov 20 12:34:56 EST 2010</edited>
<value><point x="10257" y="12399"/></value>
<metadata author="">

</metadata>
</contour>
<contour name="Process 4103" class="PointContour" color="#71172e" visible="true">
<created>Sat Nov 20 12:36:09 EST 2010</created>
<edited>Sat Nov 20 12:36:09 EST 2010</edited>
<value><point x="10081" y="11425"/></value>
<metadata author="">

</metadata>
</contour>
<contour name="Process 4104" class="PointContour" color="#1c08a1" visible="true">
<created>Sat Nov 20 12:37:30 EST 2010</created>
<edited>Sat Nov 20 12:37:30 EST 2010</edited>
<value><point x="10013" y="12049"/></value>
<metadata author="">

</metadata>
</contour>
<contour name="Process 4105" class="PointContour" color="#2831d7" visible="true">
<created>Sat Nov 20 12:38:37 EST 2010</created>
<edited>Sat Nov 20 12:38:37 EST 2010</edited>
<value><point x="10351" y="12139"/></value>
<metadata author="">

</metadata>
</contour>
<contour name="Process 4106" class="PointContour" color="#46b004" visible="true">
<created>Sat Nov 20 12:39:24 EST 2010</created>
<edited>Sat Nov 20 12:39:24 EST 2010</edited>
<value><point x="10585" y="12483"/></value>
<metadata author="">

</metadata>
</contour>
<contour name="Process 4107" class="PointContour" color="#2f09fe" visible="true">
<created>Sat Nov 20 12:40:11 EST 2010</created>
<edited>Sat Nov 20 12:40:11 EST 2010</edited>
<value><point x="10729" y="12069"/></value>
<metadata author="">

</metadata>
</contour>
<contour name="Process 4108" class="PointContour" color="#e616a7" visible="true">
<created>Sat Nov 20 12:41:05 EST 2010</created>
<edited>Sat Nov 20 12:41:05 EST 2010</edited>
<value><point x="10293" y="12093"/></value>
<metadata author="">

</metadata>
</contour>
<contour name="Process 4109" class="PointContour" color="#858f81" visible="true">
<created>Sat Nov 20 12:42:11 EST 2010</created>
<edited>Sat Nov 20 12:42:11 EST 2010</edited>
<value><point x="10605" y="12013"/></value>
<metadata author="">

</metadata>
</contour>
<contour name="Process 4110" class="PointContour" color="#5c0fd7" visible="true">
<created>Sat Nov 20 12:43:03 EST 2010</created>
<edited>Sat Nov 20 12:43:03 EST 2010</edited>
<value><point x="9763" y="12361"/></value>
<metadata author="">

</metadata>
</contour>
<contour name="Process 4110" class="PointContour" color="#5c0fd7" visible="true">
<created>Sat Nov 20 12:46:09 EST 2010</created>
<edited>Sat Nov 20 12:46:09 EST 2010</edited>
<value><point x="9953" y="11921"/></value>
<metadata author="">

</metadata>
</contour>
<contour name="Process 4111" class="PointContour" color="#a31038" visible="true">
<created>Sat Nov 20 12:47:41 EST 2010</created>
<edited>Sat Nov 20 12:47:41 EST 2010</edited>
<value><point x="9751" y="12113"/></value>
<metadata author="">

</metadata>
</contour>
<contour name="Process 4112" class="PointContour" color="#0a7a4a" visible="true">
<created>Sat Nov 20 12:48:54 EST 2010</created>
<edited>Sat Nov 20 12:48:54 EST 2010</edited>
<value><point x="9959" y="12499"/></value>
<metadata author="">

</metadata>
</contour>
<contour name="Process 4113" class="PointContour" color="#ab415c" visible="true">
<created>Sat Nov 20 12:51:00 EST 2010</created>
<edited>Sat Nov 20 12:51:00 EST 2010</edited>
<value><point x="9083" y="12127"/></value>
<metadata author="">

</metadata>
</contour>
<contour name="Process 4113" class="PointContour" color="#ab415c" visible="true">
<created>Sat Nov 20 12:53:54 EST 2010</created>
<edited>Sat Nov 20 12:53:54 EST 2010</edited>
<value><point x="9277" y="12445"/></value>
<metadata author="">

</metadata>
</contour>
<contour name="Process 4113" class="PointContour" color="#ab415c" visible="true">
<created>Sat Nov 20 12:54:08 EST 2010</created>
<edited>Sat Nov 20 12:54:08 EST 2010</edited>
<value><point x="9341" y="12161"/></value>
<metadata author="">

</metadata>
</contour>
<contour name="Process 4115" class="PointContour" color="#dd68ce" visible="true">
<created>Sat Nov 20 12:55:05 EST 2010</created>
<edited>Sat Nov 20 12:55:05 EST 2010</edited>
<value><point x="9203" y="12301"/></value>
<metadata author="">

</metadata>
</contour>
<contour name="Process 4116" class="PointContour" color="#ea738f" visible="true">
<created>Sat Nov 20 13:00:58 EST 2010</created>
<edited>Sat Nov 20 13:00:58 EST 2010</edited>
<value><point x="9153" y="12071"/></value>
<metadata author="">

</metadata>
</contour>
<contour name="Process 4117" class="PointContour" color="#aec527" visible="true">
<created>Sat Nov 20 13:02:17 EST 2010</created>
<edited>Sat Nov 20 13:02:17 EST 2010</edited>
<value><point x="9119" y="12487"/></value>
<metadata author="">

</metadata>
</contour>
<contour name="Process 4118" class="PointContour" color="#e94d3e" visible="true">
<created>Sat Nov 20 13:03:01 EST 2010</created>
<edited>Sat Nov 20 13:03:01 EST 2010</edited>
<value><point x="9275" y="12351"/></value>
<metadata author="">

</metadata>
</contour>
<contour name="Process 4119" class="PointContour" color="#cb4965" visible="true">
<created>Sat Nov 20 13:03:57 EST 2010</created>
<edited>Sat Nov 20 13:03:57 EST 2010</edited>
<value><point x="8895" y="12609"/></value>
<metadata author="">

</metadata>
</contour>
<contour name="Process 4122" class="PointContour" color="#b84602" visible="true">
<created>Sat Nov 20 13:06:07 EST 2010</created>
<edited>Sat Nov 20 13:06:07 EST 2010</edited>
<value><point x="9199" y="11899"/></value>
<metadata author="">

</metadata>
</contour>
<contour name="Process 4122" class="PointContour" color="#b84602" visible="true">
<created>Sat Nov 20 13:06:25 EST 2010</created>
<edited>Sat Nov 20 13:06:25 EST 2010</edited>
<value><point x="9309" y="11075"/></value>
<metadata author="">

</metadata>
</contour>
<contour name="Process 4124" class="PointContour" color="#e5ac90" visible="true">
<created>Sat Nov 20 13:08:16 EST 2010</created>
<edited>Sat Nov 20 13:08:16 EST 2010</edited>
<value><point x="10233" y="12463"/></value>
<metadata author="">

</metadata>
</contour>
<contour name="Process 4125" class="PointContour" color="#4ce4bd" visible="true">
<created>Sat Nov 20 13:09:19 EST 2010</created>
<edited>Sat Nov 20 13:09:19 EST 2010</edited>
<value><point x="10817" y="12431"/></value>
<metadata author="">

</metadata>
</contour>
<contour name="Process 4128" class="PointContour" color="#f12035" visible="true">
<created>Sat Nov 20 13:10:32 EST 2010</created>
<edited>Sat Nov 20 13:10:32 EST 2010</edited>
<value><point x="10817" y="11341"/></value>
<metadata author="">

</metadata>
</contour>
<contour name="Process 4129" class="PointContour" color="#5c8a11" visible="true">
<created>Sat Nov 20 13:12:30 EST 2010</created>
<edited>Sat Nov 20 13:12:30 EST 2010</edited>
<value><point x="10019" y="12611"/></value>
<metadata author="">

</metadata>
</contour>
<contour name="Process 4130" class="PointContour" color="#0b7541" visible="true">
<created>Sat Nov 20 13:13:25 EST 2010</created>
<edited>Sat Nov 20 13:13:25 EST 2010</edited>
<value><point x="10823" y="12521"/></value>
<metadata author="">

</metadata>
</contour>
<contour name="Process 4133" class="PointContour" color="#c6c85f" visible="true">
<created>Sat Nov 20 13:15:22 EST 2010</created>
<edited>Sat Nov 20 13:15:22 EST 2010</edited>
<value><point x="10549" y="12381"/></value>
<metadata author="">

</metadata>
</contour>
<contour name="Process 4133" class="PointContour" color="#c6c85f" visible="true">
<created>Sat Nov 20 13:15:48 EST 2010</created>
<edited>Sat Nov 20 13:15:48 EST 2010</edited>
<value><point x="10381" y="12003"/></value>
<metadata author="">

</metadata>
</contour>
<contour name="Process 4134" class="PointContour" color="#4b88bc" visible="true">
<created>Sat Nov 20 13:16:28 EST 2010</created>
<edited>Sat Nov 20 13:16:28 EST 2010</edited>
<value><point x="10189" y="12545"/></value>
<metadata author="">

</metadata>
</contour>
<contour name="Process 4137" class="PointContour" color="#d6e049" visible="true">
<created>Sat Nov 20 13:18:29 EST 2010</created>
<edited>Sat Nov 20 13:18:29 EST 2010</edited>
<value><point x="9491" y="12033"/></value>
<metadata author="">

</metadata>
</contour>
<contour name="Process 4138" class="PointContour" color="#ce1255" visible="true">
<created>Sat Nov 20 13:19:40 EST 2010</created>
<edited>Sat Nov 20 13:19:40 EST 2010</edited>
<value><point x="9787" y="12499"/></value>
<metadata author="">

</metadata>
</contour>
<contour name="Process 4139" class="PointContour" color="#d05b49" visible="true">
<created>Sat Nov 20 13:20:55 EST 2010</created>
<edited>Sat Nov 20 13:20:55 EST 2010</edited>
<value><point x="8985" y="12011"/></value>
<metadata author="">

</metadata>
</contour>
<contour name="Process 4141" class="PointContour" color="#534af5" visible="true">
<created>Sat Nov 20 13:22:04 EST 2010</created>
<edited>Sat Nov 20 13:22:04 EST 2010</edited>
<value><point x="10249" y="12527"/></value>
<metadata author="">

</metadata>
</contour>
<contour name="Process 4142" class="PointContour" color="#f1b149" visible="true">
<created>Sat Nov 20 13:23:50 EST 2010</created>
<edited>Sat Nov 20 13:23:50 EST 2010</edited>
<value><point x="9841" y="12643"/></value>
<metadata author="">

</metadata>
</contour>
<contour name="Process 4143" class="PointContour" color="#9079c9" visible="true">
<created>Sat Nov 20 13:25:14 EST 2010</created>
<edited>Sat Nov 20 13:25:14 EST 2010</edited>
<value><point x="10803" y="12183"/></value>
<metadata author="">

</metadata>
</contour>
<contour name="Process 4143" class="PointContour" color="#9079c9" visible="true">
<created>Sat Nov 20 13:26:14 EST 2010</created>
<edited>Sat Nov 20 13:26:14 EST 2010</edited>
<value><point x="10741" y="11817"/></value>
<metadata author="">

</metadata>
</contour>
<contour name="Process 4147" class="PointContour" color="#66df61" visible="true">
<created>Sat Nov 20 13:28:52 EST 2010</created>
<edited>Sat Nov 20 13:28:52 EST 2010</edited>
<value><point x="10797" y="12359"/></value>
<metadata author="">

</metadata>
</contour>
<contour name="Process 4149" class="PointContour" color="#0ece2e" visible="true">
<created>Sat Nov 20 13:30:03 EST 2010</created>
<edited>Sat Nov 20 13:30:03 EST 2010</edited>
<value><point x="9753" y="12573"/></value>
<metadata author="">

</metadata>
</contour>
<contour name="Process 4150" class="PointContour" color="#24fd33" visible="true">
<created>Sat Nov 20 13:33:35 EST 2010</created>
<edited>Sat Nov 20 13:33:35 EST 2010</edited>
<value><point x="10577" y="11867"/></value>
<metadata author="">

</metadata>
</contour>
<contour name="Process 4151" class="PointContour" color="#31404b" visible="true">
<created>Sat Nov 20 13:35:10 EST 2010</created>
<edited>Sat Nov 20 13:35:10 EST 2010</edited>
<value><point x="8985" y="11923"/></value>
<metadata author="">

</metadata>
</contour>
<contour name="Process 4158" class="PointContour" color="#e9bb5e" visible="true">
<created>Sat Nov 20 14:04:07 EST 2010</created>
<edited>Sat Nov 20 14:04:07 EST 2010</edited>
<value><point x="10741" y="11503"/></value>
<metadata author="">

</metadata>
</contour>
<contour name="Process 4161" class="PointContour" color="#09d77d" visible="true">
<created>Sat Nov 20 14:05:41 EST 2010</created>
<edited>Sat Nov 20 14:05:41 EST 2010</edited>
<value><point x="10779" y="11249"/></value>
<metadata author="">

</metadata>
</contour>
<contour name="Process 4167" class="PointContour" color="#050900" visible="true">
<created>Sat Nov 20 14:08:57 EST 2010</created>
<edited>Sat Nov 20 14:08:57 EST 2010</edited>
<value><point x="9859" y="11819"/></value>
<metadata author="">

</metadata>
</contour>
<contour name="Process 4167" class="PointContour" color="#050900" visible="true">
<created>Sat Nov 20 14:17:47 EST 2010</created>
<edited>Sat Nov 20 14:17:47 EST 2010</edited>
<value><point x="10555" y="12137"/></value>
<metadata author="">

</metadata>
</contour>
<contour name="Process 4167" class="PointContour" color="#050900" visible="true">
<created>Sat Nov 20 14:18:28 EST 2010</created>
<edited>Sat Nov 20 14:18:28 EST 2010</edited>
<value><point x="10755" y="12033"/></value>
<metadata author="">

</metadata>
</contour>
<contour name="Process 4167" class="PointContour" color="#050900" visible="true">
<created>Sat Nov 20 14:19:08 EST 2010</created>
<edited>Sat Nov 20 14:19:08 EST 2010</edited>
<value><point x="10545" y="12289"/></value>
<metadata author="">

</metadata>
</contour>
<contour name="Process 4167" class="PointContour" color="#050900" visible="true">
<created>Sat Nov 20 14:19:35 EST 2010</created>
<edited>Sat Nov 20 14:19:35 EST 2010</edited>
<value><point x="10703" y="12349"/></value>
<metadata author="">

</metadata>
</contour>
<contour name="Process 4167" class="PointContour" color="#050900" visible="true">
<created>Sat Nov 20 14:22:17 EST 2010</created>
<edited>Sat Nov 20 14:22:17 EST 2010</edited>
<value><point x="10099" y="11521"/></value>
<metadata author="">

</metadata>
</contour>
<contour name="Process 4169" class="PointContour" color="#00a594" visible="true">
<created>Sat Nov 20 14:27:05 EST 2010</created>
<edited>Sat Nov 20 14:27:05 EST 2010</edited>
<value><point x="9523" y="11359"/></value>
<metadata author="">

</metadata>
</contour>
<contour name="Process 4170" class="PointContour" color="#d96733" visible="true">
<created>Sat Nov 20 14:28:31 EST 2010</created>
<edited>Sat Nov 20 14:28:31 EST 2010</edited>
<value><point x="10571" y="12049"/></value>
<metadata author="">

</metadata>
</contour>
<contour name="Process 4179" class="PointContour" color="#776608" visible="true">
<created>Sat Nov 20 14:36:54 EST 2010</created>
<edited>Sat Nov 20 14:36:54 EST 2010</edited>
<value><point x="9691" y="11765"/></value>
<metadata author="">

</metadata>
</contour>
<contour name="Process 4179" class="PointContour" color="#776608" visible="true">
<created>Sat Nov 20 14:38:12 EST 2010</created>
<edited>Sat Nov 20 14:38:12 EST 2010</edited>
<value><point x="9069" y="11393"/></value>
<metadata author="">

</metadata>
</contour>
<contour name="Process 4181" class="PointContour" color="#333089" visible="true">
<created>Sat Nov 20 14:41:47 EST 2010</created>
<edited>Sat Nov 20 14:41:47 EST 2010</edited>
<value><point x="10613" y="12343"/></value>
<metadata author="">

</metadata>
</contour>
<contour name="Process 4182" class="PointContour" color="#42999b" visible="true">
<created>Sat Nov 20 14:43:16 EST 2010</created>
<edited>Sat Nov 20 14:43:16 EST 2010</edited>
<value><point x="9841" y="11629"/></value>
<metadata author="">

</metadata>
</contour>
<contour name="Process 4184" class="PointContour" color="#07900f" visible="true">
<created>Sat Nov 20 14:58:04 EST 2010</created>
<edited>Sat Nov 20 14:58:04 EST 2010</edited>
<value><point x="10043" y="12197"/></value>
<metadata author="">

</metadata>
</contour>
<contour name="Process 4184" class="PointContour" color="#07900f" visible="true">
<created>Sat Nov 20 14:58:41 EST 2010</created>
<edited>Sat Nov 20 14:58:41 EST 2010</edited>
<value><point x="9733" y="12205"/></value>
<metadata author="">

</metadata>
</contour>
<contour name="Process 4185" class="PointContour" color="#27d825" visible="true">
<created>Sat Nov 20 15:00:58 EST 2010</created>
<edited>Sat Nov 20 15:00:58 EST 2010</edited>
<value><point x="8989" y="12431"/></value>
<metadata author="">

</metadata>
</contour>
<contour name="Process 4185" class="PointContour" color="#27d825" visible="true">
<created>Sat Nov 20 15:01:19 EST 2010</created>
<edited>Sat Nov 20 15:01:19 EST 2010</edited>
<value><point x="9137" y="12021"/></value>
<metadata author="">

</metadata>
</contour>
<contour name="Process 4185" class="PointContour" color="#27d825" visible="true">
<created>Sat Nov 20 15:03:34 EST 2010</created>
<edited>Sat Nov 20 15:03:34 EST 2010</edited>
<value><point x="9593" y="12735"/></value>
<metadata author="">

</metadata>
</contour>
<contour name="Process 4188" class="PointContour" color="#a89fca" visible="true">
<created>Sat Nov 20 15:11:43 EST 2010</created>
<edited>Sat Nov 20 15:11:43 EST 2010</edited>
<value><point x="9297" y="12673"/></value>
<metadata author="">

</metadata>
</contour>
<contour name="Process 4188" class="PointContour" color="#a89fca" visible="true">
<created>Sat Nov 20 15:12:11 EST 2010</created>
<edited>Sat Nov 20 15:12:11 EST 2010</edited>
<value><point x="8803" y="12101"/></value>
<metadata author="">

</metadata>
</contour>
<contour name="Process 4190" class="PointContour" color="#096335" visible="true">
<created>Sat Nov 20 15:13:31 EST 2010</created>
<edited>Sat Nov 20 15:13:31 EST 2010</edited>
<value><point x="10135" y="12621"/></value>
<metadata author="">

</metadata>
</contour>
<contour name="Process 4190" class="PointContour" color="#096335" visible="true">
<created>Sat Nov 20 15:14:00 EST 2010</created>
<edited>Sat Nov 20 15:14:00 EST 2010</edited>
<value><point x="10677" y="12537"/></value>
<metadata author="">

</metadata>
</contour>
<contour name="Process 4193" class="PointContour" color="#7c7ed4" visible="true">
<created>Sat Nov 20 15:18:52 EST 2010</created>
<edited>Sat Nov 20 15:18:52 EST 2010</edited>
<value><point x="9435" y="12433"/></value>
<metadata author="">

</metadata>
</contour>
<contour name="Process 4193" class="PointContour" color="#7c7ed4" visible="true">
<created>Sat Nov 20 15:19:05 EST 2010</created>
<edited>Sat Nov 20 15:19:05 EST 2010</edited>
<value><point x="9397" y="12733"/></value>
<metadata author="">

</metadata>
</contour>
<contour name="Process 4195" class="PointContour" color="#6c1570" visible="true">
<created>Sat Nov 20 16:00:53 EST 2010</created>
<edited>Sat Nov 20 16:00:53 EST 2010</edited>
<value><point x="10073" y="12371"/></value>
<metadata author="">

</metadata>
</contour>
<contour name="Process 4196" class="PointContour" color="#2681ac" visible="true">
<created>Sat Nov 20 16:03:35 EST 2010</created>
<edited>Sat Nov 20 16:03:35 EST 2010</edited>
<value><point x="10001" y="12339"/></value>
<metadata author="">

</metadata>
</contour>
<contour name="Process 4200" class="PointContour" color="#35c6ee" visible="true">
<created>Sat Nov 20 16:12:46 EST 2010</created>
<edited>Sat Nov 20 16:12:46 EST 2010</edited>
<value><point x="9315" y="12329"/></value>
<metadata author="">

</metadata>
</contour>
<contour name="Process 4201" class="PointContour" color="#952bed" visible="true">
<created>Sat Nov 20 16:13:17 EST 2010</created>
<edited>Sat Nov 20 16:13:17 EST 2010</edited>
<value><point x="10239" y="12627"/></value>
<metadata author="">

</metadata>
</contour>
<contour name="Process 4205" class="PointContour" color="#ef2941" visible="true">
<created>Sat Nov 20 16:23:19 EST 2010</created>
<edited>Sat Nov 20 16:23:19 EST 2010</edited>
<value><point x="8875" y="11275"/></value>
<metadata author="">

</metadata>
</contour>
<contour name="Process 4207" class="PointContour" color="#32b221" visible="true">
<created>Sat Nov 20 16:25:45 EST 2010</created>
<edited>Sat Nov 20 16:25:45 EST 2010</edited>
<value><point x="8847" y="12069"/></value>
<metadata author="">

</metadata>
</contour>
<contour name="Process 4211" class="PointContour" color="#5d0dce" visible="true">
<created>Sat Nov 20 16:30:40 EST 2010</created>
<edited>Sat Nov 20 16:30:40 EST 2010</edited>
<value><point x="9569" y="12553"/></value>
<metadata author="">

</metadata>
</contour>
<contour name="Process 4211" class="PointContour" color="#5d0dce" visible="true">
<created>Sat Nov 20 16:32:02 EST 2010</created>
<edited>Sat Nov 20 16:32:02 EST 2010</edited>
<value><point x="9443" y="12085"/></value>
<metadata author="">

</metadata>
</contour>
<contour name="Process 4211" class="PointContour" color="#5d0dce" visible="true">
<created>Sat Nov 20 16:32:34 EST 2010</created>
<edited>Sat Nov 20 16:32:34 EST 2010</edited>
<value><point x="9189" y="12049"/></value>
<metadata author="">

</metadata>
</contour>
<contour name="Process 4213" class="PointContour" color="#e6e6be" visible="true">
<created>Sat Nov 20 16:34:14 EST 2010</created>
<edited>Sat Nov 20 16:34:14 EST 2010</edited>
<value><point x="9623" y="12715"/></value>
<metadata author="">

</metadata>
</contour>
<contour name="Process 4214" class="PointContour" color="#4235e8" visible="true">
<created>Sat Nov 20 16:36:40 EST 2010</created>
<edited>Sat Nov 20 16:36:40 EST 2010</edited>
<value><point x="10607" y="12711"/></value>
<metadata author="">

</metadata>
</contour>
<contour name="Process 4215" class="PointContour" color="#e1a878" visible="true">
<created>Sat Nov 20 16:38:00 EST 2010</created>
<edited>Sat Nov 20 16:38:00 EST 2010</edited>
<value><point x="9655" y="11517"/></value>
<metadata author="">

</metadata>
</contour>
<contour name="Process 4216" class="PointContour" color="#46bc96" visible="true">
<created>Sat Nov 20 16:40:21 EST 2010</created>
<edited>Sat Nov 20 16:40:21 EST 2010</edited>
<value><point x="8941" y="11843"/></value>
<metadata author="">

</metadata>
</contour>
<contour name="Process 4217" class="PointContour" color="#dea950" visible="true">
<created>Sat Nov 20 16:41:13 EST 2010</created>
<edited>Sat Nov 20 16:41:13 EST 2010</edited>
<value><point x="9281" y="11721"/></value>
<metadata author="">

</metadata>
</contour>
<contour name="Process 4219" class="PointContour" color="#e25baf" visible="true">
<created>Sat Nov 20 16:52:14 EST 2010</created>
<edited>Sat Nov 20 16:52:14 EST 2010</edited>
<value><point x="10681" y="11899"/></value>
<metadata author="">

</metadata>
</contour>
<contour name="Process 4219" class="PointContour" color="#e25baf" visible="true">
<created>Sat Nov 20 16:52:52 EST 2010</created>
<edited>Sat Nov 20 16:52:52 EST 2010</edited>
<value><point x="10027" y="12503"/></value>
<metadata author="">

</metadata>
</contour>
<contour name="Process 4219" class="PointContour" color="#e25baf" visible="true">
<created>Sat Nov 20 16:53:11 EST 2010</created>
<edited>Sat Nov 20 16:53:11 EST 2010</edited>
<value><point x="9751" y="12723"/></value>
<metadata author="">

</metadata>
</contour>
<contour name="Process 4220" class="PointContour" color="#a64c3d" visible="true">
<created>Sat Nov 20 16:54:53 EST 2010</created>
<edited>Sat Nov 20 16:54:53 EST 2010</edited>
<value><point x="9469" y="11801"/></value>
<metadata author="">

</metadata>
</contour>
<contour name="Process 4220" class="PointContour" color="#a64c3d" visible="true">
<created>Sat Nov 20 16:55:12 EST 2010</created>
<edited>Sat Nov 20 16:55:12 EST 2010</edited>
<value><point x="9485" y="11441"/></value>
<metadata author="">

</metadata>
</contour>
<contour name="Process 4220" class="PointContour" color="#a64c3d" visible="true">
<created>Sat Nov 20 16:55:26 EST 2010</created>
<edited>Sat Nov 20 16:55:26 EST 2010</edited>
<value><point x="9219" y="11027"/></value>
<metadata author="">

</metadata>
</contour>
<contour name="Process 4221" class="PointContour" color="#8a5f51" visible="true">
<created>Sat Nov 20 16:56:43 EST 2010</created>
<edited>Sat Nov 20 16:56:43 EST 2010</edited>
<value><point x="9155" y="11651"/></value>
<metadata author="">

</metadata>
</contour>
<contour name="Process 4222" class="PointContour" color="#608147" visible="true">
<created>Sat Nov 20 16:59:47 EST 2010</created>
<edited>Sat Nov 20 16:59:47 EST 2010</edited>
<value><point x="9419" y="11717"/></value>
<metadata author="">

</metadata>
</contour>
<contour name="Process 4225" class="PointContour" color="#bd412f" visible="true">
<created>Sat Nov 20 17:07:09 EST 2010</created>
<edited>Sat Nov 20 17:07:09 EST 2010</edited>
<value><point x="8929" y="11085"/></value>
<metadata author="">

</metadata>
</contour>
<contour name="Process 4226" class="PointContour" color="#a86615" visible="true">
<created>Sat Nov 20 17:09:43 EST 2010</created>
<edited>Sat Nov 20 17:09:43 EST 2010</edited>
<value><point x="8819" y="11399"/></value>
<metadata author="">

</metadata>
</contour>
<contour name="Process 4227" class="PointContour" color="#d97217" visible="true">
<created>Sat Nov 20 17:10:04 EST 2010</created>
<edited>Sat Nov 20 17:10:04 EST 2010</edited>
<value><point x="10351" y="12571"/></value>
<metadata author="">

</metadata>
</contour>
<contour name="Process 4228" class="PointContour" color="#659166" visible="true">
<created>Sat Nov 20 17:12:07 EST 2010</created>
<edited>Sat Nov 20 17:12:07 EST 2010</edited>
<value><point x="10287" y="12453"/></value>
<metadata author="">

</metadata>
</contour>
<contour name="Process 4229" class="PointContour" color="#c04326" visible="true">
<created>Sat Nov 20 17:16:14 EST 2010</created>
<edited>Sat Nov 20 17:16:14 EST 2010</edited>
<value><point x="10351" y="12189"/></value>
<metadata author="">

</metadata>
</contour>
<contour name="Process 4229" class="PointContour" color="#c04326" visible="true">
<created>Sat Nov 20 17:16:19 EST 2010</created>
<edited>Sat Nov 20 17:16:19 EST 2010</edited>
<value><point x="10535" y="12203"/></value>
<metadata author="">

</metadata>
</contour>
<contour name="Process 4230" class="PointContour" color="#86fa64" visible="true">
<created>Sat Nov 20 17:22:30 EST 2010</created>
<edited>Sat Nov 20 17:22:30 EST 2010</edited>
<value><point x="9529" y="11535"/></value>
<metadata author="">

</metadata>
</contour>
<contour name="Process 4232" class="PointContour" color="#7ad306" visible="true">
<created>Sat Nov 20 17:35:38 EST 2010</created>
<edited>Sat Nov 20 17:35:38 EST 2010</edited>
<value><point x="8889" y="12707"/></value>
<metadata author="">

</metadata>
</contour>
<contour name="Process 4233" class="PointContour" color="#924771" visible="true">
<created>Sat Nov 20 17:37:49 EST 2010</created>
<edited>Sat Nov 20 17:37:49 EST 2010</edited>
<value><point x="8815" y="11761"/></value>
<metadata author="">

</metadata>
</contour>
<contour name="Process 4234" class="PointContour" color="#2f3227" visible="true">
<created>Sat Nov 20 17:40:27 EST 2010</created>
<edited>Sat Nov 20 17:40:27 EST 2010</edited>
<value><point x="9073" y="12171"/></value>
<metadata author="">

</metadata>
</contour>
<contour name="Process 4235" class="PointContour" color="#dbdd91" visible="true">
<created>Sat Nov 20 17:41:59 EST 2010</created>
<edited>Sat Nov 20 17:41:59 EST 2010</edited>
<value><point x="8915" y="11743"/></value>
<metadata author="">

</metadata>
</contour>
<contour name="Process 4236" class="PointContour" color="#4cb636" visible="true">
<created>Sat Nov 20 17:45:10 EST 2010</created>
<edited>Sat Nov 20 17:45:10 EST 2010</edited>
<value><point x="10443" y="11713"/></value>
<metadata author="">

</metadata>
</contour>
<contour name="Process 4237" class="PointContour" color="#9a0162" visible="true">
<created>Sat Nov 20 17:50:03 EST 2010</created>
<edited>Sat Nov 20 17:50:03 EST 2010</edited>
<value><point x="9003" y="10911"/></value>
<metadata author="">

</metadata>
</contour>
<contour name="Process 4237" class="PointContour" color="#9a0162" visible="true">
<created>Sat Nov 20 17:50:39 EST 2010</created>
<edited>Sat Nov 20 17:50:39 EST 2010</edited>
<value><point x="10427" y="12381"/></value>
<metadata author="">

</metadata>
</contour>
<contour name="Process 4238" class="PointContour" color="#8c914e" visible="true">
<created>Sat Nov 20 17:51:46 EST 2010</created>
<edited>Sat Nov 20 17:51:46 EST 2010</edited>
<value><point x="10761" y="11573"/></value>
<metadata author="">

</metadata>
</contour>
<contour name="Process 4241" class="PointContour" color="#dcb611" visible="true">
<created>Sat Nov 20 17:58:01 EST 2010</created>
<edited>Sat Nov 20 17:58:01 EST 2010</edited>
<value><point x="9009" y="12171"/></value>
<metadata author="">

</metadata>
</contour>
<contour name="Process 4241" class="PointContour" color="#dcb611" visible="true">
<created>Sat Nov 20 17:58:39 EST 2010</created>
<edited>Sat Nov 20 17:58:39 EST 2010</edited>
<value><point x="9309" y="12569"/></value>
<metadata author="">

</metadata>
</contour>
<contour name="Process 4241" class="PointContour" color="#dcb611" visible="true">
<created>Sat Nov 20 17:59:02 EST 2010</created>
<edited>Sat Nov 20 17:59:02 EST 2010</edited>
<value><point x="9465" y="12683"/></value>
<metadata author="">

</metadata>
</contour>
<contour name="Process 4243" class="PointContour" color="#a36d93" visible="true">
<created>Sat Nov 20 18:13:26 EST 2010</created>
<edited>Sat Nov 20 18:13:26 EST 2010</edited>
<value><point x="10157" y="12289"/></value>
<metadata author="">

</metadata>
</contour>
<contour name="Process 4244" class="PointContour" color="#5e810a" visible="true">
<created>Sat Nov 20 18:17:50 EST 2010</created>
<edited>Sat Nov 20 18:17:50 EST 2010</edited>
<value><point x="9909" y="12475"/></value>
<metadata author="">

</metadata>
</contour>
<contour name="Process 4123" class="PointContour" color="#bc57f7" visible="true">
<created>Sat Nov 20 18:19:34 EST 2010</created>
<edited>Sat Nov 20 18:19:34 EST 2010</edited>
<value><point x="9935" y="12405"/></value>
<metadata author="">

</metadata>
</contour>
<contour name="Process 4246" class="PointContour" color="#a1d865" visible="true">
<created>Sat Nov 20 18:24:58 EST 2010</created>
<edited>Sat Nov 20 18:24:58 EST 2010</edited>
<value><point x="10497" y="11777"/></value>
<metadata author="">

</metadata>
</contour>
<contour name="Process 4249" class="PointContour" color="#5a4e4f" visible="true">
<created>Sat Nov 20 18:30:10 EST 2010</created>
<edited>Sat Nov 20 18:30:10 EST 2010</edited>
<value><point x="9311" y="11341"/></value>
<metadata author="">

</metadata>
</contour>
<contour name="Process 4251" class="PointContour" color="#bab3fd" visible="true">
<created>Sat Nov 20 18:34:53 EST 2010</created>
<edited>Sat Nov 20 18:34:53 EST 2010</edited>
<value><point x="10455" y="11279"/></value>
<metadata author="">

</metadata>
</contour>
<contour name="Process 4251" class="PointContour" color="#bab3fd" visible="true">
<created>Sat Nov 20 18:35:08 EST 2010</created>
<edited>Sat Nov 20 18:35:08 EST 2010</edited>
<value><point x="10029" y="10981"/></value>
<metadata author="">

</metadata>
</contour>
<contour name="Process 4252" class="PointContour" color="#47914c" visible="true">
<created>Sat Nov 20 18:36:17 EST 2010</created>
<edited>Sat Nov 20 18:36:17 EST 2010</edited>
<value><point x="10213" y="11163"/></value>
<metadata author="">

</metadata>
</contour>
<contour name="Process 4253" class="PointContour" color="#bd71d2" visible="true">
<created>Sat Nov 20 18:37:01 EST 2010</created>
<edited>Sat Nov 20 18:37:01 EST 2010</edited>
<value><point x="10163" y="10967"/></value>
<metadata author="">

</metadata>
</contour>
<contour name="Process 4254" class="PointContour" color="#53c75e" visible="true">
<created>Sat Nov 20 18:38:25 EST 2010</created>
<edited>Sat Nov 20 18:38:25 EST 2010</edited>
<value><point x="10167" y="11067"/></value>
<metadata author="">

</metadata>
</contour>
<contour name="Process 4255" class="PointContour" color="#3f33af" visible="true">
<created>Sat Nov 20 18:39:20 EST 2010</created>
<edited>Sat Nov 20 18:39:20 EST 2010</edited>
<value><point x="10095" y="11153"/></value>
<metadata author="">

</metadata>
</contour>
<contour name="Process 4256" class="PointContour" color="#a851bd" visible="true">
<created>Sat Nov 20 18:43:08 EST 2010</created>
<edited>Sat Nov 20 18:43:08 EST 2010</edited>
<value><point x="10009" y="11711"/></value>
<metadata author="">

</metadata>
</contour>
<contour name="Process 4263" class="PointContour" color="#7b9a06" visible="true">
<created>Sat Nov 20 18:54:44 EST 2010</created>
<edited>Sat Nov 20 18:54:44 EST 2010</edited>
<value><point x="8947" y="12283"/></value>
<metadata author="">

</metadata>
</contour>
<contour name="Process 4267" class="PointContour" color="#6dd544" visible="true">
<created>Sat Nov 20 19:23:43 EST 2010</created>
<edited>Sat Nov 20 19:23:43 EST 2010</edited>
<value><point x="9055" y="11433"/></value>
<metadata author="">

</metadata>
</contour>
<contour name="Process 4268" class="PointContour" color="#2df29d" visible="true">
<created>Sat Nov 20 19:25:43 EST 2010</created>
<edited>Sat Nov 20 19:25:43 EST 2010</edited>
<value><point x="9073" y="12569"/></value>
<metadata author="">

</metadata>
</contour>
<contour name="Process 4272" class="PointContour" color="#f5c358" visible="true">
<created>Sat Nov 20 19:35:56 EST 2010</created>
<edited>Sat Nov 20 19:35:56 EST 2010</edited>
<value><point x="10509" y="12753"/></value>
<metadata author="">

</metadata>
</contour>
<contour name="Process 4273" class="PointContour" color="#b52b40" visible="true">
<created>Sat Nov 20 19:37:12 EST 2010</created>
<edited>Sat Nov 20 19:37:12 EST 2010</edited>
<value><point x="9863" y="12547"/></value>
<metadata author="">

</metadata>
</contour>
<contour name="Process 4275" class="PointContour" color="#fd9bbf" visible="true">
<created>Sat Nov 20 19:39:12 EST 2010</created>
<edited>Sat Nov 20 19:39:12 EST 2010</edited>
<value><point x="9099" y="12837"/></value>
<metadata author="">

</metadata>
</contour>
<contour name="Process 4277" class="PointContour" color="#dbc1d9" visible="true">
<created>Sat Nov 20 19:43:44 EST 2010</created>
<edited>Sat Nov 20 19:43:44 EST 2010</edited>
<value><point x="10769" y="11905"/></value>
<metadata author="">

</metadata>
</contour>
<contour name="Process 4281" class="PointContour" color="#23558e" visible="true">
<created>Sat Nov 20 20:47:20 EST 2010</created>
<edited>Sat Nov 20 20:47:20 EST 2010</edited>
<value><point x="10459" y="12803"/></value>
<metadata author="">

</metadata>
</contour>
<contour name="Process 4284" class="PointContour" color="#c5f0e5" visible="true">
<created>Sat Nov 20 20:53:32 EST 2010</created>
<edited>Sat Nov 20 20:53:32 EST 2010</edited>
<value><point x="9481" y="11355"/></value>
<metadata author="">

</metadata>
</contour>
<contour name="Process 4286" class="PointContour" color="#62750a" visible="true">
<created>Sat Nov 20 20:56:31 EST 2010</created>
<edited>Sat Nov 20 20:56:31 EST 2010</edited>
<value><point x="9199" y="12521"/></value>
<metadata author="">

</metadata>
</contour>
<contour name="Process 4287" class="PointContour" color="#38d78a" visible="true">
<created>Sat Nov 20 20:57:41 EST 2010</created>
<edited>Sat Nov 20 20:57:41 EST 2010</edited>
<value><point x="10703" y="12677"/></value>
<metadata author="">

</metadata>
</contour>
<contour name="Process 4288" class="PointContour" color="#6d750a" visible="true">
<created>Sat Nov 20 20:58:46 EST 2010</created>
<edited>Sat Nov 20 20:58:46 EST 2010</edited>
<value><point x="9995" y="12811"/></value>
<metadata author="">

</metadata>
</contour>
<contour name="Process 4102" class="PointContour" color="#12d4e2" visible="true">
<created>Sun Nov 21 21:14:41 EST 2010</created>
<edited>Sun Nov 21 21:14:41 EST 2010</edited>
<value><point x="10403" y="12689"/></value>
<metadata author="">

</metadata>
</contour>
<contour name="Process 4290" class="PointContour" color="#c47cde" visible="true">
<created>Sun Nov 21 21:18:21 EST 2010</created>
<edited>Sun Nov 21 21:18:21 EST 2010</edited>
<value><point x="10747" y="12833"/></value>
<metadata author="">

</metadata>
</contour>
<contour name="Process 4292" class="PointContour" color="#59ca82" visible="true">
<created>Sun Nov 21 21:19:34 EST 2010</created>
<edited>Sun Nov 21 21:19:34 EST 2010</edited>
<value><point x="10707" y="12133"/></value>
<metadata author="">

</metadata>
</contour>
<contour name="Process 4292" class="PointContour" color="#59ca82" visible="true">
<created>Sun Nov 21 21:20:35 EST 2010</created>
<edited>Sun Nov 21 21:20:35 EST 2010</edited>
<value><point x="10123" y="12471"/></value>
<metadata author="">

</metadata>
</contour>
<contour name="Process 4293" class="PointContour" color="#111b2e" visible="true">
<created>Sun Nov 21 21:24:01 EST 2010</created>
<edited>Sun Nov 21 21:24:01 EST 2010</edited>
<value><point x="10153" y="12687"/></value>
<metadata author="">

</metadata>
</contour>
<contour name="Process 4034" class="PointContour" color="#726115" visible="true">
<created>Sun Nov 21 21:30:50 EST 2010</created>
<edited>Sun Nov 21 21:30:50 EST 2010</edited>
<value><point x="10187" y="12177"/></value>
<metadata author="">

</metadata>
</contour>
<contour name="Process 4299" class="PointContour" color="#2b75b8" visible="true">
<created>Sun Nov 21 21:34:02 EST 2010</created>
<edited>Sun Nov 21 21:34:02 EST 2010</edited>
<value><point x="9833" y="11077"/></value>
<metadata author="">

</metadata>
</contour>
<contour name="Process 4300" class="PointContour" color="#397ed6" visible="true">
<created>Sun Nov 21 21:35:54 EST 2010</created>
<edited>Sun Nov 21 21:35:54 EST 2010</edited>
<value><point x="9805" y="11381"/></value>
<metadata author="">

</metadata>
</contour>
<contour name="Process 4301" class="PointContour" color="#578296" visible="true">
<created>Sun Nov 21 21:38:20 EST 2010</created>
<edited>Sun Nov 21 21:38:20 EST 2010</edited>
<value><point x="9441" y="11087"/></value>
<metadata author="">

</metadata>
</contour>
<contour name="Process 4307" class="PointContour" color="#5e5e6a" visible="true">
<created>Sun Nov 21 21:44:08 EST 2010</created>
<edited>Sun Nov 21 21:44:08 EST 2010</edited>
<value><point x="10627" y="11089"/></value>
<metadata author="">

</metadata>
</contour>
<contour name="Process 4310" class="PointContour" color="#48c442" visible="true">
<created>Sun Nov 21 21:47:19 EST 2010</created>
<edited>Sun Nov 21 21:47:19 EST 2010</edited>
<value><point x="9625" y="11183"/></value>
<metadata author="">

</metadata>
</contour>
<contour name="Process 4310" class="PointContour" color="#48c442" visible="true">
<created>Sun Nov 21 21:49:18 EST 2010</created>
<edited>Sun Nov 21 21:49:18 EST 2010</edited>
<value><point x="9047" y="12035"/></value>
<metadata author="">

</metadata>
</contour>
<contour name="Process 4310" class="PointContour" color="#48c442" visible="true">
<created>Sun Nov 21 21:52:52 EST 2010</created>
<edited>Sun Nov 21 21:52:52 EST 2010</edited>
<value><point x="8885" y="11547"/></value>
<metadata author="">

</metadata>
</contour>
<contour name="Process 4313" class="PointContour" color="#555025" visible="true">
<created>Sun Nov 21 23:04:39 EST 2010</created>
<edited>Sun Nov 21 23:04:39 EST 2010</edited>
<value><point x="8987" y="11093"/></value>
<metadata author="">

</metadata>
</contour>
<contour name="Process 4314" class="PointContour" color="#a99b51" visible="true">
<created>Mon Nov 22 00:48:38 EST 2010</created>
<edited>Mon Nov 22 00:48:38 EST 2010</edited>
<value><point x="8899" y="11145"/></value>
<metadata author="">

</metadata>
</contour>
<contour name="Process 4315" class="PointContour" color="#0aa1c1" visible="true">
<created>Mon Nov 22 00:49:38 EST 2010</created>
<edited>Mon Nov 22 00:49:38 EST 2010</edited>
<value><point x="8843" y="11067"/></value>
<metadata author="">

</metadata>
</contour>
<contour name="Process 4316" class="PointContour" color="#1fc020" visible="true">
<created>Mon Nov 22 00:49:58 EST 2010</created>
<edited>Mon Nov 22 00:49:58 EST 2010</edited>
<value><point x="8821" y="11125"/></value>
<metadata author="">

</metadata>
</contour>
<contour name="Process 4317" class="PointContour" color="#0645b0" visible="true">
<created>Mon Nov 22 00:51:23 EST 2010</created>
<edited>Mon Nov 22 00:51:23 EST 2010</edited>
<value><point x="10543" y="11241"/></value>
<metadata author="">

</metadata>
</contour>
<contour name="Process 4317" class="PointContour" color="#0645b0" visible="true">
<created>Mon Nov 22 00:51:32 EST 2010</created>
<edited>Mon Nov 22 00:51:32 EST 2010</edited>
<value><point x="10819" y="11305"/></value>
<metadata author="">

</metadata>
</contour>
<contour name="Process 4318" class="PointContour" color="#930049" visible="true">
<created>Mon Nov 22 00:53:52 EST 2010</created>
<edited>Mon Nov 22 00:53:52 EST 2010</edited>
<value><point x="10677" y="11787"/></value>
<metadata author="">

</metadata>
</contour>
<contour name="Process 4320" class="PointContour" color="#b18f98" visible="true">
<created>Mon Nov 22 01:09:31 EST 2010</created>
<edited>Mon Nov 22 01:09:31 EST 2010</edited>
<value><point x="9807" y="12811"/></value>
<metadata author="">

</metadata>
</contour>
<contour name="Process 4324" class="PointContour" color="#68211f" visible="true">
<created>Mon Nov 22 01:19:50 EST 2010</created>
<edited>Mon Nov 22 01:19:50 EST 2010</edited>
<value><point x="10719" y="12765"/></value>
<metadata author="">

</metadata>
</contour>
<contour name="Process 4026" class="PointContour" color="#5cde64" visible="true">
<created>Mon Mar 07 12:40:40 EST 2011</created>
<edited>Mon Mar 07 12:40:40 EST 2011</edited>
<value><point x="10383" y="12873"/></value>
<metadata author="">

</metadata>
</contour>
<contour name="Process 4326" class="PointContour" color="#575409" visible="true">
<created>Mon Mar 07 12:42:41 EST 2011</created>
<edited>Mon Mar 07 12:42:41 EST 2011</edited>
<value><point x="10825" y="12605"/></value>
<metadata author="">

</metadata>
</contour>
<contour name="Process 4310" class="PointContour" color="#48c442" visible="true">
<created>Mon Mar 07 12:45:07 EST 2011</created>
<edited>Mon Mar 07 12:45:07 EST 2011</edited>
<value><point x="9161" y="11859"/></value>
<metadata author="">

</metadata>
</contour>
<contour name="Process 4328" class="PointContour" color="#d1cfdd" visible="true">
<created>Mon Mar 07 12:46:19 EST 2011</created>
<edited>Mon Mar 07 12:46:19 EST 2011</edited>
<value><point x="10733" y="12583"/></value>
<metadata author="">

</metadata>
</contour>
<contour name="Process 4328" class="PointContour" color="#d1cfdd" visible="true">
<created>Mon Mar 07 12:47:11 EST 2011</created>
<edited>Mon Mar 07 12:47:11 EST 2011</edited>
<value><point x="10551" y="12745"/></value>
<metadata author="">

</metadata>
</contour>
<contour name="Process 4110" class="PointContour" color="#5c0fd7" visible="true">
<created>Mon Mar 07 12:48:12 EST 2011</created>
<edited>Mon Mar 07 12:48:12 EST 2011</edited>
<value><point x="9527" y="12681"/></value>
<metadata author="">

</metadata>
</contour>
<contour name="Process 4329" class="PointContour" color="#d41f2d" visible="true">
<created>Mon Mar 07 12:49:11 EST 2011</created>
<edited>Mon Mar 07 12:49:11 EST 2011</edited>
<value><point x="10401" y="11845"/></value>
<metadata author="">

</metadata>
</contour>
<contour name="Process 4093" class="PointContour" color="#4d5173" visible="true">
<created>Mon Mar 07 12:51:06 EST 2011</created>
<edited>Mon Mar 07 12:51:06 EST 2011</edited>
<value><point x="10121" y="12027"/></value>
<metadata author="">

</metadata>
</contour>
<contour name="Process 4334" class="PointContour" color="#2a1300" visible="true">
<created>Mon Mar 07 13:03:25 EST 2011</created>
<edited>Mon Mar 07 13:03:25 EST 2011</edited>
<value><point x="10795" y="12719"/></value>
<metadata author="">

</metadata>
</contour>
</contours>