<!--Last edited: 2011/03/14 19:51:15-->
<contours>
<contour name="Process 420" class="PointContour" color="#4fe1fe" visible="true">
<created>Wed Nov 24 16:51:24 EST 2010</created>
<edited>Wed Nov 24 16:51:24 EST 2010</edited>
<value><point x="9867" y="17627"/></value>
<metadata author="">

</metadata>
</contour>
<contour name="Process 421" class="PointContour" color="#e61dae" visible="true">
<created>Wed Nov 24 17:06:19 EST 2010</created>
<edited>Wed Nov 24 17:06:19 EST 2010</edited>
<value><point x="9460" y="17359"/></value>
<metadata author="">

</metadata>
</contour>
<contour name="Process 422" class="PointContour" color="#f8e1f2" visible="true">
<created>Wed Nov 24 17:22:46 EST 2010</created>
<edited>Wed Nov 24 17:22:46 EST 2010</edited>
<value><point x="7992" y="17345"/></value>
<metadata author="">

</metadata>
</contour>
<contour name="Process 424" class="PointContour" color="#f4ed50" visible="true">
<created>Wed Nov 24 18:03:39 EST 2010</created>
<edited>Wed Nov 24 18:03:39 EST 2010</edited>
<value><point x="9697" y="17516"/></value>
<metadata author="">

</metadata>
</contour>
<contour name="Process 425" class="PointContour" color="#b3923c" visible="true">
<created>Wed Nov 24 18:58:58 EST 2010</created>
<edited>Wed Nov 24 18:58:58 EST 2010</edited>
<value><point x="8640" y="18078"/></value>
<metadata author="">

</metadata>
</contour>
<contour name="Process 426" class="PointContour" color="#a969fa" visible="true">
<created>Wed Nov 24 19:15:26 EST 2010</created>
<edited>Wed Nov 24 19:15:26 EST 2010</edited>
<value><point x="9425" y="20398"/></value>
<metadata author="">

</metadata>
</contour>
<contour name="Process 427" class="PointContour" color="#2e69d9" visible="true">
<created>Wed Nov 24 19:28:20 EST 2010</created>
<edited>Wed Nov 24 19:28:20 EST 2010</edited>
<value><point x="7399" y="20856"/></value>
<metadata author="">

</metadata>
</contour>
<contour name="Process 428" class="PointContour" color="#fd30e1" visible="true">
<created>Wed Nov 24 19:52:23 EST 2010</created>
<edited>Wed Nov 24 19:52:23 EST 2010</edited>
<value><point x="9854" y="19059"/></value>
<metadata author="">

</metadata>
</contour>
<contour name="Process 431" class="PointContour" color="#a298f6" visible="true">
<created>Wed Nov 24 20:23:13 EST 2010</created>
<edited>Wed Nov 24 20:23:13 EST 2010</edited>
<value><point x="9884" y="20350"/></value>
<metadata author="">

</metadata>
</contour>
<contour name="Process 434" class="PointContour" color="#8a9f56" visible="true">
<created>Thu Nov 25 00:03:27 EST 2010</created>
<edited>Thu Nov 25 00:03:27 EST 2010</edited>
<value><point x="10417" y="17725"/></value>
<metadata author="">

</metadata>
</contour>
<contour name="Process 435" class="PointContour" color="#0430ee" visible="true">
<created>Thu Nov 25 00:13:27 EST 2010</created>
<edited>Thu Nov 25 00:13:27 EST 2010</edited>
<value><point x="10065" y="14563"/></value>
<metadata author="">

</metadata>
</contour>
<contour name="Process 435" class="PointContour" color="#0430ee" visible="true">
<created>Thu Nov 25 00:18:50 EST 2010</created>
<edited>Thu Nov 25 00:18:50 EST 2010</edited>
<value><point x="8568" y="10902"/></value>
<metadata author="">

</metadata>
</contour>
<contour name="Process 435" class="PointContour" color="#0430ee" visible="true">
<created>Thu Nov 25 00:19:52 EST 2010</created>
<edited>Thu Nov 25 00:19:52 EST 2010</edited>
<value><point x="8487" y="9539"/></value>
<metadata author="">

</metadata>
</contour>
<contour name="Process 441" class="PointContour" color="#d89428" visible="true">
<created>Thu Nov 25 14:44:03 EST 2010</created>
<edited>Thu Nov 25 14:44:03 EST 2010</edited>
<value><point x="13344" y="16083"/></value>
<metadata author="">

</metadata>
</contour>
<contour name="Process 443" class="PointContour" color="#a38ff2" visible="true">
<created>Thu Nov 25 19:26:32 EST 2010</created>
<edited>Thu Nov 25 19:26:32 EST 2010</edited>
<value><point x="10219" y="17120"/></value>
<metadata author="">

</metadata>
</contour>
<contour name="Process 449" class="PointContour" color="#697c74" visible="true">
<created>Fri Nov 26 18:02:27 EST 2010</created>
<edited>Fri Nov 26 18:02:27 EST 2010</edited>
<value><point x="11270" y="19340"/></value>
<metadata author="">

</metadata>
</contour>
<contour name="Process 450" class="PointContour" color="#866c5b" visible="true">
<created>Fri Nov 26 21:02:12 EST 2010</created>
<edited>Fri Nov 26 21:02:12 EST 2010</edited>
<value><point x="12331" y="16530"/></value>
<metadata author="">

</metadata>
</contour>
<contour name="Process 451" class="PointContour" color="#bcad85" visible="true">
<created>Fri Nov 26 21:12:24 EST 2010</created>
<edited>Fri Nov 26 21:12:24 EST 2010</edited>
<value><point x="13422" y="14124"/></value>
<metadata author="">

</metadata>
</contour>
<contour name="Process 451" class="PointContour" color="#bcad85" visible="true">
<created>Fri Nov 26 21:12:39 EST 2010</created>
<edited>Fri Nov 26 21:12:39 EST 2010</edited>
<value><point x="13305" y="14255"/></value>
<metadata author="">

</metadata>
</contour>
<contour name="Process 451" class="PointContour" color="#bcad85" visible="true">
<created>Fri Nov 26 21:13:49 EST 2010</created>
<edited>Fri Nov 26 21:13:49 EST 2010</edited>
<value><point x="14691" y="12175"/></value>
<metadata author="">

</metadata>
</contour>
<contour name="Process 455" class="PointContour" color="#d456a5" visible="true">
<created>Sat Nov 27 12:38:13 EST 2010</created>
<edited>Sat Nov 27 12:38:13 EST 2010</edited>
<value><point x="10676" y="19059"/></value>
<metadata author="">

</metadata>
</contour>
<contour name="Process 456" class="PointContour" color="#cbbd91" visible="true">
<created>Sat Nov 27 12:47:38 EST 2010</created>
<edited>Sat Nov 27 12:47:38 EST 2010</edited>
<value><point x="12485" y="18748"/></value>
<metadata author="">

</metadata>
</contour>
<contour name="Process 457" class="PointContour" color="#f8a74f" visible="true">
<created>Sat Nov 27 12:57:54 EST 2010</created>
<edited>Sat Nov 27 12:57:54 EST 2010</edited>
<value><point x="12589" y="19049"/></value>
<metadata author="">

</metadata>
</contour>
<contour name="Process 458" class="PointContour" color="#10a180" visible="true">
<created>Sat Nov 27 13:08:16 EST 2010</created>
<edited>Sat Nov 27 13:08:16 EST 2010</edited>
<value><point x="12167" y="19091"/></value>
<metadata author="">

</metadata>
</contour>
<contour name="Process 459" class="PointContour" color="#15a084" visible="true">
<created>Sat Nov 27 14:12:15 EST 2010</created>
<edited>Sat Nov 27 14:12:15 EST 2010</edited>
<value><point x="11526" y="19548"/></value>
<metadata author="">

</metadata>
</contour>
<contour name="Process 460" class="PointContour" color="#782b43" visible="true">
<created>Fri Dec 03 15:16:15 EST 2010</created>
<edited>Fri Dec 03 15:16:15 EST 2010</edited>
<value><point x="16548" y="16705"/></value>
<metadata author="">

</metadata>
</contour>
<contour name="Process 460" class="PointContour" color="#782b43" visible="true">
<created>Fri Dec 03 15:16:32 EST 2010</created>
<edited>Fri Dec 03 15:16:32 EST 2010</edited>
<value><point x="16959" y="16505"/></value>
<metadata author="">

</metadata>
</contour>
<contour name="Process 465" class="PointContour" color="#ae4a09" visible="true">
<created>Fri Dec 03 23:56:18 EST 2010</created>
<edited>Fri Dec 03 23:56:18 EST 2010</edited>
<value><point x="11829" y="17051"/></value>
<metadata author="">

</metadata>
</contour>
<contour name="Process 466" class="PointContour" color="#722e57" visible="true">
<created>Sat Dec 04 00:05:28 EST 2010</created>
<edited>Sat Dec 04 00:05:28 EST 2010</edited>
<value><point x="10764" y="16597"/></value>
<metadata author="">

</metadata>
</contour>
<contour name="Process 469" class="PointContour" color="#7f3a2b" visible="true">
<created>Sat Dec 04 00:28:53 EST 2010</created>
<edited>Sat Dec 04 00:28:53 EST 2010</edited>
<value><point x="11267" y="20441"/></value>
<metadata author="">

</metadata>
</contour>
<contour name="Process 470" class="PointContour" color="#266149" visible="true">
<created>Sat Dec 04 13:31:49 EST 2010</created>
<edited>Sat Dec 04 13:31:49 EST 2010</edited>
<value><point x="9864" y="17685"/></value>
<metadata author="">

</metadata>
</contour>
<contour name="Process 471" class="PointContour" color="#da4772" visible="true">
<created>Sat Dec 04 13:38:55 EST 2010</created>
<edited>Sat Dec 04 13:38:55 EST 2010</edited>
<value><point x="9047" y="16568"/></value>
<metadata author="">

</metadata>
</contour>
<contour name="Process 473" class="PointContour" color="#811f28" visible="true">
<created>Tue Feb 08 14:01:40 EST 2011</created>
<edited>Tue Feb 08 14:01:40 EST 2011</edited>
<value><point x="13343" y="21203"/></value>
<metadata author="">

</metadata>
</contour>
<contour name="Process 478" class="PointContour" color="#4bab49" visible="true">
<created>Tue Feb 08 15:10:45 EST 2011</created>
<edited>Tue Feb 08 15:10:45 EST 2011</edited>
<value><point x="12782" y="20767"/></value>
<metadata author="">

</metadata>
</contour>
<contour name="Process 480" class="PointContour" color="#ace8dd" visible="true">
<created>Tue Feb 08 15:29:28 EST 2011</created>
<edited>Tue Feb 08 15:29:28 EST 2011</edited>
<value><point x="8722" y="20594"/></value>
<metadata author="">

</metadata>
</contour>
<contour name="Process 480" class="PointContour" color="#ace8dd" visible="true">
<created>Tue Feb 08 15:29:50 EST 2011</created>
<edited>Tue Feb 08 15:29:50 EST 2011</edited>
<value><point x="8165" y="20535"/></value>
<metadata author="">

</metadata>
</contour>
<contour name="Process 481" class="PointContour" color="#51749d" visible="true">
<created>Tue Feb 08 15:52:23 EST 2011</created>
<edited>Tue Feb 08 15:52:23 EST 2011</edited>
<value><point x="11251" y="20174"/></value>
<metadata author="">

</metadata>
</contour>
<contour name="Process 482" class="PointContour" color="#965dda" visible="true">
<created>Tue Feb 08 17:23:19 EST 2011</created>
<edited>Tue Feb 08 17:23:19 EST 2011</edited>
<value><point x="15679" y="22823"/></value>
<metadata author="">

</metadata>
</contour>
<contour name="Process 482" class="PointContour" color="#965dda" visible="true">
<created>Tue Feb 08 17:23:28 EST 2011</created>
<edited>Tue Feb 08 17:23:28 EST 2011</edited>
<value><point x="15848" y="23140"/></value>
<metadata author="">

</metadata>
</contour>
<contour name="Process 488" class="PointContour" color="#e590b3" visible="true">
<created>Wed Feb 09 10:44:42 EST 2011</created>
<edited>Wed Feb 09 10:44:42 EST 2011</edited>
<value><point x="12911" y="20774"/></value>
<metadata author="">

</metadata>
</contour>
<contour name="Process 493" class="PointContour" color="#754904" visible="true">
<created>Wed Feb 09 15:45:39 EST 2011</created>
<edited>Wed Feb 09 15:45:39 EST 2011</edited>
<value><point x="9936" y="21700"/></value>
<metadata author="">

</metadata>
</contour>
<contour name="Process 493" class="PointContour" color="#754904" visible="true">
<created>Wed Feb 09 15:45:56 EST 2011</created>
<edited>Wed Feb 09 15:45:56 EST 2011</edited>
<value><point x="9780" y="21869"/></value>
<metadata author="">

</metadata>
</contour>
<contour name="Process 526" class="PointContour" color="#8d24e6" visible="true">
<created>Fri Feb 11 17:27:41 EST 2011</created>
<edited>Fri Feb 11 17:27:41 EST 2011</edited>
<value><point x="13462" y="19627"/></value>
<metadata author="">

</metadata>
</contour>
<contour name="Trail 527" class="PointContour" color="#453b96" visible="true">
<created>Mon Feb 14 10:53:59 EST 2011</created>
<edited>Mon Feb 14 10:53:59 EST 2011</edited>
<value><point x="14938" y="19341"/></value>
<metadata author="">

</metadata>
</contour>
<contour name="Trail 527" class="PointContour" color="#453b96" visible="true">
<created>Mon Feb 14 11:19:34 EST 2011</created>
<edited>Mon Feb 14 11:19:34 EST 2011</edited>
<value><point x="16234" y="19744"/></value>
<metadata author="">

</metadata>
</contour>
<contour name="Trail 529" class="PointContour" color="#1ca7ed" visible="true">
<created>Mon Feb 14 11:33:43 EST 2011</created>
<edited>Mon Feb 14 11:33:43 EST 2011</edited>
<value><point x="10469" y="18856"/></value>
<metadata author="">

</metadata>
</contour>
<contour name="Trail 530" class="PointContour" color="#d5e631" visible="true">
<created>Mon Feb 14 11:38:49 EST 2011</created>
<edited>Mon Feb 14 11:38:49 EST 2011</edited>
<value><point x="10737" y="19105"/></value>
<metadata author="">

</metadata>
</contour>
<contour name="Trail 532" class="PointContour" color="#fabd81" visible="true">
<created>Mon Feb 14 11:47:01 EST 2011</created>
<edited>Mon Feb 14 11:47:01 EST 2011</edited>
<value><point x="10148" y="19434"/></value>
<metadata author="">

</metadata>
</contour>
<contour name="Trail 534" class="PointContour" color="#001c95" visible="true">
<created>Mon Feb 14 12:10:39 EST 2011</created>
<edited>Mon Feb 14 12:10:39 EST 2011</edited>
<value><point x="12109" y="19018"/></value>
<metadata author="">

</metadata>
</contour>
<contour name="Trail 535" class="PointContour" color="#bcc72b" visible="true">
<created>Mon Feb 14 12:55:32 EST 2011</created>
<edited>Mon Feb 14 12:55:32 EST 2011</edited>
<value><point x="11448" y="19425"/></value>
<metadata author="">

</metadata>
</contour>
<contour name="Trail 65" class="PointContour" color="#e3ff0e" visible="true">
<created>Mon Feb 14 15:24:41 EST 2011</created>
<edited>Mon Feb 14 15:24:41 EST 2011</edited>
<value><point x="11744" y="18281"/></value>
<metadata author="">

</metadata>
</contour>
<contour name="Trail 115" class="PointContour" color="#cbff04" visible="true">
<created>Mon Feb 14 15:34:56 EST 2011</created>
<edited>Mon Feb 14 15:34:56 EST 2011</edited>
<value><point x="13205" y="19499"/></value>
<metadata author="">

</metadata>
</contour>
<contour name="Trail 94" class="PointContour" color="#beff05" visible="true">
<created>Mon Feb 14 15:50:24 EST 2011</created>
<edited>Mon Feb 14 15:50:24 EST 2011</edited>
<value><point x="10338" y="20111"/></value>
<metadata author="">

</metadata>
</contour>
<contour name="Trail 49" class="PointContour" color="#4053cc" visible="true">
<created>Mon Feb 14 15:56:35 EST 2011</created>
<edited>Mon Feb 14 15:56:35 EST 2011</edited>
<value><point x="11348" y="19049"/></value>
<metadata author="">

</metadata>
</contour>
<contour name="Trail 159" class="PointContour" color="#afff08" visible="true">
<created>Mon Feb 14 16:06:28 EST 2011</created>
<edited>Mon Feb 14 16:06:28 EST 2011</edited>
<value><point x="11059" y="18513"/></value>
<metadata author="">

</metadata>
</contour>
<contour name="Trail 26" class="PointContour" color="#c21ebd" visible="true">
<created>Tue Feb 15 11:57:18 EST 2011</created>
<edited>Tue Feb 15 11:57:18 EST 2011</edited>
<value><point x="12100" y="18581"/></value>
<metadata author="">

</metadata>
</contour>
<contour name="Trail 38" class="PointContour" color="#f7edc9" visible="true">
<created>Tue Feb 15 12:01:55 EST 2011</created>
<edited>Tue Feb 15 12:01:55 EST 2011</edited>
<value><point x="12185" y="18357"/></value>
<metadata author="">

</metadata>
</contour>
<contour name="Trail 52" class="PointContour" color="#b10aff" visible="true">
<created>Tue Feb 15 12:17:31 EST 2011</created>
<edited>Tue Feb 15 12:17:31 EST 2011</edited>
<value><point x="12271" y="18432"/></value>
<metadata author="">

</metadata>
</contour>
<contour name="Trail 40" class="PointContour" color="#c4f7b5" visible="true">
<created>Tue Feb 15 12:22:24 EST 2011</created>
<edited>Tue Feb 15 12:22:24 EST 2011</edited>
<value><point x="12100" y="18370"/></value>
<metadata author="">

</metadata>
</contour>
<contour name="Trail 45" class="PointContour" color="#80d2ff" visible="true">
<created>Tue Feb 15 12:29:16 EST 2011</created>
<edited>Tue Feb 15 12:29:16 EST 2011</edited>
<value><point x="11461" y="17819"/></value>
<metadata author="">

</metadata>
</contour>
<contour name="Trail 86" class="PointContour" color="#ff067f" visible="true">
<created>Tue Feb 15 14:17:50 EST 2011</created>
<edited>Tue Feb 15 14:17:50 EST 2011</edited>
<value><point x="12410" y="17382"/></value>
<metadata author="">

</metadata>
</contour>
<contour name="Trail 97" class="PointContour" color="#05ff95" visible="true">
<created>Tue Feb 15 14:48:34 EST 2011</created>
<edited>Tue Feb 15 14:48:34 EST 2011</edited>
<value><point x="7344" y="17103"/></value>
<metadata author="">

</metadata>
</contour>
<contour name="Trail 97" class="PointContour" color="#05ff95" visible="true">
<created>Tue Feb 15 14:49:49 EST 2011</created>
<edited>Tue Feb 15 14:49:49 EST 2011</edited>
<value><point x="4311" y="16105"/></value>
<metadata author="">

</metadata>
</contour>
<contour name="Trail 39" class="PointContour" color="#a4f7f2" visible="true">
<created>Tue Feb 15 14:52:36 EST 2011</created>
<edited>Tue Feb 15 14:52:36 EST 2011</edited>
<value><point x="11018" y="18466"/></value>
<metadata author="">

</metadata>
</contour>
<contour name="Trail 205" class="PointContour" color="#0ddcff" visible="true">
<created>Tue Feb 15 15:02:06 EST 2011</created>
<edited>Tue Feb 15 15:02:06 EST 2011</edited>
<value><point x="11703" y="17236"/></value>
<metadata author="">

</metadata>
</contour>
<contour name="Trail 53" class="PointContour" color="#d507ff" visible="true">
<created>Tue Feb 15 16:23:56 EST 2011</created>
<edited>Tue Feb 15 16:23:56 EST 2011</edited>
<value><point x="12245" y="18878"/></value>
<metadata author="">

</metadata>
</contour>
<contour name="Trail 8" class="PointContour" color="#2d23ff" visible="true">
<created>Thu Feb 17 10:12:31 EST 2011</created>
<edited>Thu Feb 17 10:12:31 EST 2011</edited>
<value><point x="12323" y="18518"/></value>
<metadata author="">

</metadata>
</contour>
<contour name="Trail 15" class="PointContour" color="#46ffdc" visible="true">
<created>Thu Feb 17 10:19:49 EST 2011</created>
<edited>Thu Feb 17 10:19:49 EST 2011</edited>
<value><point x="10347" y="17075"/></value>
<metadata author="">

</metadata>
</contour>
<contour name="Trail 15" class="PointContour" color="#46ffdc" visible="true">
<created>Thu Feb 17 10:54:15 EST 2011</created>
<edited>Thu Feb 17 10:54:15 EST 2011</edited>
<value><point x="10141" y="16743"/></value>
<metadata author="">

</metadata>
</contour>
<contour name="Trail 96" class="PointContour" color="#55ff01" visible="true">
<created>Thu Feb 17 11:15:45 EST 2011</created>
<edited>Thu Feb 17 11:15:45 EST 2011</edited>
<value><point x="9940" y="20588"/></value>
<metadata author="">

</metadata>
</contour>
<contour name="Trail 12" class="PointContour" color="#ffa568" visible="true">
<created>Thu Mar 10 14:16:42 EST 2011</created>
<edited>Thu Mar 10 14:16:42 EST 2011</edited>
<value><point x="13362" y="18967"/></value>
<metadata author="">

</metadata>
</contour>
<contour name="Trail 25" class="PointContour" color="#448fc2" visible="true">
<created>Thu Mar 10 16:51:43 EST 2011</created>
<edited>Thu Mar 10 16:51:43 EST 2011</edited>
<value><point x="11324" y="16941"/></value>
<metadata author="">

</metadata>
</contour>
<contour name="Trail 33" class="PointContour" color="#f70fe0" visible="true">
<created>Sun Mar 13 16:39:49 EDT 2011</created>
<edited>Sun Mar 13 16:39:49 EDT 2011</edited>
<value><point x="12032" y="18257"/></value>
<metadata author="">

</metadata>
</contour>
<contour name="Trail 41" class="PointContour" color="#b2aff7" visible="true">
<created>Sun Mar 13 16:55:44 EDT 2011</created>
<edited>Sun Mar 13 16:55:44 EDT 2011</edited>
<value><point x="11331" y="17800"/></value>
<metadata author="">

</metadata>
</contour>
<contour name="Trail 127" class="PointContour" color="#ff9009" visible="true">
<created>Sun Mar 13 19:11:22 EDT 2011</created>
<edited>Sun Mar 13 19:11:22 EDT 2011</edited>
<value><point x="11911" y="18288"/></value>
<metadata author="">

</metadata>
</contour>
<contour name="Trail 134" class="PointContour" color="#0954ff" visible="true">
<created>Sun Mar 13 19:51:56 EDT 2011</created>
<edited>Sun Mar 13 19:51:56 EDT 2011</edited>
<value><point x="12129" y="15086"/></value>
<metadata author="">

</metadata>
</contour>
<contour name="Trail 134" class="PointContour" color="#0954ff" visible="true">
<created>Sun Mar 13 22:08:47 EDT 2011</created>
<edited>Sun Mar 13 22:08:47 EDT 2011</edited>
<value><point x="13182" y="21973"/></value>
<metadata author="">

</metadata>
</contour>
<contour name="Trail 134" class="PointContour" color="#0954ff" visible="true">
<created>Sun Mar 13 22:09:03 EDT 2011</created>
<edited>Sun Mar 13 22:09:03 EDT 2011</edited>
<value><point x="13127" y="22890"/></value>
<metadata author="">

</metadata>
</contour>
<contour name="Trail 187" class="PointContour" color="#afd2ff" visible="true">
<created>Mon Mar 14 11:50:42 EDT 2011</created>
<edited>Mon Mar 14 11:50:42 EDT 2011</edited>
<value><point x="8022" y="18636"/></value>
<metadata author="">

</metadata>
</contour>
<contour name="Trail 187" class="PointContour" color="#afd2ff" visible="true">
<created>Mon Mar 14 11:51:33 EDT 2011</created>
<edited>Mon Mar 14 11:51:33 EDT 2011</edited>
<value><point x="6545" y="18554"/></value>
<metadata author="">

</metadata>
</contour>
</contours>