<!--Last edited: 2011/03/14 19:51:14-->
<contours>
<contour name="Process 129" class="PointContour" color="#80ff08" visible="true">
<created>Wed Jun 09 12:41:34 EDT 2010</created>
<edited>Wed Jun 09 12:41:34 EDT 2010</edited>
<value><point x="12322" y="17750"/></value>
<metadata author="">

</metadata>
</contour>
<contour name="Process 28" class="PointContour" color="#d1a73a" visible="true">
<created>Thu Jun 03 11:28:17 EDT 2010</created>
<edited>Thu Jun 03 11:28:17 EDT 2010</edited>
<value><point x="12688" y="18582"/></value>
<metadata author="">

</metadata>
</contour>
<contour name="Process 195" class="PointContour" color="#c5ff3c" visible="true">
<created>Thu Jun 10 12:47:44 EDT 2010</created>
<edited>Thu Jun 10 12:47:44 EDT 2010</edited>
<value><point x="11188" y="19218"/></value>
<metadata author="">

</metadata>
</contour>
<contour name="Process 29" class="PointContour" color="#7aff76" visible="true">
<created>Mon Jun 07 15:57:30 EDT 2010</created>
<edited>Mon Jun 07 15:57:30 EDT 2010</edited>
<value><point x="12132" y="18484"/></value>
<metadata author="">

</metadata>
</contour>
<contour name="Process 29" class="PointContour" color="#7aff76" visible="true">
<created>Mon Jun 07 15:06:28 EDT 2010</created>
<edited>Mon Jun 07 15:06:28 EDT 2010</edited>
<value><point x="11306" y="18776"/></value>
<metadata author="">

</metadata>
</contour>
<contour name="Process 62" class="PointContour" color="#ff9c0d" visible="true">
<created>Mon Jun 07 17:32:37 EDT 2010</created>
<edited>Mon Jun 07 17:32:37 EDT 2010</edited>
<value><point x="11110" y="19102"/></value>
<metadata author="">

</metadata>
</contour>
<contour name="Process 16" class="PointContour" color="#ff70a8" visible="true">
<created>Wed Jun 02 17:29:13 EDT 2010</created>
<edited>Wed Jun 02 17:29:13 EDT 2010</edited>
<value><point x="11620" y="18142"/></value>
<metadata author="">

</metadata>
</contour>
<contour name="Process 29" class="PointContour" color="#7aff76" visible="true">
<created>Mon Jun 07 15:06:28 EDT 2010</created>
<edited>Mon Jun 07 15:06:28 EDT 2010</edited>
<value><point x="11422" y="18964"/></value>
<metadata author="">

</metadata>
</contour>
<contour name="Process 104" class="PointContour" color="#df03ff" visible="true">
<created>Tue Jun 08 16:08:54 EDT 2010</created>
<edited>Tue Jun 08 16:08:54 EDT 2010</edited>
<value><point x="12084" y="19016"/></value>
<metadata author="">

</metadata>
</contour>
<contour name="Process 81" class="PointContour" color="#9f09ff" visible="true">
<created>Tue Jun 08 12:55:01 EDT 2010</created>
<edited>Tue Jun 08 12:55:01 EDT 2010</edited>
<value><point x="11604" y="19066"/></value>
<metadata author="">

</metadata>
</contour>
<contour name="Process 18" class="PointContour" color="#ff5cb4" visible="true">
<created>Wed Jun 02 17:48:50 EDT 2010</created>
<edited>Wed Jun 02 17:48:50 EDT 2010</edited>
<value><point x="11758" y="17600"/></value>
<metadata author="">

</metadata>
</contour>
<contour name="Process 78" class="PointContour" color="#0390ff" visible="true">
<created>Tue Jun 08 12:45:29 EDT 2010</created>
<edited>Tue Jun 08 12:45:29 EDT 2010</edited>
<value><point x="12512" y="17592"/></value>
<metadata author="">

</metadata>
</contour>
<contour name="Process 139" class="PointContour" color="#ff6e25" visible="true">
<created>Wed Jun 09 14:55:22 EDT 2010</created>
<edited>Wed Jun 09 14:55:22 EDT 2010</edited>
<value><point x="11260" y="19240"/></value>
<metadata author="">

</metadata>
</contour>
<contour name="Process 78" class="PointContour" color="#0390ff" visible="true">
<created>Tue Jun 08 12:45:29 EDT 2010</created>
<edited>Tue Jun 08 12:45:29 EDT 2010</edited>
<value><point x="12846" y="17742"/></value>
<metadata author="">

</metadata>
</contour>
<contour name="Process 5" class="PointContour" color="#c2ff00" visible="true">
<created>Wed Jun 02 16:32:39 EDT 2010</created>
<edited>Wed Jun 02 16:32:39 EDT 2010</edited>
<value><point x="11984" y="18348"/></value>
<metadata author="">

</metadata>
</contour>
<contour name="Process 29" class="PointContour" color="#7aff76" visible="true">
<created>Mon Jun 07 15:06:28 EDT 2010</created>
<edited>Mon Jun 07 15:06:28 EDT 2010</edited>
<value><point x="11580" y="19222"/></value>
<metadata author="">

</metadata>
</contour>
<contour name="Process 29" class="PointContour" color="#7aff76" visible="true">
<created>Mon Jun 07 15:06:28 EDT 2010</created>
<edited>Mon Jun 07 15:06:28 EDT 2010</edited>
<value><point x="10982" y="18246"/></value>
<metadata author="">

</metadata>
</contour>
<contour name="Process 186" class="PointContour" color="#ff431a" visible="true">
<created>Thu Jun 10 12:25:35 EDT 2010</created>
<edited>Thu Jun 10 12:25:35 EDT 2010</edited>
<value><point x="11002" y="19240"/></value>
<metadata author="">

</metadata>
</contour>
<contour name="Process 143" class="PointContour" color="#d10eff" visible="true">
<created>Thu Jun 10 14:00:17 EDT 2010</created>
<edited>Thu Jun 10 14:00:17 EDT 2010</edited>
<value><point x="12886" y="18730"/></value>
<metadata author="">

</metadata>
</contour>
<contour name="Process 165" class="PointContour" color="#ffef8c" visible="true">
<created>Wed Jun 09 16:16:13 EDT 2010</created>
<edited>Wed Jun 09 16:16:13 EDT 2010</edited>
<value><point x="12880" y="19160"/></value>
<metadata author="">

</metadata>
</contour>
<contour name="Process 29" class="PointContour" color="#7aff76" visible="true">
<created>Mon Jun 07 15:06:28 EDT 2010</created>
<edited>Mon Jun 07 15:06:28 EDT 2010</edited>
<value><point x="11360" y="18862"/></value>
<metadata author="">

</metadata>
</contour>
<contour name="Process 153" class="PointContour" color="#f3ff8b" visible="true">
<created>Wed Jun 09 15:33:35 EDT 2010</created>
<edited>Wed Jun 09 15:33:35 EDT 2010</edited>
<value><point x="11010" y="19040"/></value>
<metadata author="">

</metadata>
</contour>
<contour name="Process 29" class="PointContour" color="#7aff76" visible="true">
<created>Mon Jun 07 15:06:28 EDT 2010</created>
<edited>Mon Jun 07 15:06:28 EDT 2010</edited>
<value><point x="11538" y="19154"/></value>
<metadata author="">

</metadata>
</contour>
<contour name="Process 28" class="PointContour" color="#d1a73a" visible="true">
<created>Thu Jun 03 11:31:15 EDT 2010</created>
<edited>Thu Jun 03 11:31:15 EDT 2010</edited>
<value><point x="11692" y="18560"/></value>
<metadata author="">

</metadata>
</contour>
<contour name="Process 120" class="PointContour" color="#06ffad" visible="true">
<created>Tue Jun 08 17:14:50 EDT 2010</created>
<edited>Tue Jun 08 17:14:50 EDT 2010</edited>
<value><point x="11754" y="18034"/></value>
<metadata author="">

</metadata>
</contour>
<contour name="Process 78" class="PointContour" color="#0390ff" visible="true">
<created>Tue Jun 08 12:45:29 EDT 2010</created>
<edited>Tue Jun 08 12:45:29 EDT 2010</edited>
<value><point x="12400" y="17542"/></value>
<metadata author="">

</metadata>
</contour>
<contour name="Process 26" class="PointContour" color="#c21ebd" visible="true">
<created>Thu Jun 03 10:33:28 EDT 2010</created>
<edited>Thu Jun 03 10:33:28 EDT 2010</edited>
<value><point x="12318" y="18294"/></value>
<metadata author="">

</metadata>
</contour>
<contour name="Process 106" class="PointContour" color="#ff02af" visible="true">
<created>Tue Jun 08 16:17:33 EDT 2010</created>
<edited>Tue Jun 08 16:17:33 EDT 2010</edited>
<value><point x="11150" y="19128"/></value>
<metadata author="">

</metadata>
</contour>
<contour name="Process 78" class="PointContour" color="#0390ff" visible="true">
<created>Tue Jun 08 12:45:29 EDT 2010</created>
<edited>Tue Jun 08 12:45:29 EDT 2010</edited>
<value><point x="12344" y="17518"/></value>
<metadata author="">

</metadata>
</contour>
<contour name="Process 46" class="PointContour" color="#9372cc" visible="true">
<created>Mon Jun 07 16:56:39 EDT 2010</created>
<edited>Mon Jun 07 16:56:39 EDT 2010</edited>
<value><point x="11788" y="17918"/></value>
<metadata author="">

</metadata>
</contour>
<contour name="Process 29" class="PointContour" color="#7aff76" visible="true">
<created>Mon Jun 07 15:06:28 EDT 2010</created>
<edited>Mon Jun 07 15:06:28 EDT 2010</edited>
<value><point x="11170" y="18554"/></value>
<metadata author="">

</metadata>
</contour>
<contour name="Process 29" class="PointContour" color="#7aff76" visible="true">
<created>Mon Jun 07 15:06:28 EDT 2010</created>
<edited>Mon Jun 07 15:06:28 EDT 2010</edited>
<value><point x="11496" y="19084"/></value>
<metadata author="">

</metadata>
</contour>
<contour name="Process 29" class="PointContour" color="#7aff76" visible="true">
<created>Mon Jun 07 15:06:28 EDT 2010</created>
<edited>Mon Jun 07 15:06:28 EDT 2010</edited>
<value><point x="11380" y="18896"/></value>
<metadata author="">

</metadata>
</contour>
<contour name="Process 77" class="PointContour" color="#06dfff" visible="true">
<created>Tue Jun 08 12:41:51 EDT 2010</created>
<edited>Tue Jun 08 12:41:51 EDT 2010</edited>
<value><point x="12128" y="18770"/></value>
<metadata author="">

</metadata>
</contour>
<contour name="Process 29" class="PointContour" color="#7aff76" visible="true">
<created>Mon Jun 07 15:06:28 EDT 2010</created>
<edited>Mon Jun 07 15:06:28 EDT 2010</edited>
<value><point x="11076" y="18400"/></value>
<metadata author="">

</metadata>
</contour>
<contour name="Process 78" class="PointContour" color="#0390ff" visible="true">
<created>Tue Jun 08 12:45:29 EDT 2010</created>
<edited>Tue Jun 08 12:45:29 EDT 2010</edited>
<value><point x="12828" y="17734"/></value>
<metadata author="">

</metadata>
</contour>
<contour name="Process 69" class="PointContour" color="#03ffda" visible="true">
<created>Mon Jun 07 17:44:07 EDT 2010</created>
<edited>Mon Jun 07 17:44:07 EDT 2010</edited>
<value><point x="11682" y="17512"/></value>
<metadata author="">

</metadata>
</contour>
<contour name="Process 45" class="PointContour" color="#80d2ff" visible="true">
<created>Mon Jun 07 16:54:47 EDT 2010</created>
<edited>Mon Jun 07 16:54:47 EDT 2010</edited>
<value><point x="12164" y="18400"/></value>
<metadata author="">

</metadata>
</contour>
<contour name="Process 137" class="PointContour" color="#32ff05" visible="true">
<created>Wed Jun 09 14:48:06 EDT 2010</created>
<edited>Wed Jun 09 14:48:06 EDT 2010</edited>
<value><point x="12234" y="18788"/></value>
<metadata author="">

</metadata>
</contour>
<contour name="Process 29" class="PointContour" color="#7aff76" visible="true">
<created>Mon Jun 07 15:06:28 EDT 2010</created>
<edited>Mon Jun 07 15:06:28 EDT 2010</edited>
<value><point x="11180" y="18570"/></value>
<metadata author="">

</metadata>
</contour>
<contour name="Process 29" class="PointContour" color="#7aff76" visible="true">
<created>Mon Jun 07 15:06:28 EDT 2010</created>
<edited>Mon Jun 07 15:06:28 EDT 2010</edited>
<value><point x="11108" y="18450"/></value>
<metadata author="">

</metadata>
</contour>
<contour name="Process 34" class="PointContour" color="#05f7b3" visible="true">
<created>Mon Jun 07 16:32:51 EDT 2010</created>
<edited>Mon Jun 07 16:32:51 EDT 2010</edited>
<value><point x="11464" y="17722"/></value>
<metadata author="">

</metadata>
</contour>
<contour name="Process 82" class="PointContour" color="#cc05ff" visible="true">
<created>Tue Jun 08 12:56:13 EDT 2010</created>
<edited>Tue Jun 08 12:56:13 EDT 2010</edited>
<value><point x="11944" y="19376"/></value>
<metadata author="">

</metadata>
</contour>
<contour name="Process 123" class="PointContour" color="#966dff" visible="true">
<created>Tue Jun 08 17:32:20 EDT 2010</created>
<edited>Tue Jun 08 17:32:20 EDT 2010</edited>
<value><point x="11544" y="18638"/></value>
<metadata author="">

</metadata>
</contour>
<contour name="Process 78" class="PointContour" color="#0390ff" visible="true">
<created>Tue Jun 08 12:45:29 EDT 2010</created>
<edited>Tue Jun 08 12:45:29 EDT 2010</edited>
<value><point x="12326" y="17510"/></value>
<metadata author="">

</metadata>
</contour>
<contour name="Process 29" class="PointContour" color="#7aff76" visible="true">
<created>Mon Jun 07 15:06:28 EDT 2010</created>
<edited>Mon Jun 07 15:06:28 EDT 2010</edited>
<value><point x="11590" y="19238"/></value>
<metadata author="">

</metadata>
</contour>
<contour name="Process 122" class="PointContour" color="#4b89ff" visible="true">
<created>Tue Jun 08 17:30:30 EDT 2010</created>
<edited>Tue Jun 08 17:30:30 EDT 2010</edited>
<value><point x="11644" y="18522"/></value>
<metadata author="">

</metadata>
</contour>
<contour name="Trail 3" class="PointContour" color="#ffa20c" visible="true">
<created>Wed Jun 02 16:21:59 EDT 2010</created>
<edited>Wed Jun 02 16:21:59 EDT 2010</edited>
<value><point x="12526" y="18488"/></value>
<metadata author="">

</metadata>
</contour>
<contour name="Process 39" class="PointContour" color="#a4f7f2" visible="true">
<created>Mon Jun 07 16:43:38 EDT 2010</created>
<edited>Mon Jun 07 16:43:38 EDT 2010</edited>
<value><point x="11932" y="17698"/></value>
<metadata author="">

</metadata>
</contour>
<contour name="Process 85" class="PointContour" color="#ff067f" visible="true">
<created>Tue Jun 08 13:23:43 EDT 2010</created>
<edited>Tue Jun 08 13:23:43 EDT 2010</edited>
<value><point x="12872" y="18662"/></value>
<metadata author="">

</metadata>
</contour>
<contour name="Process 153" class="PointContour" color="#f3ff8b" visible="true">
<created>Wed Jun 09 15:29:23 EDT 2010</created>
<edited>Wed Jun 09 15:29:23 EDT 2010</edited>
<value><point x="12746" y="18466"/></value>
<metadata author="">

</metadata>
</contour>
<contour name="Process 174" class="PointContour" color="#c37aff" visible="true">
<created>Wed Jun 09 17:08:07 EDT 2010</created>
<edited>Wed Jun 09 17:08:07 EDT 2010</edited>
<value><point x="12432" y="18108"/></value>
<metadata author="">

</metadata>
</contour>
<contour name="Process 78" class="PointContour" color="#0390ff" visible="true">
<created>Tue Jun 08 12:45:29 EDT 2010</created>
<edited>Tue Jun 08 12:45:29 EDT 2010</edited>
<value><point x="12530" y="17600"/></value>
<metadata author="">

</metadata>
</contour>
<contour name="Process 29" class="PointContour" color="#7aff76" visible="true">
<created>Mon Jun 07 15:06:28 EDT 2010</created>
<edited>Mon Jun 07 15:06:28 EDT 2010</edited>
<value><point x="11516" y="19118"/></value>
<metadata author="">

</metadata>
</contour>
<contour name="Process 75" class="PointContour" color="#08ffac" visible="true">
<created>Wed Jun 09 16:09:48 EDT 2010</created>
<edited>Wed Jun 09 16:09:48 EDT 2010</edited>
<value><point x="12438" y="18410"/></value>
<metadata author="">

</metadata>
</contour>
<contour name="Process 78" class="PointContour" color="#0390ff" visible="true">
<created>Tue Jun 08 12:45:29 EDT 2010</created>
<edited>Tue Jun 08 12:45:29 EDT 2010</edited>
<value><point x="12716" y="17684"/></value>
<metadata author="">

</metadata>
</contour>
<contour name="Process 29" class="PointContour" color="#7aff76" visible="true">
<created>Mon Jun 07 15:06:28 EDT 2010</created>
<edited>Mon Jun 07 15:06:28 EDT 2010</edited>
<value><point x="11506" y="19102"/></value>
<metadata author="">

</metadata>
</contour>
<contour name="Process 100" class="PointContour" color="#0395ff" visible="true">
<created>Tue Jun 08 14:56:38 EDT 2010</created>
<edited>Tue Jun 08 14:56:38 EDT 2010</edited>
<value><point x="12686" y="18402"/></value>
<metadata author="">

</metadata>
</contour>
<contour name="Process 29" class="PointContour" color="#7aff76" visible="true">
<created>Mon Jun 07 15:06:28 EDT 2010</created>
<edited>Mon Jun 07 15:06:28 EDT 2010</edited>
<value><point x="11474" y="19050"/></value>
<metadata author="">

</metadata>
</contour>
<contour name="Process 37" class="PointContour" color="#f7daf0" visible="true">
<created>Mon Jun 07 16:39:24 EDT 2010</created>
<edited>Mon Jun 07 16:39:24 EDT 2010</edited>
<value><point x="12122" y="18034"/></value>
<metadata author="">

</metadata>
</contour>
<contour name="Process 85" class="PointContour" color="#ff067f" visible="true">
<created>Tue Jun 08 13:14:43 EDT 2010</created>
<edited>Tue Jun 08 13:14:43 EDT 2010</edited>
<value><point x="12586" y="18984"/></value>
<metadata author="">

</metadata>
</contour>
<contour name="Process 114" class="PointContour" color="#cbff04" visible="true">
<created>Tue Jun 08 17:00:25 EDT 2010</created>
<edited>Tue Jun 08 17:00:25 EDT 2010</edited>
<value><point x="12488" y="18314"/></value>
<metadata author="">

</metadata>
</contour>
<contour name="Process 130" class="PointContour" color="#0bff5b" visible="true">
<created>Wed Jun 09 12:58:38 EDT 2010</created>
<edited>Wed Jun 09 12:58:38 EDT 2010</edited>
<value><point x="12612" y="18464"/></value>
<metadata author="">

</metadata>
</contour>
<contour name="Process 78" class="PointContour" color="#0390ff" visible="true">
<created>Tue Jun 08 12:45:29 EDT 2010</created>
<edited>Tue Jun 08 12:45:29 EDT 2010</edited>
<value><point x="12290" y="17492"/></value>
<metadata author="">

</metadata>
</contour>
<contour name="Process 40" class="PointContour" color="#c4f7b5" visible="true">
<created>Mon Jun 07 16:46:01 EDT 2010</created>
<edited>Mon Jun 07 16:46:01 EDT 2010</edited>
<value><point x="12550" y="18140"/></value>
<metadata author="">

</metadata>
</contour>
<contour name="Process 111" class="PointContour" color="#ffa006" visible="true">
<created>Tue Jun 08 16:26:23 EDT 2010</created>
<edited>Tue Jun 08 16:26:23 EDT 2010</edited>
<value><point x="12798" y="18538"/></value>
<metadata author="">

</metadata>
</contour>
<contour name="Process 41" class="PointContour" color="#b2aff7" visible="true">
<created>Mon Jun 07 16:47:57 EDT 2010</created>
<edited>Mon Jun 07 16:47:57 EDT 2010</edited>
<value><point x="12430" y="17930"/></value>
<metadata author="">

</metadata>
</contour>
<contour name="Process 29" class="PointContour" color="#7aff76" visible="true">
<created>Mon Jun 07 16:11:31 EDT 2010</created>
<edited>Mon Jun 07 16:11:31 EDT 2010</edited>
<value><point x="12600" y="18132"/></value>
<metadata author="">

</metadata>
</contour>
<contour name="Process 29" class="PointContour" color="#7aff76" visible="true">
<created>Mon Jun 07 15:06:28 EDT 2010</created>
<edited>Mon Jun 07 15:06:28 EDT 2010</edited>
<value><point x="11254" y="18690"/></value>
<metadata author="">

</metadata>
</contour>
<contour name="Process 59" class="PointContour" color="#ff0340" visible="true">
<created>Mon Jun 07 17:29:18 EDT 2010</created>
<edited>Mon Jun 07 17:29:18 EDT 2010</edited>
<value><point x="12822" y="18682"/></value>
<metadata author="">

</metadata>
</contour>
<contour name="Process 29" class="PointContour" color="#7aff76" visible="true">
<created>Mon Jun 07 15:06:28 EDT 2010</created>
<edited>Mon Jun 07 15:06:28 EDT 2010</edited>
<value><point x="11370" y="18878"/></value>
<metadata author="">

</metadata>
</contour>
<contour name="Process 78" class="PointContour" color="#0390ff" visible="true">
<created>Tue Jun 08 12:45:29 EDT 2010</created>
<edited>Tue Jun 08 12:45:29 EDT 2010</edited>
<value><point x="12734" y="17692"/></value>
<metadata author="">

</metadata>
</contour>
<contour name="Process 29" class="PointContour" color="#7aff76" visible="true">
<created>Mon Jun 07 15:06:28 EDT 2010</created>
<edited>Mon Jun 07 15:06:28 EDT 2010</edited>
<value><point x="11286" y="18742"/></value>
<metadata author="">

</metadata>
</contour>
<contour name="Process 29" class="PointContour" color="#7aff76" visible="true">
<created>Mon Jun 07 15:06:28 EDT 2010</created>
<edited>Mon Jun 07 15:06:28 EDT 2010</edited>
<value><point x="11264" y="18708"/></value>
<metadata author="">

</metadata>
</contour>
<contour name="Process 153" class="PointContour" color="#f3ff8b" visible="true">
<created>Thu Jun 10 12:44:17 EDT 2010</created>
<edited>Thu Jun 10 12:44:17 EDT 2010</edited>
<value><point x="12092" y="18164"/></value>
<metadata author="">

</metadata>
</contour>
<contour name="Process 54" class="PointContour" color="#ed07ff" visible="true">
<created>Mon Jun 07 17:23:12 EDT 2010</created>
<edited>Mon Jun 07 17:23:12 EDT 2010</edited>
<value><point x="12312" y="17850"/></value>
<metadata author="">

</metadata>
</contour>
<contour name="Process 7" class="PointContour" color="#10fffb" visible="true">
<created>Wed Jun 02 16:49:51 EDT 2010</created>
<edited>Wed Jun 02 16:49:51 EDT 2010</edited>
<value><point x="11692" y="19148"/></value>
<metadata author="">

</metadata>
</contour>
<contour name="Process 7" class="PointContour" color="#10fffb" visible="true">
<created>Wed Jun 02 16:58:10 EDT 2010</created>
<edited>Wed Jun 02 16:58:10 EDT 2010</edited>
<value><point x="12296" y="18534"/></value>
<metadata author="">

</metadata>
</contour>
<contour name="Trail 21" class="PointContour" color="#68c268" visible="true">
<created>Thu Jun 03 09:59:30 EDT 2010</created>
<edited>Thu Jun 03 09:59:30 EDT 2010</edited>
<value><point x="12538" y="18392"/></value>
<metadata author="">

</metadata>
</contour>
<contour name="Process 29" class="PointContour" color="#7aff76" visible="true">
<created>Mon Jun 07 15:06:28 EDT 2010</created>
<edited>Mon Jun 07 15:06:28 EDT 2010</edited>
<value><point x="11432" y="18982"/></value>
<metadata author="">

</metadata>
</contour>
<contour name="Process 149" class="PointContour" color="#ffada8" visible="true">
<created>Wed Jun 09 15:19:55 EDT 2010</created>
<edited>Wed Jun 09 15:19:55 EDT 2010</edited>
<value><point x="12226" y="18884"/></value>
<metadata author="">

</metadata>
</contour>
<contour name="Process 29" class="PointContour" color="#7aff76" visible="true">
<created>Mon Jun 07 15:06:28 EDT 2010</created>
<edited>Mon Jun 07 15:06:28 EDT 2010</edited>
<value><point x="11402" y="18930"/></value>
<metadata author="">

</metadata>
</contour>
<contour name="Process 49" class="PointContour" color="#4053cc" visible="true">
<created>Mon Jun 07 17:01:18 EDT 2010</created>
<edited>Mon Jun 07 17:01:18 EDT 2010</edited>
<value><point x="11806" y="17978"/></value>
<metadata author="">

</metadata>
</contour>
<contour name="Process 78" class="PointContour" color="#0390ff" visible="true">
<created>Tue Jun 08 12:45:29 EDT 2010</created>
<edited>Tue Jun 08 12:45:29 EDT 2010</edited>
<value><point x="12270" y="17484"/></value>
<metadata author="">

</metadata>
</contour>
<contour name="Process 78" class="PointContour" color="#0390ff" visible="true">
<created>Tue Jun 08 12:45:29 EDT 2010</created>
<edited>Tue Jun 08 12:45:29 EDT 2010</edited>
<value><point x="12772" y="17710"/></value>
<metadata author="">

</metadata>
</contour>
<contour name="Process 17" class="PointContour" color="#c115ff" visible="true">
<created>Wed Jun 02 17:42:15 EDT 2010</created>
<edited>Wed Jun 02 17:42:15 EDT 2010</edited>
<value><point x="11636" y="17516"/></value>
<metadata author="">

</metadata>
</contour>
<contour name="Process 78" class="PointContour" color="#0390ff" visible="true">
<created>Tue Jun 08 12:45:29 EDT 2010</created>
<edited>Tue Jun 08 12:45:29 EDT 2010</edited>
<value><point x="12474" y="17576"/></value>
<metadata author="">

</metadata>
</contour>
<contour name="Process 78" class="PointContour" color="#0390ff" visible="true">
<created>Tue Jun 08 12:45:29 EDT 2010</created>
<edited>Tue Jun 08 12:45:29 EDT 2010</edited>
<value><point x="12586" y="17626"/></value>
<metadata author="">

</metadata>
</contour>
<contour name="Process 29" class="PointContour" color="#7aff76" visible="true">
<created>Tue Jun 08 16:06:54 EDT 2010</created>
<edited>Tue Jun 08 16:06:54 EDT 2010</edited>
<value><point x="12054" y="18328"/></value>
<metadata author="">

</metadata>
</contour>
<contour name="Process 1" class="PointContour" color="#ff0000" visible="true">
<created>Wed Jun 02 15:59:51 EDT 2010</created>
<edited>Wed Jun 02 15:59:51 EDT 2010</edited>
<value><point x="12140" y="17780"/></value>
<metadata author="">

</metadata>
</contour>
<contour name="Process 155" class="PointContour" color="#ff7fcd" visible="true">
<created>Wed Jun 09 15:41:25 EDT 2010</created>
<edited>Wed Jun 09 15:41:25 EDT 2010</edited>
<value><point x="11810" y="18348"/></value>
<metadata author="">

</metadata>
</contour>
<contour name="Process 92" class="PointContour" color="#ffd909" visible="true">
<created>Tue Jun 08 14:20:42 EDT 2010</created>
<edited>Tue Jun 08 14:20:42 EDT 2010</edited>
<value><point x="11582" y="19450"/></value>
<metadata author="">

</metadata>
</contour>
<contour name="Process 29" class="PointContour" color="#7aff76" visible="true">
<created>Mon Jun 07 15:06:28 EDT 2010</created>
<edited>Mon Jun 07 15:06:28 EDT 2010</edited>
<value><point x="11454" y="19016"/></value>
<metadata author="">

</metadata>
</contour>
<contour name="Process 34" class="PointContour" color="#05f7b3" visible="true">
<created>Mon Jun 07 16:31:54 EDT 2010</created>
<edited>Mon Jun 07 16:31:54 EDT 2010</edited>
<value><point x="11722" y="17988"/></value>
<metadata author="">

</metadata>
</contour>
<contour name="Process 97" class="PointContour" color="#05ff95" visible="true">
<created>Tue Jun 08 14:32:20 EDT 2010</created>
<edited>Tue Jun 08 14:32:20 EDT 2010</edited>
<value><point x="12932" y="18974"/></value>
<metadata author="">

</metadata>
</contour>
<contour name="Process 190" class="PointContour" color="#ffadba" visible="true">
<created>Thu Jun 10 12:34:14 EDT 2010</created>
<edited>Thu Jun 10 12:34:14 EDT 2010</edited>
<value><point x="10964" y="18002"/></value>
<metadata author="">

</metadata>
</contour>
<contour name="Process 159" class="PointContour" color="#afff08" visible="true">
<created>Wed Jun 09 15:50:17 EDT 2010</created>
<edited>Wed Jun 09 15:50:17 EDT 2010</edited>
<value><point x="10956" y="18124"/></value>
<metadata author="">

</metadata>
</contour>
<contour name="Process 29" class="PointContour" color="#7aff76" visible="true">
<created>Mon Jun 07 15:06:28 EDT 2010</created>
<edited>Mon Jun 07 15:06:28 EDT 2010</edited>
<value><point x="11674" y="19376"/></value>
<metadata author="">

</metadata>
</contour>
<contour name="Process 78" class="PointContour" color="#0390ff" visible="true">
<created>Tue Jun 08 12:45:29 EDT 2010</created>
<edited>Tue Jun 08 12:45:29 EDT 2010</edited>
<value><point x="12882" y="17760"/></value>
<metadata author="">

</metadata>
</contour>
<contour name="Process 204" class="PointContour" color="#e0ff14" visible="true">
<created>Thu Jun 10 13:14:56 EDT 2010</created>
<edited>Thu Jun 10 13:14:56 EDT 2010</edited>
<value><point x="11878" y="17630"/></value>
<metadata author="">

</metadata>
</contour>
<contour name="Process 78" class="PointContour" color="#0390ff" visible="true">
<created>Tue Jun 08 12:45:29 EDT 2010</created>
<edited>Tue Jun 08 12:45:29 EDT 2010</edited>
<value><point x="12642" y="17652"/></value>
<metadata author="">

</metadata>
</contour>
<contour name="Process 78" class="PointContour" color="#0390ff" visible="true">
<created>Tue Jun 08 12:45:29 EDT 2010</created>
<edited>Tue Jun 08 12:45:29 EDT 2010</edited>
<value><point x="12902" y="17768"/></value>
<metadata author="">

</metadata>
</contour>
<contour name="Process 78" class="PointContour" color="#0390ff" visible="true">
<created>Tue Jun 08 12:45:29 EDT 2010</created>
<edited>Tue Jun 08 12:45:29 EDT 2010</edited>
<value><point x="12494" y="17584"/></value>
<metadata author="">

</metadata>
</contour>
<contour name="Process 72" class="PointContour" color="#ffcd08" visible="true">
<created>Tue Jun 08 12:18:05 EDT 2010</created>
<edited>Tue Jun 08 12:18:05 EDT 2010</edited>
<value><point x="12552" y="18228"/></value>
<metadata author="">

</metadata>
</contour>
<contour name="Process 221" class="PointContour" color="#ff38d2" visible="true">
<created>Thu Jun 10 17:23:05 EDT 2010</created>
<edited>Thu Jun 10 17:23:05 EDT 2010</edited>
<value><point x="11586" y="17938"/></value>
<metadata author="">

</metadata>
</contour>
<contour name="Process 29" class="PointContour" color="#7aff76" visible="true">
<created>Mon Jun 07 15:06:36 EDT 2010</created>
<edited>Mon Jun 07 15:06:36 EDT 2010</edited>
<value><point x="11448" y="18174"/></value>
<metadata author="">

</metadata>
</contour>
<contour name="Process 9" class="PointContour" color="#ab0bff" visible="true">
<created>Wed Jun 02 17:08:47 EDT 2010</created>
<edited>Wed Jun 02 17:08:47 EDT 2010</edited>
<value><point x="11588" y="18570"/></value>
<metadata author="">

</metadata>
</contour>
<contour name="Process 78" class="PointContour" color="#0390ff" visible="true">
<created>Tue Jun 08 12:45:29 EDT 2010</created>
<edited>Tue Jun 08 12:45:29 EDT 2010</edited>
<value><point x="12234" y="17468"/></value>
<metadata author="">

</metadata>
</contour>
<contour name="Process 29" class="PointContour" color="#7aff76" visible="true">
<created>Mon Jun 07 15:06:28 EDT 2010</created>
<edited>Mon Jun 07 15:06:28 EDT 2010</edited>
<value><point x="11054" y="18364"/></value>
<metadata author="">

</metadata>
</contour>
<contour name="Process 29" class="PointContour" color="#7aff76" visible="true">
<created>Thu Jun 10 13:22:00 EDT 2010</created>
<edited>Thu Jun 10 13:22:00 EDT 2010</edited>
<value><point x="12576" y="18098"/></value>
<metadata author="">

</metadata>
</contour>
<contour name="Process 114" class="PointContour" color="#cbff04" visible="true">
<created>Tue Jun 08 17:02:42 EDT 2010</created>
<edited>Tue Jun 08 17:02:42 EDT 2010</edited>
<value><point x="12690" y="19138"/></value>
<metadata author="">

</metadata>
</contour>
<contour name="Process 29" class="PointContour" color="#7aff76" visible="true">
<created>Mon Jun 07 15:06:28 EDT 2010</created>
<edited>Mon Jun 07 15:06:28 EDT 2010</edited>
<value><point x="11160" y="18536"/></value>
<metadata author="">

</metadata>
</contour>
<contour name="Process 29" class="PointContour" color="#7aff76" visible="true">
<created>Mon Jun 07 15:06:28 EDT 2010</created>
<edited>Mon Jun 07 15:06:28 EDT 2010</edited>
<value><point x="11548" y="19170"/></value>
<metadata author="">

</metadata>
</contour>
<contour name="Process 29" class="PointContour" color="#7aff76" visible="true">
<created>Mon Jun 07 15:06:28 EDT 2010</created>
<edited>Mon Jun 07 15:06:28 EDT 2010</edited>
<value><point x="11222" y="18640"/></value>
<metadata author="">

</metadata>
</contour>
<contour name="Process 78" class="PointContour" color="#0390ff" visible="true">
<created>Tue Jun 08 12:45:29 EDT 2010</created>
<edited>Tue Jun 08 12:45:29 EDT 2010</edited>
<value><point x="12382" y="17534"/></value>
<metadata author="">

</metadata>
</contour>
<contour name="Process 41" class="PointContour" color="#b2aff7" visible="true">
<created>Mon Jun 07 16:49:05 EDT 2010</created>
<edited>Mon Jun 07 16:49:05 EDT 2010</edited>
<value><point x="12248" y="17950"/></value>
<metadata author="">

</metadata>
</contour>
<contour name="Process 153" class="PointContour" color="#f3ff8b" visible="true">
<created>Wed Jun 09 15:26:26 EDT 2010</created>
<edited>Wed Jun 09 15:26:26 EDT 2010</edited>
<value><point x="11956" y="18462"/></value>
<metadata author="">

</metadata>
</contour>
<contour name="Process 205" class="PointContour" color="#0ddcff" visible="true">
<created>Thu Jun 10 13:16:52 EDT 2010</created>
<edited>Thu Jun 10 13:16:52 EDT 2010</edited>
<value><point x="12276" y="18286"/></value>
<metadata author="">

</metadata>
</contour>
<contour name="Process 178" class="PointContour" color="#09ffe5" visible="true">
<created>Thu Jun 10 10:29:15 EDT 2010</created>
<edited>Thu Jun 10 10:29:15 EDT 2010</edited>
<value><point x="12758" y="18584"/></value>
<metadata author="">

</metadata>
</contour>
<contour name="Process 29" class="PointContour" color="#7aff76" visible="true">
<created>Mon Jun 07 15:06:28 EDT 2010</created>
<edited>Mon Jun 07 15:06:28 EDT 2010</edited>
<value><point x="11192" y="18588"/></value>
<metadata author="">

</metadata>
</contour>
<contour name="Process 17" class="PointContour" color="#c115ff" visible="true">
<created>Thu Jun 10 15:04:04 EDT 2010</created>
<edited>Thu Jun 10 15:04:04 EDT 2010</edited>
<value><point x="11266" y="17808"/></value>
<metadata author="">

</metadata>
</contour>
<contour name="Process 117" class="PointContour" color="#78ff04" visible="true">
<created>Tue Jun 08 17:08:39 EDT 2010</created>
<edited>Tue Jun 08 17:08:39 EDT 2010</edited>
<value><point x="11610" y="18636"/></value>
<metadata author="">

</metadata>
</contour>
<contour name="Process 29" class="PointContour" color="#7aff76" visible="true">
<created>Mon Jun 07 15:06:28 EDT 2010</created>
<edited>Mon Jun 07 15:06:28 EDT 2010</edited>
<value><point x="11654" y="19342"/></value>
<metadata author="">

</metadata>
</contour>
<contour name="Process 28" class="PointContour" color="#d1a73a" visible="true">
<created>Thu Jun 03 11:30:37 EDT 2010</created>
<edited>Thu Jun 03 11:30:37 EDT 2010</edited>
<value><point x="11578" y="18524"/></value>
<metadata author="">

</metadata>
</contour>
<contour name="Process 180" class="PointContour" color="#cd67ff" visible="true">
<created>Thu Jun 10 10:31:56 EDT 2010</created>
<edited>Thu Jun 10 10:31:56 EDT 2010</edited>
<value><point x="11106" y="19244"/></value>
<metadata author="">

</metadata>
</contour>
<contour name="Process 209" class="PointContour" color="#9eff56" visible="true">
<created>Thu Jun 10 13:47:29 EDT 2010</created>
<edited>Thu Jun 10 13:47:29 EDT 2010</edited>
<value><point x="12220" y="19008"/></value>
<metadata author="">

</metadata>
</contour>
<contour name="Process 29" class="PointContour" color="#7aff76" visible="true">
<created>Mon Jun 07 15:06:28 EDT 2010</created>
<edited>Mon Jun 07 15:06:28 EDT 2010</edited>
<value><point x="11328" y="18810"/></value>
<metadata author="">

</metadata>
</contour>
<contour name="Process 29" class="PointContour" color="#7aff76" visible="true">
<created>Mon Jun 07 15:06:28 EDT 2010</created>
<edited>Mon Jun 07 15:06:28 EDT 2010</edited>
<value><point x="11296" y="18760"/></value>
<metadata author="">

</metadata>
</contour>
<contour name="Process 29" class="PointContour" color="#7aff76" visible="true">
<created>Mon Jun 07 15:06:28 EDT 2010</created>
<edited>Mon Jun 07 15:06:28 EDT 2010</edited>
<value><point x="11390" y="18914"/></value>
<metadata author="">

</metadata>
</contour>
<contour name="Process 78" class="PointContour" color="#0390ff" visible="true">
<created>Tue Jun 08 12:45:29 EDT 2010</created>
<edited>Tue Jun 08 12:45:29 EDT 2010</edited>
<value><point x="12216" y="17460"/></value>
<metadata author="">

</metadata>
</contour>
<contour name="Process 112" class="PointContour" color="#ffd72d" visible="true">
<created>Tue Jun 08 16:56:34 EDT 2010</created>
<edited>Tue Jun 08 16:56:34 EDT 2010</edited>
<value><point x="12082" y="18388"/></value>
<metadata author="">

</metadata>
</contour>
<contour name="Process 78" class="PointContour" color="#0390ff" visible="true">
<created>Tue Jun 08 12:45:29 EDT 2010</created>
<edited>Tue Jun 08 12:45:29 EDT 2010</edited>
<value><point x="12864" y="17752"/></value>
<metadata author="">

</metadata>
</contour>
<contour name="Process 29" class="PointContour" color="#7aff76" visible="true">
<created>Mon Jun 07 15:06:28 EDT 2010</created>
<edited>Mon Jun 07 15:06:28 EDT 2010</edited>
<value><point x="11570" y="19204"/></value>
<metadata author="">

</metadata>
</contour>
<contour name="Process 29" class="PointContour" color="#7aff76" visible="true">
<created>Mon Jun 07 15:06:28 EDT 2010</created>
<edited>Mon Jun 07 15:06:28 EDT 2010</edited>
<value><point x="11066" y="18382"/></value>
<metadata author="">

</metadata>
</contour>
<contour name="Process 116" class="PointContour" color="#a1ff02" visible="true">
<created>Tue Jun 08 17:06:41 EDT 2010</created>
<edited>Tue Jun 08 17:06:41 EDT 2010</edited>
<value><point x="11636" y="18960"/></value>
<metadata author="">

</metadata>
</contour>
<contour name="Process 78" class="PointContour" color="#0390ff" visible="true">
<created>Tue Jun 08 12:45:29 EDT 2010</created>
<edited>Tue Jun 08 12:45:29 EDT 2010</edited>
<value><point x="12938" y="17784"/></value>
<metadata author="">

</metadata>
</contour>
<contour name="Process 78" class="PointContour" color="#0390ff" visible="true">
<created>Tue Jun 08 12:45:29 EDT 2010</created>
<edited>Tue Jun 08 12:45:29 EDT 2010</edited>
<value><point x="12308" y="17500"/></value>
<metadata author="">

</metadata>
</contour>
<contour name="Process 29" class="PointContour" color="#7aff76" visible="true">
<created>Mon Jun 07 15:06:28 EDT 2010</created>
<edited>Mon Jun 07 15:06:28 EDT 2010</edited>
<value><point x="11276" y="18724"/></value>
<metadata author="">

</metadata>
</contour>
<contour name="Process 200" class="PointContour" color="#8e1fff" visible="true">
<created>Thu Jun 10 13:06:25 EDT 2010</created>
<edited>Thu Jun 10 13:06:25 EDT 2010</edited>
<value><point x="11302" y="18106"/></value>
<metadata author="">

</metadata>
</contour>
<contour name="Trail 3" class="PointContour" color="#ffa20c" visible="true">
<created>Wed Jun 02 16:19:34 EDT 2010</created>
<edited>Wed Jun 02 16:19:34 EDT 2010</edited>
<value><point x="12310" y="18918"/></value>
<metadata author="">

</metadata>
</contour>
<contour name="Process 29" class="PointContour" color="#7aff76" visible="true">
<created>Mon Jun 07 15:06:28 EDT 2010</created>
<edited>Mon Jun 07 15:06:28 EDT 2010</edited>
<value><point x="10992" y="18262"/></value>
<metadata author="">

</metadata>
</contour>
<contour name="Process 29" class="PointContour" color="#7aff76" visible="true">
<created>Mon Jun 07 15:06:28 EDT 2010</created>
<edited>Mon Jun 07 15:06:28 EDT 2010</edited>
<value><point x="11044" y="18348"/></value>
<metadata author="">

</metadata>
</contour>
<contour name="Process 78" class="PointContour" color="#0390ff" visible="true">
<created>Tue Jun 08 12:45:29 EDT 2010</created>
<edited>Tue Jun 08 12:45:29 EDT 2010</edited>
<value><point x="12548" y="17610"/></value>
<metadata author="">

</metadata>
</contour>
<contour name="Process 78" class="PointContour" color="#0390ff" visible="true">
<created>Tue Jun 08 12:45:29 EDT 2010</created>
<edited>Tue Jun 08 12:45:29 EDT 2010</edited>
<value><point x="12252" y="17476"/></value>
<metadata author="">

</metadata>
</contour>
<contour name="Process 29" class="PointContour" color="#7aff76" visible="true">
<created>Mon Jun 07 15:06:28 EDT 2010</created>
<edited>Mon Jun 07 15:06:28 EDT 2010</edited>
<value><point x="11212" y="18622"/></value>
<metadata author="">

</metadata>
</contour>
<contour name="Process 52" class="PointContour" color="#b10aff" visible="true">
<created>Mon Jun 07 17:20:34 EDT 2010</created>
<edited>Mon Jun 07 17:20:34 EDT 2010</edited>
<value><point x="12094" y="18248"/></value>
<metadata author="">

</metadata>
</contour>
<contour name="Process 28" class="PointContour" color="#d1a73a" visible="true">
<created>Thu Jun 03 10:36:50 EDT 2010</created>
<edited>Thu Jun 03 10:36:50 EDT 2010</edited>
<value><point x="12352" y="18898"/></value>
<metadata author="">

</metadata>
</contour>
<contour name="Process 47" class="PointContour" color="#93cc90" visible="true">
<created>Mon Jun 07 16:58:27 EDT 2010</created>
<edited>Mon Jun 07 16:58:27 EDT 2010</edited>
<value><point x="11806" y="17676"/></value>
<metadata author="">

</metadata>
</contour>
<contour name="Process 118" class="PointContour" color="#4fff10" visible="true">
<created>Tue Jun 08 17:10:04 EDT 2010</created>
<edited>Tue Jun 08 17:10:04 EDT 2010</edited>
<value><point x="12232" y="18620"/></value>
<metadata author="">

</metadata>
</contour>
<contour name="Process 29" class="PointContour" color="#7aff76" visible="true">
<created>Mon Jun 07 15:06:28 EDT 2010</created>
<edited>Mon Jun 07 15:06:28 EDT 2010</edited>
<value><point x="11528" y="19136"/></value>
<metadata author="">

</metadata>
</contour>
<contour name="Process 29" class="PointContour" color="#7aff76" visible="true">
<created>Mon Jun 07 15:06:28 EDT 2010</created>
<edited>Mon Jun 07 15:06:28 EDT 2010</edited>
<value><point x="11558" y="19188"/></value>
<metadata author="">

</metadata>
</contour>
<contour name="Process 78" class="PointContour" color="#0390ff" visible="true">
<created>Tue Jun 08 12:45:29 EDT 2010</created>
<edited>Tue Jun 08 12:45:29 EDT 2010</edited>
<value><point x="12604" y="17634"/></value>
<metadata author="">

</metadata>
</contour>
<contour name="Process 78" class="PointContour" color="#0390ff" visible="true">
<created>Tue Jun 08 12:45:29 EDT 2010</created>
<edited>Tue Jun 08 12:45:29 EDT 2010</edited>
<value><point x="12660" y="17660"/></value>
<metadata author="">

</metadata>
</contour>
<contour name="Process 29" class="PointContour" color="#7aff76" visible="true">
<created>Mon Jun 07 16:15:42 EDT 2010</created>
<edited>Mon Jun 07 16:15:42 EDT 2010</edited>
<value><point x="11036" y="18846"/></value>
<metadata author="">

</metadata>
</contour>
<contour name="Process 191" class="PointContour" color="#50d7ff" visible="true">
<created>Thu Jun 10 12:36:33 EDT 2010</created>
<edited>Thu Jun 10 12:36:33 EDT 2010</edited>
<value><point x="11404" y="19382"/></value>
<metadata author="">

</metadata>
</contour>
<contour name="Process 18" class="PointContour" color="#ff5cb4" visible="true">
<created>Wed Jun 02 17:49:35 EDT 2010</created>
<edited>Wed Jun 02 17:49:35 EDT 2010</edited>
<value><point x="11234" y="17512"/></value>
<metadata author="">

</metadata>
</contour>
<contour name="Process 53" class="PointContour" color="#d507ff" visible="true">
<created>Mon Jun 07 17:22:00 EDT 2010</created>
<edited>Mon Jun 07 17:22:00 EDT 2010</edited>
<value><point x="12626" y="18246"/></value>
<metadata author="">

</metadata>
</contour>
<contour name="Process 102" class="PointContour" color="#7706ff" visible="true">
<created>Tue Jun 08 16:03:48 EDT 2010</created>
<edited>Tue Jun 08 16:03:48 EDT 2010</edited>
<value><point x="11940" y="18064"/></value>
<metadata author="">

</metadata>
</contour>
<contour name="Process 87" class="PointContour" color="#ff0b2f" visible="true">
<created>Tue Jun 08 13:37:00 EDT 2010</created>
<edited>Tue Jun 08 13:37:00 EDT 2010</edited>
<value><point x="42212" y="42212"/></value>
<metadata author="">

</metadata>
</contour>
<contour name="Process 160" class="PointContour" color="#5ecaff" visible="true">
<created>Wed Jun 09 16:03:33 EDT 2010</created>
<edited>Wed Jun 09 16:03:33 EDT 2010</edited>
<value><point x="11652" y="18424"/></value>
<metadata author="">

</metadata>
</contour>
<contour name="Process 150" class="PointContour" color="#ffbafb" visible="true">
<created>Wed Jun 09 15:22:12 EDT 2010</created>
<edited>Wed Jun 09 15:22:12 EDT 2010</edited>
<value><point x="11186" y="18872"/></value>
<metadata author="">

</metadata>
</contour>
<contour name="Process 174" class="PointContour" color="#c37aff" visible="true">
<created>Wed Jun 09 17:10:48 EDT 2010</created>
<edited>Wed Jun 09 17:10:48 EDT 2010</edited>
<value><point x="12962" y="17946"/></value>
<metadata author="">

</metadata>
</contour>
<contour name="Process 29" class="PointContour" color="#7aff76" visible="true">
<created>Mon Jun 07 15:06:28 EDT 2010</created>
<edited>Mon Jun 07 15:06:28 EDT 2010</edited>
<value><point x="11664" y="19358"/></value>
<metadata author="">

</metadata>
</contour>
<contour name="Process 132" class="PointContour" color="#06adff" visible="true">
<created>Wed Jun 09 13:05:09 EDT 2010</created>
<edited>Wed Jun 09 13:05:09 EDT 2010</edited>
<value><point x="11358" y="17660"/></value>
<metadata author="">

</metadata>
</contour>
<contour name="Process 67" class="PointContour" color="#8eff03" visible="true">
<created>Mon Jun 07 17:39:16 EDT 2010</created>
<edited>Mon Jun 07 17:39:16 EDT 2010</edited>
<value><point x="12010" y="17612"/></value>
<metadata author="">

</metadata>
</contour>
<contour name="Process 12" class="PointContour" color="#ffa568" visible="true">
<created>Wed Jun 02 17:18:46 EDT 2010</created>
<edited>Wed Jun 02 17:18:46 EDT 2010</edited>
<value><point x="12108" y="18116"/></value>
<metadata author="">

</metadata>
</contour>
<contour name="Process 29" class="PointContour" color="#7aff76" visible="true">
<created>Mon Jun 07 15:06:28 EDT 2010</created>
<edited>Mon Jun 07 15:06:28 EDT 2010</edited>
<value><point x="11086" y="18416"/></value>
<metadata author="">

</metadata>
</contour>
<contour name="Process 78" class="PointContour" color="#0390ff" visible="true">
<created>Tue Jun 08 12:45:29 EDT 2010</created>
<edited>Tue Jun 08 12:45:29 EDT 2010</edited>
<value><point x="12568" y="17618"/></value>
<metadata author="">

</metadata>
</contour>
<contour name="Process 2" class="PointContour" color="#ff5107" visible="true">
<created>Wed Jun 02 16:08:39 EDT 2010</created>
<edited>Wed Jun 02 16:08:39 EDT 2010</edited>
<value><point x="11834" y="18424"/></value>
<metadata author="">

</metadata>
</contour>
<contour name="Process 33" class="PointContour" color="#f70fe0" visible="true">
<created>Mon Jun 07 16:29:23 EDT 2010</created>
<edited>Mon Jun 07 16:29:23 EDT 2010</edited>
<value><point x="11528" y="17570"/></value>
<metadata author="">

</metadata>
</contour>
<contour name="Process 7" class="PointContour" color="#10fffb" visible="true">
<created>Wed Jun 02 16:57:12 EDT 2010</created>
<edited>Wed Jun 02 16:57:12 EDT 2010</edited>
<value><point x="11924" y="19452"/></value>
<metadata author="">

</metadata>
</contour>
<contour name="Process 97" class="PointContour" color="#05ff95" visible="true">
<created>Tue Jun 08 14:32:02 EDT 2010</created>
<edited>Tue Jun 08 14:32:02 EDT 2010</edited>
<value><point x="12196" y="18716"/></value>
<metadata author="">

</metadata>
</contour>
<contour name="Process 29" class="PointContour" color="#7aff76" visible="true">
<created>Mon Jun 07 15:06:28 EDT 2010</created>
<edited>Mon Jun 07 15:06:28 EDT 2010</edited>
<value><point x="11150" y="18520"/></value>
<metadata author="">

</metadata>
</contour>
<contour name="Process 207" class="PointContour" color="#c2ff4a" visible="true">
<created>Thu Jun 10 13:19:42 EDT 2010</created>
<edited>Thu Jun 10 13:19:42 EDT 2010</edited>
<value><point x="12486" y="18510"/></value>
<metadata author="">

</metadata>
</contour>
<contour name="Process 71" class="PointContour" color="#ff7b05" visible="true">
<created>Tue Jun 08 12:16:54 EDT 2010</created>
<edited>Tue Jun 08 12:16:54 EDT 2010</edited>
<value><point x="12548" y="18302"/></value>
<metadata author="">

</metadata>
</contour>
<contour name="Process 29" class="PointContour" color="#7aff76" visible="true">
<created>Mon Jun 07 15:58:34 EDT 2010</created>
<edited>Mon Jun 07 15:58:34 EDT 2010</edited>
<value><point x="12720" y="18004"/></value>
<metadata author="">

</metadata>
</contour>
<contour name="Process 104" class="PointContour" color="#df03ff" visible="true">
<created>Tue Jun 08 16:14:31 EDT 2010</created>
<edited>Tue Jun 08 16:14:31 EDT 2010</edited>
<value><point x="11778" y="19358"/></value>
<metadata author="">

</metadata>
</contour>
<contour name="Process 29" class="PointContour" color="#7aff76" visible="true">
<created>Mon Jun 07 15:06:28 EDT 2010</created>
<edited>Mon Jun 07 15:06:28 EDT 2010</edited>
<value><point x="11318" y="18794"/></value>
<metadata author="">

</metadata>
</contour>
<contour name="Process 4" class="PointContour" color="#fff812" visible="true">
<created>Wed Jun 02 16:26:45 EDT 2010</created>
<edited>Wed Jun 02 16:26:45 EDT 2010</edited>
<value><point x="11552" y="18346"/></value>
<metadata author="">

</metadata>
</contour>
<contour name="Process 29" class="PointContour" color="#7aff76" visible="true">
<created>Mon Jun 07 15:06:28 EDT 2010</created>
<edited>Mon Jun 07 15:06:28 EDT 2010</edited>
<value><point x="11128" y="18484"/></value>
<metadata author="">

</metadata>
</contour>
<contour name="Process 8" class="PointContour" color="#2d23ff" visible="true">
<created>Wed Jun 02 17:05:06 EDT 2010</created>
<edited>Wed Jun 02 17:05:06 EDT 2010</edited>
<value><point x="12314" y="18250"/></value>
<metadata author="">

</metadata>
</contour>
<contour name="Process 78" class="PointContour" color="#0390ff" visible="true">
<created>Tue Jun 08 12:45:29 EDT 2010</created>
<edited>Tue Jun 08 12:45:29 EDT 2010</edited>
<value><point x="12698" y="17676"/></value>
<metadata author="">

</metadata>
</contour>
<contour name="Process 104" class="PointContour" color="#df03ff" visible="true">
<created>Tue Jun 08 16:13:05 EDT 2010</created>
<edited>Tue Jun 08 16:13:05 EDT 2010</edited>
<value><point x="12544" y="18546"/></value>
<metadata author="">

</metadata>
</contour>
<contour name="Process 29" class="PointContour" color="#7aff76" visible="true">
<created>Mon Jun 07 15:06:28 EDT 2010</created>
<edited>Mon Jun 07 15:06:28 EDT 2010</edited>
<value><point x="11202" y="18604"/></value>
<metadata author="">

</metadata>
</contour>
<contour name="Process 29" class="PointContour" color="#7aff76" visible="true">
<created>Mon Jun 07 15:06:28 EDT 2010</created>
<edited>Mon Jun 07 15:06:28 EDT 2010</edited>
<value><point x="11096" y="18434"/></value>
<metadata author="">

</metadata>
</contour>
<contour name="Process 95" class="PointContour" color="#93ff04" visible="true">
<created>Tue Jun 08 14:28:48 EDT 2010</created>
<edited>Tue Jun 08 14:28:48 EDT 2010</edited>
<value><point x="11374" y="17508"/></value>
<metadata author="">

</metadata>
</contour>
<contour name="Trail 3" class="PointContour" color="#ffa20c" visible="true">
<created>Wed Jun 02 16:18:11 EDT 2010</created>
<edited>Wed Jun 02 16:18:11 EDT 2010</edited>
<value><point x="11892" y="18778"/></value>
<metadata author="">

</metadata>
</contour>
<contour name="Process 29" class="PointContour" color="#7aff76" visible="true">
<created>Mon Jun 07 15:06:28 EDT 2010</created>
<edited>Mon Jun 07 15:06:28 EDT 2010</edited>
<value><point x="11034" y="18330"/></value>
<metadata author="">

</metadata>
</contour>
<contour name="Process 134" class="PointContour" color="#0954ff" visible="true">
<created>Wed Jun 09 13:07:41 EDT 2010</created>
<edited>Wed Jun 09 13:07:41 EDT 2010</edited>
<value><point x="12700" y="18196"/></value>
<metadata author="">

</metadata>
</contour>
<contour name="Process 42" class="PointContour" color="#f7cd42" visible="true">
<created>Mon Jun 07 16:50:29 EDT 2010</created>
<edited>Mon Jun 07 16:50:29 EDT 2010</edited>
<value><point x="11990" y="19454"/></value>
<metadata author="">

</metadata>
</contour>
<contour name="Process 102" class="PointContour" color="#7706ff" visible="true">
<created>Tue Jun 08 16:05:18 EDT 2010</created>
<edited>Tue Jun 08 16:05:18 EDT 2010</edited>
<value><point x="12090" y="17902"/></value>
<metadata author="">

</metadata>
</contour>
<contour name="Process 89" class="PointContour" color="#ff7c09" visible="true">
<created>Tue Jun 08 13:40:44 EDT 2010</created>
<edited>Tue Jun 08 13:40:44 EDT 2010</edited>
<value><point x="12766" y="18730"/></value>
<metadata author="">

</metadata>
</contour>
<contour name="Process 78" class="PointContour" color="#0390ff" visible="true">
<created>Tue Jun 08 12:45:29 EDT 2010</created>
<edited>Tue Jun 08 12:45:29 EDT 2010</edited>
<value><point x="12420" y="17550"/></value>
<metadata author="">

</metadata>
</contour>
<contour name="Process 184" class="PointContour" color="#e5ff1d" visible="true">
<created>Thu Jun 10 12:23:08 EDT 2010</created>
<edited>Thu Jun 10 12:23:08 EDT 2010</edited>
<value><point x="11232" y="19160"/></value>
<metadata author="">

</metadata>
</contour>
<contour name="Process 29" class="PointContour" color="#7aff76" visible="true">
<created>Mon Jun 07 15:06:28 EDT 2010</created>
<edited>Mon Jun 07 15:06:28 EDT 2010</edited>
<value><point x="11622" y="19290"/></value>
<metadata author="">

</metadata>
</contour>
<contour name="Process 58" class="PointContour" color="#ff0340" visible="true">
<created>Mon Jun 07 17:27:13 EDT 2010</created>
<edited>Mon Jun 07 17:27:13 EDT 2010</edited>
<value><point x="11906" y="19210"/></value>
<metadata author="">

</metadata>
</contour>
<contour name="Process 38" class="PointContour" color="#f7edc9" visible="true">
<created>Mon Jun 07 16:41:37 EDT 2010</created>
<edited>Mon Jun 07 16:41:37 EDT 2010</edited>
<value><point x="12044" y="18278"/></value>
<metadata author="">

</metadata>
</contour>
<contour name="Process 78" class="PointContour" color="#0390ff" visible="true">
<created>Tue Jun 08 12:45:29 EDT 2010</created>
<edited>Tue Jun 08 12:45:29 EDT 2010</edited>
<value><point x="12438" y="17560"/></value>
<metadata author="">

</metadata>
</contour>
<contour name="Process 138" class="PointContour" color="#ffce2e" visible="true">
<created>Wed Jun 09 14:54:06 EDT 2010</created>
<edited>Wed Jun 09 14:54:06 EDT 2010</edited>
<value><point x="11344" y="19270"/></value>
<metadata author="">

</metadata>
</contour>
<contour name="Process 44" class="PointContour" color="#ddf72a" visible="true">
<created>Mon Jun 07 16:52:47 EDT 2010</created>
<edited>Mon Jun 07 16:52:47 EDT 2010</edited>
<value><point x="11850" y="17914"/></value>
<metadata author="">

</metadata>
</contour>
<contour name="Process 126" class="PointContour" color="#ff4904" visible="true">
<created>Wed Jun 09 11:05:16 EDT 2010</created>
<edited>Wed Jun 09 11:05:16 EDT 2010</edited>
<value><point x="11692" y="19024"/></value>
<metadata author="">

</metadata>
</contour>
<contour name="Process 29" class="PointContour" color="#7aff76" visible="true">
<created>Mon Jun 07 15:06:28 EDT 2010</created>
<edited>Mon Jun 07 15:06:28 EDT 2010</edited>
<value><point x="11338" y="18828"/></value>
<metadata author="">

</metadata>
</contour>
<contour name="Process 7" class="PointContour" color="#10fffb" visible="true">
<created>Wed Jun 02 16:54:42 EDT 2010</created>
<edited>Wed Jun 02 16:54:42 EDT 2010</edited>
<value><point x="11144" y="19196"/></value>
<metadata author="">

</metadata>
</contour>
<contour name="Process 29" class="PointContour" color="#7aff76" visible="true">
<created>Mon Jun 07 15:06:28 EDT 2010</created>
<edited>Mon Jun 07 15:06:28 EDT 2010</edited>
<value><point x="11234" y="18656"/></value>
<metadata author="">

</metadata>
</contour>
<contour name="Process 143" class="PointContour" color="#d10eff" visible="true">
<created>Wed Jun 09 15:08:01 EDT 2010</created>
<edited>Wed Jun 09 15:08:01 EDT 2010</edited>
<value><point x="12966" y="19188"/></value>
<metadata author="">

</metadata>
</contour>
<contour name="Process 29" class="PointContour" color="#7aff76" visible="true">
<created>Mon Jun 07 16:16:04 EDT 2010</created>
<edited>Mon Jun 07 16:16:04 EDT 2010</edited>
<value><point x="11070" y="19404"/></value>
<metadata author="">

</metadata>
</contour>
<contour name="Process 60" class="PointContour" color="#ff4e01" visible="true">
<created>Mon Jun 07 17:30:45 EDT 2010</created>
<edited>Mon Jun 07 17:30:45 EDT 2010</edited>
<value><point x="11624" y="17704"/></value>
<metadata author="">

</metadata>
</contour>
<contour name="Process 29" class="PointContour" color="#7aff76" visible="true">
<created>Mon Jun 07 15:06:28 EDT 2010</created>
<edited>Mon Jun 07 15:06:28 EDT 2010</edited>
<value><point x="11632" y="19308"/></value>
<metadata author="">

</metadata>
</contour>
<contour name="Process 66" class="PointContour" color="#bcff07" visible="true">
<created>Mon Jun 07 17:37:18 EDT 2010</created>
<edited>Mon Jun 07 17:37:18 EDT 2010</edited>
<value><point x="11676" y="18354"/></value>
<metadata author="">

</metadata>
</contour>
<contour name="Process 105" class="PointContour" color="#ff0be6" visible="true">
<created>Tue Jun 08 16:16:05 EDT 2010</created>
<edited>Tue Jun 08 16:16:05 EDT 2010</edited>
<value><point x="11070" y="19144"/></value>
<metadata author="">

</metadata>
</contour>
<contour name="Process 78" class="PointContour" color="#0390ff" visible="true">
<created>Tue Jun 08 12:45:29 EDT 2010</created>
<edited>Tue Jun 08 12:45:29 EDT 2010</edited>
<value><point x="12456" y="17568"/></value>
<metadata author="">

</metadata>
</contour>
<contour name="Process 264" class="PointContour" color="#df3e16" visible="true">
<created>Fri Jun 11 13:13:27 EDT 2010</created>
<edited>Fri Jun 11 13:13:27 EDT 2010</edited>
<value><point x="11022" y="18932"/></value>
<metadata author="">

</metadata>
</contour>
<contour name="Process 29" class="PointContour" color="#7aff76" visible="true">
<created>Thu Jun 03 12:28:40 EDT 2010</created>
<edited>Thu Jun 03 12:28:40 EDT 2010</edited>
<value><point x="11722" y="18792"/></value>
<metadata author="">

</metadata>
</contour>
<contour name="Process 29" class="PointContour" color="#7aff76" visible="true">
<created>Mon Jun 07 15:06:28 EDT 2010</created>
<edited>Mon Jun 07 15:06:28 EDT 2010</edited>
<value><point x="11118" y="18468"/></value>
<metadata author="">

</metadata>
</contour>
<contour name="Process 29" class="PointContour" color="#7aff76" visible="true">
<created>Mon Jun 07 15:06:28 EDT 2010</created>
<edited>Mon Jun 07 15:06:28 EDT 2010</edited>
<value><point x="11244" y="18674"/></value>
<metadata author="">

</metadata>
</contour>
<contour name="Process 63" class="PointContour" color="#ffcc0d" visible="true">
<created>Mon Jun 07 17:34:04 EDT 2010</created>
<edited>Mon Jun 07 17:34:04 EDT 2010</edited>
<value><point x="12306" y="18358"/></value>
<metadata author="">

</metadata>
</contour>
<contour name="Process 29" class="PointContour" color="#7aff76" visible="true">
<created>Mon Jun 07 15:06:28 EDT 2010</created>
<edited>Mon Jun 07 15:06:28 EDT 2010</edited>
<value><point x="11486" y="19068"/></value>
<metadata author="">

</metadata>
</contour>
<contour name="Process 29" class="PointContour" color="#7aff76" visible="true">
<created>Mon Jun 07 15:06:28 EDT 2010</created>
<edited>Mon Jun 07 15:06:28 EDT 2010</edited>
<value><point x="11642" y="19324"/></value>
<metadata author="">

</metadata>
</contour>
<contour name="Process 78" class="PointContour" color="#0390ff" visible="true">
<created>Tue Jun 08 12:45:29 EDT 2010</created>
<edited>Tue Jun 08 12:45:29 EDT 2010</edited>
<value><point x="12920" y="17776"/></value>
<metadata author="">

</metadata>
</contour>
<contour name="Process 17" class="PointContour" color="#c115ff" visible="true">
<created>Wed Jun 02 17:40:49 EDT 2010</created>
<edited>Wed Jun 02 17:40:49 EDT 2010</edited>
<value><point x="11808" y="17562"/></value>
<metadata author="">

</metadata>
</contour>
<contour name="Process 48" class="PointContour" color="#cc6b6b" visible="true">
<created>Mon Jun 07 16:59:58 EDT 2010</created>
<edited>Mon Jun 07 16:59:58 EDT 2010</edited>
<value><point x="11912" y="17970"/></value>
<metadata author="">

</metadata>
</contour>
<contour name="Process 35" class="PointContour" color="#f76b06" visible="true">
<created>Mon Jun 07 16:34:44 EDT 2010</created>
<edited>Mon Jun 07 16:34:44 EDT 2010</edited>
<value><point x="12250" y="18826"/></value>
<metadata author="">

</metadata>
</contour>
<contour name="Process 29" class="PointContour" color="#7aff76" visible="true">
<created>Mon Jun 07 15:06:28 EDT 2010</created>
<edited>Mon Jun 07 15:06:28 EDT 2010</edited>
<value><point x="11138" y="18502"/></value>
<metadata author="">

</metadata>
</contour>
<contour name="Trail 11" class="PointContour" color="#ff6a83" visible="true">
<created>Wed Jun 02 17:15:34 EDT 2010</created>
<edited>Wed Jun 02 17:15:34 EDT 2010</edited>
<value><point x="11802" y="18268"/></value>
<metadata author="">

</metadata>
</contour>
<contour name="Process 2" class="PointContour" color="#ff5107" visible="true">
<created>Wed Jun 02 16:14:40 EDT 2010</created>
<edited>Wed Jun 02 16:14:40 EDT 2010</edited>
<value><point x="11608" y="18874"/></value>
<metadata author="">

</metadata>
</contour>
<contour name="Process 78" class="PointContour" color="#0390ff" visible="true">
<created>Tue Jun 08 12:45:29 EDT 2010</created>
<edited>Tue Jun 08 12:45:29 EDT 2010</edited>
<value><point x="12364" y="17526"/></value>
<metadata author="">

</metadata>
</contour>
<contour name="Process 29" class="PointContour" color="#7aff76" visible="true">
<created>Mon Jun 07 15:06:28 EDT 2010</created>
<edited>Mon Jun 07 15:06:28 EDT 2010</edited>
<value><point x="11464" y="19034"/></value>
<metadata author="">

</metadata>
</contour>
<contour name="Process 78" class="PointContour" color="#0390ff" visible="true">
<created>Tue Jun 08 12:45:29 EDT 2010</created>
<edited>Tue Jun 08 12:45:29 EDT 2010</edited>
<value><point x="12790" y="17718"/></value>
<metadata author="">

</metadata>
</contour>
<contour name="Process 17" class="PointContour" color="#c115ff" visible="true">
<created>Wed Jun 02 17:41:38 EDT 2010</created>
<edited>Wed Jun 02 17:41:38 EDT 2010</edited>
<value><point x="11688" y="17480"/></value>
<metadata author="">

</metadata>
</contour>
<contour name="Process 121" class="PointContour" color="#6ac7ff" visible="true">
<created>Tue Jun 08 17:25:38 EDT 2010</created>
<edited>Tue Jun 08 17:25:38 EDT 2010</edited>
<value><point x="12678" y="18112"/></value>
<metadata author="">

</metadata>
</contour>
<contour name="Process 8" class="PointContour" color="#2d23ff" visible="true">
<created>Wed Jun 02 17:06:11 EDT 2010</created>
<edited>Wed Jun 02 17:06:11 EDT 2010</edited>
<value><point x="12080" y="18474"/></value>
<metadata author="">

</metadata>
</contour>
<contour name="Process 92" class="PointContour" color="#ffd909" visible="true">
<created>Tue Jun 08 14:11:19 EDT 2010</created>
<edited>Tue Jun 08 14:11:19 EDT 2010</edited>
<value><point x="12216" y="19372"/></value>
<metadata author="">

</metadata>
</contour>
<contour name="Process 85" class="PointContour" color="#ff067f" visible="true">
<created>Tue Jun 08 13:17:12 EDT 2010</created>
<edited>Tue Jun 08 13:17:12 EDT 2010</edited>
<value><point x="12828" y="19024"/></value>
<metadata author="">

</metadata>
</contour>
<contour name="Process 78" class="PointContour" color="#0390ff" visible="true">
<created>Tue Jun 08 12:45:29 EDT 2010</created>
<edited>Tue Jun 08 12:45:29 EDT 2010</edited>
<value><point x="12752" y="17702"/></value>
<metadata author="">

</metadata>
</contour>
<contour name="Process 29" class="PointContour" color="#7aff76" visible="true">
<created>Mon Jun 07 15:06:28 EDT 2010</created>
<edited>Mon Jun 07 15:06:28 EDT 2010</edited>
<value><point x="11348" y="18844"/></value>
<metadata author="">

</metadata>
</contour>
<contour name="Process 128" class="PointContour" color="#acff0c" visible="true">
<created>Wed Jun 09 12:22:17 EDT 2010</created>
<edited>Wed Jun 09 12:22:17 EDT 2010</edited>
<value><point x="12372" y="18418"/></value>
<metadata author="">

</metadata>
</contour>
<contour name="Process 29" class="PointContour" color="#7aff76" visible="true">
<created>Mon Jun 07 15:06:28 EDT 2010</created>
<edited>Mon Jun 07 15:06:28 EDT 2010</edited>
<value><point x="11012" y="18296"/></value>
<metadata author="">

</metadata>
</contour>
<contour name="Process 67" class="PointContour" color="#8eff03" visible="true">
<created>Mon Jun 07 17:39:56 EDT 2010</created>
<edited>Mon Jun 07 17:39:56 EDT 2010</edited>
<value><point x="12840" y="17438"/></value>
<metadata author="">

</metadata>
</contour>
<contour name="Process 29" class="PointContour" color="#7aff76" visible="true">
<created>Mon Jun 07 15:06:28 EDT 2010</created>
<edited>Mon Jun 07 15:06:28 EDT 2010</edited>
<value><point x="11444" y="18998"/></value>
<metadata author="">

</metadata>
</contour>
<contour name="Process 183" class="PointContour" color="#e166ff" visible="true">
<created>Thu Jun 10 12:40:28 EDT 2010</created>
<edited>Thu Jun 10 12:40:28 EDT 2010</edited>
<value><point x="12630" y="19206"/></value>
<metadata author="">

</metadata>
</contour>
<contour name="Process 10" class="PointContour" color="#ff17f0" visible="true">
<created>Wed Jun 02 17:11:04 EDT 2010</created>
<edited>Wed Jun 02 17:11:04 EDT 2010</edited>
<value><point x="11860" y="18024"/></value>
<metadata author="">

</metadata>
</contour>
<contour name="Process 22" class="PointContour" color="#7e84c2" visible="true">
<created>Thu Jun 03 10:08:09 EDT 2010</created>
<edited>Thu Jun 03 10:08:09 EDT 2010</edited>
<value><point x="12366" y="17798"/></value>
<metadata author="">

</metadata>
</contour>
<contour name="Process 142" class="PointContour" color="#ffefba" visible="true">
<created>Wed Jun 09 15:05:19 EDT 2010</created>
<edited>Wed Jun 09 15:05:19 EDT 2010</edited>
<value><point x="12458" y="18824"/></value>
<metadata author="">

</metadata>
</contour>
<contour name="Process 131" class="PointContour" color="#0cf4ff" visible="true">
<created>Wed Jun 09 13:03:28 EDT 2010</created>
<edited>Wed Jun 09 13:03:28 EDT 2010</edited>
<value><point x="12864" y="17938"/></value>
<metadata author="">

</metadata>
</contour>
<contour name="Process 216" class="PointContour" color="#cf21ff" visible="true">
<created>Thu Jun 10 14:03:42 EDT 2010</created>
<edited>Thu Jun 10 14:03:42 EDT 2010</edited>
<value><point x="12490" y="19318"/></value>
<metadata author="">

</metadata>
</contour>
<contour name="Process 29" class="PointContour" color="#7aff76" visible="true">
<created>Mon Jun 07 15:06:28 EDT 2010</created>
<edited>Mon Jun 07 15:06:28 EDT 2010</edited>
<value><point x="11600" y="19256"/></value>
<metadata author="">

</metadata>
</contour>
<contour name="Process 101" class="PointContour" color="#036bff" visible="true">
<created>Wed Jun 09 16:04:58 EDT 2010</created>
<edited>Wed Jun 09 16:04:58 EDT 2010</edited>
<value><point x="12290" y="18454"/></value>
<metadata author="">

</metadata>
</contour>
<contour name="Process 51" class="PointContour" color="#8906ff" visible="true">
<created>Mon Jun 07 17:18:47 EDT 2010</created>
<edited>Mon Jun 07 17:18:47 EDT 2010</edited>
<value><point x="12032" y="18120"/></value>
<metadata author="">

</metadata>
</contour>
<contour name="Process 29" class="PointContour" color="#7aff76" visible="true">
<created>Mon Jun 07 15:06:28 EDT 2010</created>
<edited>Mon Jun 07 15:06:28 EDT 2010</edited>
<value><point x="11612" y="19274"/></value>
<metadata author="">

</metadata>
</contour>
<contour name="Process 104" class="PointContour" color="#df03ff" visible="true">
<created>Tue Jun 08 16:10:43 EDT 2010</created>
<edited>Tue Jun 08 16:10:43 EDT 2010</edited>
<value><point x="11716" y="17890"/></value>
<metadata author="">

</metadata>
</contour>
<contour name="Process 78" class="PointContour" color="#0390ff" visible="true">
<created>Tue Jun 08 12:45:29 EDT 2010</created>
<edited>Tue Jun 08 12:45:29 EDT 2010</edited>
<value><point x="12808" y="17726"/></value>
<metadata author="">

</metadata>
</contour>
<contour name="Process 29" class="PointContour" color="#7aff76" visible="true">
<created>Mon Jun 07 15:06:28 EDT 2010</created>
<edited>Mon Jun 07 15:06:28 EDT 2010</edited>
<value><point x="11024" y="18314"/></value>
<metadata author="">

</metadata>
</contour>
<contour name="Process 29" class="PointContour" color="#7aff76" visible="true">
<created>Mon Jun 07 15:06:28 EDT 2010</created>
<edited>Mon Jun 07 15:06:28 EDT 2010</edited>
<value><point x="11412" y="18948"/></value>
<metadata author="">

</metadata>
</contour>
<contour name="Process 78" class="PointContour" color="#0390ff" visible="true">
<created>Tue Jun 08 12:45:29 EDT 2010</created>
<edited>Tue Jun 08 12:45:29 EDT 2010</edited>
<value><point x="12624" y="17642"/></value>
<metadata author="">

</metadata>
</contour>
<contour name="Process 17" class="PointContour" color="#c115ff" visible="true">
<created>Thu Jun 10 15:03:53 EDT 2010</created>
<edited>Thu Jun 10 15:03:53 EDT 2010</edited>
<value><point x="11346" y="17860"/></value>
<metadata author="">

</metadata>
</contour>
<contour name="Process 29" class="PointContour" color="#7aff76" visible="true">
<created>Mon Jun 07 15:06:28 EDT 2010</created>
<edited>Mon Jun 07 15:06:28 EDT 2010</edited>
<value><point x="11002" y="18280"/></value>
<metadata author="">

</metadata>
</contour>
<contour name="Process 158" class="PointContour" color="#ff7fcd" visible="true">
<created>Wed Jun 09 15:48:28 EDT 2010</created>
<edited>Wed Jun 09 15:48:28 EDT 2010</edited>
<value><point x="11176" y="17986"/></value>
<metadata author="">

</metadata>
</contour>
<contour name="Process 210" class="PointContour" color="#6c6eff" visible="true">
<created>Thu Jun 10 13:50:30 EDT 2010</created>
<edited>Thu Jun 10 13:50:30 EDT 2010</edited>
<value><point x="12742" y="19180"/></value>
<metadata author="">

</metadata>
</contour>
<contour name="Process 78" class="PointContour" color="#0390ff" visible="true">
<created>Tue Jun 08 12:45:29 EDT 2010</created>
<edited>Tue Jun 08 12:45:29 EDT 2010</edited>
<value><point x="12678" y="17668"/></value>
<metadata author="">

</metadata>
</contour>
<contour name="Process 76" class="PointContour" color="#08ffdd" visible="true">
<created>Tue Jun 08 12:38:58 EDT 2010</created>
<edited>Tue Jun 08 12:38:58 EDT 2010</edited>
<value><point x="12822" y="18610"/></value>
<metadata author="">

</metadata>
</contour>
<contour name="Process 85" class="PointContour" color="#ff067f" visible="true">
<created>Tue Jun 08 13:17:07 EDT 2010</created>
<edited>Tue Jun 08 13:17:07 EDT 2010</edited>
<value><point x="12976" y="19102"/></value>
<metadata author="">

</metadata>
</contour>
<contour name="Process 31" class="PointContour" color="#d9d331" visible="true">
<created>Mon Jun 07 16:19:09 EDT 2010</created>
<edited>Mon Jun 07 16:19:09 EDT 2010</edited>
<value><point x="11772" y="18174"/></value>
<metadata author="">

</metadata>
</contour>
<contour name="Process 84" class="PointContour" color="#ff0ac0" visible="true">
<created>Tue Jun 08 13:05:21 EDT 2010</created>
<edited>Tue Jun 08 13:05:21 EDT 2010</edited>
<value><point x="12042" y="19322"/></value>
<metadata author="">

</metadata>
</contour>
<contour name="Process 267" class="PointContour" color="#bc66e6" visible="true">
<created>Fri Jun 11 16:07:35 EDT 2010</created>
<edited>Fri Jun 11 16:07:35 EDT 2010</edited>
<value><point x="11894" y="17794"/></value>
<metadata author="">

</metadata>
</contour>
<contour name="Process 267" class="PointContour" color="#bc66e6" visible="true">
<created>Fri Jun 11 16:08:13 EDT 2010</created>
<edited>Fri Jun 11 16:08:13 EDT 2010</edited>
<value><point x="11986" y="17896"/></value>
<metadata author="">

</metadata>
</contour>
<contour name="Process 283" class="PointContour" color="#8bdb3a" visible="true">
<created>Mon Jun 14 12:47:18 EDT 2010</created>
<edited>Mon Jun 14 12:47:18 EDT 2010</edited>
<value><point x="10970" y="18816"/></value>
<metadata author="">

</metadata>
</contour>
<contour name="Process 283" class="PointContour" color="#8bdb3a" visible="true">
<created>Mon Jun 14 12:48:11 EDT 2010</created>
<edited>Mon Jun 14 12:48:11 EDT 2010</edited>
<value><point x="12696" y="18442"/></value>
<metadata author="">

</metadata>
</contour>
<contour name="Process 171" class="PointContour" color="#d0ff5f" visible="true">
<created>Tue Jun 15 12:40:18 EDT 2010</created>
<edited>Tue Jun 15 12:40:18 EDT 2010</edited>
<value><point x="12642" y="18362"/></value>
<metadata author="">

</metadata>
</contour>
<contour name="Process 72" class="PointContour" color="#ffcd08" visible="true">
<created>Tue Jun 15 13:06:57 EDT 2010</created>
<edited>Tue Jun 15 13:06:57 EDT 2010</edited>
<value><point x="12590" y="18766"/></value>
<metadata author="">

</metadata>
</contour>
<contour name="Process 298" class="PointContour" color="#9b0b1c" visible="true">
<created>Tue Jun 15 13:08:16 EDT 2010</created>
<edited>Tue Jun 15 13:08:16 EDT 2010</edited>
<value><point x="12672" y="18662"/></value>
<metadata author="">

</metadata>
</contour>
<contour name="Process 301" class="PointContour" color="#ee987c" visible="true">
<created>Tue Jun 15 13:22:46 EDT 2010</created>
<edited>Tue Jun 15 13:22:46 EDT 2010</edited>
<value><point x="12128" y="18208"/></value>
<metadata author="">

</metadata>
</contour>
<contour name="Process 303" class="PointContour" color="#baac7b" visible="true">
<created>Tue Jun 15 14:28:17 EDT 2010</created>
<edited>Tue Jun 15 14:28:17 EDT 2010</edited>
<value><point x="12388" y="19338"/></value>
<metadata author="">

</metadata>
</contour>
<contour name="Process 307" class="PointContour" color="#bc7f1e" visible="true">
<created>Tue Jun 15 14:39:35 EDT 2010</created>
<edited>Tue Jun 15 14:39:35 EDT 2010</edited>
<value><point x="12952" y="18268"/></value>
<metadata author="">

</metadata>
</contour>
<contour name="Process 311" class="PointContour" color="#0b7893" visible="true">
<created>Tue Jun 15 14:47:09 EDT 2010</created>
<edited>Tue Jun 15 14:47:09 EDT 2010</edited>
<value><point x="11170" y="19086"/></value>
<metadata author="">

</metadata>
</contour>
<contour name="Process 28" class="PointContour" color="#d1a73a" visible="true">
<created>Tue Jun 15 14:55:40 EDT 2010</created>
<edited>Tue Jun 15 14:55:40 EDT 2010</edited>
<value><point x="12222" y="18458"/></value>
<metadata author="">

</metadata>
</contour>
<contour name="Process 321" class="PointContour" color="#1fbbad" visible="true">
<created>Tue Jun 15 16:38:40 EDT 2010</created>
<edited>Tue Jun 15 16:38:40 EDT 2010</edited>
<value><point x="11084" y="17662"/></value>
<metadata author="">

</metadata>
</contour>
<contour name="Process 322" class="PointContour" color="#bec2b9" visible="true">
<created>Tue Jun 15 16:39:16 EDT 2010</created>
<edited>Tue Jun 15 16:39:16 EDT 2010</edited>
<value><point x="11122" y="17704"/></value>
<metadata author="">

</metadata>
</contour>
<contour name="Process 333" class="PointContour" color="#f08a90" visible="true">
<created>Tue Jun 15 16:50:24 EDT 2010</created>
<edited>Tue Jun 15 16:50:24 EDT 2010</edited>
<value><point x="12672" y="19454"/></value>
<metadata author="">

</metadata>
</contour>
<contour name="Process 29" class="PointContour" color="#7aff76" visible="true">
<created>Tue Jun 15 16:53:34 EDT 2010</created>
<edited>Tue Jun 15 16:53:34 EDT 2010</edited>
<value><point x="10976" y="19188"/></value>
<metadata author="">

</metadata>
</contour>
<contour name="Process 84" class="PointContour" color="#ff0ac0" visible="true">
<created>Tue Jun 15 17:30:52 EDT 2010</created>
<edited>Tue Jun 15 17:30:52 EDT 2010</edited>
<value><point x="11888" y="18984"/></value>
<metadata author="">

</metadata>
</contour>
<contour name="Process 171" class="PointContour" color="#d0ff5f" visible="true">
<created>Tue Jun 15 17:34:37 EDT 2010</created>
<edited>Tue Jun 15 17:34:37 EDT 2010</edited>
<value><point x="11872" y="18602"/></value>
<metadata author="">

</metadata>
</contour>
<contour name="Process 171" class="PointContour" color="#d0ff5f" visible="true">
<created>Tue Jun 15 17:36:25 EDT 2010</created>
<edited>Tue Jun 15 17:36:25 EDT 2010</edited>
<value><point x="11210" y="17768"/></value>
<metadata author="">

</metadata>
</contour>
<contour name="Process 171" class="PointContour" color="#d0ff5f" visible="true">
<created>Tue Jun 15 17:39:39 EDT 2010</created>
<edited>Tue Jun 15 17:39:39 EDT 2010</edited>
<value><point x="12350" y="19220"/></value>
<metadata author="">

</metadata>
</contour>
<contour name="Process 171" class="PointContour" color="#d0ff5f" visible="true">
<created>Tue Jun 15 17:44:03 EDT 2010</created>
<edited>Tue Jun 15 17:44:03 EDT 2010</edited>
<value><point x="11028" y="17750"/></value>
<metadata author="">

</metadata>
</contour>
<contour name="Process 357" class="PointContour" color="#26769b" visible="true">
<created>Wed Jun 23 09:57:44 EDT 2010</created>
<edited>Wed Jun 23 09:57:44 EDT 2010</edited>
<value><point x="11246" y="19444"/></value>
<metadata author="">

</metadata>
</contour>
<contour name="Process 171" class="PointContour" color="#d0ff5f" visible="true">
<created>Wed Jun 23 09:58:33 EDT 2010</created>
<edited>Wed Jun 23 09:58:33 EDT 2010</edited>
<value><point x="11992" y="19242"/></value>
<metadata author="">

</metadata>
</contour>
<contour name="Process 368" class="PointContour" color="#15d8d6" visible="true">
<created>Wed Jun 23 11:50:12 EDT 2010</created>
<edited>Wed Jun 23 11:50:12 EDT 2010</edited>
<value><point x="12762" y="19382"/></value>
<metadata author="">

</metadata>
</contour>
<contour name="Process 369" class="PointContour" color="#9f276e" visible="true">
<created>Wed Jun 23 11:51:45 EDT 2010</created>
<edited>Wed Jun 23 11:51:45 EDT 2010</edited>
<value><point x="12152" y="18808"/></value>
<metadata author="">

</metadata>
</contour>
<contour name="Process 75" class="PointContour" color="#08ffac" visible="true">
<created>Wed Jun 23 11:58:32 EDT 2010</created>
<edited>Wed Jun 23 11:58:32 EDT 2010</edited>
<value><point x="12918" y="19272"/></value>
<metadata author="">

</metadata>
</contour>
<contour name="Process 171" class="PointContour" color="#d0ff5f" visible="true">
<created>Wed Jun 23 12:11:57 EDT 2010</created>
<edited>Wed Jun 23 12:11:57 EDT 2010</edited>
<value><point x="11316" y="18208"/></value>
<metadata author="">

</metadata>
</contour>
<contour name="Process 171" class="PointContour" color="#d0ff5f" visible="true">
<created>Wed Jun 23 12:14:02 EDT 2010</created>
<edited>Wed Jun 23 12:14:02 EDT 2010</edited>
<value><point x="11438" y="17930"/></value>
<metadata author="">

</metadata>
</contour>
<contour name="Process 382" class="PointContour" color="#15b55a" visible="true">
<created>Wed Jun 23 12:25:52 EDT 2010</created>
<edited>Wed Jun 23 12:25:52 EDT 2010</edited>
<value><point x="11582" y="17870"/></value>
<metadata author="">

</metadata>
</contour>
<contour name="Process 382" class="PointContour" color="#15b55a" visible="true">
<created>Wed Jun 23 12:26:05 EDT 2010</created>
<edited>Wed Jun 23 12:26:05 EDT 2010</edited>
<value><point x="11360" y="17780"/></value>
<metadata author="">

</metadata>
</contour>
<contour name="Process 382" class="PointContour" color="#15b55a" visible="true">
<created>Wed Jun 23 12:26:36 EDT 2010</created>
<edited>Wed Jun 23 12:26:36 EDT 2010</edited>
<value><point x="11890" y="17888"/></value>
<metadata author="">

</metadata>
</contour>
<contour name="Process 388" class="PointContour" color="#bdd1b7" visible="true">
<created>Wed Jun 23 13:03:11 EDT 2010</created>
<edited>Wed Jun 23 13:03:11 EDT 2010</edited>
<value><point x="11792" y="19248"/></value>
<metadata author="">

</metadata>
</contour>
<contour name="Process 391" class="PointContour" color="#627d97" visible="true">
<created>Wed Jun 23 13:22:05 EDT 2010</created>
<edited>Wed Jun 23 13:22:05 EDT 2010</edited>
<value><point x="11022" y="17656"/></value>
<metadata author="">

</metadata>
</contour>
<contour name="Process 394" class="PointContour" color="#9f5fc8" visible="true">
<created>Wed Jun 30 10:43:45 EDT 2010</created>
<edited>Wed Jun 30 10:43:45 EDT 2010</edited>
<value><point x="12222" y="18072"/></value>
<metadata author="">

</metadata>
</contour>
<contour name="Process 395" class="PointContour" color="#352bbd" visible="true">
<created>Wed Jun 30 10:49:42 EDT 2010</created>
<edited>Wed Jun 30 10:49:42 EDT 2010</edited>
<value><point x="12452" y="18716"/></value>
<metadata author="">

</metadata>
</contour>
<contour name="Process 395" class="PointContour" color="#352bbd" visible="true">
<created>Wed Jun 30 10:50:11 EDT 2010</created>
<edited>Wed Jun 30 10:50:11 EDT 2010</edited>
<value><point x="11802" y="19190"/></value>
<metadata author="">

</metadata>
</contour>
<contour name="Process 58" class="PointContour" color="#ff0340" visible="true">
<created>Wed Jun 30 12:07:28 EDT 2010</created>
<edited>Wed Jun 30 12:07:28 EDT 2010</edited>
<value><point x="12216" y="19240"/></value>
<metadata author="">

</metadata>
</contour>
<contour name="Process 17" class="PointContour" color="#c115ff" visible="true">
<created>Wed Jun 30 19:06:49 EDT 2010</created>
<edited>Wed Jun 30 19:06:49 EDT 2010</edited>
<value><point x="11018" y="17472"/></value>
<metadata author="">

</metadata>
</contour>
<contour name="Process 171" class="PointContour" color="#d0ff5f" visible="true">
<created>Thu Jul 01 11:10:42 EDT 2010</created>
<edited>Thu Jul 01 11:10:42 EDT 2010</edited>
<value><point x="11650" y="18778"/></value>
<metadata author="">

</metadata>
</contour>
<contour name="Process 412" class="PointContour" color="#d3bd4b" visible="true">
<created>Thu Jul 01 14:26:13 EDT 2010</created>
<edited>Thu Jul 01 14:26:13 EDT 2010</edited>
<value><point x="12292" y="17732"/></value>
<metadata author="">

</metadata>
</contour>
<contour name="Process 413" class="PointContour" color="#f086bb" visible="true">
<created>Thu Jul 01 14:32:23 EDT 2010</created>
<edited>Thu Jul 01 14:32:23 EDT 2010</edited>
<value><point x="11800" y="19032"/></value>
<metadata author="">

</metadata>
</contour>
<contour name="Process 414" class="PointContour" color="#bd1a87" visible="true">
<created>Thu Jul 08 13:28:45 EDT 2010</created>
<edited>Thu Jul 08 13:28:45 EDT 2010</edited>
<value><point x="11654" y="18108"/></value>
<metadata author="">

</metadata>
</contour>
<contour name="Process 416" class="PointContour" color="#0bfd7c" visible="true">
<created>Tue Jul 13 11:04:33 EDT 2010</created>
<edited>Tue Jul 13 11:04:33 EDT 2010</edited>
<value><point x="12820" y="19092"/></value>
<metadata author="">

</metadata>
</contour>
<contour name="Process 271" class="PointContour" color="#75436a" visible="true">
<created>Wed Jul 14 16:23:38 EDT 2010</created>
<edited>Wed Jul 14 16:23:38 EDT 2010</edited>
<value><point x="11898" y="17532"/></value>
<metadata author="">

</metadata>
</contour>
<contour name="Process 420" class="PointContour" color="#4fe1fe" visible="true">
<created>Wed Nov 24 16:50:21 EST 2010</created>
<edited>Wed Nov 24 16:50:21 EST 2010</edited>
<value><point x="10733" y="17867"/></value>
<metadata author="">

</metadata>
</contour>
<contour name="Process 421" class="PointContour" color="#e61dae" visible="true">
<created>Wed Nov 24 17:04:40 EST 2010</created>
<edited>Wed Nov 24 17:04:40 EST 2010</edited>
<value><point x="10670" y="17822"/></value>
<metadata author="">

</metadata>
</contour>
<contour name="Process 422" class="PointContour" color="#f8e1f2" visible="true">
<created>Wed Nov 24 17:17:38 EST 2010</created>
<edited>Wed Nov 24 17:17:38 EST 2010</edited>
<value><point x="10595" y="17752"/></value>
<metadata author="">

</metadata>
</contour>
<contour name="Process 423" class="PointContour" color="#f36543" visible="true">
<created>Wed Nov 24 17:32:27 EST 2010</created>
<edited>Wed Nov 24 17:32:27 EST 2010</edited>
<value><point x="9653" y="18054"/></value>
<metadata author="">

</metadata>
</contour>
<contour name="Process 423" class="PointContour" color="#f36543" visible="true">
<created>Wed Nov 24 17:33:16 EST 2010</created>
<edited>Wed Nov 24 17:33:16 EST 2010</edited>
<value><point x="8772" y="17839"/></value>
<metadata author="">

</metadata>
</contour>
<contour name="Process 423" class="PointContour" color="#f36543" visible="true">
<created>Wed Nov 24 17:36:48 EST 2010</created>
<edited>Wed Nov 24 17:36:48 EST 2010</edited>
<value><point x="4796" y="18272"/></value>
<metadata author="">

</metadata>
</contour>
<contour name="Process 423" class="PointContour" color="#f36543" visible="true">
<created>Wed Nov 24 18:27:28 EST 2010</created>
<edited>Wed Nov 24 18:27:28 EST 2010</edited>
<value><point x="5149" y="18591"/></value>
<metadata author="">

</metadata>
</contour>
<contour name="Process 426" class="PointContour" color="#a969fa" visible="true">
<created>Wed Nov 24 19:13:16 EST 2010</created>
<edited>Wed Nov 24 19:13:16 EST 2010</edited>
<value><point x="10613" y="18457"/></value>
<metadata author="">

</metadata>
</contour>
<contour name="Process 427" class="PointContour" color="#2e69d9" visible="true">
<created>Wed Nov 24 19:25:00 EST 2010</created>
<edited>Wed Nov 24 19:25:00 EST 2010</edited>
<value><point x="9643" y="18988"/></value>
<metadata author="">

</metadata>
</contour>
<contour name="Process 430" class="PointContour" color="#d6b579" visible="true">
<created>Wed Nov 24 20:09:21 EST 2010</created>
<edited>Wed Nov 24 20:09:21 EST 2010</edited>
<value><point x="9314" y="18741"/></value>
<metadata author="">

</metadata>
</contour>
<contour name="Process 430" class="PointContour" color="#d6b579" visible="true">
<created>Wed Nov 24 20:09:30 EST 2010</created>
<edited>Wed Nov 24 20:09:30 EST 2010</edited>
<value><point x="9410" y="18828"/></value>
<metadata author="">

</metadata>
</contour>
<contour name="Process 431" class="PointContour" color="#a298f6" visible="true">
<created>Wed Nov 24 20:21:43 EST 2010</created>
<edited>Wed Nov 24 20:21:43 EST 2010</edited>
<value><point x="10385" y="19101"/></value>
<metadata author="">

</metadata>
</contour>
<contour name="Process 441" class="PointContour" color="#d89428" visible="true">
<created>Thu Nov 25 14:40:36 EST 2010</created>
<edited>Thu Nov 25 14:40:36 EST 2010</edited>
<value><point x="11803" y="16749"/></value>
<metadata author="">

</metadata>
</contour>
<contour name="Process 449" class="PointContour" color="#697c74" visible="true">
<created>Fri Nov 26 18:14:37 EST 2010</created>
<edited>Fri Nov 26 18:14:37 EST 2010</edited>
<value><point x="10164" y="21152"/></value>
<metadata author="">

</metadata>
</contour>
<contour name="Process 450" class="PointContour" color="#866c5b" visible="true">
<created>Fri Nov 26 20:59:57 EST 2010</created>
<edited>Fri Nov 26 20:59:57 EST 2010</edited>
<value><point x="11888" y="16803"/></value>
<metadata author="">

</metadata>
</contour>
<contour name="Process 460" class="PointContour" color="#782b43" visible="true">
<created>Fri Dec 03 15:14:31 EST 2010</created>
<edited>Fri Dec 03 15:14:31 EST 2010</edited>
<value><point x="12852" y="17412"/></value>
<metadata author="">

</metadata>
</contour>
<contour name="Process 461" class="PointContour" color="#65d5e9" visible="true">
<created>Fri Dec 03 23:18:21 EST 2010</created>
<edited>Fri Dec 03 23:18:21 EST 2010</edited>
<value><point x="12036" y="16567"/></value>
<metadata author="">

</metadata>
</contour>
<contour name="Process 461" class="PointContour" color="#65d5e9" visible="true">
<created>Fri Dec 03 23:23:08 EST 2010</created>
<edited>Fri Dec 03 23:23:08 EST 2010</edited>
<value><point x="14673" y="14418"/></value>
<metadata author="">

</metadata>
</contour>
<contour name="Process 461" class="PointContour" color="#65d5e9" visible="true">
<created>Fri Dec 03 23:23:24 EST 2010</created>
<edited>Fri Dec 03 23:23:24 EST 2010</edited>
<value><point x="15156" y="14481"/></value>
<metadata author="">

</metadata>
</contour>
<contour name="Process 461" class="PointContour" color="#65d5e9" visible="true">
<created>Fri Dec 03 23:23:56 EST 2010</created>
<edited>Fri Dec 03 23:23:56 EST 2010</edited>
<value><point x="15979" y="13687"/></value>
<metadata author="">

</metadata>
</contour>
<contour name="Process 461" class="PointContour" color="#65d5e9" visible="true">
<created>Fri Dec 03 23:24:01 EST 2010</created>
<edited>Fri Dec 03 23:24:01 EST 2010</edited>
<value><point x="16242" y="13502"/></value>
<metadata author="">

</metadata>
</contour>
<contour name="Process 461" class="PointContour" color="#65d5e9" visible="true">
<created>Fri Dec 03 23:28:28 EST 2010</created>
<edited>Fri Dec 03 23:28:28 EST 2010</edited>
<value><point x="11550" y="16297"/></value>
<metadata author="">

</metadata>
</contour>
<contour name="Process 466" class="PointContour" color="#722e57" visible="true">
<created>Sat Dec 04 00:04:38 EST 2010</created>
<edited>Sat Dec 04 00:04:38 EST 2010</edited>
<value><point x="11535" y="16697"/></value>
<metadata author="">

</metadata>
</contour>
<contour name="Process 467" class="PointContour" color="#a56551" visible="true">
<created>Sat Dec 04 00:13:44 EST 2010</created>
<edited>Sat Dec 04 00:13:44 EST 2010</edited>
<value><point x="12238" y="19849"/></value>
<metadata author="">

</metadata>
</contour>
<contour name="Process 468" class="PointContour" color="#5025db" visible="true">
<created>Sat Dec 04 00:22:18 EST 2010</created>
<edited>Sat Dec 04 00:22:18 EST 2010</edited>
<value><point x="13892" y="16644"/></value>
<metadata author="">

</metadata>
</contour>
<contour name="Process 468" class="PointContour" color="#5025db" visible="true">
<created>Sat Dec 04 00:26:08 EST 2010</created>
<edited>Sat Dec 04 00:26:08 EST 2010</edited>
<value><point x="13073" y="17174"/></value>
<metadata author="">

</metadata>
</contour>
<contour name="Process 469" class="PointContour" color="#7f3a2b" visible="true">
<created>Sat Dec 04 00:28:00 EST 2010</created>
<edited>Sat Dec 04 00:28:00 EST 2010</edited>
<value><point x="11646" y="19584"/></value>
<metadata author="">

</metadata>
</contour>
<contour name="Process 471" class="PointContour" color="#da4772" visible="true">
<created>Sat Dec 04 13:37:42 EST 2010</created>
<edited>Sat Dec 04 13:37:42 EST 2010</edited>
<value><point x="10806" y="18874"/></value>
<metadata author="">

</metadata>
</contour>
<contour name="Process 474" class="PointContour" color="#068f4d" visible="true">
<created>Tue Feb 08 14:09:47 EST 2011</created>
<edited>Tue Feb 08 14:09:47 EST 2011</edited>
<value><point x="11905" y="19598"/></value>
<metadata author="">

</metadata>
</contour>
<contour name="Process 474" class="PointContour" color="#068f4d" visible="true">
<created>Tue Feb 08 14:10:51 EST 2011</created>
<edited>Tue Feb 08 14:10:51 EST 2011</edited>
<value><point x="10042" y="19508"/></value>
<metadata author="">

</metadata>
</contour>
<contour name="Process 478" class="PointContour" color="#4bab49" visible="true">
<created>Tue Feb 08 15:09:39 EST 2011</created>
<edited>Tue Feb 08 15:09:39 EST 2011</edited>
<value><point x="12107" y="19621"/></value>
<metadata author="">

</metadata>
</contour>
<contour name="Process 479" class="PointContour" color="#06e0f4" visible="true">
<created>Tue Feb 08 15:19:40 EST 2011</created>
<edited>Tue Feb 08 15:19:40 EST 2011</edited>
<value><point x="10801" y="19799"/></value>
<metadata author="">

</metadata>
</contour>
<contour name="Process 481" class="PointContour" color="#51749d" visible="true">
<created>Tue Feb 08 15:51:22 EST 2011</created>
<edited>Tue Feb 08 15:51:22 EST 2011</edited>
<value><point x="11712" y="19570"/></value>
<metadata author="">

</metadata>
</contour>
<contour name="Process 483" class="PointContour" color="#3f7313" visible="true">
<created>Tue Feb 08 17:26:51 EST 2011</created>
<edited>Tue Feb 08 17:26:51 EST 2011</edited>
<value><point x="11689" y="19546"/></value>
<metadata author="">

</metadata>
</contour>
<contour name="Process 492" class="PointContour" color="#3725ba" visible="true">
<created>Wed Feb 09 15:36:35 EST 2011</created>
<edited>Wed Feb 09 15:36:35 EST 2011</edited>
<value><point x="12194" y="19541"/></value>
<metadata author="">

</metadata>
</contour>
<contour name="Process 493" class="PointContour" color="#754904" visible="true">
<created>Wed Feb 09 15:41:54 EST 2011</created>
<edited>Wed Feb 09 15:41:54 EST 2011</edited>
<value><point x="11385" y="19750"/></value>
<metadata author="">

</metadata>
</contour>
<contour name="Trail 533" class="PointContour" color="#3e79a5" visible="true">
<created>Mon Feb 14 12:01:48 EST 2011</created>
<edited>Mon Feb 14 12:01:48 EST 2011</edited>
<value><point x="16358" y="17441"/></value>
<metadata author="">

</metadata>
</contour>
<contour name="Trail 533" class="PointContour" color="#3e79a5" visible="true">
<created>Mon Feb 14 12:03:03 EST 2011</created>
<edited>Mon Feb 14 12:03:03 EST 2011</edited>
<value><point x="18737" y="16675"/></value>
<metadata author="">

</metadata>
</contour>
<contour name="Trail 15" class="PointContour" color="#46ffdc" visible="true">
<created>Thu Feb 17 10:55:39 EST 2011</created>
<edited>Thu Feb 17 10:55:39 EST 2011</edited>
<value><point x="9602" y="15161"/></value>
<metadata author="">

</metadata>
</contour>
<contour name="Trail 12" class="PointContour" color="#ffa568" visible="true">
<created>Thu Mar 10 14:59:23 EST 2011</created>
<edited>Thu Mar 10 14:59:23 EST 2011</edited>
<value><point x="10155" y="13757"/></value>
<metadata author="">

</metadata>
</contour>
<contour name="Trail 25" class="PointContour" color="#448fc2" visible="true">
<created>Thu Mar 10 16:41:08 EST 2011</created>
<edited>Thu Mar 10 16:41:08 EST 2011</edited>
<value><point x="11440" y="20893"/></value>
<metadata author="">

</metadata>
</contour>
<contour name="Trail 25" class="PointContour" color="#448fc2" visible="true">
<created>Thu Mar 10 16:41:54 EST 2011</created>
<edited>Thu Mar 10 16:41:54 EST 2011</edited>
<value><point x="11368" y="21787"/></value>
<metadata author="">

</metadata>
</contour>
<contour name="Trail 127" class="PointContour" color="#ff9009" visible="true">
<created>Sun Mar 13 18:55:28 EDT 2011</created>
<edited>Sun Mar 13 18:55:28 EDT 2011</edited>
<value><point x="13562" y="18284"/></value>
<metadata author="">

</metadata>
</contour>
<contour name="Trail 134" class="PointContour" color="#0954ff" visible="true">
<created>Sun Mar 13 19:50:56 EDT 2011</created>
<edited>Sun Mar 13 19:50:56 EDT 2011</edited>
<value><point x="11937" y="16228"/></value>
<metadata author="">

</metadata>
</contour>
<contour name="Trail 146" class="PointContour" color="#a3c6ff" visible="true">
<created>Mon Mar 14 11:08:04 EDT 2011</created>
<edited>Mon Mar 14 11:08:04 EDT 2011</edited>
<value><point x="13497" y="18173"/></value>
<metadata author="">

</metadata>
</contour>
<contour name="Trail 146" class="PointContour" color="#a3c6ff" visible="true">
<created>Mon Mar 14 11:33:27 EDT 2011</created>
<edited>Mon Mar 14 11:33:27 EDT 2011</edited>
<value><point x="14485" y="18347"/></value>
<metadata author="">

</metadata>
</contour>
<contour name="Trail 146" class="PointContour" color="#a3c6ff" visible="true">
<created>Mon Mar 14 11:33:31 EDT 2011</created>
<edited>Mon Mar 14 11:33:31 EDT 2011</edited>
<value><point x="14871" y="18200"/></value>
<metadata author="">

</metadata>
</contour>
<contour name="Trail 146" class="PointContour" color="#a3c6ff" visible="true">
<created>Mon Mar 14 11:33:41 EDT 2011</created>
<edited>Mon Mar 14 11:33:41 EDT 2011</edited>
<value><point x="15793" y="18107"/></value>
<metadata author="">

</metadata>
</contour>
<contour name="Trail 187" class="PointContour" color="#afd2ff" visible="true">
<created>Mon Mar 14 11:49:25 EDT 2011</created>
<edited>Mon Mar 14 11:49:25 EDT 2011</edited>
<value><point x="10619" y="18901"/></value>
<metadata author="">

</metadata>
</contour>
</contours>