<!--Last edited: 2011/03/14 19:51:14-->
<contours>
<contour name="Process 95" class="PointContour" color="#93ff04" visible="true">
<created>Tue Jun 08 14:28:49 EDT 2010</created>
<edited>Tue Jun 08 14:28:49 EDT 2010</edited>
<value><point x="11376" y="17492"/></value>
<metadata author="">

</metadata>
</contour>
<contour name="Process 78" class="PointContour" color="#0390ff" visible="true">
<created>Tue Jun 08 12:45:38 EDT 2010</created>
<edited>Tue Jun 08 12:45:38 EDT 2010</edited>
<value><point x="12838" y="17686"/></value>
<metadata author="">

</metadata>
</contour>
<contour name="Process 29" class="PointContour" color="#7aff76" visible="true">
<created>Mon Jun 07 16:11:34 EDT 2010</created>
<edited>Mon Jun 07 16:11:34 EDT 2010</edited>
<value><point x="12596" y="18064"/></value>
<metadata author="">

</metadata>
</contour>
<contour name="Process 34" class="PointContour" color="#05f7b3" visible="true">
<created>Mon Jun 07 16:32:52 EDT 2010</created>
<edited>Mon Jun 07 16:32:52 EDT 2010</edited>
<value><point x="11456" y="17704"/></value>
<metadata author="">

</metadata>
</contour>
<contour name="Process 264" class="PointContour" color="#df3e16" visible="true">
<created>Fri Jun 11 13:13:29 EDT 2010</created>
<edited>Fri Jun 11 13:13:29 EDT 2010</edited>
<value><point x="11054" y="18886"/></value>
<metadata author="">

</metadata>
</contour>
<contour name="Process 153" class="PointContour" color="#f3ff8b" visible="true">
<created>Wed Jun 09 15:33:36 EDT 2010</created>
<edited>Wed Jun 09 15:33:36 EDT 2010</edited>
<value><point x="11010" y="19040"/></value>
<metadata author="">

</metadata>
</contour>
<contour name="Process 47" class="PointContour" color="#93cc90" visible="true">
<created>Mon Jun 07 16:58:28 EDT 2010</created>
<edited>Mon Jun 07 16:58:28 EDT 2010</edited>
<value><point x="11802" y="17662"/></value>
<metadata author="">

</metadata>
</contour>
<contour name="Process 134" class="PointContour" color="#0954ff" visible="true">
<created>Wed Jun 09 13:07:42 EDT 2010</created>
<edited>Wed Jun 09 13:07:42 EDT 2010</edited>
<value><point x="12666" y="18160"/></value>
<metadata author="">

</metadata>
</contour>
<contour name="Process 29" class="PointContour" color="#7aff76" visible="true">
<created>Mon Jun 07 15:07:33 EDT 2010</created>
<edited>Mon Jun 07 15:07:33 EDT 2010</edited>
<value><point x="11282" y="18778"/></value>
<metadata author="">

</metadata>
</contour>
<contour name="Process 29" class="PointContour" color="#7aff76" visible="true">
<created>Mon Jun 07 15:07:33 EDT 2010</created>
<edited>Mon Jun 07 15:07:33 EDT 2010</edited>
<value><point x="11312" y="18830"/></value>
<metadata author="">

</metadata>
</contour>
<contour name="Process 29" class="PointContour" color="#7aff76" visible="true">
<created>Mon Jun 07 15:07:33 EDT 2010</created>
<edited>Mon Jun 07 15:07:33 EDT 2010</edited>
<value><point x="11010" y="18304"/></value>
<metadata author="">

</metadata>
</contour>
<contour name="Trail 3" class="PointContour" color="#ffa20c" visible="true">
<created>Wed Jun 02 16:18:12 EDT 2010</created>
<edited>Wed Jun 02 16:18:12 EDT 2010</edited>
<value><point x="11958" y="18750"/></value>
<metadata author="">

</metadata>
</contour>
<contour name="Process 28" class="PointContour" color="#d1a73a" visible="true">
<created>Thu Jun 03 11:28:24 EDT 2010</created>
<edited>Thu Jun 03 11:28:24 EDT 2010</edited>
<value><point x="12762" y="18664"/></value>
<metadata author="">

</metadata>
</contour>
<contour name="Process 17" class="PointContour" color="#c115ff" visible="true">
<created>Thu Jun 10 15:04:09 EDT 2010</created>
<edited>Thu Jun 10 15:04:09 EDT 2010</edited>
<value><point x="11288" y="17760"/></value>
<metadata author="">

</metadata>
</contour>
<contour name="Process 29" class="PointContour" color="#7aff76" visible="true">
<created>Mon Jun 07 15:07:33 EDT 2010</created>
<edited>Mon Jun 07 15:07:33 EDT 2010</edited>
<value><point x="11302" y="18812"/></value>
<metadata author="">

</metadata>
</contour>
<contour name="Process 18" class="PointContour" color="#ff5cb4" visible="true">
<created>Wed Jun 02 17:49:36 EDT 2010</created>
<edited>Wed Jun 02 17:49:36 EDT 2010</edited>
<value><point x="11234" y="17474"/></value>
<metadata author="">

</metadata>
</contour>
<contour name="Process 122" class="PointContour" color="#4b89ff" visible="true">
<created>Tue Jun 08 17:30:31 EDT 2010</created>
<edited>Tue Jun 08 17:30:31 EDT 2010</edited>
<value><point x="11652" y="18518"/></value>
<metadata author="">

</metadata>
</contour>
<contour name="Process 29" class="PointContour" color="#7aff76" visible="true">
<created>Mon Jun 07 15:07:33 EDT 2010</created>
<edited>Mon Jun 07 15:07:33 EDT 2010</edited>
<value><point x="11040" y="18356"/></value>
<metadata author="">

</metadata>
</contour>
<contour name="Process 183" class="PointContour" color="#e166ff" visible="true">
<created>Thu Jun 10 12:40:29 EDT 2010</created>
<edited>Thu Jun 10 12:40:29 EDT 2010</edited>
<value><point x="12638" y="19164"/></value>
<metadata author="">

</metadata>
</contour>
<contour name="Process 121" class="PointContour" color="#6ac7ff" visible="true">
<created>Tue Jun 08 17:25:40 EDT 2010</created>
<edited>Tue Jun 08 17:25:40 EDT 2010</edited>
<value><point x="12702" y="18086"/></value>
<metadata author="">

</metadata>
</contour>
<contour name="Process 38" class="PointContour" color="#f7edc9" visible="true">
<created>Mon Jun 07 16:41:39 EDT 2010</created>
<edited>Mon Jun 07 16:41:39 EDT 2010</edited>
<value><point x="12034" y="18266"/></value>
<metadata author="">

</metadata>
</contour>
<contour name="Process 29" class="PointContour" color="#7aff76" visible="true">
<created>Mon Jun 07 16:11:56 EDT 2010</created>
<edited>Mon Jun 07 16:11:56 EDT 2010</edited>
<value><point x="12304" y="17902"/></value>
<metadata author="">

</metadata>
</contour>
<contour name="Process 29" class="PointContour" color="#7aff76" visible="true">
<created>Mon Jun 07 15:07:33 EDT 2010</created>
<edited>Mon Jun 07 15:07:33 EDT 2010</edited>
<value><point x="10980" y="18252"/></value>
<metadata author="">

</metadata>
</contour>
<contour name="Process 149" class="PointContour" color="#ffada8" visible="true">
<created>Wed Jun 09 15:19:56 EDT 2010</created>
<edited>Wed Jun 09 15:19:56 EDT 2010</edited>
<value><point x="12226" y="18862"/></value>
<metadata author="">

</metadata>
</contour>
<contour name="Process 29" class="PointContour" color="#7aff76" visible="true">
<created>Mon Jun 07 15:07:33 EDT 2010</created>
<edited>Mon Jun 07 15:07:33 EDT 2010</edited>
<value><point x="11252" y="18726"/></value>
<metadata author="">

</metadata>
</contour>
<contour name="Process 184" class="PointContour" color="#e5ff1d" visible="true">
<created>Thu Jun 10 12:23:09 EDT 2010</created>
<edited>Thu Jun 10 12:23:09 EDT 2010</edited>
<value><point x="11256" y="19146"/></value>
<metadata author="">

</metadata>
</contour>
<contour name="Process 137" class="PointContour" color="#32ff05" visible="true">
<created>Wed Jun 09 14:48:09 EDT 2010</created>
<edited>Wed Jun 09 14:48:09 EDT 2010</edited>
<value><point x="12240" y="18800"/></value>
<metadata author="">

</metadata>
</contour>
<contour name="Process 82" class="PointContour" color="#cc05ff" visible="true">
<created>Tue Jun 08 12:56:14 EDT 2010</created>
<edited>Tue Jun 08 12:56:14 EDT 2010</edited>
<value><point x="11948" y="19378"/></value>
<metadata author="">

</metadata>
</contour>
<contour name="Process 29" class="PointContour" color="#7aff76" visible="true">
<created>Mon Jun 07 15:07:33 EDT 2010</created>
<edited>Mon Jun 07 15:07:33 EDT 2010</edited>
<value><point x="11474" y="19112"/></value>
<metadata author="">

</metadata>
</contour>
<contour name="Process 29" class="PointContour" color="#7aff76" visible="true">
<created>Thu Jun 10 13:22:02 EDT 2010</created>
<edited>Thu Jun 10 13:22:02 EDT 2010</edited>
<value><point x="12560" y="18100"/></value>
<metadata author="">

</metadata>
</contour>
<contour name="Process 78" class="PointContour" color="#0390ff" visible="true">
<created>Tue Jun 08 12:45:38 EDT 2010</created>
<edited>Tue Jun 08 12:45:38 EDT 2010</edited>
<value><point x="12800" y="17674"/></value>
<metadata author="">

</metadata>
</contour>
<contour name="Process 129" class="PointContour" color="#80ff08" visible="true">
<created>Wed Jun 09 12:41:36 EDT 2010</created>
<edited>Wed Jun 09 12:41:36 EDT 2010</edited>
<value><point x="12314" y="17724"/></value>
<metadata author="">

</metadata>
</contour>
<contour name="Process 116" class="PointContour" color="#a1ff02" visible="true">
<created>Tue Jun 08 17:06:42 EDT 2010</created>
<edited>Tue Jun 08 17:06:42 EDT 2010</edited>
<value><point x="11632" y="18966"/></value>
<metadata author="">

</metadata>
</contour>
<contour name="Process 160" class="PointContour" color="#5ecaff" visible="true">
<created>Wed Jun 09 16:03:34 EDT 2010</created>
<edited>Wed Jun 09 16:03:34 EDT 2010</edited>
<value><point x="11682" y="18406"/></value>
<metadata author="">

</metadata>
</contour>
<contour name="Process 17" class="PointContour" color="#c115ff" visible="true">
<created>Wed Jun 02 17:41:40 EDT 2010</created>
<edited>Wed Jun 02 17:41:40 EDT 2010</edited>
<value><point x="11670" y="17476"/></value>
<metadata author="">

</metadata>
</contour>
<contour name="Process 78" class="PointContour" color="#0390ff" visible="true">
<created>Tue Jun 08 12:45:38 EDT 2010</created>
<edited>Tue Jun 08 12:45:38 EDT 2010</edited>
<value><point x="12742" y="17654"/></value>
<metadata author="">

</metadata>
</contour>
<contour name="Process 190" class="PointContour" color="#ffadba" visible="true">
<created>Thu Jun 10 12:34:14 EDT 2010</created>
<edited>Thu Jun 10 12:34:14 EDT 2010</edited>
<value><point x="10964" y="18000"/></value>
<metadata author="">

</metadata>
</contour>
<contour name="Process 138" class="PointContour" color="#ffce2e" visible="true">
<created>Wed Jun 09 14:54:09 EDT 2010</created>
<edited>Wed Jun 09 14:54:09 EDT 2010</edited>
<value><point x="11602" y="19330"/></value>
<metadata author="">

</metadata>
</contour>
<contour name="Process 29" class="PointContour" color="#7aff76" visible="true">
<created>Mon Jun 07 15:07:33 EDT 2010</created>
<edited>Mon Jun 07 15:07:33 EDT 2010</edited>
<value><point x="11080" y="18426"/></value>
<metadata author="">

</metadata>
</contour>
<contour name="Process 78" class="PointContour" color="#0390ff" visible="true">
<created>Tue Jun 08 12:45:38 EDT 2010</created>
<edited>Tue Jun 08 12:45:38 EDT 2010</edited>
<value><point x="12724" y="17646"/></value>
<metadata author="">

</metadata>
</contour>
<contour name="Process 104" class="PointContour" color="#df03ff" visible="true">
<created>Tue Jun 08 16:13:06 EDT 2010</created>
<edited>Tue Jun 08 16:13:06 EDT 2010</edited>
<value><point x="12548" y="18534"/></value>
<metadata author="">

</metadata>
</contour>
<contour name="Process 29" class="PointContour" color="#7aff76" visible="true">
<created>Mon Jun 07 15:07:33 EDT 2010</created>
<edited>Mon Jun 07 15:07:33 EDT 2010</edited>
<value><point x="11384" y="18954"/></value>
<metadata author="">

</metadata>
</contour>
<contour name="Process 58" class="PointContour" color="#ff0340" visible="true">
<created>Mon Jun 07 17:27:13 EDT 2010</created>
<edited>Mon Jun 07 17:27:13 EDT 2010</edited>
<value><point x="11906" y="19210"/></value>
<metadata author="">

</metadata>
</contour>
<contour name="Process 126" class="PointContour" color="#ff4904" visible="true">
<created>Wed Jun 09 11:04:03 EDT 2010</created>
<edited>Wed Jun 09 11:04:03 EDT 2010</edited>
<value><point x="12112" y="18802"/></value>
<metadata author="">

</metadata>
</contour>
<contour name="Process 29" class="PointContour" color="#7aff76" visible="true">
<created>Mon Jun 07 15:07:33 EDT 2010</created>
<edited>Mon Jun 07 15:07:33 EDT 2010</edited>
<value><point x="11424" y="19024"/></value>
<metadata author="">

</metadata>
</contour>
<contour name="Process 29" class="PointContour" color="#7aff76" visible="true">
<created>Mon Jun 07 15:07:33 EDT 2010</created>
<edited>Mon Jun 07 15:07:33 EDT 2010</edited>
<value><point x="11242" y="18708"/></value>
<metadata author="">

</metadata>
</contour>
<contour name="Process 48" class="PointContour" color="#cc6b6b" visible="true">
<created>Mon Jun 07 16:59:58 EDT 2010</created>
<edited>Mon Jun 07 16:59:58 EDT 2010</edited>
<value><point x="11912" y="17970"/></value>
<metadata author="">

</metadata>
</contour>
<contour name="Process 78" class="PointContour" color="#0390ff" visible="true">
<created>Tue Jun 08 12:45:38 EDT 2010</created>
<edited>Tue Jun 08 12:45:38 EDT 2010</edited>
<value><point x="12894" y="17706"/></value>
<metadata author="">

</metadata>
</contour>
<contour name="Process 78" class="PointContour" color="#0390ff" visible="true">
<created>Tue Jun 08 12:45:38 EDT 2010</created>
<edited>Tue Jun 08 12:45:38 EDT 2010</edited>
<value><point x="12876" y="17700"/></value>
<metadata author="">

</metadata>
</contour>
<contour name="Process 128" class="PointContour" color="#acff0c" visible="true">
<created>Wed Jun 09 12:22:18 EDT 2010</created>
<edited>Wed Jun 09 12:22:18 EDT 2010</edited>
<value><point x="12362" y="18410"/></value>
<metadata author="">

</metadata>
</contour>
<contour name="Process 78" class="PointContour" color="#0390ff" visible="true">
<created>Tue Jun 08 12:45:38 EDT 2010</created>
<edited>Tue Jun 08 12:45:38 EDT 2010</edited>
<value><point x="12494" y="17568"/></value>
<metadata author="">

</metadata>
</contour>
<contour name="Process 78" class="PointContour" color="#0390ff" visible="true">
<created>Tue Jun 08 12:45:38 EDT 2010</created>
<edited>Tue Jun 08 12:45:38 EDT 2010</edited>
<value><point x="12914" y="17712"/></value>
<metadata author="">

</metadata>
</contour>
<contour name="Process 78" class="PointContour" color="#0390ff" visible="true">
<created>Tue Jun 08 12:45:38 EDT 2010</created>
<edited>Tue Jun 08 12:45:38 EDT 2010</edited>
<value><point x="12456" y="17554"/></value>
<metadata author="">

</metadata>
</contour>
<contour name="Process 59" class="PointContour" color="#ff0340" visible="true">
<created>Mon Jun 07 17:29:19 EDT 2010</created>
<edited>Mon Jun 07 17:29:19 EDT 2010</edited>
<value><point x="12834" y="18682"/></value>
<metadata author="">

</metadata>
</contour>
<contour name="Process 153" class="PointContour" color="#f3ff8b" visible="true">
<created>Thu Jun 10 12:44:20 EDT 2010</created>
<edited>Thu Jun 10 12:44:20 EDT 2010</edited>
<value><point x="12110" y="18172"/></value>
<metadata author="">

</metadata>
</contour>
<contour name="Process 2" class="PointContour" color="#ff5107" visible="true">
<created>Wed Jun 02 16:14:40 EDT 2010</created>
<edited>Wed Jun 02 16:14:40 EDT 2010</edited>
<value><point x="11624" y="18878"/></value>
<metadata author="">

</metadata>
</contour>
<contour name="Process 111" class="PointContour" color="#ffa006" visible="true">
<created>Tue Jun 08 16:26:25 EDT 2010</created>
<edited>Tue Jun 08 16:26:25 EDT 2010</edited>
<value><point x="12818" y="18546"/></value>
<metadata author="">

</metadata>
</contour>
<contour name="Process 92" class="PointContour" color="#ffd909" visible="true">
<created>Tue Jun 08 14:20:43 EDT 2010</created>
<edited>Tue Jun 08 14:20:43 EDT 2010</edited>
<value><point x="11616" y="19426"/></value>
<metadata author="">

</metadata>
</contour>
<contour name="Process 9" class="PointContour" color="#ab0bff" visible="true">
<created>Wed Jun 02 17:08:48 EDT 2010</created>
<edited>Wed Jun 02 17:08:48 EDT 2010</edited>
<value><point x="11582" y="18564"/></value>
<metadata author="">

</metadata>
</contour>
<contour name="Process 39" class="PointContour" color="#a4f7f2" visible="true">
<created>Mon Jun 07 16:43:39 EDT 2010</created>
<edited>Mon Jun 07 16:43:39 EDT 2010</edited>
<value><point x="11948" y="17692"/></value>
<metadata author="">

</metadata>
</contour>
<contour name="Process 174" class="PointContour" color="#c37aff" visible="true">
<created>Wed Jun 09 17:08:25 EDT 2010</created>
<edited>Wed Jun 09 17:08:25 EDT 2010</edited>
<value><point x="12022" y="17942"/></value>
<metadata author="">

</metadata>
</contour>
<contour name="Trail 11" class="PointContour" color="#ff6a83" visible="true">
<created>Wed Jun 02 17:15:36 EDT 2010</created>
<edited>Wed Jun 02 17:15:36 EDT 2010</edited>
<value><point x="11906" y="18244"/></value>
<metadata author="">

</metadata>
</contour>
<contour name="Process 63" class="PointContour" color="#ffcc0d" visible="true">
<created>Mon Jun 07 17:34:05 EDT 2010</created>
<edited>Mon Jun 07 17:34:05 EDT 2010</edited>
<value><point x="12278" y="18344"/></value>
<metadata author="">

</metadata>
</contour>
<contour name="Process 97" class="PointContour" color="#05ff95" visible="true">
<created>Tue Jun 08 14:32:21 EDT 2010</created>
<edited>Tue Jun 08 14:32:21 EDT 2010</edited>
<value><point x="12860" y="18910"/></value>
<metadata author="">

</metadata>
</contour>
<contour name="Process 97" class="PointContour" color="#05ff95" visible="true">
<created>Tue Jun 08 14:32:04 EDT 2010</created>
<edited>Tue Jun 08 14:32:04 EDT 2010</edited>
<value><point x="12374" y="18756"/></value>
<metadata author="">

</metadata>
</contour>
<contour name="Process 78" class="PointContour" color="#0390ff" visible="true">
<created>Tue Jun 08 12:45:38 EDT 2010</created>
<edited>Tue Jun 08 12:45:38 EDT 2010</edited>
<value><point x="12208" y="17470"/></value>
<metadata author="">

</metadata>
</contour>
<contour name="Process 218" class="PointContour" color="#d0ff2e" visible="true">
<created>Thu Jun 10 15:00:13 EDT 2010</created>
<edited>Thu Jun 10 15:00:13 EDT 2010</edited>
<value><point x="12626" y="19390"/></value>
<metadata author="">

</metadata>
</contour>
<contour name="Process 165" class="PointContour" color="#ffef8c" visible="true">
<created>Wed Jun 09 16:16:15 EDT 2010</created>
<edited>Wed Jun 09 16:16:15 EDT 2010</edited>
<value><point x="12946" y="19092"/></value>
<metadata author="">

</metadata>
</contour>
<contour name="Process 78" class="PointContour" color="#0390ff" visible="true">
<created>Tue Jun 08 12:45:38 EDT 2010</created>
<edited>Tue Jun 08 12:45:38 EDT 2010</edited>
<value><point x="12532" y="17582"/></value>
<metadata author="">

</metadata>
</contour>
<contour name="Process 29" class="PointContour" color="#7aff76" visible="true">
<created>Mon Jun 07 15:07:33 EDT 2010</created>
<edited>Mon Jun 07 15:07:33 EDT 2010</edited>
<value><point x="11000" y="18286"/></value>
<metadata author="">

</metadata>
</contour>
<contour name="Process 62" class="PointContour" color="#ff9c0d" visible="true">
<created>Mon Jun 07 17:32:38 EDT 2010</created>
<edited>Mon Jun 07 17:32:38 EDT 2010</edited>
<value><point x="11126" y="19106"/></value>
<metadata author="">

</metadata>
</contour>
<contour name="Process 29" class="PointContour" color="#7aff76" visible="true">
<created>Mon Jun 07 15:07:33 EDT 2010</created>
<edited>Mon Jun 07 15:07:33 EDT 2010</edited>
<value><point x="11222" y="18672"/></value>
<metadata author="">

</metadata>
</contour>
<contour name="Process 29" class="PointContour" color="#7aff76" visible="true">
<created>Mon Jun 07 15:07:33 EDT 2010</created>
<edited>Mon Jun 07 15:07:33 EDT 2010</edited>
<value><point x="11140" y="18532"/></value>
<metadata author="">

</metadata>
</contour>
<contour name="Process 1" class="PointContour" color="#ff0000" visible="true">
<created>Wed Jun 02 15:59:51 EDT 2010</created>
<edited>Wed Jun 02 15:59:51 EDT 2010</edited>
<value><point x="12140" y="17776"/></value>
<metadata author="">

</metadata>
</contour>
<contour name="Process 100" class="PointContour" color="#0395ff" visible="true">
<created>Tue Jun 08 14:56:39 EDT 2010</created>
<edited>Tue Jun 08 14:56:39 EDT 2010</edited>
<value><point x="12686" y="18408"/></value>
<metadata author="">

</metadata>
</contour>
<contour name="Process 153" class="PointContour" color="#f3ff8b" visible="true">
<created>Wed Jun 09 15:26:29 EDT 2010</created>
<edited>Wed Jun 09 15:26:29 EDT 2010</edited>
<value><point x="11902" y="18518"/></value>
<metadata author="">

</metadata>
</contour>
<contour name="Process 29" class="PointContour" color="#7aff76" visible="true">
<created>Mon Jun 07 15:07:33 EDT 2010</created>
<edited>Mon Jun 07 15:07:33 EDT 2010</edited>
<value><point x="11514" y="19182"/></value>
<metadata author="">

</metadata>
</contour>
<contour name="Process 85" class="PointContour" color="#ff067f" visible="true">
<created>Tue Jun 08 13:14:43 EDT 2010</created>
<edited>Tue Jun 08 13:14:43 EDT 2010</edited>
<value><point x="12526" y="19000"/></value>
<metadata author="">

</metadata>
</contour>
<contour name="Process 174" class="PointContour" color="#c37aff" visible="true">
<created>Wed Jun 09 17:08:11 EDT 2010</created>
<edited>Wed Jun 09 17:08:11 EDT 2010</edited>
<value><point x="12408" y="18074"/></value>
<metadata author="">

</metadata>
</contour>
<contour name="Process 153" class="PointContour" color="#f3ff8b" visible="true">
<created>Wed Jun 09 15:29:24 EDT 2010</created>
<edited>Wed Jun 09 15:29:24 EDT 2010</edited>
<value><point x="12752" y="18454"/></value>
<metadata author="">

</metadata>
</contour>
<contour name="Trail 3" class="PointContour" color="#ffa20c" visible="true">
<created>Wed Jun 02 16:22:08 EDT 2010</created>
<edited>Wed Jun 02 16:22:08 EDT 2010</edited>
<value><point x="12508" y="18498"/></value>
<metadata author="">

</metadata>
</contour>
<contour name="Process 78" class="PointContour" color="#0390ff" visible="true">
<created>Tue Jun 08 12:45:38 EDT 2010</created>
<edited>Tue Jun 08 12:45:38 EDT 2010</edited>
<value><point x="12190" y="17464"/></value>
<metadata author="">

</metadata>
</contour>
<contour name="Process 29" class="PointContour" color="#7aff76" visible="true">
<created>Mon Jun 07 15:07:33 EDT 2010</created>
<edited>Mon Jun 07 15:07:33 EDT 2010</edited>
<value><point x="11434" y="19042"/></value>
<metadata author="">

</metadata>
</contour>
<contour name="Process 29" class="PointContour" color="#7aff76" visible="true">
<created>Mon Jun 07 15:07:33 EDT 2010</created>
<edited>Mon Jun 07 15:07:33 EDT 2010</edited>
<value><point x="11414" y="19006"/></value>
<metadata author="">

</metadata>
</contour>
<contour name="Process 84" class="PointContour" color="#ff0ac0" visible="true">
<created>Tue Jun 08 13:05:23 EDT 2010</created>
<edited>Tue Jun 08 13:05:23 EDT 2010</edited>
<value><point x="12024" y="19376"/></value>
<metadata author="">

</metadata>
</contour>
<contour name="Process 29" class="PointContour" color="#7aff76" visible="true">
<created>Mon Jun 07 15:07:33 EDT 2010</created>
<edited>Mon Jun 07 15:07:33 EDT 2010</edited>
<value><point x="11292" y="18796"/></value>
<metadata author="">

</metadata>
</contour>
<contour name="Process 78" class="PointContour" color="#0390ff" visible="true">
<created>Tue Jun 08 12:45:38 EDT 2010</created>
<edited>Tue Jun 08 12:45:38 EDT 2010</edited>
<value><point x="12552" y="17588"/></value>
<metadata author="">

</metadata>
</contour>
<contour name="Process 29" class="PointContour" color="#7aff76" visible="true">
<created>Mon Jun 07 15:07:33 EDT 2010</created>
<edited>Mon Jun 07 15:07:33 EDT 2010</edited>
<value><point x="11182" y="18602"/></value>
<metadata author="">

</metadata>
</contour>
<contour name="Process 22" class="PointContour" color="#7e84c2" visible="true">
<created>Thu Jun 03 10:08:10 EDT 2010</created>
<edited>Thu Jun 03 10:08:10 EDT 2010</edited>
<value><point x="12368" y="17772"/></value>
<metadata author="">

</metadata>
</contour>
<contour name="Process 29" class="PointContour" color="#7aff76" visible="true">
<created>Mon Jun 07 15:07:33 EDT 2010</created>
<edited>Mon Jun 07 15:07:33 EDT 2010</edited>
<value><point x="11484" y="19128"/></value>
<metadata author="">

</metadata>
</contour>
<contour name="Process 29" class="PointContour" color="#7aff76" visible="true">
<created>Mon Jun 07 15:07:33 EDT 2010</created>
<edited>Mon Jun 07 15:07:33 EDT 2010</edited>
<value><point x="11030" y="18338"/></value>
<metadata author="">

</metadata>
</contour>
<contour name="Process 29" class="PointContour" color="#7aff76" visible="true">
<created>Mon Jun 07 15:07:33 EDT 2010</created>
<edited>Mon Jun 07 15:07:33 EDT 2010</edited>
<value><point x="10990" y="18268"/></value>
<metadata author="">

</metadata>
</contour>
<contour name="Process 29" class="PointContour" color="#7aff76" visible="true">
<created>Mon Jun 07 15:07:33 EDT 2010</created>
<edited>Mon Jun 07 15:07:33 EDT 2010</edited>
<value><point x="11332" y="18866"/></value>
<metadata author="">

</metadata>
</contour>
<contour name="Process 126" class="PointContour" color="#ff4904" visible="true">
<created>Wed Jun 09 11:05:20 EDT 2010</created>
<edited>Wed Jun 09 11:05:20 EDT 2010</edited>
<value><point x="11608" y="19110"/></value>
<metadata author="">

</metadata>
</contour>
<contour name="Process 29" class="PointContour" color="#7aff76" visible="true">
<created>Mon Jun 07 15:07:33 EDT 2010</created>
<edited>Mon Jun 07 15:07:33 EDT 2010</edited>
<value><point x="11100" y="18462"/></value>
<metadata author="">

</metadata>
</contour>
<contour name="Process 78" class="PointContour" color="#0390ff" visible="true">
<created>Tue Jun 08 12:45:38 EDT 2010</created>
<edited>Tue Jun 08 12:45:38 EDT 2010</edited>
<value><point x="12360" y="17522"/></value>
<metadata author="">

</metadata>
</contour>
<contour name="Process 102" class="PointContour" color="#7706ff" visible="true">
<created>Tue Jun 08 16:03:49 EDT 2010</created>
<edited>Tue Jun 08 16:03:49 EDT 2010</edited>
<value><point x="11974" y="18042"/></value>
<metadata author="">

</metadata>
</contour>
<contour name="Process 85" class="PointContour" color="#ff067f" visible="true">
<created>Tue Jun 08 13:23:45 EDT 2010</created>
<edited>Tue Jun 08 13:23:45 EDT 2010</edited>
<value><point x="12880" y="18660"/></value>
<metadata author="">

</metadata>
</contour>
<contour name="Process 29" class="PointContour" color="#7aff76" visible="true">
<created>Mon Jun 07 15:07:33 EDT 2010</created>
<edited>Mon Jun 07 15:07:33 EDT 2010</edited>
<value><point x="11070" y="18410"/></value>
<metadata author="">

</metadata>
</contour>
<contour name="Process 78" class="PointContour" color="#0390ff" visible="true">
<created>Tue Jun 08 12:45:38 EDT 2010</created>
<edited>Tue Jun 08 12:45:38 EDT 2010</edited>
<value><point x="12438" y="17548"/></value>
<metadata author="">

</metadata>
</contour>
<contour name="Process 16" class="PointContour" color="#ff70a8" visible="true">
<created>Wed Jun 02 17:29:13 EDT 2010</created>
<edited>Wed Jun 02 17:29:13 EDT 2010</edited>
<value><point x="11624" y="18130"/></value>
<metadata author="">

</metadata>
</contour>
<contour name="Process 29" class="PointContour" color="#7aff76" visible="true">
<created>Mon Jun 07 15:07:33 EDT 2010</created>
<edited>Mon Jun 07 15:07:33 EDT 2010</edited>
<value><point x="11262" y="18742"/></value>
<metadata author="">

</metadata>
</contour>
<contour name="Process 29" class="PointContour" color="#7aff76" visible="true">
<created>Mon Jun 07 15:07:33 EDT 2010</created>
<edited>Mon Jun 07 15:07:33 EDT 2010</edited>
<value><point x="11192" y="18620"/></value>
<metadata author="">

</metadata>
</contour>
<contour name="Process 78" class="PointContour" color="#0390ff" visible="true">
<created>Tue Jun 08 12:45:38 EDT 2010</created>
<edited>Tue Jun 08 12:45:38 EDT 2010</edited>
<value><point x="12608" y="17608"/></value>
<metadata author="">

</metadata>
</contour>
<contour name="Process 75" class="PointContour" color="#08ffac" visible="true">
<created>Wed Jun 09 16:09:49 EDT 2010</created>
<edited>Wed Jun 09 16:09:49 EDT 2010</edited>
<value><point x="12426" y="18406"/></value>
<metadata author="">

</metadata>
</contour>
<contour name="Process 78" class="PointContour" color="#0390ff" visible="true">
<created>Tue Jun 08 12:45:38 EDT 2010</created>
<edited>Tue Jun 08 12:45:38 EDT 2010</edited>
<value><point x="12686" y="17634"/></value>
<metadata author="">

</metadata>
</contour>
<contour name="Process 139" class="PointContour" color="#ff6e25" visible="true">
<created>Wed Jun 09 14:55:25 EDT 2010</created>
<edited>Wed Jun 09 14:55:25 EDT 2010</edited>
<value><point x="11304" y="19248"/></value>
<metadata author="">

</metadata>
</contour>
<contour name="Process 29" class="PointContour" color="#7aff76" visible="true">
<created>Mon Jun 07 15:07:33 EDT 2010</created>
<edited>Mon Jun 07 15:07:33 EDT 2010</edited>
<value><point x="11354" y="18900"/></value>
<metadata author="">

</metadata>
</contour>
<contour name="Process 131" class="PointContour" color="#0cf4ff" visible="true">
<created>Wed Jun 09 13:03:30 EDT 2010</created>
<edited>Wed Jun 09 13:03:30 EDT 2010</edited>
<value><point x="12876" y="17878"/></value>
<metadata author="">

</metadata>
</contour>
<contour name="Process 29" class="PointContour" color="#7aff76" visible="true">
<created>Mon Jun 07 15:07:33 EDT 2010</created>
<edited>Mon Jun 07 15:07:33 EDT 2010</edited>
<value><point x="11464" y="19094"/></value>
<metadata author="">

</metadata>
</contour>
<contour name="Process 71" class="PointContour" color="#ff7b05" visible="true">
<created>Tue Jun 08 12:17:03 EDT 2010</created>
<edited>Tue Jun 08 12:17:03 EDT 2010</edited>
<value><point x="12558" y="18308"/></value>
<metadata author="">

</metadata>
</contour>
<contour name="Process 7" class="PointContour" color="#10fffb" visible="true">
<created>Wed Jun 02 16:58:10 EDT 2010</created>
<edited>Wed Jun 02 16:58:10 EDT 2010</edited>
<value><point x="12320" y="18522"/></value>
<metadata author="">

</metadata>
</contour>
<contour name="Process 112" class="PointContour" color="#ffd72d" visible="true">
<created>Tue Jun 08 16:56:36 EDT 2010</created>
<edited>Tue Jun 08 16:56:36 EDT 2010</edited>
<value><point x="12070" y="18356"/></value>
<metadata author="">

</metadata>
</contour>
<contour name="Process 191" class="PointContour" color="#50d7ff" visible="true">
<created>Thu Jun 10 12:36:33 EDT 2010</created>
<edited>Thu Jun 10 12:36:33 EDT 2010</edited>
<value><point x="11408" y="19370"/></value>
<metadata author="">

</metadata>
</contour>
<contour name="Process 29" class="PointContour" color="#7aff76" visible="true">
<created>Mon Jun 07 15:57:34 EDT 2010</created>
<edited>Mon Jun 07 15:57:34 EDT 2010</edited>
<value><point x="12122" y="18338"/></value>
<metadata author="">

</metadata>
</contour>
<contour name="Process 78" class="PointContour" color="#0390ff" visible="true">
<created>Tue Jun 08 12:45:38 EDT 2010</created>
<edited>Tue Jun 08 12:45:38 EDT 2010</edited>
<value><point x="12228" y="17476"/></value>
<metadata author="">

</metadata>
</contour>
<contour name="Process 51" class="PointContour" color="#8906ff" visible="true">
<created>Mon Jun 07 17:18:49 EDT 2010</created>
<edited>Mon Jun 07 17:18:49 EDT 2010</edited>
<value><point x="12054" y="18124"/></value>
<metadata author="">

</metadata>
</contour>
<contour name="Process 52" class="PointContour" color="#b10aff" visible="true">
<created>Mon Jun 07 17:20:35 EDT 2010</created>
<edited>Mon Jun 07 17:20:35 EDT 2010</edited>
<value><point x="12102" y="18248"/></value>
<metadata author="">

</metadata>
</contour>
<contour name="Process 29" class="PointContour" color="#7aff76" visible="true">
<created>Mon Jun 07 15:07:33 EDT 2010</created>
<edited>Mon Jun 07 15:07:33 EDT 2010</edited>
<value><point x="11454" y="19076"/></value>
<metadata author="">

</metadata>
</contour>
<contour name="Process 78" class="PointContour" color="#0390ff" visible="true">
<created>Tue Jun 08 12:45:38 EDT 2010</created>
<edited>Tue Jun 08 12:45:38 EDT 2010</edited>
<value><point x="12646" y="17620"/></value>
<metadata author="">

</metadata>
</contour>
<contour name="Process 114" class="PointContour" color="#cbff04" visible="true">
<created>Tue Jun 08 17:00:26 EDT 2010</created>
<edited>Tue Jun 08 17:00:26 EDT 2010</edited>
<value><point x="12490" y="18320"/></value>
<metadata author="">

</metadata>
</contour>
<contour name="Process 78" class="PointContour" color="#0390ff" visible="true">
<created>Tue Jun 08 12:45:38 EDT 2010</created>
<edited>Tue Jun 08 12:45:38 EDT 2010</edited>
<value><point x="12342" y="17516"/></value>
<metadata author="">

</metadata>
</contour>
<contour name="Process 89" class="PointContour" color="#ff7c09" visible="true">
<created>Tue Jun 08 13:40:46 EDT 2010</created>
<edited>Tue Jun 08 13:40:46 EDT 2010</edited>
<value><point x="12886" y="18808"/></value>
<metadata author="">

</metadata>
</contour>
<contour name="Process 7" class="PointContour" color="#10fffb" visible="true">
<created>Wed Jun 02 16:54:44 EDT 2010</created>
<edited>Wed Jun 02 16:54:44 EDT 2010</edited>
<value><point x="11178" y="19198"/></value>
<metadata author="">

</metadata>
</contour>
<contour name="Process 78" class="PointContour" color="#0390ff" visible="true">
<created>Tue Jun 08 12:45:38 EDT 2010</created>
<edited>Tue Jun 08 12:45:38 EDT 2010</edited>
<value><point x="12704" y="17640"/></value>
<metadata author="">

</metadata>
</contour>
<contour name="Process 117" class="PointContour" color="#78ff04" visible="true">
<created>Tue Jun 08 17:08:40 EDT 2010</created>
<edited>Tue Jun 08 17:08:40 EDT 2010</edited>
<value><point x="11606" y="18614"/></value>
<metadata author="">

</metadata>
</contour>
<contour name="Process 210" class="PointContour" color="#6c6eff" visible="true">
<created>Thu Jun 10 13:50:32 EDT 2010</created>
<edited>Thu Jun 10 13:50:32 EDT 2010</edited>
<value><point x="12756" y="19142"/></value>
<metadata author="">

</metadata>
</contour>
<contour name="Trail 3" class="PointContour" color="#ffa20c" visible="true">
<created>Wed Jun 09 15:38:27 EDT 2010</created>
<edited>Wed Jun 09 15:38:27 EDT 2010</edited>
<value><point x="11716" y="18958"/></value>
<metadata author="">

</metadata>
</contour>
<contour name="Process 40" class="PointContour" color="#c4f7b5" visible="true">
<created>Mon Jun 07 16:46:02 EDT 2010</created>
<edited>Mon Jun 07 16:46:02 EDT 2010</edited>
<value><point x="12552" y="18148"/></value>
<metadata author="">

</metadata>
</contour>
<contour name="Process 209" class="PointContour" color="#9eff56" visible="true">
<created>Thu Jun 10 13:47:30 EDT 2010</created>
<edited>Thu Jun 10 13:47:30 EDT 2010</edited>
<value><point x="12224" y="18986"/></value>
<metadata author="">

</metadata>
</contour>
<contour name="Process 28" class="PointContour" color="#d1a73a" visible="true">
<created>Thu Jun 03 11:30:38 EDT 2010</created>
<edited>Thu Jun 03 11:30:38 EDT 2010</edited>
<value><point x="11594" y="18522"/></value>
<metadata author="">

</metadata>
</contour>
<contour name="Process 78" class="PointContour" color="#0390ff" visible="true">
<created>Tue Jun 08 12:45:38 EDT 2010</created>
<edited>Tue Jun 08 12:45:38 EDT 2010</edited>
<value><point x="12246" y="17482"/></value>
<metadata author="">

</metadata>
</contour>
<contour name="Process 29" class="PointContour" color="#7aff76" visible="true">
<created>Mon Jun 07 16:12:15 EDT 2010</created>
<edited>Mon Jun 07 16:12:15 EDT 2010</edited>
<value><point x="12914" y="17438"/></value>
<metadata author="">

</metadata>
</contour>
<contour name="Process 72" class="PointContour" color="#ffcd08" visible="true">
<created>Tue Jun 08 12:18:06 EDT 2010</created>
<edited>Tue Jun 08 12:18:06 EDT 2010</edited>
<value><point x="12556" y="18232"/></value>
<metadata author="">

</metadata>
</contour>
<contour name="Process 78" class="PointContour" color="#0390ff" visible="true">
<created>Tue Jun 08 12:45:38 EDT 2010</created>
<edited>Tue Jun 08 12:45:38 EDT 2010</edited>
<value><point x="12590" y="17600"/></value>
<metadata author="">

</metadata>
</contour>
<contour name="Process 26" class="PointContour" color="#c21ebd" visible="true">
<created>Thu Jun 03 10:33:29 EDT 2010</created>
<edited>Thu Jun 03 10:33:29 EDT 2010</edited>
<value><point x="12344" y="18306"/></value>
<metadata author="">

</metadata>
</contour>
<contour name="Process 195" class="PointContour" color="#c5ff3c" visible="true">
<created>Thu Jun 10 12:47:46 EDT 2010</created>
<edited>Thu Jun 10 12:47:46 EDT 2010</edited>
<value><point x="11192" y="19258"/></value>
<metadata author="">

</metadata>
</contour>
<contour name="Process 78" class="PointContour" color="#0390ff" visible="true">
<created>Tue Jun 08 12:45:38 EDT 2010</created>
<edited>Tue Jun 08 12:45:38 EDT 2010</edited>
<value><point x="12398" y="17536"/></value>
<metadata author="">

</metadata>
</contour>
<contour name="Process 35" class="PointContour" color="#f76b06" visible="true">
<created>Mon Jun 07 16:34:46 EDT 2010</created>
<edited>Mon Jun 07 16:34:46 EDT 2010</edited>
<value><point x="12294" y="18838"/></value>
<metadata author="">

</metadata>
</contour>
<contour name="Process 29" class="PointContour" color="#7aff76" visible="true">
<created>Mon Jun 07 15:07:33 EDT 2010</created>
<edited>Mon Jun 07 15:07:33 EDT 2010</edited>
<value><point x="11120" y="18496"/></value>
<metadata author="">

</metadata>
</contour>
<contour name="Process 143" class="PointContour" color="#d10eff" visible="true">
<created>Thu Jun 10 14:00:18 EDT 2010</created>
<edited>Thu Jun 10 14:00:18 EDT 2010</edited>
<value><point x="12890" y="18720"/></value>
<metadata author="">

</metadata>
</contour>
<contour name="Process 29" class="PointContour" color="#7aff76" visible="true">
<created>Mon Jun 07 15:07:33 EDT 2010</created>
<edited>Mon Jun 07 15:07:33 EDT 2010</edited>
<value><point x="11504" y="19164"/></value>
<metadata author="">

</metadata>
</contour>
<contour name="Process 216" class="PointContour" color="#cf21ff" visible="true">
<created>Thu Jun 10 14:03:43 EDT 2010</created>
<edited>Thu Jun 10 14:03:43 EDT 2010</edited>
<value><point x="12496" y="19284"/></value>
<metadata author="">

</metadata>
</contour>
<contour name="Process 132" class="PointContour" color="#06adff" visible="true">
<created>Wed Jun 09 13:05:10 EDT 2010</created>
<edited>Wed Jun 09 13:05:10 EDT 2010</edited>
<value><point x="11316" y="17586"/></value>
<metadata author="">

</metadata>
</contour>
<contour name="Process 29" class="PointContour" color="#7aff76" visible="true">
<created>Mon Jun 07 15:07:33 EDT 2010</created>
<edited>Mon Jun 07 15:07:33 EDT 2010</edited>
<value><point x="11444" y="19058"/></value>
<metadata author="">

</metadata>
</contour>
<contour name="Process 10" class="PointContour" color="#ff17f0" visible="true">
<created>Wed Jun 02 17:11:04 EDT 2010</created>
<edited>Wed Jun 02 17:11:04 EDT 2010</edited>
<value><point x="11860" y="18024"/></value>
<metadata author="">

</metadata>
</contour>
<contour name="Process 78" class="PointContour" color="#0390ff" visible="true">
<created>Tue Jun 08 12:45:38 EDT 2010</created>
<edited>Tue Jun 08 12:45:38 EDT 2010</edited>
<value><point x="12322" y="17508"/></value>
<metadata author="">

</metadata>
</contour>
<contour name="Process 207" class="PointContour" color="#c2ff4a" visible="true">
<created>Thu Jun 10 13:19:46 EDT 2010</created>
<edited>Thu Jun 10 13:19:46 EDT 2010</edited>
<value><point x="12472" y="18470"/></value>
<metadata author="">

</metadata>
</contour>
<contour name="Process 158" class="PointContour" color="#ff7fcd" visible="true">
<created>Wed Jun 09 15:48:28 EDT 2010</created>
<edited>Wed Jun 09 15:48:28 EDT 2010</edited>
<value><point x="11174" y="17974"/></value>
<metadata author="">

</metadata>
</contour>
<contour name="Process 104" class="PointContour" color="#df03ff" visible="true">
<created>Tue Jun 08 16:08:54 EDT 2010</created>
<edited>Tue Jun 08 16:08:54 EDT 2010</edited>
<value><point x="12084" y="19016"/></value>
<metadata author="">

</metadata>
</contour>
<contour name="Process 159" class="PointContour" color="#afff08" visible="true">
<created>Wed Jun 09 15:50:19 EDT 2010</created>
<edited>Wed Jun 09 15:50:19 EDT 2010</edited>
<value><point x="10960" y="18110"/></value>
<metadata author="">

</metadata>
</contour>
<contour name="Process 29" class="PointContour" color="#7aff76" visible="true">
<created>Mon Jun 07 15:07:33 EDT 2010</created>
<edited>Mon Jun 07 15:07:33 EDT 2010</edited>
<value><point x="11172" y="18584"/></value>
<metadata author="">

</metadata>
</contour>
<contour name="Process 29" class="PointContour" color="#7aff76" visible="true">
<created>Mon Jun 07 15:07:33 EDT 2010</created>
<edited>Mon Jun 07 15:07:33 EDT 2010</edited>
<value><point x="11344" y="18884"/></value>
<metadata author="">

</metadata>
</contour>
<contour name="Process 78" class="PointContour" color="#0390ff" visible="true">
<created>Tue Jun 08 12:45:38 EDT 2010</created>
<edited>Tue Jun 08 12:45:38 EDT 2010</edited>
<value><point x="12570" y="17594"/></value>
<metadata author="">

</metadata>
</contour>
<contour name="Process 46" class="PointContour" color="#9372cc" visible="true">
<created>Mon Jun 07 16:56:40 EDT 2010</created>
<edited>Mon Jun 07 16:56:40 EDT 2010</edited>
<value><point x="11804" y="17908"/></value>
<metadata author="">

</metadata>
</contour>
<contour name="Process 29" class="PointContour" color="#7aff76" visible="true">
<created>Mon Jun 07 15:58:36 EDT 2010</created>
<edited>Mon Jun 07 15:58:36 EDT 2010</edited>
<value><point x="12744" y="17932"/></value>
<metadata author="">

</metadata>
</contour>
<contour name="Process 31" class="PointContour" color="#d9d331" visible="true">
<created>Mon Jun 07 16:19:09 EDT 2010</created>
<edited>Mon Jun 07 16:19:09 EDT 2010</edited>
<value><point x="11774" y="18168"/></value>
<metadata author="">

</metadata>
</contour>
<contour name="Process 69" class="PointContour" color="#03ffda" visible="true">
<created>Mon Jun 07 17:44:11 EDT 2010</created>
<edited>Mon Jun 07 17:44:11 EDT 2010</edited>
<value><point x="11718" y="17508"/></value>
<metadata author="">

</metadata>
</contour>
<contour name="Process 44" class="PointContour" color="#ddf72a" visible="true">
<created>Mon Jun 07 16:52:48 EDT 2010</created>
<edited>Mon Jun 07 16:52:48 EDT 2010</edited>
<value><point x="11862" y="17918"/></value>
<metadata author="">

</metadata>
</contour>
<contour name="Process 204" class="PointContour" color="#e0ff14" visible="true">
<created>Thu Jun 10 13:14:57 EDT 2010</created>
<edited>Thu Jun 10 13:14:57 EDT 2010</edited>
<value><point x="11908" y="17694"/></value>
<metadata author="">

</metadata>
</contour>
<contour name="Process 17" class="PointContour" color="#c115ff" visible="true">
<created>Wed Jun 02 17:40:51 EDT 2010</created>
<edited>Wed Jun 02 17:40:51 EDT 2010</edited>
<value><point x="11826" y="17564"/></value>
<metadata author="">

</metadata>
</contour>
<contour name="Process 42" class="PointContour" color="#f7cd42" visible="true">
<created>Mon Jun 07 16:50:30 EDT 2010</created>
<edited>Mon Jun 07 16:50:30 EDT 2010</edited>
<value><point x="12006" y="19462"/></value>
<metadata author="">

</metadata>
</contour>
<contour name="Process 102" class="PointContour" color="#7706ff" visible="true">
<created>Tue Jun 08 16:05:19 EDT 2010</created>
<edited>Tue Jun 08 16:05:19 EDT 2010</edited>
<value><point x="12066" y="17890"/></value>
<metadata author="">

</metadata>
</contour>
<contour name="Process 29" class="PointContour" color="#7aff76" visible="true">
<created>Mon Jun 07 15:07:33 EDT 2010</created>
<edited>Mon Jun 07 15:07:33 EDT 2010</edited>
<value><point x="11374" y="18936"/></value>
<metadata author="">

</metadata>
</contour>
<contour name="Process 130" class="PointContour" color="#0bff5b" visible="true">
<created>Wed Jun 09 12:58:40 EDT 2010</created>
<edited>Wed Jun 09 12:58:40 EDT 2010</edited>
<value><point x="12584" y="18452"/></value>
<metadata author="">

</metadata>
</contour>
<contour name="Process 4" class="PointContour" color="#fff812" visible="true">
<created>Wed Jun 02 16:26:46 EDT 2010</created>
<edited>Wed Jun 02 16:26:46 EDT 2010</edited>
<value><point x="11520" y="18330"/></value>
<metadata author="">

</metadata>
</contour>
<contour name="Process 18" class="PointContour" color="#ff5cb4" visible="true">
<created>Wed Jun 02 17:48:53 EDT 2010</created>
<edited>Wed Jun 02 17:48:53 EDT 2010</edited>
<value><point x="11776" y="17504"/></value>
<metadata author="">

</metadata>
</contour>
<contour name="Process 29" class="PointContour" color="#7aff76" visible="true">
<created>Mon Jun 07 15:07:33 EDT 2010</created>
<edited>Mon Jun 07 15:07:33 EDT 2010</edited>
<value><point x="11060" y="18392"/></value>
<metadata author="">

</metadata>
</contour>
<contour name="Process 92" class="PointContour" color="#ffd909" visible="true">
<created>Tue Jun 08 14:11:20 EDT 2010</created>
<edited>Tue Jun 08 14:11:20 EDT 2010</edited>
<value><point x="12208" y="19376"/></value>
<metadata author="">

</metadata>
</contour>
<contour name="Trail 3" class="PointContour" color="#ffa20c" visible="true">
<created>Wed Jun 02 16:19:40 EDT 2010</created>
<edited>Wed Jun 02 16:19:40 EDT 2010</edited>
<value><point x="12308" y="18904"/></value>
<metadata author="">

</metadata>
</contour>
<contour name="Process 67" class="PointContour" color="#8eff03" visible="true">
<created>Mon Jun 07 17:39:23 EDT 2010</created>
<edited>Mon Jun 07 17:39:23 EDT 2010</edited>
<value><point x="12092" y="17584"/></value>
<metadata author="">

</metadata>
</contour>
<contour name="Process 29" class="PointContour" color="#7aff76" visible="true">
<created>Mon Jun 07 16:16:05 EDT 2010</created>
<edited>Mon Jun 07 16:16:05 EDT 2010</edited>
<value><point x="11078" y="19386"/></value>
<metadata author="">

</metadata>
</contour>
<contour name="Process 186" class="PointContour" color="#ff431a" visible="true">
<created>Thu Jun 10 12:25:37 EDT 2010</created>
<edited>Thu Jun 10 12:25:37 EDT 2010</edited>
<value><point x="11040" y="19228"/></value>
<metadata author="">

</metadata>
</contour>
<contour name="Process 120" class="PointContour" color="#06ffad" visible="true">
<created>Tue Jun 08 17:14:52 EDT 2010</created>
<edited>Tue Jun 08 17:14:52 EDT 2010</edited>
<value><point x="11770" y="18010"/></value>
<metadata author="">

</metadata>
</contour>
<contour name="Process 67" class="PointContour" color="#8eff03" visible="true">
<created>Mon Jun 07 17:39:58 EDT 2010</created>
<edited>Mon Jun 07 17:39:58 EDT 2010</edited>
<value><point x="12738" y="17440"/></value>
<metadata author="">

</metadata>
</contour>
<contour name="Process 33" class="PointContour" color="#f70fe0" visible="true">
<created>Mon Jun 07 16:29:24 EDT 2010</created>
<edited>Mon Jun 07 16:29:24 EDT 2010</edited>
<value><point x="11526" y="17568"/></value>
<metadata author="">

</metadata>
</contour>
<contour name="Process 29" class="PointContour" color="#7aff76" visible="true">
<created>Mon Jun 07 15:07:33 EDT 2010</created>
<edited>Mon Jun 07 15:07:33 EDT 2010</edited>
<value><point x="11202" y="18638"/></value>
<metadata author="">

</metadata>
</contour>
<contour name="Process 29" class="PointContour" color="#7aff76" visible="true">
<created>Mon Jun 07 15:07:33 EDT 2010</created>
<edited>Mon Jun 07 15:07:33 EDT 2010</edited>
<value><point x="11212" y="18654"/></value>
<metadata author="">

</metadata>
</contour>
<contour name="Process 29" class="PointContour" color="#7aff76" visible="true">
<created>Mon Jun 07 15:07:33 EDT 2010</created>
<edited>Mon Jun 07 15:07:33 EDT 2010</edited>
<value><point x="11150" y="18550"/></value>
<metadata author="">

</metadata>
</contour>
<contour name="Process 205" class="PointContour" color="#0ddcff" visible="true">
<created>Thu Jun 10 13:16:54 EDT 2010</created>
<edited>Thu Jun 10 13:16:54 EDT 2010</edited>
<value><point x="12302" y="18292"/></value>
<metadata author="">

</metadata>
</contour>
<contour name="Process 54" class="PointContour" color="#ed07ff" visible="true">
<created>Mon Jun 07 17:23:13 EDT 2010</created>
<edited>Mon Jun 07 17:23:13 EDT 2010</edited>
<value><point x="12314" y="17826"/></value>
<metadata author="">

</metadata>
</contour>
<contour name="Process 76" class="PointContour" color="#08ffdd" visible="true">
<created>Tue Jun 08 12:38:58 EDT 2010</created>
<edited>Tue Jun 08 12:38:58 EDT 2010</edited>
<value><point x="12826" y="18608"/></value>
<metadata author="">

</metadata>
</contour>
<contour name="Process 29" class="PointContour" color="#7aff76" visible="true">
<created>Mon Jun 07 15:07:33 EDT 2010</created>
<edited>Mon Jun 07 15:07:33 EDT 2010</edited>
<value><point x="11232" y="18690"/></value>
<metadata author="">

</metadata>
</contour>
<contour name="Process 189" class="PointContour" color="#ffadba" visible="true">
<created>Thu Jun 10 12:29:37 EDT 2010</created>
<edited>Thu Jun 10 12:29:37 EDT 2010</edited>
<value><point x="10968" y="18888"/></value>
<metadata author="">

</metadata>
</contour>
<contour name="Process 2" class="PointContour" color="#ff5107" visible="true">
<created>Wed Jun 02 16:13:39 EDT 2010</created>
<edited>Wed Jun 02 16:13:39 EDT 2010</edited>
<value><point x="11890" y="19088"/></value>
<metadata author="">

</metadata>
</contour>
<contour name="Process 29" class="PointContour" color="#7aff76" visible="true">
<created>Mon Jun 07 15:07:33 EDT 2010</created>
<edited>Mon Jun 07 15:07:33 EDT 2010</edited>
<value><point x="11050" y="18374"/></value>
<metadata author="">

</metadata>
</contour>
<contour name="Process 118" class="PointContour" color="#4fff10" visible="true">
<created>Tue Jun 08 17:10:06 EDT 2010</created>
<edited>Tue Jun 08 17:10:06 EDT 2010</edited>
<value><point x="12330" y="18618"/></value>
<metadata author="">

</metadata>
</contour>
<contour name="Process 12" class="PointContour" color="#ffa568" visible="true">
<created>Wed Jun 02 17:18:47 EDT 2010</created>
<edited>Wed Jun 02 17:18:47 EDT 2010</edited>
<value><point x="12074" y="18048"/></value>
<metadata author="">

</metadata>
</contour>
<contour name="Process 29" class="PointContour" color="#7aff76" visible="true">
<created>Mon Jun 07 15:06:40 EDT 2010</created>
<edited>Mon Jun 07 15:06:40 EDT 2010</edited>
<value><point x="11492" y="18020"/></value>
<metadata author="">

</metadata>
</contour>
<contour name="Process 1" class="PointContour" color="#ff0000" visible="true">
<created>Wed Jun 02 16:02:29 EDT 2010</created>
<edited>Wed Jun 02 16:02:29 EDT 2010</edited>
<value><point x="12258" y="18114"/></value>
<metadata author="">

</metadata>
</contour>
<contour name="Process 29" class="PointContour" color="#7aff76" visible="true">
<created>Mon Jun 07 15:07:33 EDT 2010</created>
<edited>Mon Jun 07 15:07:33 EDT 2010</edited>
<value><point x="11090" y="18444"/></value>
<metadata author="">

</metadata>
</contour>
<contour name="Process 2" class="PointContour" color="#ff5107" visible="true">
<created>Wed Jun 02 16:08:40 EDT 2010</created>
<edited>Wed Jun 02 16:08:40 EDT 2010</edited>
<value><point x="11788" y="18456"/></value>
<metadata author="">

</metadata>
</contour>
<contour name="Process 29" class="PointContour" color="#7aff76" visible="true">
<created>Mon Jun 07 15:07:33 EDT 2010</created>
<edited>Mon Jun 07 15:07:33 EDT 2010</edited>
<value><point x="11020" y="18322"/></value>
<metadata author="">

</metadata>
</contour>
<contour name="Process 78" class="PointContour" color="#0390ff" visible="true">
<created>Tue Jun 08 12:45:38 EDT 2010</created>
<edited>Tue Jun 08 12:45:38 EDT 2010</edited>
<value><point x="12418" y="17542"/></value>
<metadata author="">

</metadata>
</contour>
<contour name="Process 5" class="PointContour" color="#c2ff00" visible="true">
<created>Wed Jun 02 16:32:39 EDT 2010</created>
<edited>Wed Jun 02 16:32:39 EDT 2010</edited>
<value><point x="11970" y="18336"/></value>
<metadata author="">

</metadata>
</contour>
<contour name="Process 78" class="PointContour" color="#0390ff" visible="true">
<created>Tue Jun 08 12:45:38 EDT 2010</created>
<edited>Tue Jun 08 12:45:38 EDT 2010</edited>
<value><point x="12380" y="17528"/></value>
<metadata author="">

</metadata>
</contour>
<contour name="Process 101" class="PointContour" color="#036bff" visible="true">
<created>Wed Jun 09 16:05:00 EDT 2010</created>
<edited>Wed Jun 09 16:05:00 EDT 2010</edited>
<value><point x="12304" y="18448"/></value>
<metadata author="">

</metadata>
</contour>
<contour name="Process 78" class="PointContour" color="#0390ff" visible="true">
<created>Tue Jun 08 12:45:38 EDT 2010</created>
<edited>Tue Jun 08 12:45:38 EDT 2010</edited>
<value><point x="12856" y="17692"/></value>
<metadata author="">

</metadata>
</contour>
<contour name="Process 28" class="PointContour" color="#d1a73a" visible="true">
<created>Thu Jun 03 11:28:21 EDT 2010</created>
<edited>Thu Jun 03 11:28:21 EDT 2010</edited>
<value><point x="12690" y="18564"/></value>
<metadata author="">

</metadata>
</contour>
<contour name="Process 60" class="PointContour" color="#ff4e01" visible="true">
<created>Mon Jun 07 17:30:46 EDT 2010</created>
<edited>Mon Jun 07 17:30:46 EDT 2010</edited>
<value><point x="11678" y="17632"/></value>
<metadata author="">

</metadata>
</contour>
<contour name="Process 8" class="PointContour" color="#2d23ff" visible="true">
<created>Wed Jun 02 17:06:21 EDT 2010</created>
<edited>Wed Jun 02 17:06:21 EDT 2010</edited>
<value><point x="12108" y="18462"/></value>
<metadata author="">

</metadata>
</contour>
<contour name="Process 53" class="PointContour" color="#d507ff" visible="true">
<created>Mon Jun 07 17:22:01 EDT 2010</created>
<edited>Mon Jun 07 17:22:01 EDT 2010</edited>
<value><point x="12654" y="18240"/></value>
<metadata author="">

</metadata>
</contour>
<contour name="Process 200" class="PointContour" color="#8e1fff" visible="true">
<created>Thu Jun 10 13:06:26 EDT 2010</created>
<edited>Thu Jun 10 13:06:26 EDT 2010</edited>
<value><point x="11350" y="18088"/></value>
<metadata author="">

</metadata>
</contour>
<contour name="Process 8" class="PointContour" color="#2d23ff" visible="true">
<created>Wed Jun 02 17:05:08 EDT 2010</created>
<edited>Wed Jun 02 17:05:08 EDT 2010</edited>
<value><point x="12324" y="18244"/></value>
<metadata author="">

</metadata>
</contour>
<contour name="Process 66" class="PointContour" color="#bcff07" visible="true">
<created>Mon Jun 07 17:37:19 EDT 2010</created>
<edited>Mon Jun 07 17:37:19 EDT 2010</edited>
<value><point x="11708" y="18350"/></value>
<metadata author="">

</metadata>
</contour>
<contour name="Process 45" class="PointContour" color="#80d2ff" visible="true">
<created>Mon Jun 07 16:54:48 EDT 2010</created>
<edited>Mon Jun 07 16:54:48 EDT 2010</edited>
<value><point x="12180" y="18408"/></value>
<metadata author="">

</metadata>
</contour>
<contour name="Process 29" class="PointContour" color="#7aff76" visible="true">
<created>Tue Jun 08 16:06:57 EDT 2010</created>
<edited>Tue Jun 08 16:06:57 EDT 2010</edited>
<value><point x="12052" y="18310"/></value>
<metadata author="">

</metadata>
</contour>
<contour name="Process 29" class="PointContour" color="#7aff76" visible="true">
<created>Mon Jun 07 15:07:33 EDT 2010</created>
<edited>Mon Jun 07 15:07:33 EDT 2010</edited>
<value><point x="11272" y="18760"/></value>
<metadata author="">

</metadata>
</contour>
<contour name="Process 49" class="PointContour" color="#4053cc" visible="true">
<created>Mon Jun 07 17:01:18 EDT 2010</created>
<edited>Mon Jun 07 17:01:18 EDT 2010</edited>
<value><point x="11810" y="17962"/></value>
<metadata author="">

</metadata>
</contour>
<contour name="Process 87" class="PointContour" color="#ff0b2f" visible="true">
<created>Tue Jun 08 13:37:03 EDT 2010</created>
<edited>Tue Jun 08 13:37:03 EDT 2010</edited>
<value><point x="12394" y="18868"/></value>
<metadata author="">

</metadata>
</contour>
<contour name="Process 106" class="PointContour" color="#ff02af" visible="true">
<created>Tue Jun 08 16:17:33 EDT 2010</created>
<edited>Tue Jun 08 16:17:33 EDT 2010</edited>
<value><point x="11172" y="19130"/></value>
<metadata author="">

</metadata>
</contour>
<contour name="Process 174" class="PointContour" color="#c37aff" visible="true">
<created>Wed Jun 09 17:08:18 EDT 2010</created>
<edited>Wed Jun 09 17:08:18 EDT 2010</edited>
<value><point x="12168" y="17954"/></value>
<metadata author="">

</metadata>
</contour>
<contour name="Process 78" class="PointContour" color="#0390ff" visible="true">
<created>Tue Jun 08 12:45:38 EDT 2010</created>
<edited>Tue Jun 08 12:45:38 EDT 2010</edited>
<value><point x="12762" y="17660"/></value>
<metadata author="">

</metadata>
</contour>
<contour name="Process 78" class="PointContour" color="#0390ff" visible="true">
<created>Tue Jun 08 12:45:38 EDT 2010</created>
<edited>Tue Jun 08 12:45:38 EDT 2010</edited>
<value><point x="12284" y="17496"/></value>
<metadata author="">

</metadata>
</contour>
<contour name="Process 78" class="PointContour" color="#0390ff" visible="true">
<created>Tue Jun 08 12:45:38 EDT 2010</created>
<edited>Tue Jun 08 12:45:38 EDT 2010</edited>
<value><point x="12666" y="17628"/></value>
<metadata author="">

</metadata>
</contour>
<contour name="Process 78" class="PointContour" color="#0390ff" visible="true">
<created>Tue Jun 08 12:45:38 EDT 2010</created>
<edited>Tue Jun 08 12:45:38 EDT 2010</edited>
<value><point x="12818" y="17680"/></value>
<metadata author="">

</metadata>
</contour>
<contour name="Process 7" class="PointContour" color="#10fffb" visible="true">
<created>Wed Jun 02 16:49:51 EDT 2010</created>
<edited>Wed Jun 02 16:49:51 EDT 2010</edited>
<value><point x="11672" y="19164"/></value>
<metadata author="">

</metadata>
</contour>
<contour name="Process 143" class="PointContour" color="#d10eff" visible="true">
<created>Wed Jun 09 15:08:02 EDT 2010</created>
<edited>Wed Jun 09 15:08:02 EDT 2010</edited>
<value><point x="12988" y="19188"/></value>
<metadata author="">

</metadata>
</contour>
<contour name="Process 178" class="PointContour" color="#09ffe5" visible="true">
<created>Thu Jun 10 10:29:17 EDT 2010</created>
<edited>Thu Jun 10 10:29:17 EDT 2010</edited>
<value><point x="12766" y="18556"/></value>
<metadata author="">

</metadata>
</contour>
<contour name="Process 29" class="PointContour" color="#7aff76" visible="true">
<created>Thu Jun 03 12:28:42 EDT 2010</created>
<edited>Thu Jun 03 12:28:42 EDT 2010</edited>
<value><point x="11738" y="18844"/></value>
<metadata author="">

</metadata>
</contour>
<contour name="Process 104" class="PointContour" color="#df03ff" visible="true">
<created>Tue Jun 08 16:10:44 EDT 2010</created>
<edited>Tue Jun 08 16:10:44 EDT 2010</edited>
<value><point x="11714" y="17890"/></value>
<metadata author="">

</metadata>
</contour>
<contour name="Process 37" class="PointContour" color="#f7daf0" visible="true">
<created>Mon Jun 07 16:39:26 EDT 2010</created>
<edited>Mon Jun 07 16:39:26 EDT 2010</edited>
<value><point x="12110" y="17988"/></value>
<metadata author="">

</metadata>
</contour>
<contour name="Process 78" class="PointContour" color="#0390ff" visible="true">
<created>Tue Jun 08 12:45:38 EDT 2010</created>
<edited>Tue Jun 08 12:45:38 EDT 2010</edited>
<value><point x="12476" y="17562"/></value>
<metadata author="">

</metadata>
</contour>
<contour name="Process 78" class="PointContour" color="#0390ff" visible="true">
<created>Tue Jun 08 12:45:38 EDT 2010</created>
<edited>Tue Jun 08 12:45:38 EDT 2010</edited>
<value><point x="12514" y="17574"/></value>
<metadata author="">

</metadata>
</contour>
<contour name="Process 123" class="PointContour" color="#966dff" visible="true">
<created>Tue Jun 08 17:32:21 EDT 2010</created>
<edited>Tue Jun 08 17:32:21 EDT 2010</edited>
<value><point x="11544" y="18632"/></value>
<metadata author="">

</metadata>
</contour>
<contour name="Process 29" class="PointContour" color="#7aff76" visible="true">
<created>Mon Jun 07 15:07:33 EDT 2010</created>
<edited>Mon Jun 07 15:07:33 EDT 2010</edited>
<value><point x="11130" y="18514"/></value>
<metadata author="">

</metadata>
</contour>
<contour name="Process 28" class="PointContour" color="#d1a73a" visible="true">
<created>Thu Jun 03 11:31:17 EDT 2010</created>
<edited>Thu Jun 03 11:31:17 EDT 2010</edited>
<value><point x="11692" y="18550"/></value>
<metadata author="">

</metadata>
</contour>
<contour name="Process 133" class="PointContour" color="#0484ff" visible="true">
<created>Wed Jun 09 13:12:38 EDT 2010</created>
<edited>Wed Jun 09 13:12:38 EDT 2010</edited>
<value><point x="11826" y="18940"/></value>
<metadata author="">

</metadata>
</contour>
<contour name="Process 29" class="PointContour" color="#7aff76" visible="true">
<created>Mon Jun 07 15:07:33 EDT 2010</created>
<edited>Mon Jun 07 15:07:33 EDT 2010</edited>
<value><point x="11494" y="19146"/></value>
<metadata author="">

</metadata>
</contour>
<contour name="Process 29" class="PointContour" color="#7aff76" visible="true">
<created>Mon Jun 07 15:07:33 EDT 2010</created>
<edited>Mon Jun 07 15:07:33 EDT 2010</edited>
<value><point x="11394" y="18970"/></value>
<metadata author="">

</metadata>
</contour>
<contour name="Process 28" class="PointContour" color="#d1a73a" visible="true">
<created>Thu Jun 03 10:36:52 EDT 2010</created>
<edited>Thu Jun 03 10:36:52 EDT 2010</edited>
<value><point x="12352" y="18888"/></value>
<metadata author="">

</metadata>
</contour>
<contour name="Process 29" class="PointContour" color="#7aff76" visible="true">
<created>Mon Jun 07 15:07:33 EDT 2010</created>
<edited>Mon Jun 07 15:07:33 EDT 2010</edited>
<value><point x="11162" y="18568"/></value>
<metadata author="">

</metadata>
</contour>
<contour name="Process 29" class="PointContour" color="#7aff76" visible="true">
<created>Mon Jun 07 15:07:33 EDT 2010</created>
<edited>Mon Jun 07 15:07:33 EDT 2010</edited>
<value><point x="11110" y="18480"/></value>
<metadata author="">

</metadata>
</contour>
<contour name="Process 114" class="PointContour" color="#cbff04" visible="true">
<created>Tue Jun 08 17:02:44 EDT 2010</created>
<edited>Tue Jun 08 17:02:44 EDT 2010</edited>
<value><point x="12680" y="19100"/></value>
<metadata author="">

</metadata>
</contour>
<contour name="Process 104" class="PointContour" color="#df03ff" visible="true">
<created>Tue Jun 08 16:14:33 EDT 2010</created>
<edited>Tue Jun 08 16:14:33 EDT 2010</edited>
<value><point x="11786" y="19338"/></value>
<metadata author="">

</metadata>
</contour>
<contour name="Process 41" class="PointContour" color="#b2aff7" visible="true">
<created>Mon Jun 07 16:47:58 EDT 2010</created>
<edited>Mon Jun 07 16:47:58 EDT 2010</edited>
<value><point x="12436" y="17904"/></value>
<metadata author="">

</metadata>
</contour>
<contour name="Process 78" class="PointContour" color="#0390ff" visible="true">
<created>Tue Jun 08 12:45:38 EDT 2010</created>
<edited>Tue Jun 08 12:45:38 EDT 2010</edited>
<value><point x="12304" y="17502"/></value>
<metadata author="">

</metadata>
</contour>
<contour name="Process 221" class="PointContour" color="#ff38d2" visible="true">
<created>Thu Jun 10 17:23:06 EDT 2010</created>
<edited>Thu Jun 10 17:23:06 EDT 2010</edited>
<value><point x="11612" y="17920"/></value>
<metadata author="">

</metadata>
</contour>
<contour name="Process 29" class="PointContour" color="#7aff76" visible="true">
<created>Mon Jun 07 15:07:33 EDT 2010</created>
<edited>Mon Jun 07 15:07:33 EDT 2010</edited>
<value><point x="11404" y="18988"/></value>
<metadata author="">

</metadata>
</contour>
<contour name="Process 81" class="PointContour" color="#9f09ff" visible="true">
<created>Tue Jun 08 12:55:04 EDT 2010</created>
<edited>Tue Jun 08 12:55:04 EDT 2010</edited>
<value><point x="11592" y="19080"/></value>
<metadata author="">

</metadata>
</contour>
<contour name="Process 105" class="PointContour" color="#ff0be6" visible="true">
<created>Tue Jun 08 16:16:05 EDT 2010</created>
<edited>Tue Jun 08 16:16:05 EDT 2010</edited>
<value><point x="11074" y="19144"/></value>
<metadata author="">

</metadata>
</contour>
<contour name="Process 78" class="PointContour" color="#0390ff" visible="true">
<created>Tue Jun 08 12:45:38 EDT 2010</created>
<edited>Tue Jun 08 12:45:38 EDT 2010</edited>
<value><point x="12266" y="17490"/></value>
<metadata author="">

</metadata>
</contour>
<contour name="Process 17" class="PointContour" color="#c115ff" visible="true">
<created>Thu Jun 10 15:03:55 EDT 2010</created>
<edited>Thu Jun 10 15:03:55 EDT 2010</edited>
<value><point x="11352" y="17852"/></value>
<metadata author="">

</metadata>
</contour>
<contour name="Process 29" class="PointContour" color="#7aff76" visible="true">
<created>Mon Jun 07 15:07:33 EDT 2010</created>
<edited>Mon Jun 07 15:07:33 EDT 2010</edited>
<value><point x="11364" y="18918"/></value>
<metadata author="">

</metadata>
</contour>
<contour name="Process 29" class="PointContour" color="#7aff76" visible="true">
<created>Mon Jun 07 15:07:33 EDT 2010</created>
<edited>Mon Jun 07 15:07:33 EDT 2010</edited>
<value><point x="11322" y="18848"/></value>
<metadata author="">

</metadata>
</contour>
<contour name="Process 77" class="PointContour" color="#06dfff" visible="true">
<created>Tue Jun 08 12:41:54 EDT 2010</created>
<edited>Tue Jun 08 12:41:54 EDT 2010</edited>
<value><point x="12130" y="18744"/></value>
<metadata author="">

</metadata>
</contour>
<contour name="Process 78" class="PointContour" color="#0390ff" visible="true">
<created>Tue Jun 08 12:45:38 EDT 2010</created>
<edited>Tue Jun 08 12:45:38 EDT 2010</edited>
<value><point x="12628" y="17614"/></value>
<metadata author="">

</metadata>
</contour>
<contour name="Process 180" class="PointContour" color="#cd67ff" visible="true">
<created>Thu Jun 10 10:31:57 EDT 2010</created>
<edited>Thu Jun 10 10:31:57 EDT 2010</edited>
<value><point x="11122" y="19244"/></value>
<metadata author="">

</metadata>
</contour>
<contour name="Process 78" class="PointContour" color="#0390ff" visible="true">
<created>Tue Jun 08 12:45:38 EDT 2010</created>
<edited>Tue Jun 08 12:45:38 EDT 2010</edited>
<value><point x="12780" y="17666"/></value>
<metadata author="">

</metadata>
</contour>
<contour name="Trail 21" class="PointContour" color="#68c268" visible="true">
<created>Thu Jun 03 09:59:32 EDT 2010</created>
<edited>Thu Jun 03 09:59:32 EDT 2010</edited>
<value><point x="12586" y="18364"/></value>
<metadata author="">

</metadata>
</contour>
<contour name="Process 267" class="PointContour" color="#bc66e6" visible="true">
<created>Fri Jun 11 16:07:37 EDT 2010</created>
<edited>Fri Jun 11 16:07:37 EDT 2010</edited>
<value><point x="11956" y="17840"/></value>
<metadata author="">

</metadata>
</contour>
<contour name="Process 271" class="PointContour" color="#75436a" visible="true">
<created>Fri Jun 11 16:57:24 EDT 2010</created>
<edited>Fri Jun 11 16:57:24 EDT 2010</edited>
<value><point x="11956" y="17544"/></value>
<metadata author="">

</metadata>
</contour>
<contour name="Process 271" class="PointContour" color="#75436a" visible="true">
<created>Fri Jun 11 16:57:45 EDT 2010</created>
<edited>Fri Jun 11 16:57:45 EDT 2010</edited>
<value><point x="12538" y="17788"/></value>
<metadata author="">

</metadata>
</contour>
<contour name="Process 274" class="PointContour" color="#37723c" visible="true">
<created>Fri Jun 11 17:03:15 EDT 2010</created>
<edited>Fri Jun 11 17:03:15 EDT 2010</edited>
<value><point x="11934" y="18598"/></value>
<metadata author="">

</metadata>
</contour>
<contour name="Process 283" class="PointContour" color="#8bdb3a" visible="true">
<created>Mon Jun 14 12:47:19 EDT 2010</created>
<edited>Mon Jun 14 12:47:19 EDT 2010</edited>
<value><point x="11016" y="18794"/></value>
<metadata author="">

</metadata>
</contour>
<contour name="Process 283" class="PointContour" color="#8bdb3a" visible="true">
<created>Mon Jun 14 12:48:10 EDT 2010</created>
<edited>Mon Jun 14 12:48:10 EDT 2010</edited>
<value><point x="12678" y="18452"/></value>
<metadata author="">

</metadata>
</contour>
<contour name="Process 171" class="PointContour" color="#d0ff5f" visible="true">
<created>Tue Jun 15 12:40:19 EDT 2010</created>
<edited>Tue Jun 15 12:40:19 EDT 2010</edited>
<value><point x="12692" y="18328"/></value>
<metadata author="">

</metadata>
</contour>
<contour name="Process 72" class="PointContour" color="#ffcd08" visible="true">
<created>Tue Jun 15 13:06:57 EDT 2010</created>
<edited>Tue Jun 15 13:06:57 EDT 2010</edited>
<value><point x="12618" y="18748"/></value>
<metadata author="">

</metadata>
</contour>
<contour name="Process 298" class="PointContour" color="#9b0b1c" visible="true">
<created>Tue Jun 15 13:08:15 EDT 2010</created>
<edited>Tue Jun 15 13:08:15 EDT 2010</edited>
<value><point x="12682" y="18656"/></value>
<metadata author="">

</metadata>
</contour>
<contour name="Process 301" class="PointContour" color="#ee987c" visible="true">
<created>Tue Jun 15 13:22:48 EDT 2010</created>
<edited>Tue Jun 15 13:22:48 EDT 2010</edited>
<value><point x="12130" y="18206"/></value>
<metadata author="">

</metadata>
</contour>
<contour name="Process 303" class="PointContour" color="#baac7b" visible="true">
<created>Tue Jun 15 14:28:18 EDT 2010</created>
<edited>Tue Jun 15 14:28:18 EDT 2010</edited>
<value><point x="12388" y="19356"/></value>
<metadata author="">

</metadata>
</contour>
<contour name="Process 307" class="PointContour" color="#bc7f1e" visible="true">
<created>Tue Jun 15 14:39:34 EDT 2010</created>
<edited>Tue Jun 15 14:39:34 EDT 2010</edited>
<value><point x="12952" y="18268"/></value>
<metadata author="">

</metadata>
</contour>
<contour name="Process 311" class="PointContour" color="#0b7893" visible="true">
<created>Tue Jun 15 14:47:12 EDT 2010</created>
<edited>Tue Jun 15 14:47:12 EDT 2010</edited>
<value><point x="11210" y="19128"/></value>
<metadata author="">

</metadata>
</contour>
<contour name="Process 28" class="PointContour" color="#d1a73a" visible="true">
<created>Tue Jun 15 14:55:38 EDT 2010</created>
<edited>Tue Jun 15 14:55:38 EDT 2010</edited>
<value><point x="12192" y="18472"/></value>
<metadata author="">

</metadata>
</contour>
<contour name="Process 321" class="PointContour" color="#1fbbad" visible="true">
<created>Tue Jun 15 16:38:41 EDT 2010</created>
<edited>Tue Jun 15 16:38:41 EDT 2010</edited>
<value><point x="11090" y="17658"/></value>
<metadata author="">

</metadata>
</contour>
<contour name="Process 322" class="PointContour" color="#bec2b9" visible="true">
<created>Tue Jun 15 16:39:18 EDT 2010</created>
<edited>Tue Jun 15 16:39:18 EDT 2010</edited>
<value><point x="11150" y="17670"/></value>
<metadata author="">

</metadata>
</contour>
<contour name="Process 29" class="PointContour" color="#7aff76" visible="true">
<created>Tue Jun 15 16:53:35 EDT 2010</created>
<edited>Tue Jun 15 16:53:35 EDT 2010</edited>
<value><point x="10978" y="19192"/></value>
<metadata author="">

</metadata>
</contour>
<contour name="Process 171" class="PointContour" color="#d0ff5f" visible="true">
<created>Tue Jun 15 16:58:34 EDT 2010</created>
<edited>Tue Jun 15 16:58:34 EDT 2010</edited>
<value><point x="11194" y="17694"/></value>
<metadata author="">

</metadata>
</contour>
<contour name="Process 171" class="PointContour" color="#d0ff5f" visible="true">
<created>Tue Jun 15 16:58:53 EDT 2010</created>
<edited>Tue Jun 15 16:58:53 EDT 2010</edited>
<value><point x="11106" y="17720"/></value>
<metadata author="">

</metadata>
</contour>
<contour name="Process 84" class="PointContour" color="#ff0ac0" visible="true">
<created>Tue Jun 15 17:30:50 EDT 2010</created>
<edited>Tue Jun 15 17:30:50 EDT 2010</edited>
<value><point x="11848" y="18984"/></value>
<metadata author="">

</metadata>
</contour>
<contour name="Process 171" class="PointContour" color="#d0ff5f" visible="true">
<created>Tue Jun 15 17:34:40 EDT 2010</created>
<edited>Tue Jun 15 17:34:40 EDT 2010</edited>
<value><point x="11680" y="18844"/></value>
<metadata author="">

</metadata>
</contour>
<contour name="Process 171" class="PointContour" color="#d0ff5f" visible="true">
<created>Tue Jun 15 17:36:27 EDT 2010</created>
<edited>Tue Jun 15 17:36:27 EDT 2010</edited>
<value><point x="11244" y="17752"/></value>
<metadata author="">

</metadata>
</contour>
<contour name="Process 171" class="PointContour" color="#d0ff5f" visible="true">
<created>Tue Jun 15 17:39:40 EDT 2010</created>
<edited>Tue Jun 15 17:39:40 EDT 2010</edited>
<value><point x="12352" y="19216"/></value>
<metadata author="">

</metadata>
</contour>
<contour name="Process 171" class="PointContour" color="#d0ff5f" visible="true">
<created>Tue Jun 15 17:44:01 EDT 2010</created>
<edited>Tue Jun 15 17:44:01 EDT 2010</edited>
<value><point x="11044" y="17700"/></value>
<metadata author="">

</metadata>
</contour>
<contour name="Process 357" class="PointContour" color="#26769b" visible="true">
<created>Wed Jun 23 09:57:45 EDT 2010</created>
<edited>Wed Jun 23 09:57:45 EDT 2010</edited>
<value><point x="11254" y="19456"/></value>
<metadata author="">

</metadata>
</contour>
<contour name="Process 171" class="PointContour" color="#d0ff5f" visible="true">
<created>Wed Jun 23 09:58:35 EDT 2010</created>
<edited>Wed Jun 23 09:58:35 EDT 2010</edited>
<value><point x="12010" y="19206"/></value>
<metadata author="">

</metadata>
</contour>
<contour name="Process 368" class="PointContour" color="#15d8d6" visible="true">
<created>Wed Jun 23 11:50:13 EDT 2010</created>
<edited>Wed Jun 23 11:50:13 EDT 2010</edited>
<value><point x="12800" y="19354"/></value>
<metadata author="">

</metadata>
</contour>
<contour name="Process 75" class="PointContour" color="#08ffac" visible="true">
<created>Wed Jun 23 11:58:32 EDT 2010</created>
<edited>Wed Jun 23 11:58:32 EDT 2010</edited>
<value><point x="12938" y="19246"/></value>
<metadata author="">

</metadata>
</contour>
<contour name="Process 171" class="PointContour" color="#d0ff5f" visible="true">
<created>Wed Jun 23 12:12:00 EDT 2010</created>
<edited>Wed Jun 23 12:12:00 EDT 2010</edited>
<value><point x="11372" y="18210"/></value>
<metadata author="">

</metadata>
</contour>
<contour name="Process 171" class="PointContour" color="#d0ff5f" visible="true">
<created>Wed Jun 23 12:14:03 EDT 2010</created>
<edited>Wed Jun 23 12:14:03 EDT 2010</edited>
<value><point x="11462" y="17940"/></value>
<metadata author="">

</metadata>
</contour>
<contour name="Process 382" class="PointContour" color="#15b55a" visible="true">
<created>Wed Jun 23 12:25:49 EDT 2010</created>
<edited>Wed Jun 23 12:25:49 EDT 2010</edited>
<value><point x="11516" y="17862"/></value>
<metadata author="">

</metadata>
</contour>
<contour name="Process 388" class="PointContour" color="#bdd1b7" visible="true">
<created>Wed Jun 23 13:03:12 EDT 2010</created>
<edited>Wed Jun 23 13:03:12 EDT 2010</edited>
<value><point x="11802" y="19252"/></value>
<metadata author="">

</metadata>
</contour>
<contour name="Process 391" class="PointContour" color="#627d97" visible="true">
<created>Wed Jun 23 13:22:06 EDT 2010</created>
<edited>Wed Jun 23 13:22:06 EDT 2010</edited>
<value><point x="11040" y="17644"/></value>
<metadata author="">

</metadata>
</contour>
<contour name="Process 394" class="PointContour" color="#9f5fc8" visible="true">
<created>Wed Jun 30 10:43:48 EDT 2010</created>
<edited>Wed Jun 30 10:43:48 EDT 2010</edited>
<value><point x="12190" y="18032"/></value>
<metadata author="">

</metadata>
</contour>
<contour name="Process 395" class="PointContour" color="#352bbd" visible="true">
<created>Wed Jun 30 10:49:41 EDT 2010</created>
<edited>Wed Jun 30 10:49:41 EDT 2010</edited>
<value><point x="12546" y="18636"/></value>
<metadata author="">

</metadata>
</contour>
<contour name="Process 395" class="PointContour" color="#352bbd" visible="true">
<created>Wed Jun 30 10:50:13 EDT 2010</created>
<edited>Wed Jun 30 10:50:13 EDT 2010</edited>
<value><point x="11802" y="19164"/></value>
<metadata author="">

</metadata>
</contour>
<contour name="Process 58" class="PointContour" color="#ff0340" visible="true">
<created>Wed Jun 30 12:07:30 EDT 2010</created>
<edited>Wed Jun 30 12:07:30 EDT 2010</edited>
<value><point x="12202" y="19242"/></value>
<metadata author="">

</metadata>
</contour>
<contour name="Process 17" class="PointContour" color="#c115ff" visible="true">
<created>Wed Jun 30 19:06:48 EDT 2010</created>
<edited>Wed Jun 30 19:06:48 EDT 2010</edited>
<value><point x="11024" y="17466"/></value>
<metadata author="">

</metadata>
</contour>
<contour name="Process 394" class="PointContour" color="#9f5fc8" visible="true">
<created>Thu Jul 01 11:09:55 EDT 2010</created>
<edited>Thu Jul 01 11:09:55 EDT 2010</edited>
<value><point x="11806" y="17758"/></value>
<metadata author="">

</metadata>
</contour>
<contour name="Process 412" class="PointContour" color="#d3bd4b" visible="true">
<created>Thu Jul 01 14:26:10 EDT 2010</created>
<edited>Thu Jul 01 14:26:10 EDT 2010</edited>
<value><point x="12284" y="17698"/></value>
<metadata author="">

</metadata>
</contour>
<contour name="Process 413" class="PointContour" color="#f086bb" visible="true">
<created>Thu Jul 01 14:32:23 EDT 2010</created>
<edited>Thu Jul 01 14:32:23 EDT 2010</edited>
<value><point x="11788" y="19042"/></value>
<metadata author="">

</metadata>
</contour>
<contour name="Process 414" class="PointContour" color="#bd1a87" visible="true">
<created>Thu Jul 08 13:28:45 EDT 2010</created>
<edited>Thu Jul 08 13:28:45 EDT 2010</edited>
<value><point x="11654" y="18108"/></value>
<metadata author="">

</metadata>
</contour>
<contour name="Process 416" class="PointContour" color="#0bfd7c" visible="true">
<created>Tue Jul 13 11:04:34 EDT 2010</created>
<edited>Tue Jul 13 11:04:34 EDT 2010</edited>
<value><point x="12834" y="19084"/></value>
<metadata author="">

</metadata>
</contour>
<contour name="Process 420" class="PointContour" color="#4fe1fe" visible="true">
<created>Wed Nov 24 16:50:20 EST 2010</created>
<edited>Wed Nov 24 16:50:20 EST 2010</edited>
<value><point x="10746" y="17866"/></value>
<metadata author="">

</metadata>
</contour>
<contour name="Process 421" class="PointContour" color="#e61dae" visible="true">
<created>Wed Nov 24 17:04:40 EST 2010</created>
<edited>Wed Nov 24 17:04:40 EST 2010</edited>
<value><point x="10687" y="17831"/></value>
<metadata author="">

</metadata>
</contour>
<contour name="Process 422" class="PointContour" color="#f8e1f2" visible="true">
<created>Wed Nov 24 17:17:36 EST 2010</created>
<edited>Wed Nov 24 17:17:36 EST 2010</edited>
<value><point x="10632" y="17792"/></value>
<metadata author="">

</metadata>
</contour>
<contour name="Process 423" class="PointContour" color="#f36543" visible="true">
<created>Wed Nov 24 17:32:26 EST 2010</created>
<edited>Wed Nov 24 17:32:26 EST 2010</edited>
<value><point x="9653" y="18054"/></value>
<metadata author="">

</metadata>
</contour>
<contour name="Process 423" class="PointContour" color="#f36543" visible="true">
<created>Wed Nov 24 17:33:18 EST 2010</created>
<edited>Wed Nov 24 17:33:18 EST 2010</edited>
<value><point x="8700" y="17859"/></value>
<metadata author="">

</metadata>
</contour>
<contour name="Process 423" class="PointContour" color="#f36543" visible="true">
<created>Wed Nov 24 17:36:47 EST 2010</created>
<edited>Wed Nov 24 17:36:47 EST 2010</edited>
<value><point x="4805" y="18270"/></value>
<metadata author="">

</metadata>
</contour>
<contour name="Process 423" class="PointContour" color="#f36543" visible="true">
<created>Wed Nov 24 18:27:26 EST 2010</created>
<edited>Wed Nov 24 18:27:26 EST 2010</edited>
<value><point x="5151" y="18593"/></value>
<metadata author="">

</metadata>
</contour>
<contour name="Process 426" class="PointContour" color="#a969fa" visible="true">
<created>Wed Nov 24 19:13:13 EST 2010</created>
<edited>Wed Nov 24 19:13:13 EST 2010</edited>
<value><point x="10602" y="18421"/></value>
<metadata author="">

</metadata>
</contour>
<contour name="Process 427" class="PointContour" color="#2e69d9" visible="true">
<created>Wed Nov 24 19:24:56 EST 2010</created>
<edited>Wed Nov 24 19:24:56 EST 2010</edited>
<value><point x="9701" y="19009"/></value>
<metadata author="">

</metadata>
</contour>
<contour name="Process 430" class="PointContour" color="#d6b579" visible="true">
<created>Wed Nov 24 20:09:26 EST 2010</created>
<edited>Wed Nov 24 20:09:26 EST 2010</edited>
<value><point x="9388" y="18841"/></value>
<metadata author="">

</metadata>
</contour>
<contour name="Process 431" class="PointContour" color="#a298f6" visible="true">
<created>Wed Nov 24 20:21:42 EST 2010</created>
<edited>Wed Nov 24 20:21:42 EST 2010</edited>
<value><point x="10385" y="19101"/></value>
<metadata author="">

</metadata>
</contour>
<contour name="Process 441" class="PointContour" color="#d89428" visible="true">
<created>Thu Nov 25 14:40:36 EST 2010</created>
<edited>Thu Nov 25 14:40:36 EST 2010</edited>
<value><point x="11803" y="16749"/></value>
<metadata author="">

</metadata>
</contour>
<contour name="Process 449" class="PointContour" color="#697c74" visible="true">
<created>Fri Nov 26 18:14:38 EST 2010</created>
<edited>Fri Nov 26 18:14:38 EST 2010</edited>
<value><point x="10140" y="21184"/></value>
<metadata author="">

</metadata>
</contour>
<contour name="Process 450" class="PointContour" color="#866c5b" visible="true">
<created>Fri Nov 26 20:59:53 EST 2010</created>
<edited>Fri Nov 26 20:59:53 EST 2010</edited>
<value><point x="11911" y="16847"/></value>
<metadata author="">

</metadata>
</contour>
<contour name="Process 460" class="PointContour" color="#782b43" visible="true">
<created>Fri Dec 03 15:14:30 EST 2010</created>
<edited>Fri Dec 03 15:14:30 EST 2010</edited>
<value><point x="12814" y="17407"/></value>
<metadata author="">

</metadata>
</contour>
<contour name="Process 461" class="PointContour" color="#65d5e9" visible="true">
<created>Fri Dec 03 23:18:15 EST 2010</created>
<edited>Fri Dec 03 23:18:15 EST 2010</edited>
<value><point x="12027" y="16608"/></value>
<metadata author="">

</metadata>
</contour>
<contour name="Process 461" class="PointContour" color="#65d5e9" visible="true">
<created>Fri Dec 03 23:23:10 EST 2010</created>
<edited>Fri Dec 03 23:23:10 EST 2010</edited>
<value><point x="14835" y="14446"/></value>
<metadata author="">

</metadata>
</contour>
<contour name="Process 461" class="PointContour" color="#65d5e9" visible="true">
<created>Fri Dec 03 23:23:24 EST 2010</created>
<edited>Fri Dec 03 23:23:24 EST 2010</edited>
<value><point x="15156" y="14481"/></value>
<metadata author="">

</metadata>
</contour>
<contour name="Process 461" class="PointContour" color="#65d5e9" visible="true">
<created>Fri Dec 03 23:23:53 EST 2010</created>
<edited>Fri Dec 03 23:23:53 EST 2010</edited>
<value><point x="15953" y="13753"/></value>
<metadata author="">

</metadata>
</contour>
<contour name="Process 461" class="PointContour" color="#65d5e9" visible="true">
<created>Fri Dec 03 23:27:24 EST 2010</created>
<edited>Fri Dec 03 23:27:24 EST 2010</edited>
<value><point x="11910" y="16486"/></value>
<metadata author="">

</metadata>
</contour>
<contour name="Process 461" class="PointContour" color="#65d5e9" visible="true">
<created>Fri Dec 03 23:28:26 EST 2010</created>
<edited>Fri Dec 03 23:28:26 EST 2010</edited>
<value><point x="11471" y="16250"/></value>
<metadata author="">

</metadata>
</contour>
<contour name="Process 466" class="PointContour" color="#722e57" visible="true">
<created>Sat Dec 04 00:04:37 EST 2010</created>
<edited>Sat Dec 04 00:04:37 EST 2010</edited>
<value><point x="11554" y="16705"/></value>
<metadata author="">

</metadata>
</contour>
<contour name="Process 467" class="PointContour" color="#a56551" visible="true">
<created>Sat Dec 04 00:13:45 EST 2010</created>
<edited>Sat Dec 04 00:13:45 EST 2010</edited>
<value><point x="12201" y="19871"/></value>
<metadata author="">

</metadata>
</contour>
<contour name="Process 468" class="PointContour" color="#5025db" visible="true">
<created>Sat Dec 04 00:22:20 EST 2010</created>
<edited>Sat Dec 04 00:22:20 EST 2010</edited>
<value><point x="13913" y="16611"/></value>
<metadata author="">

</metadata>
</contour>
<contour name="Process 468" class="PointContour" color="#5025db" visible="true">
<created>Sat Dec 04 00:26:08 EST 2010</created>
<edited>Sat Dec 04 00:26:08 EST 2010</edited>
<value><point x="13071" y="17165"/></value>
<metadata author="">

</metadata>
</contour>
<contour name="Process 469" class="PointContour" color="#7f3a2b" visible="true">
<created>Sat Dec 04 00:27:59 EST 2010</created>
<edited>Sat Dec 04 00:27:59 EST 2010</edited>
<value><point x="11653" y="19562"/></value>
<metadata author="">

</metadata>
</contour>
<contour name="Process 471" class="PointContour" color="#da4772" visible="true">
<created>Sat Dec 04 13:37:40 EST 2010</created>
<edited>Sat Dec 04 13:37:40 EST 2010</edited>
<value><point x="10827" y="18894"/></value>
<metadata author="">

</metadata>
</contour>
<contour name="Process 474" class="PointContour" color="#068f4d" visible="true">
<created>Tue Feb 08 14:09:41 EST 2011</created>
<edited>Tue Feb 08 14:09:41 EST 2011</edited>
<value><point x="12095" y="19539"/></value>
<metadata author="">

</metadata>
</contour>
<contour name="Process 474" class="PointContour" color="#068f4d" visible="true">
<created>Tue Feb 08 14:10:51 EST 2011</created>
<edited>Tue Feb 08 14:10:51 EST 2011</edited>
<value><point x="10034" y="19503"/></value>
<metadata author="">

</metadata>
</contour>
<contour name="Process 478" class="PointContour" color="#4bab49" visible="true">
<created>Tue Feb 08 15:09:38 EST 2011</created>
<edited>Tue Feb 08 15:09:38 EST 2011</edited>
<value><point x="12072" y="19604"/></value>
<metadata author="">

</metadata>
</contour>
<contour name="Process 479" class="PointContour" color="#06e0f4" visible="true">
<created>Tue Feb 08 15:19:39 EST 2011</created>
<edited>Tue Feb 08 15:19:39 EST 2011</edited>
<value><point x="10847" y="19780"/></value>
<metadata author="">

</metadata>
</contour>
<contour name="Process 481" class="PointContour" color="#51749d" visible="true">
<created>Tue Feb 08 15:51:21 EST 2011</created>
<edited>Tue Feb 08 15:51:21 EST 2011</edited>
<value><point x="11712" y="19570"/></value>
<metadata author="">

</metadata>
</contour>
<contour name="Process 483" class="PointContour" color="#3f7313" visible="true">
<created>Tue Feb 08 17:26:50 EST 2011</created>
<edited>Tue Feb 08 17:26:50 EST 2011</edited>
<value><point x="11719" y="19516"/></value>
<metadata author="">

</metadata>
</contour>
<contour name="Process 492" class="PointContour" color="#3725ba" visible="true">
<created>Wed Feb 09 15:36:35 EST 2011</created>
<edited>Wed Feb 09 15:36:35 EST 2011</edited>
<value><point x="12215" y="19565"/></value>
<metadata author="">

</metadata>
</contour>
<contour name="Process 493" class="PointContour" color="#754904" visible="true">
<created>Wed Feb 09 15:41:53 EST 2011</created>
<edited>Wed Feb 09 15:41:53 EST 2011</edited>
<value><point x="11371" y="19749"/></value>
<metadata author="">

</metadata>
</contour>
<contour name="Trail 533" class="PointContour" color="#3e79a5" visible="true">
<created>Mon Feb 14 12:01:48 EST 2011</created>
<edited>Mon Feb 14 12:01:48 EST 2011</edited>
<value><point x="16358" y="17441"/></value>
<metadata author="">

</metadata>
</contour>
<contour name="Trail 15" class="PointContour" color="#46ffdc" visible="true">
<created>Thu Feb 17 10:55:40 EST 2011</created>
<edited>Thu Feb 17 10:55:40 EST 2011</edited>
<value><point x="9597" y="15099"/></value>
<metadata author="">

</metadata>
</contour>
<contour name="Trail 12" class="PointContour" color="#ffa568" visible="true">
<created>Thu Mar 10 14:59:20 EST 2011</created>
<edited>Thu Mar 10 14:59:20 EST 2011</edited>
<value><point x="10282" y="13828"/></value>
<metadata author="">

</metadata>
</contour>
<contour name="Trail 12" class="PointContour" color="#ffa568" visible="true">
<created>Thu Mar 10 14:59:41 EST 2011</created>
<edited>Thu Mar 10 14:59:41 EST 2011</edited>
<value><point x="9666" y="13046"/></value>
<metadata author="">

</metadata>
</contour>
<contour name="Trail 25" class="PointContour" color="#448fc2" visible="true">
<created>Thu Mar 10 16:41:10 EST 2011</created>
<edited>Thu Mar 10 16:41:10 EST 2011</edited>
<value><point x="11444" y="20959"/></value>
<metadata author="">

</metadata>
</contour>
<contour name="Trail 25" class="PointContour" color="#448fc2" visible="true">
<created>Thu Mar 10 16:41:52 EST 2011</created>
<edited>Thu Mar 10 16:41:52 EST 2011</edited>
<value><point x="11364" y="21735"/></value>
<metadata author="">

</metadata>
</contour>
<contour name="Trail 127" class="PointContour" color="#ff9009" visible="true">
<created>Sun Mar 13 18:55:29 EDT 2011</created>
<edited>Sun Mar 13 18:55:29 EDT 2011</edited>
<value><point x="13581" y="18294"/></value>
<metadata author="">

</metadata>
</contour>
<contour name="Trail 134" class="PointContour" color="#0954ff" visible="true">
<created>Sun Mar 13 19:50:56 EDT 2011</created>
<edited>Sun Mar 13 19:50:56 EDT 2011</edited>
<value><point x="11937" y="16228"/></value>
<metadata author="">

</metadata>
</contour>
<contour name="Trail 146" class="PointContour" color="#a3c6ff" visible="true">
<created>Mon Mar 14 11:08:07 EDT 2011</created>
<edited>Mon Mar 14 11:08:07 EDT 2011</edited>
<value><point x="13673" y="18202"/></value>
<metadata author="">

</metadata>
</contour>
<contour name="Trail 146" class="PointContour" color="#a3c6ff" visible="true">
<created>Mon Mar 14 11:33:27 EDT 2011</created>
<edited>Mon Mar 14 11:33:27 EDT 2011</edited>
<value><point x="14454" y="18353"/></value>
<metadata author="">

</metadata>
</contour>
<contour name="Trail 146" class="PointContour" color="#a3c6ff" visible="true">
<created>Mon Mar 14 11:33:32 EDT 2011</created>
<edited>Mon Mar 14 11:33:32 EDT 2011</edited>
<value><point x="15007" y="18203"/></value>
<metadata author="">

</metadata>
</contour>
<contour name="Trail 146" class="PointContour" color="#a3c6ff" visible="true">
<created>Mon Mar 14 11:33:38 EDT 2011</created>
<edited>Mon Mar 14 11:33:38 EDT 2011</edited>
<value><point x="15535" y="18108"/></value>
<metadata author="">

</metadata>
</contour>
<contour name="Trail 187" class="PointContour" color="#afd2ff" visible="true">
<created>Mon Mar 14 11:49:24 EDT 2011</created>
<edited>Mon Mar 14 11:49:24 EDT 2011</edited>
<value><point x="10674" y="18923"/></value>
<metadata author="">

</metadata>
</contour>
</contours>