<!--Last edited: 2011/03/14 19:51:15-->
<contours>
<contour name="Process 420" class="PointContour" color="#4fe1fe" visible="true">
<created>Wed Nov 24 16:51:25 EST 2010</created>
<edited>Wed Nov 24 16:51:25 EST 2010</edited>
<value><point x="9795" y="17642"/></value>
<metadata author="">

</metadata>
</contour>
<contour name="Process 421" class="PointContour" color="#e61dae" visible="true">
<created>Wed Nov 24 17:06:25 EST 2010</created>
<edited>Wed Nov 24 17:06:25 EST 2010</edited>
<value><point x="9441" y="17377"/></value>
<metadata author="">

</metadata>
</contour>
<contour name="Process 422" class="PointContour" color="#f8e1f2" visible="true">
<created>Wed Nov 24 17:22:49 EST 2010</created>
<edited>Wed Nov 24 17:22:49 EST 2010</edited>
<value><point x="7834" y="17322"/></value>
<metadata author="">

</metadata>
</contour>
<contour name="Process 424" class="PointContour" color="#f4ed50" visible="true">
<created>Wed Nov 24 18:03:42 EST 2010</created>
<edited>Wed Nov 24 18:03:42 EST 2010</edited>
<value><point x="9620" y="17526"/></value>
<metadata author="">

</metadata>
</contour>
<contour name="Process 425" class="PointContour" color="#b3923c" visible="true">
<created>Wed Nov 24 18:59:01 EST 2010</created>
<edited>Wed Nov 24 18:59:01 EST 2010</edited>
<value><point x="8529" y="18102"/></value>
<metadata author="">

</metadata>
</contour>
<contour name="Process 426" class="PointContour" color="#a969fa" visible="true">
<created>Wed Nov 24 19:15:30 EST 2010</created>
<edited>Wed Nov 24 19:15:30 EST 2010</edited>
<value><point x="9329" y="20443"/></value>
<metadata author="">

</metadata>
</contour>
<contour name="Process 427" class="PointContour" color="#2e69d9" visible="true">
<created>Wed Nov 24 19:28:22 EST 2010</created>
<edited>Wed Nov 24 19:28:22 EST 2010</edited>
<value><point x="7318" y="20889"/></value>
<metadata author="">

</metadata>
</contour>
<contour name="Process 428" class="PointContour" color="#fd30e1" visible="true">
<created>Wed Nov 24 19:52:24 EST 2010</created>
<edited>Wed Nov 24 19:52:24 EST 2010</edited>
<value><point x="9822" y="19068"/></value>
<metadata author="">

</metadata>
</contour>
<contour name="Process 431" class="PointContour" color="#a298f6" visible="true">
<created>Wed Nov 24 20:23:15 EST 2010</created>
<edited>Wed Nov 24 20:23:15 EST 2010</edited>
<value><point x="9851" y="20363"/></value>
<metadata author="">

</metadata>
</contour>
<contour name="Process 434" class="PointContour" color="#8a9f56" visible="true">
<created>Thu Nov 25 00:03:30 EST 2010</created>
<edited>Thu Nov 25 00:03:30 EST 2010</edited>
<value><point x="10436" y="17653"/></value>
<metadata author="">

</metadata>
</contour>
<contour name="Process 435" class="PointContour" color="#0430ee" visible="true">
<created>Thu Nov 25 00:13:29 EST 2010</created>
<edited>Thu Nov 25 00:13:29 EST 2010</edited>
<value><point x="10073" y="14525"/></value>
<metadata author="">

</metadata>
</contour>
<contour name="Process 435" class="PointContour" color="#0430ee" visible="true">
<created>Thu Nov 25 00:18:45 EST 2010</created>
<edited>Thu Nov 25 00:18:45 EST 2010</edited>
<value><point x="8611" y="10993"/></value>
<metadata author="">

</metadata>
</contour>
<contour name="Process 435" class="PointContour" color="#0430ee" visible="true">
<created>Thu Nov 25 00:19:54 EST 2010</created>
<edited>Thu Nov 25 00:19:54 EST 2010</edited>
<value><point x="8513" y="9519"/></value>
<metadata author="">

</metadata>
</contour>
<contour name="Process 441" class="PointContour" color="#d89428" visible="true">
<created>Thu Nov 25 14:44:06 EST 2010</created>
<edited>Thu Nov 25 14:44:06 EST 2010</edited>
<value><point x="13362" y="16065"/></value>
<metadata author="">

</metadata>
</contour>
<contour name="Process 443" class="PointContour" color="#a38ff2" visible="true">
<created>Thu Nov 25 19:26:34 EST 2010</created>
<edited>Thu Nov 25 19:26:34 EST 2010</edited>
<value><point x="10205" y="17122"/></value>
<metadata author="">

</metadata>
</contour>
<contour name="Process 449" class="PointContour" color="#697c74" visible="true">
<created>Fri Nov 26 18:02:29 EST 2010</created>
<edited>Fri Nov 26 18:02:29 EST 2010</edited>
<value><point x="11268" y="19324"/></value>
<metadata author="">

</metadata>
</contour>
<contour name="Process 450" class="PointContour" color="#866c5b" visible="true">
<created>Fri Nov 26 21:02:14 EST 2010</created>
<edited>Fri Nov 26 21:02:14 EST 2010</edited>
<value><point x="12331" y="16513"/></value>
<metadata author="">

</metadata>
</contour>
<contour name="Process 451" class="PointContour" color="#bcad85" visible="true">
<created>Fri Nov 26 21:14:00 EST 2010</created>
<edited>Fri Nov 26 21:14:00 EST 2010</edited>
<value><point x="14771" y="12101"/></value>
<metadata author="">

</metadata>
</contour>
<contour name="Process 455" class="PointContour" color="#d456a5" visible="true">
<created>Sat Nov 27 12:38:15 EST 2010</created>
<edited>Sat Nov 27 12:38:15 EST 2010</edited>
<value><point x="10654" y="19069"/></value>
<metadata author="">

</metadata>
</contour>
<contour name="Process 456" class="PointContour" color="#cbbd91" visible="true">
<created>Sat Nov 27 12:47:39 EST 2010</created>
<edited>Sat Nov 27 12:47:39 EST 2010</edited>
<value><point x="12470" y="18734"/></value>
<metadata author="">

</metadata>
</contour>
<contour name="Process 457" class="PointContour" color="#f8a74f" visible="true">
<created>Sat Nov 27 12:57:56 EST 2010</created>
<edited>Sat Nov 27 12:57:56 EST 2010</edited>
<value><point x="12575" y="19076"/></value>
<metadata author="">

</metadata>
</contour>
<contour name="Process 458" class="PointContour" color="#10a180" visible="true">
<created>Sat Nov 27 13:08:18 EST 2010</created>
<edited>Sat Nov 27 13:08:18 EST 2010</edited>
<value><point x="12167" y="19086"/></value>
<metadata author="">

</metadata>
</contour>
<contour name="Process 459" class="PointContour" color="#15a084" visible="true">
<created>Sat Nov 27 14:12:19 EST 2010</created>
<edited>Sat Nov 27 14:12:19 EST 2010</edited>
<value><point x="11575" y="19668"/></value>
<metadata author="">

</metadata>
</contour>
<contour name="Process 460" class="PointContour" color="#782b43" visible="true">
<created>Fri Dec 03 15:16:35 EST 2010</created>
<edited>Fri Dec 03 15:16:35 EST 2010</edited>
<value><point x="17136" y="16537"/></value>
<metadata author="">

</metadata>
</contour>
<contour name="Process 465" class="PointContour" color="#ae4a09" visible="true">
<created>Fri Dec 03 23:56:20 EST 2010</created>
<edited>Fri Dec 03 23:56:20 EST 2010</edited>
<value><point x="11814" y="17053"/></value>
<metadata author="">

</metadata>
</contour>
<contour name="Process 466" class="PointContour" color="#722e57" visible="true">
<created>Sat Dec 04 00:05:29 EST 2010</created>
<edited>Sat Dec 04 00:05:29 EST 2010</edited>
<value><point x="10763" y="16592"/></value>
<metadata author="">

</metadata>
</contour>
<contour name="Process 469" class="PointContour" color="#7f3a2b" visible="true">
<created>Sat Dec 04 00:28:56 EST 2010</created>
<edited>Sat Dec 04 00:28:56 EST 2010</edited>
<value><point x="11251" y="20460"/></value>
<metadata author="">

</metadata>
</contour>
<contour name="Process 470" class="PointContour" color="#266149" visible="true">
<created>Sat Dec 04 13:31:50 EST 2010</created>
<edited>Sat Dec 04 13:31:50 EST 2010</edited>
<value><point x="9848" y="17688"/></value>
<metadata author="">

</metadata>
</contour>
<contour name="Process 471" class="PointContour" color="#da4772" visible="true">
<created>Sat Dec 04 13:38:57 EST 2010</created>
<edited>Sat Dec 04 13:38:57 EST 2010</edited>
<value><point x="9014" y="16549"/></value>
<metadata author="">

</metadata>
</contour>
<contour name="Process 473" class="PointContour" color="#811f28" visible="true">
<created>Tue Feb 08 14:01:44 EST 2011</created>
<edited>Tue Feb 08 14:01:44 EST 2011</edited>
<value><point x="13348" y="21223"/></value>
<metadata author="">

</metadata>
</contour>
<contour name="Process 478" class="PointContour" color="#4bab49" visible="true">
<created>Tue Feb 08 15:10:48 EST 2011</created>
<edited>Tue Feb 08 15:10:48 EST 2011</edited>
<value><point x="12784" y="20817"/></value>
<metadata author="">

</metadata>
</contour>
<contour name="Process 480" class="PointContour" color="#ace8dd" visible="true">
<created>Tue Feb 08 15:29:29 EST 2011</created>
<edited>Tue Feb 08 15:29:29 EST 2011</edited>
<value><point x="8735" y="20576"/></value>
<metadata author="">

</metadata>
</contour>
<contour name="Process 480" class="PointContour" color="#ace8dd" visible="true">
<created>Tue Feb 08 15:29:56 EST 2011</created>
<edited>Tue Feb 08 15:29:56 EST 2011</edited>
<value><point x="7958" y="20557"/></value>
<metadata author="">

</metadata>
</contour>
<contour name="Process 481" class="PointContour" color="#51749d" visible="true">
<created>Tue Feb 08 15:52:25 EST 2011</created>
<edited>Tue Feb 08 15:52:25 EST 2011</edited>
<value><point x="11188" y="20167"/></value>
<metadata author="">

</metadata>
</contour>
<contour name="Process 482" class="PointContour" color="#965dda" visible="true">
<created>Tue Feb 08 17:23:33 EST 2011</created>
<edited>Tue Feb 08 17:23:33 EST 2011</edited>
<value><point x="15877" y="23184"/></value>
<metadata author="">

</metadata>
</contour>
<contour name="Process 488" class="PointContour" color="#e590b3" visible="true">
<created>Wed Feb 09 10:44:45 EST 2011</created>
<edited>Wed Feb 09 10:44:45 EST 2011</edited>
<value><point x="12892" y="20811"/></value>
<metadata author="">

</metadata>
</contour>
<contour name="Process 493" class="PointContour" color="#754904" visible="true">
<created>Wed Feb 09 15:45:43 EST 2011</created>
<edited>Wed Feb 09 15:45:43 EST 2011</edited>
<value><point x="9863" y="21807"/></value>
<metadata author="">

</metadata>
</contour>
<contour name="Process 526" class="PointContour" color="#8d24e6" visible="true">
<created>Fri Feb 11 17:27:42 EST 2011</created>
<edited>Fri Feb 11 17:27:42 EST 2011</edited>
<value><point x="13511" y="19665"/></value>
<metadata author="">

</metadata>
</contour>
<contour name="Trail 527" class="PointContour" color="#453b96" visible="true">
<created>Mon Feb 14 10:54:02 EST 2011</created>
<edited>Mon Feb 14 10:54:02 EST 2011</edited>
<value><point x="15007" y="19341"/></value>
<metadata author="">

</metadata>
</contour>
<contour name="Trail 527" class="PointContour" color="#453b96" visible="true">
<created>Mon Feb 14 11:19:32 EST 2011</created>
<edited>Mon Feb 14 11:19:32 EST 2011</edited>
<value><point x="16164" y="19718"/></value>
<metadata author="">

</metadata>
</contour>
<contour name="Trail 529" class="PointContour" color="#1ca7ed" visible="true">
<created>Mon Feb 14 11:33:44 EST 2011</created>
<edited>Mon Feb 14 11:33:44 EST 2011</edited>
<value><point x="10418" y="18846"/></value>
<metadata author="">

</metadata>
</contour>
<contour name="Trail 530" class="PointContour" color="#d5e631" visible="true">
<created>Mon Feb 14 11:38:51 EST 2011</created>
<edited>Mon Feb 14 11:38:51 EST 2011</edited>
<value><point x="10706" y="19117"/></value>
<metadata author="">

</metadata>
</contour>
<contour name="Trail 532" class="PointContour" color="#fabd81" visible="true">
<created>Mon Feb 14 11:47:02 EST 2011</created>
<edited>Mon Feb 14 11:47:02 EST 2011</edited>
<value><point x="10096" y="19420"/></value>
<metadata author="">

</metadata>
</contour>
<contour name="Trail 534" class="PointContour" color="#001c95" visible="true">
<created>Mon Feb 14 12:10:42 EST 2011</created>
<edited>Mon Feb 14 12:10:42 EST 2011</edited>
<value><point x="12125" y="19020"/></value>
<metadata author="">

</metadata>
</contour>
<contour name="Trail 535" class="PointContour" color="#bcc72b" visible="true">
<created>Mon Feb 14 12:55:34 EST 2011</created>
<edited>Mon Feb 14 12:55:34 EST 2011</edited>
<value><point x="11415" y="19428"/></value>
<metadata author="">

</metadata>
</contour>
<contour name="Trail 65" class="PointContour" color="#e3ff0e" visible="true">
<created>Mon Feb 14 15:24:43 EST 2011</created>
<edited>Mon Feb 14 15:24:43 EST 2011</edited>
<value><point x="11751" y="18122"/></value>
<metadata author="">

</metadata>
</contour>
<contour name="Trail 115" class="PointContour" color="#cbff04" visible="true">
<created>Mon Feb 14 15:35:00 EST 2011</created>
<edited>Mon Feb 14 15:35:00 EST 2011</edited>
<value><point x="13278" y="19521"/></value>
<metadata author="">

</metadata>
</contour>
<contour name="Trail 94" class="PointContour" color="#beff05" visible="true">
<created>Mon Feb 14 15:50:29 EST 2011</created>
<edited>Mon Feb 14 15:50:29 EST 2011</edited>
<value><point x="10299" y="20226"/></value>
<metadata author="">

</metadata>
</contour>
<contour name="Trail 49" class="PointContour" color="#4053cc" visible="true">
<created>Mon Feb 14 15:56:37 EST 2011</created>
<edited>Mon Feb 14 15:56:37 EST 2011</edited>
<value><point x="11320" y="19112"/></value>
<metadata author="">

</metadata>
</contour>
<contour name="Trail 159" class="PointContour" color="#afff08" visible="true">
<created>Mon Feb 14 16:06:34 EST 2011</created>
<edited>Mon Feb 14 16:06:34 EST 2011</edited>
<value><point x="11055" y="18523"/></value>
<metadata author="">

</metadata>
</contour>
<contour name="Trail 26" class="PointContour" color="#c21ebd" visible="true">
<created>Tue Feb 15 11:57:19 EST 2011</created>
<edited>Tue Feb 15 11:57:19 EST 2011</edited>
<value><point x="12078" y="18591"/></value>
<metadata author="">

</metadata>
</contour>
<contour name="Trail 26" class="PointContour" color="#c21ebd" visible="true">
<created>Tue Feb 15 11:57:19 EST 2011</created>
<edited>Tue Feb 15 11:57:19 EST 2011</edited>
<value><point x="12078" y="18591"/></value>
<metadata author="">

</metadata>
</contour>
<contour name="Trail 38" class="PointContour" color="#f7edc9" visible="true">
<created>Tue Feb 15 12:01:56 EST 2011</created>
<edited>Tue Feb 15 12:01:56 EST 2011</edited>
<value><point x="12198" y="18336"/></value>
<metadata author="">

</metadata>
</contour>
<contour name="Trail 52" class="PointContour" color="#b10aff" visible="true">
<created>Tue Feb 15 12:17:33 EST 2011</created>
<edited>Tue Feb 15 12:17:33 EST 2011</edited>
<value><point x="12286" y="18407"/></value>
<metadata author="">

</metadata>
</contour>
<contour name="Trail 40" class="PointContour" color="#c4f7b5" visible="true">
<created>Tue Feb 15 12:22:25 EST 2011</created>
<edited>Tue Feb 15 12:22:25 EST 2011</edited>
<value><point x="12074" y="18385"/></value>
<metadata author="">

</metadata>
</contour>
<contour name="Trail 45" class="PointContour" color="#80d2ff" visible="true">
<created>Tue Feb 15 12:29:19 EST 2011</created>
<edited>Tue Feb 15 12:29:19 EST 2011</edited>
<value><point x="11478" y="17773"/></value>
<metadata author="">

</metadata>
</contour>
<contour name="Trail 86" class="PointContour" color="#ff067f" visible="true">
<created>Tue Feb 15 14:17:51 EST 2011</created>
<edited>Tue Feb 15 14:17:51 EST 2011</edited>
<value><point x="12416" y="17397"/></value>
<metadata author="">

</metadata>
</contour>
<contour name="Trail 97" class="PointContour" color="#05ff95" visible="true">
<created>Tue Feb 15 14:48:36 EST 2011</created>
<edited>Tue Feb 15 14:48:36 EST 2011</edited>
<value><point x="7487" y="17138"/></value>
<metadata author="">

</metadata>
</contour>
<contour name="Trail 97" class="PointContour" color="#05ff95" visible="true">
<created>Tue Feb 15 14:49:50 EST 2011</created>
<edited>Tue Feb 15 14:49:50 EST 2011</edited>
<value><point x="4290" y="16059"/></value>
<metadata author="">

</metadata>
</contour>
<contour name="Trail 39" class="PointContour" color="#a4f7f2" visible="true">
<created>Tue Feb 15 14:52:38 EST 2011</created>
<edited>Tue Feb 15 14:52:38 EST 2011</edited>
<value><point x="11019" y="18485"/></value>
<metadata author="">

</metadata>
</contour>
<contour name="Trail 205" class="PointContour" color="#0ddcff" visible="true">
<created>Tue Feb 15 15:02:10 EST 2011</created>
<edited>Tue Feb 15 15:02:10 EST 2011</edited>
<value><point x="11682" y="17229"/></value>
<metadata author="">

</metadata>
</contour>
<contour name="Trail 8" class="PointContour" color="#2d23ff" visible="true">
<created>Thu Feb 17 10:12:33 EST 2011</created>
<edited>Thu Feb 17 10:12:33 EST 2011</edited>
<value><point x="12323" y="18535"/></value>
<metadata author="">

</metadata>
</contour>
<contour name="Trail 15" class="PointContour" color="#46ffdc" visible="true">
<created>Thu Feb 17 10:19:50 EST 2011</created>
<edited>Thu Feb 17 10:19:50 EST 2011</edited>
<value><point x="10340" y="17089"/></value>
<metadata author="">

</metadata>
</contour>
<contour name="Trail 15" class="PointContour" color="#46ffdc" visible="true">
<created>Thu Feb 17 10:20:10 EST 2011</created>
<edited>Thu Feb 17 10:20:10 EST 2011</edited>
<value><point x="10135" y="16761"/></value>
<metadata author="">

</metadata>
</contour>
<contour name="Trail 96" class="PointContour" color="#55ff01" visible="true">
<created>Thu Feb 17 11:15:48 EST 2011</created>
<edited>Thu Feb 17 11:15:48 EST 2011</edited>
<value><point x="9851" y="20707"/></value>
<metadata author="">

</metadata>
</contour>
<contour name="Trail 12" class="PointContour" color="#ffa568" visible="true">
<created>Thu Mar 10 14:16:45 EST 2011</created>
<edited>Thu Mar 10 14:16:45 EST 2011</edited>
<value><point x="13365" y="18993"/></value>
<metadata author="">

</metadata>
</contour>
<contour name="Trail 25" class="PointContour" color="#448fc2" visible="true">
<created>Thu Mar 10 16:51:48 EST 2011</created>
<edited>Thu Mar 10 16:51:48 EST 2011</edited>
<value><point x="11349" y="16931"/></value>
<metadata author="">

</metadata>
</contour>
<contour name="Trail 33" class="PointContour" color="#f70fe0" visible="true">
<created>Sun Mar 13 16:39:52 EDT 2011</created>
<edited>Sun Mar 13 16:39:52 EDT 2011</edited>
<value><point x="12043" y="18302"/></value>
<metadata author="">

</metadata>
</contour>
<contour name="Trail 41" class="PointContour" color="#b2aff7" visible="true">
<created>Sun Mar 13 17:01:17 EDT 2011</created>
<edited>Sun Mar 13 17:01:17 EDT 2011</edited>
<value><point x="11302" y="17771"/></value>
<metadata author="">

</metadata>
</contour>
<contour name="Trail 127" class="PointContour" color="#ff9009" visible="true">
<created>Sun Mar 13 19:11:24 EDT 2011</created>
<edited>Sun Mar 13 19:11:24 EDT 2011</edited>
<value><point x="11893" y="18311"/></value>
<metadata author="">

</metadata>
</contour>
<contour name="Trail 134" class="PointContour" color="#0954ff" visible="true">
<created>Sun Mar 13 19:51:57 EDT 2011</created>
<edited>Sun Mar 13 19:51:57 EDT 2011</edited>
<value><point x="12108" y="15071"/></value>
<metadata author="">

</metadata>
</contour>
<contour name="Trail 134" class="PointContour" color="#0954ff" visible="true">
<created>Sun Mar 13 22:08:52 EDT 2011</created>
<edited>Sun Mar 13 22:08:52 EDT 2011</edited>
<value><point x="13246" y="22181"/></value>
<metadata author="">

</metadata>
</contour>
<contour name="Trail 134" class="PointContour" color="#0954ff" visible="true">
<created>Sun Mar 13 22:08:59 EDT 2011</created>
<edited>Sun Mar 13 22:08:59 EDT 2011</edited>
<value><point x="13014" y="22759"/></value>
<metadata author="">

</metadata>
</contour>
<contour name="Trail 187" class="PointContour" color="#afd2ff" visible="true">
<created>Mon Mar 14 11:50:45 EDT 2011</created>
<edited>Mon Mar 14 11:50:45 EDT 2011</edited>
<value><point x="7910" y="18638"/></value>
<metadata author="">

</metadata>
</contour>
<contour name="Trail 187" class="PointContour" color="#afd2ff" visible="true">
<created>Mon Mar 14 11:51:30 EDT 2011</created>
<edited>Mon Mar 14 11:51:30 EDT 2011</edited>
<value><point x="6580" y="18586"/></value>
<metadata author="">

</metadata>
</contour>
<contour name="Trail 187" class="PointContour" color="#afd2ff" visible="true">
<created>Mon Mar 14 11:51:30 EDT 2011</created>
<edited>Mon Mar 14 11:51:30 EDT 2011</edited>
<value><point x="6580" y="18586"/></value>
<metadata author="">

</metadata>
</contour>
</contours>