<!--Last edited: 2011/03/14 19:51:14-->
<contours>
<contour name="Process 29" class="PointContour" color="#7aff76" visible="true">
<created>Mon Jun 07 15:06:22 EDT 2010</created>
<edited>Mon Jun 07 15:06:22 EDT 2010</edited>
<value><point x="11588" y="19236"/></value>
<metadata author="">

</metadata>
</contour>
<contour name="Process 78" class="PointContour" color="#0390ff" visible="true">
<created>Tue Jun 08 12:45:16 EDT 2010</created>
<edited>Tue Jun 08 12:45:16 EDT 2010</edited>
<value><point x="12908" y="17808"/></value>
<metadata author="">

</metadata>
</contour>
<contour name="Process 72" class="PointContour" color="#ffcd08" visible="true">
<created>Tue Jun 08 12:18:04 EDT 2010</created>
<edited>Tue Jun 08 12:18:04 EDT 2010</edited>
<value><point x="12544" y="18208"/></value>
<metadata author="">

</metadata>
</contour>
<contour name="Process 29" class="PointContour" color="#7aff76" visible="true">
<created>Mon Jun 07 15:06:34 EDT 2010</created>
<edited>Mon Jun 07 15:06:34 EDT 2010</edited>
<value><point x="11388" y="18266"/></value>
<metadata author="">

</metadata>
</contour>
<contour name="Process 78" class="PointContour" color="#0390ff" visible="true">
<created>Tue Jun 08 12:45:16 EDT 2010</created>
<edited>Tue Jun 08 12:45:16 EDT 2010</edited>
<value><point x="12408" y="17552"/></value>
<metadata author="">

</metadata>
</contour>
<contour name="Process 52" class="PointContour" color="#b10aff" visible="true">
<created>Mon Jun 07 17:20:34 EDT 2010</created>
<edited>Mon Jun 07 17:20:34 EDT 2010</edited>
<value><point x="12094" y="18248"/></value>
<metadata author="">

</metadata>
</contour>
<contour name="Process 29" class="PointContour" color="#7aff76" visible="true">
<created>Mon Jun 07 15:06:22 EDT 2010</created>
<edited>Mon Jun 07 15:06:22 EDT 2010</edited>
<value><point x="11580" y="19218"/></value>
<metadata author="">

</metadata>
</contour>
<contour name="Process 29" class="PointContour" color="#7aff76" visible="true">
<created>Mon Jun 07 15:58:33 EDT 2010</created>
<edited>Mon Jun 07 15:58:33 EDT 2010</edited>
<value><point x="12704" y="18028"/></value>
<metadata author="">

</metadata>
</contour>
<contour name="Process 117" class="PointContour" color="#78ff04" visible="true">
<created>Tue Jun 08 17:08:38 EDT 2010</created>
<edited>Tue Jun 08 17:08:38 EDT 2010</edited>
<value><point x="11610" y="18636"/></value>
<metadata author="">

</metadata>
</contour>
<contour name="Process 29" class="PointContour" color="#7aff76" visible="true">
<created>Mon Jun 07 15:06:22 EDT 2010</created>
<edited>Mon Jun 07 15:06:22 EDT 2010</edited>
<value><point x="11232" y="18558"/></value>
<metadata author="">

</metadata>
</contour>
<contour name="Process 18" class="PointContour" color="#ff5cb4" visible="true">
<created>Wed Jun 02 17:48:49 EDT 2010</created>
<edited>Wed Jun 02 17:48:49 EDT 2010</edited>
<value><point x="11754" y="17632"/></value>
<metadata author="">

</metadata>
</contour>
<contour name="Process 153" class="PointContour" color="#f3ff8b" visible="true">
<created>Wed Jun 09 15:33:34 EDT 2010</created>
<edited>Wed Jun 09 15:33:34 EDT 2010</edited>
<value><point x="10986" y="19046"/></value>
<metadata author="">

</metadata>
</contour>
<contour name="Process 29" class="PointContour" color="#7aff76" visible="true">
<created>Thu Jun 10 13:21:59 EDT 2010</created>
<edited>Thu Jun 10 13:21:59 EDT 2010</edited>
<value><point x="12586" y="18104"/></value>
<metadata author="">

</metadata>
</contour>
<contour name="Process 78" class="PointContour" color="#0390ff" visible="true">
<created>Tue Jun 08 12:45:16 EDT 2010</created>
<edited>Tue Jun 08 12:45:16 EDT 2010</edited>
<value><point x="12284" y="17488"/></value>
<metadata author="">

</metadata>
</contour>
<contour name="Process 186" class="PointContour" color="#ff431a" visible="true">
<created>Thu Jun 10 12:25:34 EDT 2010</created>
<edited>Thu Jun 10 12:25:34 EDT 2010</edited>
<value><point x="10988" y="19254"/></value>
<metadata author="">

</metadata>
</contour>
<contour name="Process 78" class="PointContour" color="#0390ff" visible="true">
<created>Tue Jun 08 12:45:16 EDT 2010</created>
<edited>Tue Jun 08 12:45:16 EDT 2010</edited>
<value><point x="12676" y="17690"/></value>
<metadata author="">

</metadata>
</contour>
<contour name="Process 29" class="PointContour" color="#7aff76" visible="true">
<created>Mon Jun 07 15:06:22 EDT 2010</created>
<edited>Mon Jun 07 15:06:22 EDT 2010</edited>
<value><point x="11166" y="18434"/></value>
<metadata author="">

</metadata>
</contour>
<contour name="Process 29" class="PointContour" color="#7aff76" visible="true">
<created>Mon Jun 07 15:06:22 EDT 2010</created>
<edited>Mon Jun 07 15:06:22 EDT 2010</edited>
<value><point x="11674" y="19396"/></value>
<metadata author="">

</metadata>
</contour>
<contour name="Process 48" class="PointContour" color="#cc6b6b" visible="true">
<created>Mon Jun 07 16:59:57 EDT 2010</created>
<edited>Mon Jun 07 16:59:57 EDT 2010</edited>
<value><point x="11900" y="17962"/></value>
<metadata author="">

</metadata>
</contour>
<contour name="Process 29" class="PointContour" color="#7aff76" visible="true">
<created>Mon Jun 07 15:06:22 EDT 2010</created>
<edited>Mon Jun 07 15:06:22 EDT 2010</edited>
<value><point x="11618" y="19288"/></value>
<metadata author="">

</metadata>
</contour>
<contour name="Process 29" class="PointContour" color="#7aff76" visible="true">
<created>Mon Jun 07 15:06:22 EDT 2010</created>
<edited>Mon Jun 07 15:06:22 EDT 2010</edited>
<value><point x="11326" y="18736"/></value>
<metadata author="">

</metadata>
</contour>
<contour name="Process 78" class="PointContour" color="#0390ff" visible="true">
<created>Tue Jun 08 12:45:16 EDT 2010</created>
<edited>Tue Jun 08 12:45:16 EDT 2010</edited>
<value><point x="12320" y="17506"/></value>
<metadata author="">

</metadata>
</contour>
<contour name="Process 45" class="PointContour" color="#80d2ff" visible="true">
<created>Mon Jun 07 16:54:46 EDT 2010</created>
<edited>Mon Jun 07 16:54:46 EDT 2010</edited>
<value><point x="12182" y="18386"/></value>
<metadata author="">

</metadata>
</contour>
<contour name="Process 205" class="PointContour" color="#0ddcff" visible="true">
<created>Thu Jun 10 13:16:51 EDT 2010</created>
<edited>Thu Jun 10 13:16:51 EDT 2010</edited>
<value><point x="12270" y="18282"/></value>
<metadata author="">

</metadata>
</contour>
<contour name="Process 29" class="PointContour" color="#7aff76" visible="true">
<created>Mon Jun 07 15:06:22 EDT 2010</created>
<edited>Mon Jun 07 15:06:22 EDT 2010</edited>
<value><point x="11242" y="18576"/></value>
<metadata author="">

</metadata>
</contour>
<contour name="Process 132" class="PointContour" color="#06adff" visible="true">
<created>Wed Jun 09 13:05:07 EDT 2010</created>
<edited>Wed Jun 09 13:05:07 EDT 2010</edited>
<value><point x="11464" y="17826"/></value>
<metadata author="">

</metadata>
</contour>
<contour name="Process 29" class="PointContour" color="#7aff76" visible="true">
<created>Mon Jun 07 16:11:29 EDT 2010</created>
<edited>Mon Jun 07 16:11:29 EDT 2010</edited>
<value><point x="12602" y="18162"/></value>
<metadata author="">

</metadata>
</contour>
<contour name="Process 29" class="PointContour" color="#7aff76" visible="true">
<created>Mon Jun 07 15:06:22 EDT 2010</created>
<edited>Mon Jun 07 15:06:22 EDT 2010</edited>
<value><point x="11184" y="18470"/></value>
<metadata author="">

</metadata>
</contour>
<contour name="Process 105" class="PointContour" color="#ff0be6" visible="true">
<created>Tue Jun 08 16:16:04 EDT 2010</created>
<edited>Tue Jun 08 16:16:04 EDT 2010</edited>
<value><point x="11048" y="19160"/></value>
<metadata author="">

</metadata>
</contour>
<contour name="Process 38" class="PointContour" color="#f7edc9" visible="true">
<created>Mon Jun 07 16:41:37 EDT 2010</created>
<edited>Mon Jun 07 16:41:37 EDT 2010</edited>
<value><point x="12044" y="18278"/></value>
<metadata author="">

</metadata>
</contour>
<contour name="Process 46" class="PointContour" color="#9372cc" visible="true">
<created>Mon Jun 07 16:56:38 EDT 2010</created>
<edited>Mon Jun 07 16:56:38 EDT 2010</edited>
<value><point x="11776" y="17916"/></value>
<metadata author="">

</metadata>
</contour>
<contour name="Process 78" class="PointContour" color="#0390ff" visible="true">
<created>Tue Jun 08 12:45:16 EDT 2010</created>
<edited>Tue Jun 08 12:45:16 EDT 2010</edited>
<value><point x="12712" y="17708"/></value>
<metadata author="">

</metadata>
</contour>
<contour name="Process 29" class="PointContour" color="#7aff76" visible="true">
<created>Mon Jun 07 15:06:22 EDT 2010</created>
<edited>Mon Jun 07 15:06:22 EDT 2010</edited>
<value><point x="11250" y="18594"/></value>
<metadata author="">

</metadata>
</contour>
<contour name="Process 29" class="PointContour" color="#7aff76" visible="true">
<created>Mon Jun 07 15:06:22 EDT 2010</created>
<edited>Mon Jun 07 15:06:22 EDT 2010</edited>
<value><point x="11646" y="19342"/></value>
<metadata author="">

</metadata>
</contour>
<contour name="Process 29" class="PointContour" color="#7aff76" visible="true">
<created>Mon Jun 07 15:06:22 EDT 2010</created>
<edited>Mon Jun 07 15:06:22 EDT 2010</edited>
<value><point x="11654" y="19360"/></value>
<metadata author="">

</metadata>
</contour>
<contour name="Process 137" class="PointContour" color="#32ff05" visible="true">
<created>Wed Jun 09 14:48:04 EDT 2010</created>
<edited>Wed Jun 09 14:48:04 EDT 2010</edited>
<value><point x="12232" y="18792"/></value>
<metadata author="">

</metadata>
</contour>
<contour name="Process 29" class="PointContour" color="#7aff76" visible="true">
<created>Mon Jun 07 15:06:22 EDT 2010</created>
<edited>Mon Jun 07 15:06:22 EDT 2010</edited>
<value><point x="11288" y="18666"/></value>
<metadata author="">

</metadata>
</contour>
<contour name="Trail 3" class="PointContour" color="#ffa20c" visible="true">
<created>Wed Jun 02 16:18:11 EDT 2010</created>
<edited>Wed Jun 02 16:18:11 EDT 2010</edited>
<value><point x="11892" y="18778"/></value>
<metadata author="">

</metadata>
</contour>
<contour name="Process 78" class="PointContour" color="#0390ff" visible="true">
<created>Tue Jun 08 12:45:16 EDT 2010</created>
<edited>Tue Jun 08 12:45:16 EDT 2010</edited>
<value><point x="12782" y="17744"/></value>
<metadata author="">

</metadata>
</contour>
<contour name="Process 78" class="PointContour" color="#0390ff" visible="true">
<created>Tue Jun 08 12:45:16 EDT 2010</created>
<edited>Tue Jun 08 12:45:16 EDT 2010</edited>
<value><point x="12746" y="17726"/></value>
<metadata author="">

</metadata>
</contour>
<contour name="Process 101" class="PointContour" color="#036bff" visible="true">
<created>Wed Jun 09 16:04:55 EDT 2010</created>
<edited>Wed Jun 09 16:04:55 EDT 2010</edited>
<value><point x="12270" y="18462"/></value>
<metadata author="">

</metadata>
</contour>
<contour name="Process 92" class="PointContour" color="#ffd909" visible="true">
<created>Tue Jun 08 14:11:19 EDT 2010</created>
<edited>Tue Jun 08 14:11:19 EDT 2010</edited>
<value><point x="12234" y="19366"/></value>
<metadata author="">

</metadata>
</contour>
<contour name="Process 29" class="PointContour" color="#7aff76" visible="true">
<created>Mon Jun 07 15:06:22 EDT 2010</created>
<edited>Mon Jun 07 15:06:22 EDT 2010</edited>
<value><point x="11524" y="19110"/></value>
<metadata author="">

</metadata>
</contour>
<contour name="Process 28" class="PointContour" color="#d1a73a" visible="true">
<created>Thu Jun 03 11:28:16 EDT 2010</created>
<edited>Thu Jun 03 11:28:16 EDT 2010</edited>
<value><point x="12684" y="18576"/></value>
<metadata author="">

</metadata>
</contour>
<contour name="Process 33" class="PointContour" color="#f70fe0" visible="true">
<created>Mon Jun 07 16:29:23 EDT 2010</created>
<edited>Mon Jun 07 16:29:23 EDT 2010</edited>
<value><point x="11528" y="17570"/></value>
<metadata author="">

</metadata>
</contour>
<contour name="Process 78" class="PointContour" color="#0390ff" visible="true">
<created>Tue Jun 08 12:45:16 EDT 2010</created>
<edited>Tue Jun 08 12:45:16 EDT 2010</edited>
<value><point x="12480" y="17588"/></value>
<metadata author="">

</metadata>
</contour>
<contour name="Process 78" class="PointContour" color="#0390ff" visible="true">
<created>Tue Jun 08 12:45:16 EDT 2010</created>
<edited>Tue Jun 08 12:45:16 EDT 2010</edited>
<value><point x="12818" y="17762"/></value>
<metadata author="">

</metadata>
</contour>
<contour name="Process 97" class="PointContour" color="#05ff95" visible="true">
<created>Tue Jun 08 14:32:19 EDT 2010</created>
<edited>Tue Jun 08 14:32:19 EDT 2010</edited>
<value><point x="12968" y="19006"/></value>
<metadata author="">

</metadata>
</contour>
<contour name="Process 29" class="PointContour" color="#7aff76" visible="true">
<created>Mon Jun 07 15:06:22 EDT 2010</created>
<edited>Mon Jun 07 15:06:22 EDT 2010</edited>
<value><point x="11682" y="19414"/></value>
<metadata author="">

</metadata>
</contour>
<contour name="Process 78" class="PointContour" color="#0390ff" visible="true">
<created>Tue Jun 08 12:45:16 EDT 2010</created>
<edited>Tue Jun 08 12:45:16 EDT 2010</edited>
<value><point x="12800" y="17754"/></value>
<metadata author="">

</metadata>
</contour>
<contour name="Process 29" class="PointContour" color="#7aff76" visible="true">
<created>Mon Jun 07 15:06:22 EDT 2010</created>
<edited>Mon Jun 07 15:06:22 EDT 2010</edited>
<value><point x="11410" y="18898"/></value>
<metadata author="">

</metadata>
</contour>
<contour name="Process 138" class="PointContour" color="#ffce2e" visible="true">
<created>Wed Jun 09 14:54:06 EDT 2010</created>
<edited>Wed Jun 09 14:54:06 EDT 2010</edited>
<value><point x="11344" y="19270"/></value>
<metadata author="">

</metadata>
</contour>
<contour name="Trail 3" class="PointContour" color="#ffa20c" visible="true">
<created>Wed Jun 02 16:21:58 EDT 2010</created>
<edited>Wed Jun 02 16:21:58 EDT 2010</edited>
<value><point x="12544" y="18500"/></value>
<metadata author="">

</metadata>
</contour>
<contour name="Process 29" class="PointContour" color="#7aff76" visible="true">
<created>Mon Jun 07 15:06:22 EDT 2010</created>
<edited>Mon Jun 07 15:06:22 EDT 2010</edited>
<value><point x="11438" y="18950"/></value>
<metadata author="">

</metadata>
</contour>
<contour name="Process 29" class="PointContour" color="#7aff76" visible="true">
<created>Mon Jun 07 15:06:22 EDT 2010</created>
<edited>Mon Jun 07 15:06:22 EDT 2010</edited>
<value><point x="11128" y="18362"/></value>
<metadata author="">

</metadata>
</contour>
<contour name="Process 29" class="PointContour" color="#7aff76" visible="true">
<created>Mon Jun 07 15:06:22 EDT 2010</created>
<edited>Mon Jun 07 15:06:22 EDT 2010</edited>
<value><point x="11382" y="18844"/></value>
<metadata author="">

</metadata>
</contour>
<contour name="Process 26" class="PointContour" color="#c21ebd" visible="true">
<created>Thu Jun 03 10:33:27 EDT 2010</created>
<edited>Thu Jun 03 10:33:27 EDT 2010</edited>
<value><point x="12314" y="18294"/></value>
<metadata author="">

</metadata>
</contour>
<contour name="Process 60" class="PointContour" color="#ff4e01" visible="true">
<created>Mon Jun 07 17:30:45 EDT 2010</created>
<edited>Mon Jun 07 17:30:45 EDT 2010</edited>
<value><point x="11614" y="17768"/></value>
<metadata author="">

</metadata>
</contour>
<contour name="Trail 21" class="PointContour" color="#68c268" visible="true">
<created>Thu Jun 03 09:59:29 EDT 2010</created>
<edited>Thu Jun 03 09:59:29 EDT 2010</edited>
<value><point x="12516" y="18402"/></value>
<metadata author="">

</metadata>
</contour>
<contour name="Process 29" class="PointContour" color="#7aff76" visible="true">
<created>Mon Jun 07 15:06:22 EDT 2010</created>
<edited>Mon Jun 07 15:06:22 EDT 2010</edited>
<value><point x="11156" y="18416"/></value>
<metadata author="">

</metadata>
</contour>
<contour name="Process 78" class="PointContour" color="#0390ff" visible="true">
<created>Tue Jun 08 12:45:16 EDT 2010</created>
<edited>Tue Jun 08 12:45:16 EDT 2010</edited>
<value><point x="12694" y="17698"/></value>
<metadata author="">

</metadata>
</contour>
<contour name="Process 71" class="PointContour" color="#ff7b05" visible="true">
<created>Tue Jun 08 12:16:53 EDT 2010</created>
<edited>Tue Jun 08 12:16:53 EDT 2010</edited>
<value><point x="12534" y="18282"/></value>
<metadata author="">

</metadata>
</contour>
<contour name="Process 78" class="PointContour" color="#0390ff" visible="true">
<created>Tue Jun 08 12:45:16 EDT 2010</created>
<edited>Tue Jun 08 12:45:16 EDT 2010</edited>
<value><point x="12338" y="17516"/></value>
<metadata author="">

</metadata>
</contour>
<contour name="Process 111" class="PointContour" color="#ffa006" visible="true">
<created>Tue Jun 08 16:26:22 EDT 2010</created>
<edited>Tue Jun 08 16:26:22 EDT 2010</edited>
<value><point x="12782" y="18528"/></value>
<metadata author="">

</metadata>
</contour>
<contour name="Process 184" class="PointContour" color="#e5ff1d" visible="true">
<created>Thu Jun 10 12:23:07 EDT 2010</created>
<edited>Thu Jun 10 12:23:07 EDT 2010</edited>
<value><point x="11214" y="19188"/></value>
<metadata author="">

</metadata>
</contour>
<contour name="Process 29" class="PointContour" color="#7aff76" visible="true">
<created>Mon Jun 07 15:06:22 EDT 2010</created>
<edited>Mon Jun 07 15:06:22 EDT 2010</edited>
<value><point x="11316" y="18720"/></value>
<metadata author="">

</metadata>
</contour>
<contour name="Process 155" class="PointContour" color="#ff7fcd" visible="true">
<created>Wed Jun 09 15:41:23 EDT 2010</created>
<edited>Wed Jun 09 15:41:23 EDT 2010</edited>
<value><point x="11712" y="18408"/></value>
<metadata author="">

</metadata>
</contour>
<contour name="Process 67" class="PointContour" color="#8eff03" visible="true">
<created>Mon Jun 07 17:39:56 EDT 2010</created>
<edited>Mon Jun 07 17:39:56 EDT 2010</edited>
<value><point x="12840" y="17438"/></value>
<metadata author="">

</metadata>
</contour>
<contour name="Process 78" class="PointContour" color="#0390ff" visible="true">
<created>Tue Jun 08 12:45:16 EDT 2010</created>
<edited>Tue Jun 08 12:45:16 EDT 2010</edited>
<value><point x="12552" y="17626"/></value>
<metadata author="">

</metadata>
</contour>
<contour name="Process 62" class="PointContour" color="#ff9c0d" visible="true">
<created>Mon Jun 07 17:32:35 EDT 2010</created>
<edited>Mon Jun 07 17:32:35 EDT 2010</edited>
<value><point x="11110" y="19098"/></value>
<metadata author="">

</metadata>
</contour>
<contour name="Process 100" class="PointContour" color="#0395ff" visible="true">
<created>Tue Jun 08 14:56:37 EDT 2010</created>
<edited>Tue Jun 08 14:56:37 EDT 2010</edited>
<value><point x="12690" y="18402"/></value>
<metadata author="">

</metadata>
</contour>
<contour name="Process 35" class="PointContour" color="#f76b06" visible="true">
<created>Mon Jun 07 16:34:42 EDT 2010</created>
<edited>Mon Jun 07 16:34:42 EDT 2010</edited>
<value><point x="12210" y="18814"/></value>
<metadata author="">

</metadata>
</contour>
<contour name="Process 78" class="PointContour" color="#0390ff" visible="true">
<created>Tue Jun 08 12:45:16 EDT 2010</created>
<edited>Tue Jun 08 12:45:16 EDT 2010</edited>
<value><point x="12622" y="17662"/></value>
<metadata author="">

</metadata>
</contour>
<contour name="Process 114" class="PointContour" color="#cbff04" visible="true">
<created>Tue Jun 08 17:02:41 EDT 2010</created>
<edited>Tue Jun 08 17:02:41 EDT 2010</edited>
<value><point x="12686" y="19164"/></value>
<metadata author="">

</metadata>
</contour>
<contour name="Process 29" class="PointContour" color="#7aff76" visible="true">
<created>Mon Jun 07 15:06:22 EDT 2010</created>
<edited>Mon Jun 07 15:06:22 EDT 2010</edited>
<value><point x="11448" y="18968"/></value>
<metadata author="">

</metadata>
</contour>
<contour name="Process 67" class="PointContour" color="#8eff03" visible="true">
<created>Mon Jun 07 17:39:16 EDT 2010</created>
<edited>Mon Jun 07 17:39:16 EDT 2010</edited>
<value><point x="11974" y="17628"/></value>
<metadata author="">

</metadata>
</contour>
<contour name="Process 78" class="PointContour" color="#0390ff" visible="true">
<created>Tue Jun 08 12:45:16 EDT 2010</created>
<edited>Tue Jun 08 12:45:16 EDT 2010</edited>
<value><point x="12302" y="17498"/></value>
<metadata author="">

</metadata>
</contour>
<contour name="Process 160" class="PointContour" color="#5ecaff" visible="true">
<created>Wed Jun 09 16:03:32 EDT 2010</created>
<edited>Wed Jun 09 16:03:32 EDT 2010</edited>
<value><point x="11592" y="18456"/></value>
<metadata author="">

</metadata>
</contour>
<contour name="Process 174" class="PointContour" color="#c37aff" visible="true">
<created>Wed Jun 09 17:10:46 EDT 2010</created>
<edited>Wed Jun 09 17:10:46 EDT 2010</edited>
<value><point x="12862" y="17952"/></value>
<metadata author="">

</metadata>
</contour>
<contour name="Process 150" class="PointContour" color="#ffbafb" visible="true">
<created>Wed Jun 09 15:22:12 EDT 2010</created>
<edited>Wed Jun 09 15:22:12 EDT 2010</edited>
<value><point x="11172" y="18892"/></value>
<metadata author="">

</metadata>
</contour>
<contour name="Process 29" class="PointContour" color="#7aff76" visible="true">
<created>Mon Jun 07 15:06:22 EDT 2010</created>
<edited>Mon Jun 07 15:06:22 EDT 2010</edited>
<value><point x="11298" y="18684"/></value>
<metadata author="">

</metadata>
</contour>
<contour name="Process 178" class="PointContour" color="#09ffe5" visible="true">
<created>Thu Jun 10 10:29:13 EDT 2010</created>
<edited>Thu Jun 10 10:29:13 EDT 2010</edited>
<value><point x="12742" y="18612"/></value>
<metadata author="">

</metadata>
</contour>
<contour name="Process 143" class="PointContour" color="#d10eff" visible="true">
<created>Thu Jun 10 14:00:16 EDT 2010</created>
<edited>Thu Jun 10 14:00:16 EDT 2010</edited>
<value><point x="12862" y="18734"/></value>
<metadata author="">

</metadata>
</contour>
<contour name="Process 29" class="PointContour" color="#7aff76" visible="true">
<created>Mon Jun 07 15:06:22 EDT 2010</created>
<edited>Mon Jun 07 15:06:22 EDT 2010</edited>
<value><point x="11598" y="19254"/></value>
<metadata author="">

</metadata>
</contour>
<contour name="Process 29" class="PointContour" color="#7aff76" visible="true">
<created>Mon Jun 07 15:06:22 EDT 2010</created>
<edited>Mon Jun 07 15:06:22 EDT 2010</edited>
<value><point x="11664" y="19378"/></value>
<metadata author="">

</metadata>
</contour>
<contour name="Process 29" class="PointContour" color="#7aff76" visible="true">
<created>Mon Jun 07 15:06:22 EDT 2010</created>
<edited>Mon Jun 07 15:06:22 EDT 2010</edited>
<value><point x="11626" y="19306"/></value>
<metadata author="">

</metadata>
</contour>
<contour name="Process 29" class="PointContour" color="#7aff76" visible="true">
<created>Mon Jun 07 15:06:22 EDT 2010</created>
<edited>Mon Jun 07 15:06:22 EDT 2010</edited>
<value><point x="11420" y="18914"/></value>
<metadata author="">

</metadata>
</contour>
<contour name="Process 139" class="PointContour" color="#ff6e25" visible="true">
<created>Wed Jun 09 14:55:21 EDT 2010</created>
<edited>Wed Jun 09 14:55:21 EDT 2010</edited>
<value><point x="11220" y="19222"/></value>
<metadata author="">

</metadata>
</contour>
<contour name="Process 10" class="PointContour" color="#ff17f0" visible="true">
<created>Wed Jun 02 17:11:03 EDT 2010</created>
<edited>Wed Jun 02 17:11:03 EDT 2010</edited>
<value><point x="11878" y="18024"/></value>
<metadata author="">

</metadata>
</contour>
<contour name="Process 126" class="PointContour" color="#ff4904" visible="true">
<created>Wed Jun 09 11:05:15 EDT 2010</created>
<edited>Wed Jun 09 11:05:15 EDT 2010</edited>
<value><point x="11694" y="19020"/></value>
<metadata author="">

</metadata>
</contour>
<contour name="Process 28" class="PointContour" color="#d1a73a" visible="true">
<created>Thu Jun 03 11:30:36 EDT 2010</created>
<edited>Thu Jun 03 11:30:36 EDT 2010</edited>
<value><point x="11568" y="18526"/></value>
<metadata author="">

</metadata>
</contour>
<contour name="Process 78" class="PointContour" color="#0390ff" visible="true">
<created>Tue Jun 08 12:45:16 EDT 2010</created>
<edited>Tue Jun 08 12:45:16 EDT 2010</edited>
<value><point x="12890" y="17798"/></value>
<metadata author="">

</metadata>
</contour>
<contour name="Process 159" class="PointContour" color="#afff08" visible="true">
<created>Wed Jun 09 15:50:16 EDT 2010</created>
<edited>Wed Jun 09 15:50:16 EDT 2010</edited>
<value><point x="10958" y="18122"/></value>
<metadata author="">

</metadata>
</contour>
<contour name="Process 8" class="PointContour" color="#2d23ff" visible="true">
<created>Wed Jun 02 17:06:10 EDT 2010</created>
<edited>Wed Jun 02 17:06:10 EDT 2010</edited>
<value><point x="12052" y="18500"/></value>
<metadata author="">

</metadata>
</contour>
<contour name="Process 78" class="PointContour" color="#0390ff" visible="true">
<created>Tue Jun 08 12:45:16 EDT 2010</created>
<edited>Tue Jun 08 12:45:16 EDT 2010</edited>
<value><point x="12426" y="17562"/></value>
<metadata author="">

</metadata>
</contour>
<contour name="Trail 11" class="PointContour" color="#ff6a83" visible="true">
<created>Wed Jun 02 17:15:34 EDT 2010</created>
<edited>Wed Jun 02 17:15:34 EDT 2010</edited>
<value><point x="11802" y="18268"/></value>
<metadata author="">

</metadata>
</contour>
<contour name="Process 200" class="PointContour" color="#8e1fff" visible="true">
<created>Thu Jun 10 13:06:25 EDT 2010</created>
<edited>Thu Jun 10 13:06:25 EDT 2010</edited>
<value><point x="11302" y="18106"/></value>
<metadata author="">

</metadata>
</contour>
<contour name="Process 195" class="PointContour" color="#c5ff3c" visible="true">
<created>Thu Jun 10 12:47:43 EDT 2010</created>
<edited>Thu Jun 10 12:47:43 EDT 2010</edited>
<value><point x="11188" y="19208"/></value>
<metadata author="">

</metadata>
</contour>
<contour name="Process 40" class="PointContour" color="#c4f7b5" visible="true">
<created>Mon Jun 07 16:46:01 EDT 2010</created>
<edited>Mon Jun 07 16:46:01 EDT 2010</edited>
<value><point x="12550" y="18140"/></value>
<metadata author="">

</metadata>
</contour>
<contour name="Process 104" class="PointContour" color="#df03ff" visible="true">
<created>Tue Jun 08 16:08:53 EDT 2010</created>
<edited>Tue Jun 08 16:08:53 EDT 2010</edited>
<value><point x="12058" y="19132"/></value>
<metadata author="">

</metadata>
</contour>
<contour name="Process 191" class="PointContour" color="#50d7ff" visible="true">
<created>Thu Jun 10 12:36:32 EDT 2010</created>
<edited>Thu Jun 10 12:36:32 EDT 2010</edited>
<value><point x="11404" y="19382"/></value>
<metadata author="">

</metadata>
</contour>
<contour name="Process 128" class="PointContour" color="#acff0c" visible="true">
<created>Wed Jun 09 12:22:16 EDT 2010</created>
<edited>Wed Jun 09 12:22:16 EDT 2010</edited>
<value><point x="12376" y="18434"/></value>
<metadata author="">

</metadata>
</contour>
<contour name="Process 29" class="PointContour" color="#7aff76" visible="true">
<created>Mon Jun 07 15:06:22 EDT 2010</created>
<edited>Mon Jun 07 15:06:22 EDT 2010</edited>
<value><point x="11260" y="18612"/></value>
<metadata author="">

</metadata>
</contour>
<contour name="Process 17" class="PointContour" color="#c115ff" visible="true">
<created>Thu Jun 10 15:04:02 EDT 2010</created>
<edited>Thu Jun 10 15:04:02 EDT 2010</edited>
<value><point x="11270" y="17808"/></value>
<metadata author="">

</metadata>
</contour>
<contour name="Process 17" class="PointContour" color="#c115ff" visible="true">
<created>Thu Jun 10 15:03:51 EDT 2010</created>
<edited>Thu Jun 10 15:03:51 EDT 2010</edited>
<value><point x="11362" y="17860"/></value>
<metadata author="">

</metadata>
</contour>
<contour name="Process 29" class="PointContour" color="#7aff76" visible="true">
<created>Mon Jun 07 15:06:22 EDT 2010</created>
<edited>Mon Jun 07 15:06:22 EDT 2010</edited>
<value><point x="11222" y="18540"/></value>
<metadata author="">

</metadata>
</contour>
<contour name="Process 180" class="PointContour" color="#cd67ff" visible="true">
<created>Thu Jun 10 10:31:55 EDT 2010</created>
<edited>Thu Jun 10 10:31:55 EDT 2010</edited>
<value><point x="11056" y="19250"/></value>
<metadata author="">

</metadata>
</contour>
<contour name="Process 7" class="PointContour" color="#10fffb" visible="true">
<created>Wed Jun 02 16:57:09 EDT 2010</created>
<edited>Wed Jun 02 16:57:09 EDT 2010</edited>
<value><point x="11920" y="19436"/></value>
<metadata author="">

</metadata>
</contour>
<contour name="Process 7" class="PointContour" color="#10fffb" visible="true">
<created>Wed Jun 02 16:49:50 EDT 2010</created>
<edited>Wed Jun 02 16:49:50 EDT 2010</edited>
<value><point x="11732" y="19142"/></value>
<metadata author="">

</metadata>
</contour>
<contour name="Process 104" class="PointContour" color="#df03ff" visible="true">
<created>Tue Jun 08 16:14:29 EDT 2010</created>
<edited>Tue Jun 08 16:14:29 EDT 2010</edited>
<value><point x="11778" y="19320"/></value>
<metadata author="">

</metadata>
</contour>
<contour name="Process 39" class="PointContour" color="#a4f7f2" visible="true">
<created>Mon Jun 07 16:43:37 EDT 2010</created>
<edited>Mon Jun 07 16:43:37 EDT 2010</edited>
<value><point x="11924" y="17706"/></value>
<metadata author="">

</metadata>
</contour>
<contour name="Process 120" class="PointContour" color="#06ffad" visible="true">
<created>Tue Jun 08 17:14:49 EDT 2010</created>
<edited>Tue Jun 08 17:14:49 EDT 2010</edited>
<value><point x="11750" y="18044"/></value>
<metadata author="">

</metadata>
</contour>
<contour name="Process 78" class="PointContour" color="#0390ff" visible="true">
<created>Tue Jun 08 12:45:16 EDT 2010</created>
<edited>Tue Jun 08 12:45:16 EDT 2010</edited>
<value><point x="12230" y="17462"/></value>
<metadata author="">

</metadata>
</contour>
<contour name="Process 81" class="PointContour" color="#9f09ff" visible="true">
<created>Tue Jun 08 12:54:59 EDT 2010</created>
<edited>Tue Jun 08 12:54:59 EDT 2010</edited>
<value><point x="11612" y="19058"/></value>
<metadata author="">

</metadata>
</contour>
<contour name="Process 183" class="PointContour" color="#e166ff" visible="true">
<created>Thu Jun 10 12:40:27 EDT 2010</created>
<edited>Thu Jun 10 12:40:27 EDT 2010</edited>
<value><point x="12628" y="19220"/></value>
<metadata author="">

</metadata>
</contour>
<contour name="Process 207" class="PointContour" color="#c2ff4a" visible="true">
<created>Thu Jun 10 13:19:42 EDT 2010</created>
<edited>Thu Jun 10 13:19:42 EDT 2010</edited>
<value><point x="12482" y="18524"/></value>
<metadata author="">

</metadata>
</contour>
<contour name="Process 104" class="PointContour" color="#df03ff" visible="true">
<created>Tue Jun 08 16:13:05 EDT 2010</created>
<edited>Tue Jun 08 16:13:05 EDT 2010</edited>
<value><point x="12544" y="18546"/></value>
<metadata author="">

</metadata>
</contour>
<contour name="Process 78" class="PointContour" color="#0390ff" visible="true">
<created>Tue Jun 08 12:45:16 EDT 2010</created>
<edited>Tue Jun 08 12:45:16 EDT 2010</edited>
<value><point x="12212" y="17452"/></value>
<metadata author="">

</metadata>
</contour>
<contour name="Process 78" class="PointContour" color="#0390ff" visible="true">
<created>Tue Jun 08 12:45:16 EDT 2010</created>
<edited>Tue Jun 08 12:45:16 EDT 2010</edited>
<value><point x="12764" y="17734"/></value>
<metadata author="">

</metadata>
</contour>
<contour name="Process 78" class="PointContour" color="#0390ff" visible="true">
<created>Tue Jun 08 12:45:16 EDT 2010</created>
<edited>Tue Jun 08 12:45:16 EDT 2010</edited>
<value><point x="12836" y="17772"/></value>
<metadata author="">

</metadata>
</contour>
<contour name="Process 1" class="PointContour" color="#ff0000" visible="true">
<created>Wed Jun 02 16:05:26 EDT 2010</created>
<edited>Wed Jun 02 16:05:26 EDT 2010</edited>
<value><point x="12462" y="18264"/></value>
<metadata author="">

</metadata>
</contour>
<contour name="Process 31" class="PointContour" color="#d9d331" visible="true">
<created>Mon Jun 07 16:19:08 EDT 2010</created>
<edited>Mon Jun 07 16:19:08 EDT 2010</edited>
<value><point x="11764" y="18186"/></value>
<metadata author="">

</metadata>
</contour>
<contour name="Process 47" class="PointContour" color="#93cc90" visible="true">
<created>Mon Jun 07 16:58:27 EDT 2010</created>
<edited>Mon Jun 07 16:58:27 EDT 2010</edited>
<value><point x="11806" y="17676"/></value>
<metadata author="">

</metadata>
</contour>
<contour name="Process 85" class="PointContour" color="#ff067f" visible="true">
<created>Tue Jun 08 13:17:06 EDT 2010</created>
<edited>Tue Jun 08 13:17:06 EDT 2010</edited>
<value><point x="12958" y="19096"/></value>
<metadata author="">

</metadata>
</contour>
<contour name="Process 29" class="PointContour" color="#7aff76" visible="true">
<created>Mon Jun 07 15:06:22 EDT 2010</created>
<edited>Mon Jun 07 15:06:22 EDT 2010</edited>
<value><point x="11138" y="18380"/></value>
<metadata author="">

</metadata>
</contour>
<contour name="Process 75" class="PointContour" color="#08ffac" visible="true">
<created>Wed Jun 09 16:09:47 EDT 2010</created>
<edited>Wed Jun 09 16:09:47 EDT 2010</edited>
<value><point x="12440" y="18406"/></value>
<metadata author="">

</metadata>
</contour>
<contour name="Process 149" class="PointContour" color="#ffada8" visible="true">
<created>Wed Jun 09 15:19:54 EDT 2010</created>
<edited>Wed Jun 09 15:19:54 EDT 2010</edited>
<value><point x="12248" y="18956"/></value>
<metadata author="">

</metadata>
</contour>
<contour name="Process 53" class="PointContour" color="#d507ff" visible="true">
<created>Mon Jun 07 17:22:00 EDT 2010</created>
<edited>Mon Jun 07 17:22:00 EDT 2010</edited>
<value><point x="12626" y="18246"/></value>
<metadata author="">

</metadata>
</contour>
<contour name="Process 22" class="PointContour" color="#7e84c2" visible="true">
<created>Thu Jun 03 10:08:08 EDT 2010</created>
<edited>Thu Jun 03 10:08:08 EDT 2010</edited>
<value><point x="12370" y="17818"/></value>
<metadata author="">

</metadata>
</contour>
<contour name="Process 29" class="PointContour" color="#7aff76" visible="true">
<created>Mon Jun 07 15:06:22 EDT 2010</created>
<edited>Mon Jun 07 15:06:22 EDT 2010</edited>
<value><point x="11486" y="19040"/></value>
<metadata author="">

</metadata>
</contour>
<contour name="Process 102" class="PointContour" color="#7706ff" visible="true">
<created>Tue Jun 08 16:03:47 EDT 2010</created>
<edited>Tue Jun 08 16:03:47 EDT 2010</edited>
<value><point x="11934" y="18108"/></value>
<metadata author="">

</metadata>
</contour>
<contour name="Process 29" class="PointContour" color="#7aff76" visible="true">
<created>Mon Jun 07 15:06:22 EDT 2010</created>
<edited>Mon Jun 07 15:06:22 EDT 2010</edited>
<value><point x="11466" y="19004"/></value>
<metadata author="">

</metadata>
</contour>
<contour name="Process 29" class="PointContour" color="#7aff76" visible="true">
<created>Thu Jun 03 12:28:39 EDT 2010</created>
<edited>Thu Jun 03 12:28:39 EDT 2010</edited>
<value><point x="11724" y="18780"/></value>
<metadata author="">

</metadata>
</contour>
<contour name="Process 58" class="PointContour" color="#ff0340" visible="true">
<created>Mon Jun 07 17:27:13 EDT 2010</created>
<edited>Mon Jun 07 17:27:13 EDT 2010</edited>
<value><point x="11878" y="19236"/></value>
<metadata author="">

</metadata>
</contour>
<contour name="Process 54" class="PointContour" color="#ed07ff" visible="true">
<created>Mon Jun 07 17:23:12 EDT 2010</created>
<edited>Mon Jun 07 17:23:12 EDT 2010</edited>
<value><point x="12312" y="17850"/></value>
<metadata author="">

</metadata>
</contour>
<contour name="Process 78" class="PointContour" color="#0390ff" visible="true">
<created>Tue Jun 08 12:45:16 EDT 2010</created>
<edited>Tue Jun 08 12:45:16 EDT 2010</edited>
<value><point x="12872" y="17790"/></value>
<metadata author="">

</metadata>
</contour>
<contour name="Process 78" class="PointContour" color="#0390ff" visible="true">
<created>Tue Jun 08 12:45:16 EDT 2010</created>
<edited>Tue Jun 08 12:45:16 EDT 2010</edited>
<value><point x="12640" y="17672"/></value>
<metadata author="">

</metadata>
</contour>
<contour name="Process 37" class="PointContour" color="#f7daf0" visible="true">
<created>Mon Jun 07 16:39:24 EDT 2010</created>
<edited>Mon Jun 07 16:39:24 EDT 2010</edited>
<value><point x="12122" y="18034"/></value>
<metadata author="">

</metadata>
</contour>
<contour name="Process 210" class="PointContour" color="#6c6eff" visible="true">
<created>Thu Jun 10 13:50:30 EDT 2010</created>
<edited>Thu Jun 10 13:50:30 EDT 2010</edited>
<value><point x="12742" y="19210"/></value>
<metadata author="">

</metadata>
</contour>
<contour name="Process 82" class="PointContour" color="#cc05ff" visible="true">
<created>Tue Jun 08 12:56:13 EDT 2010</created>
<edited>Tue Jun 08 12:56:13 EDT 2010</edited>
<value><point x="11944" y="19376"/></value>
<metadata author="">

</metadata>
</contour>
<contour name="Process 43" class="PointContour" color="#b2f75b" visible="true">
<created>Mon Jun 07 16:51:21 EDT 2010</created>
<edited>Mon Jun 07 16:51:21 EDT 2010</edited>
<value><point x="11880" y="19340"/></value>
<metadata author="">

</metadata>
</contour>
<contour name="Process 131" class="PointContour" color="#0cf4ff" visible="true">
<created>Wed Jun 09 13:03:27 EDT 2010</created>
<edited>Wed Jun 09 13:03:27 EDT 2010</edited>
<value><point x="12818" y="18004"/></value>
<metadata author="">

</metadata>
</contour>
<contour name="Process 29" class="PointContour" color="#7aff76" visible="true">
<created>Mon Jun 07 15:06:22 EDT 2010</created>
<edited>Mon Jun 07 15:06:22 EDT 2010</edited>
<value><point x="11494" y="19058"/></value>
<metadata author="">

</metadata>
</contour>
<contour name="Process 78" class="PointContour" color="#0390ff" visible="true">
<created>Tue Jun 08 12:45:16 EDT 2010</created>
<edited>Tue Jun 08 12:45:16 EDT 2010</edited>
<value><point x="12196" y="17444"/></value>
<metadata author="">

</metadata>
</contour>
<contour name="Process 7" class="PointContour" color="#10fffb" visible="true">
<created>Wed Jun 02 16:54:40 EDT 2010</created>
<edited>Wed Jun 02 16:54:40 EDT 2010</edited>
<value><point x="11116" y="19196"/></value>
<metadata author="">

</metadata>
</contour>
<contour name="Process 78" class="PointContour" color="#0390ff" visible="true">
<created>Tue Jun 08 12:45:16 EDT 2010</created>
<edited>Tue Jun 08 12:45:16 EDT 2010</edited>
<value><point x="12568" y="17634"/></value>
<metadata author="">

</metadata>
</contour>
<contour name="Process 29" class="PointContour" color="#7aff76" visible="true">
<created>Mon Jun 07 15:06:22 EDT 2010</created>
<edited>Mon Jun 07 15:06:22 EDT 2010</edited>
<value><point x="11570" y="19200"/></value>
<metadata author="">

</metadata>
</contour>
<contour name="Process 29" class="PointContour" color="#7aff76" visible="true">
<created>Mon Jun 07 15:06:22 EDT 2010</created>
<edited>Mon Jun 07 15:06:22 EDT 2010</edited>
<value><point x="11392" y="18862"/></value>
<metadata author="">

</metadata>
</contour>
<contour name="Process 15" class="PointContour" color="#46ffdc" visible="true">
<created>Wed Jun 02 17:28:31 EDT 2010</created>
<edited>Wed Jun 02 17:28:31 EDT 2010</edited>
<value><point x="12888" y="18788"/></value>
<metadata author="">

</metadata>
</contour>
<contour name="Process 204" class="PointContour" color="#e0ff14" visible="true">
<created>Thu Jun 10 13:14:55 EDT 2010</created>
<edited>Thu Jun 10 13:14:55 EDT 2010</edited>
<value><point x="11866" y="17608"/></value>
<metadata author="">

</metadata>
</contour>
<contour name="Process 29" class="PointContour" color="#7aff76" visible="true">
<created>Mon Jun 07 15:06:22 EDT 2010</created>
<edited>Mon Jun 07 15:06:22 EDT 2010</edited>
<value><point x="11542" y="19146"/></value>
<metadata author="">

</metadata>
</contour>
<contour name="Process 29" class="PointContour" color="#7aff76" visible="true">
<created>Mon Jun 07 15:06:22 EDT 2010</created>
<edited>Mon Jun 07 15:06:22 EDT 2010</edited>
<value><point x="11306" y="18702"/></value>
<metadata author="">

</metadata>
</contour>
<contour name="Process 106" class="PointContour" color="#ff02af" visible="true">
<created>Tue Jun 08 16:17:32 EDT 2010</created>
<edited>Tue Jun 08 16:17:32 EDT 2010</edited>
<value><point x="11146" y="19136"/></value>
<metadata author="">

</metadata>
</contour>
<contour name="Process 44" class="PointContour" color="#ddf72a" visible="true">
<created>Mon Jun 07 16:52:46 EDT 2010</created>
<edited>Mon Jun 07 16:52:46 EDT 2010</edited>
<value><point x="11828" y="17912"/></value>
<metadata author="">

</metadata>
</contour>
<contour name="Process 121" class="PointContour" color="#6ac7ff" visible="true">
<created>Tue Jun 08 17:25:37 EDT 2010</created>
<edited>Tue Jun 08 17:25:37 EDT 2010</edited>
<value><point x="12684" y="18126"/></value>
<metadata author="">

</metadata>
</contour>
<contour name="Process 78" class="PointContour" color="#0390ff" visible="true">
<created>Tue Jun 08 12:45:16 EDT 2010</created>
<edited>Tue Jun 08 12:45:16 EDT 2010</edited>
<value><point x="12374" y="17534"/></value>
<metadata author="">

</metadata>
</contour>
<contour name="Process 78" class="PointContour" color="#0390ff" visible="true">
<created>Tue Jun 08 12:45:16 EDT 2010</created>
<edited>Tue Jun 08 12:45:16 EDT 2010</edited>
<value><point x="12730" y="17716"/></value>
<metadata author="">

</metadata>
</contour>
<contour name="Process 78" class="PointContour" color="#0390ff" visible="true">
<created>Tue Jun 08 12:45:16 EDT 2010</created>
<edited>Tue Jun 08 12:45:16 EDT 2010</edited>
<value><point x="12586" y="17644"/></value>
<metadata author="">

</metadata>
</contour>
<contour name="Process 34" class="PointContour" color="#05f7b3" visible="true">
<created>Mon Jun 07 16:32:51 EDT 2010</created>
<edited>Mon Jun 07 16:32:51 EDT 2010</edited>
<value><point x="11464" y="17722"/></value>
<metadata author="">

</metadata>
</contour>
<contour name="Process 92" class="PointContour" color="#ffd909" visible="true">
<created>Tue Jun 08 14:20:41 EDT 2010</created>
<edited>Tue Jun 08 14:20:41 EDT 2010</edited>
<value><point x="11576" y="19454"/></value>
<metadata author="">

</metadata>
</contour>
<contour name="Process 122" class="PointContour" color="#4b89ff" visible="true">
<created>Tue Jun 08 17:30:29 EDT 2010</created>
<edited>Tue Jun 08 17:30:29 EDT 2010</edited>
<value><point x="11642" y="18562"/></value>
<metadata author="">

</metadata>
</contour>
<contour name="Process 87" class="PointContour" color="#ff0b2f" visible="true">
<created>Tue Jun 08 13:36:59 EDT 2010</created>
<edited>Tue Jun 08 13:36:59 EDT 2010</edited>
<value><point x="12378" y="18880"/></value>
<metadata author="">

</metadata>
</contour>
<contour name="Process 29" class="PointContour" color="#7aff76" visible="true">
<created>Mon Jun 07 15:06:22 EDT 2010</created>
<edited>Mon Jun 07 15:06:22 EDT 2010</edited>
<value><point x="11204" y="18506"/></value>
<metadata author="">

</metadata>
</contour>
<contour name="Process 29" class="PointContour" color="#7aff76" visible="true">
<created>Mon Jun 07 15:06:22 EDT 2010</created>
<edited>Mon Jun 07 15:06:22 EDT 2010</edited>
<value><point x="11278" y="18648"/></value>
<metadata author="">

</metadata>
</contour>
<contour name="Process 76" class="PointContour" color="#08ffdd" visible="true">
<created>Tue Jun 08 12:38:57 EDT 2010</created>
<edited>Tue Jun 08 12:38:57 EDT 2010</edited>
<value><point x="12808" y="18620"/></value>
<metadata author="">

</metadata>
</contour>
<contour name="Process 2" class="PointContour" color="#ff5107" visible="true">
<created>Wed Jun 02 16:14:39 EDT 2010</created>
<edited>Wed Jun 02 16:14:39 EDT 2010</edited>
<value><point x="11604" y="18876"/></value>
<metadata author="">

</metadata>
</contour>
<contour name="Process 143" class="PointContour" color="#d10eff" visible="true">
<created>Wed Jun 09 15:08:01 EDT 2010</created>
<edited>Wed Jun 09 15:08:01 EDT 2010</edited>
<value><point x="12966" y="19188"/></value>
<metadata author="">

</metadata>
</contour>
<contour name="Process 34" class="PointContour" color="#05f7b3" visible="true">
<created>Mon Jun 07 16:31:52 EDT 2010</created>
<edited>Mon Jun 07 16:31:52 EDT 2010</edited>
<value><point x="11710" y="17966"/></value>
<metadata author="">

</metadata>
</contour>
<contour name="Process 78" class="PointContour" color="#0390ff" visible="true">
<created>Tue Jun 08 12:45:16 EDT 2010</created>
<edited>Tue Jun 08 12:45:16 EDT 2010</edited>
<value><point x="12658" y="17680"/></value>
<metadata author="">

</metadata>
</contour>
<contour name="Process 123" class="PointContour" color="#966dff" visible="true">
<created>Tue Jun 08 17:32:19 EDT 2010</created>
<edited>Tue Jun 08 17:32:19 EDT 2010</edited>
<value><point x="11544" y="18642"/></value>
<metadata author="">

</metadata>
</contour>
<contour name="Process 153" class="PointContour" color="#f3ff8b" visible="true">
<created>Wed Jun 09 15:29:22 EDT 2010</created>
<edited>Wed Jun 09 15:29:22 EDT 2010</edited>
<value><point x="12742" y="18484"/></value>
<metadata author="">

</metadata>
</contour>
<contour name="Process 1" class="PointContour" color="#ff0000" visible="true">
<created>Wed Jun 02 15:59:51 EDT 2010</created>
<edited>Wed Jun 02 15:59:51 EDT 2010</edited>
<value><point x="12136" y="17802"/></value>
<metadata author="">

</metadata>
</contour>
<contour name="Process 129" class="PointContour" color="#80ff08" visible="true">
<created>Wed Jun 09 12:41:33 EDT 2010</created>
<edited>Wed Jun 09 12:41:33 EDT 2010</edited>
<value><point x="12328" y="17776"/></value>
<metadata author="">

</metadata>
</contour>
<contour name="Process 85" class="PointContour" color="#ff067f" visible="true">
<created>Tue Jun 08 13:14:43 EDT 2010</created>
<edited>Tue Jun 08 13:14:43 EDT 2010</edited>
<value><point x="12594" y="18982"/></value>
<metadata author="">

</metadata>
</contour>
<contour name="Process 29" class="PointContour" color="#7aff76" visible="true">
<created>Mon Jun 07 15:06:22 EDT 2010</created>
<edited>Mon Jun 07 15:06:22 EDT 2010</edited>
<value><point x="11176" y="18452"/></value>
<metadata author="">

</metadata>
</contour>
<contour name="Process 2" class="PointContour" color="#ff5107" visible="true">
<created>Wed Jun 02 16:08:39 EDT 2010</created>
<edited>Wed Jun 02 16:08:39 EDT 2010</edited>
<value><point x="11834" y="18424"/></value>
<metadata author="">

</metadata>
</contour>
<contour name="Process 142" class="PointContour" color="#ffefba" visible="true">
<created>Wed Jun 09 15:05:18 EDT 2010</created>
<edited>Wed Jun 09 15:05:18 EDT 2010</edited>
<value><point x="12460" y="18832"/></value>
<metadata author="">

</metadata>
</contour>
<contour name="Process 29" class="PointContour" color="#7aff76" visible="true">
<created>Mon Jun 07 15:06:22 EDT 2010</created>
<edited>Mon Jun 07 15:06:22 EDT 2010</edited>
<value><point x="11270" y="18630"/></value>
<metadata author="">

</metadata>
</contour>
<contour name="Process 78" class="PointContour" color="#0390ff" visible="true">
<created>Tue Jun 08 12:45:16 EDT 2010</created>
<edited>Tue Jun 08 12:45:16 EDT 2010</edited>
<value><point x="12498" y="17598"/></value>
<metadata author="">

</metadata>
</contour>
<contour name="Process 29" class="PointContour" color="#7aff76" visible="true">
<created>Mon Jun 07 15:06:22 EDT 2010</created>
<edited>Mon Jun 07 15:06:22 EDT 2010</edited>
<value><point x="11560" y="19182"/></value>
<metadata author="">

</metadata>
</contour>
<contour name="Process 78" class="PointContour" color="#0390ff" visible="true">
<created>Tue Jun 08 12:45:16 EDT 2010</created>
<edited>Tue Jun 08 12:45:16 EDT 2010</edited>
<value><point x="12390" y="17544"/></value>
<metadata author="">

</metadata>
</contour>
<contour name="Process 49" class="PointContour" color="#4053cc" visible="true">
<created>Mon Jun 07 17:01:17 EDT 2010</created>
<edited>Mon Jun 07 17:01:17 EDT 2010</edited>
<value><point x="11806" y="17978"/></value>
<metadata author="">

</metadata>
</contour>
<contour name="Process 221" class="PointContour" color="#ff38d2" visible="true">
<created>Thu Jun 10 17:23:05 EDT 2010</created>
<edited>Thu Jun 10 17:23:05 EDT 2010</edited>
<value><point x="11564" y="17964"/></value>
<metadata author="">

</metadata>
</contour>
<contour name="Process 63" class="PointContour" color="#ffcc0d" visible="true">
<created>Mon Jun 07 17:34:03 EDT 2010</created>
<edited>Mon Jun 07 17:34:03 EDT 2010</edited>
<value><point x="12306" y="18358"/></value>
<metadata author="">

</metadata>
</contour>
<contour name="Process 29" class="PointContour" color="#7aff76" visible="true">
<created>Mon Jun 07 15:06:22 EDT 2010</created>
<edited>Mon Jun 07 15:06:22 EDT 2010</edited>
<value><point x="11194" y="18488"/></value>
<metadata author="">

</metadata>
</contour>
<contour name="Process 51" class="PointContour" color="#8906ff" visible="true">
<created>Mon Jun 07 17:18:46 EDT 2010</created>
<edited>Mon Jun 07 17:18:46 EDT 2010</edited>
<value><point x="12020" y="18112"/></value>
<metadata author="">

</metadata>
</contour>
<contour name="Process 264" class="PointContour" color="#df3e16" visible="true">
<created>Fri Jun 11 13:13:26 EDT 2010</created>
<edited>Fri Jun 11 13:13:26 EDT 2010</edited>
<value><point x="11004" y="18966"/></value>
<metadata author="">

</metadata>
</contour>
<contour name="Process 4" class="PointContour" color="#fff812" visible="true">
<created>Wed Jun 02 16:26:45 EDT 2010</created>
<edited>Wed Jun 02 16:26:45 EDT 2010</edited>
<value><point x="11552" y="18346"/></value>
<metadata author="">

</metadata>
</contour>
<contour name="Process 59" class="PointContour" color="#ff0340" visible="true">
<created>Mon Jun 07 17:29:17 EDT 2010</created>
<edited>Mon Jun 07 17:29:17 EDT 2010</edited>
<value><point x="12822" y="18684"/></value>
<metadata author="">

</metadata>
</contour>
<contour name="Process 29" class="PointContour" color="#7aff76" visible="true">
<created>Mon Jun 07 15:06:22 EDT 2010</created>
<edited>Mon Jun 07 15:06:22 EDT 2010</edited>
<value><point x="11344" y="18772"/></value>
<metadata author="">

</metadata>
</contour>
<contour name="Process 29" class="PointContour" color="#7aff76" visible="true">
<created>Mon Jun 07 15:06:22 EDT 2010</created>
<edited>Mon Jun 07 15:06:22 EDT 2010</edited>
<value><point x="11212" y="18524"/></value>
<metadata author="">

</metadata>
</contour>
<contour name="Process 29" class="PointContour" color="#7aff76" visible="true">
<created>Mon Jun 07 16:16:04 EDT 2010</created>
<edited>Mon Jun 07 16:16:04 EDT 2010</edited>
<value><point x="11052" y="19418"/></value>
<metadata author="">

</metadata>
</contour>
<contour name="Process 41" class="PointContour" color="#b2aff7" visible="true">
<created>Mon Jun 07 16:47:56 EDT 2010</created>
<edited>Mon Jun 07 16:47:56 EDT 2010</edited>
<value><point x="12414" y="17958"/></value>
<metadata author="">

</metadata>
</contour>
<contour name="Process 78" class="PointContour" color="#0390ff" visible="true">
<created>Tue Jun 08 12:45:16 EDT 2010</created>
<edited>Tue Jun 08 12:45:16 EDT 2010</edited>
<value><point x="12266" y="17480"/></value>
<metadata author="">

</metadata>
</contour>
<contour name="Process 17" class="PointContour" color="#c115ff" visible="true">
<created>Wed Jun 02 17:42:14 EDT 2010</created>
<edited>Wed Jun 02 17:42:14 EDT 2010</edited>
<value><point x="11650" y="17544"/></value>
<metadata author="">

</metadata>
</contour>
<contour name="Process 130" class="PointContour" color="#0bff5b" visible="true">
<created>Wed Jun 09 12:58:37 EDT 2010</created>
<edited>Wed Jun 09 12:58:37 EDT 2010</edited>
<value><point x="12640" y="18456"/></value>
<metadata author="">

</metadata>
</contour>
<contour name="Process 28" class="PointContour" color="#d1a73a" visible="true">
<created>Thu Jun 03 11:31:14 EDT 2010</created>
<edited>Thu Jun 03 11:31:14 EDT 2010</edited>
<value><point x="11692" y="18560"/></value>
<metadata author="">

</metadata>
</contour>
<contour name="Process 134" class="PointContour" color="#0954ff" visible="true">
<created>Wed Jun 09 13:07:40 EDT 2010</created>
<edited>Wed Jun 09 13:07:40 EDT 2010</edited>
<value><point x="12718" y="18212"/></value>
<metadata author="">

</metadata>
</contour>
<contour name="Process 18" class="PointContour" color="#ff5cb4" visible="true">
<created>Wed Jun 02 17:49:34 EDT 2010</created>
<edited>Wed Jun 02 17:49:34 EDT 2010</edited>
<value><point x="11250" y="17552"/></value>
<metadata author="">

</metadata>
</contour>
<contour name="Process 29" class="PointContour" color="#7aff76" visible="true">
<created>Mon Jun 07 15:06:22 EDT 2010</created>
<edited>Mon Jun 07 15:06:22 EDT 2010</edited>
<value><point x="11552" y="19164"/></value>
<metadata author="">

</metadata>
</contour>
<contour name="Process 78" class="PointContour" color="#0390ff" visible="true">
<created>Tue Jun 08 12:45:16 EDT 2010</created>
<edited>Tue Jun 08 12:45:16 EDT 2010</edited>
<value><point x="12444" y="17570"/></value>
<metadata author="">

</metadata>
</contour>
<contour name="Process 158" class="PointContour" color="#ff7fcd" visible="true">
<created>Wed Jun 09 15:48:28 EDT 2010</created>
<edited>Wed Jun 09 15:48:28 EDT 2010</edited>
<value><point x="11176" y="17986"/></value>
<metadata author="">

</metadata>
</contour>
<contour name="Process 128" class="PointContour" color="#acff0c" visible="true">
<created>Wed Jun 09 12:21:58 EDT 2010</created>
<edited>Wed Jun 09 12:21:58 EDT 2010</edited>
<value><point x="12604" y="18602"/></value>
<metadata author="">

</metadata>
</contour>
<contour name="Process 12" class="PointContour" color="#ffa568" visible="true">
<created>Wed Jun 02 17:18:46 EDT 2010</created>
<edited>Wed Jun 02 17:18:46 EDT 2010</edited>
<value><point x="12130" y="18140"/></value>
<metadata author="">

</metadata>
</contour>
<contour name="Process 78" class="PointContour" color="#0390ff" visible="true">
<created>Tue Jun 08 12:45:16 EDT 2010</created>
<edited>Tue Jun 08 12:45:16 EDT 2010</edited>
<value><point x="12516" y="17608"/></value>
<metadata author="">

</metadata>
</contour>
<contour name="Process 7" class="PointContour" color="#10fffb" visible="true">
<created>Wed Jun 02 16:58:09 EDT 2010</created>
<edited>Wed Jun 02 16:58:09 EDT 2010</edited>
<value><point x="12280" y="18538"/></value>
<metadata author="">

</metadata>
</contour>
<contour name="Process 114" class="PointContour" color="#cbff04" visible="true">
<created>Tue Jun 08 17:00:24 EDT 2010</created>
<edited>Tue Jun 08 17:00:24 EDT 2010</edited>
<value><point x="12486" y="18338"/></value>
<metadata author="">

</metadata>
</contour>
<contour name="Process 78" class="PointContour" color="#0390ff" visible="true">
<created>Tue Jun 08 12:45:16 EDT 2010</created>
<edited>Tue Jun 08 12:45:16 EDT 2010</edited>
<value><point x="12604" y="17652"/></value>
<metadata author="">

</metadata>
</contour>
<contour name="Process 9" class="PointContour" color="#ab0bff" visible="true">
<created>Wed Jun 02 17:08:46 EDT 2010</created>
<edited>Wed Jun 02 17:08:46 EDT 2010</edited>
<value><point x="11582" y="18576"/></value>
<metadata author="">

</metadata>
</contour>
<contour name="Process 66" class="PointContour" color="#bcff07" visible="true">
<created>Mon Jun 07 17:37:18 EDT 2010</created>
<edited>Mon Jun 07 17:37:18 EDT 2010</edited>
<value><point x="11676" y="18354"/></value>
<metadata author="">

</metadata>
</contour>
<contour name="Process 29" class="PointContour" color="#7aff76" visible="true">
<created>Mon Jun 07 15:06:22 EDT 2010</created>
<edited>Mon Jun 07 15:06:22 EDT 2010</edited>
<value><point x="11504" y="19076"/></value>
<metadata author="">

</metadata>
</contour>
<contour name="Process 153" class="PointContour" color="#f3ff8b" visible="true">
<created>Thu Jun 10 12:43:58 EDT 2010</created>
<edited>Thu Jun 10 12:43:58 EDT 2010</edited>
<value><point x="12072" y="18130"/></value>
<metadata author="">

</metadata>
</contour>
<contour name="Process 190" class="PointContour" color="#ffadba" visible="true">
<created>Thu Jun 10 12:34:14 EDT 2010</created>
<edited>Thu Jun 10 12:34:14 EDT 2010</edited>
<value><point x="10962" y="18014"/></value>
<metadata author="">

</metadata>
</contour>
<contour name="Process 29" class="PointContour" color="#7aff76" visible="true">
<created>Mon Jun 07 15:06:22 EDT 2010</created>
<edited>Mon Jun 07 15:06:22 EDT 2010</edited>
<value><point x="11702" y="19450"/></value>
<metadata author="">

</metadata>
</contour>
<contour name="Process 153" class="PointContour" color="#f3ff8b" visible="true">
<created>Wed Jun 09 15:26:25 EDT 2010</created>
<edited>Wed Jun 09 15:26:25 EDT 2010</edited>
<value><point x="11956" y="18452"/></value>
<metadata author="">

</metadata>
</contour>
<contour name="Process 29" class="PointContour" color="#7aff76" visible="true">
<created>Mon Jun 07 15:06:22 EDT 2010</created>
<edited>Mon Jun 07 15:06:22 EDT 2010</edited>
<value><point x="11430" y="18932"/></value>
<metadata author="">

</metadata>
</contour>
<contour name="Process 29" class="PointContour" color="#7aff76" visible="true">
<created>Mon Jun 07 15:06:22 EDT 2010</created>
<edited>Mon Jun 07 15:06:22 EDT 2010</edited>
<value><point x="11608" y="19272"/></value>
<metadata author="">

</metadata>
</contour>
<contour name="Process 78" class="PointContour" color="#0390ff" visible="true">
<created>Tue Jun 08 12:45:16 EDT 2010</created>
<edited>Tue Jun 08 12:45:16 EDT 2010</edited>
<value><point x="12356" y="17526"/></value>
<metadata author="">

</metadata>
</contour>
<contour name="Process 85" class="PointContour" color="#ff067f" visible="true">
<created>Tue Jun 08 13:23:42 EDT 2010</created>
<edited>Tue Jun 08 13:23:42 EDT 2010</edited>
<value><point x="12866" y="18672"/></value>
<metadata author="">

</metadata>
</contour>
<contour name="Process 29" class="PointContour" color="#7aff76" visible="true">
<created>Mon Jun 07 15:06:22 EDT 2010</created>
<edited>Mon Jun 07 15:06:22 EDT 2010</edited>
<value><point x="11148" y="18398"/></value>
<metadata author="">

</metadata>
</contour>
<contour name="Process 77" class="PointContour" color="#06dfff" visible="true">
<created>Tue Jun 08 12:41:51 EDT 2010</created>
<edited>Tue Jun 08 12:41:51 EDT 2010</edited>
<value><point x="12130" y="18772"/></value>
<metadata author="">

</metadata>
</contour>
<contour name="Trail 3" class="PointContour" color="#ffa20c" visible="true">
<created>Wed Jun 02 16:19:32 EDT 2010</created>
<edited>Wed Jun 02 16:19:32 EDT 2010</edited>
<value><point x="12310" y="18934"/></value>
<metadata author="">

</metadata>
</contour>
<contour name="Process 29" class="PointContour" color="#7aff76" visible="true">
<created>Tue Jun 08 16:06:53 EDT 2010</created>
<edited>Tue Jun 08 16:06:53 EDT 2010</edited>
<value><point x="12062" y="18352"/></value>
<metadata author="">

</metadata>
</contour>
<contour name="Process 209" class="PointContour" color="#9eff56" visible="true">
<created>Thu Jun 10 13:47:28 EDT 2010</created>
<edited>Thu Jun 10 13:47:28 EDT 2010</edited>
<value><point x="12218" y="19030"/></value>
<metadata author="">

</metadata>
</contour>
<contour name="Process 29" class="PointContour" color="#7aff76" visible="true">
<created>Mon Jun 07 15:06:22 EDT 2010</created>
<edited>Mon Jun 07 15:06:22 EDT 2010</edited>
<value><point x="11458" y="18986"/></value>
<metadata author="">

</metadata>
</contour>
<contour name="Process 8" class="PointContour" color="#2d23ff" visible="true">
<created>Wed Jun 02 17:05:06 EDT 2010</created>
<edited>Wed Jun 02 17:05:06 EDT 2010</edited>
<value><point x="12314" y="18250"/></value>
<metadata author="">

</metadata>
</contour>
<contour name="Process 29" class="PointContour" color="#7aff76" visible="true">
<created>Mon Jun 07 15:06:22 EDT 2010</created>
<edited>Mon Jun 07 15:06:22 EDT 2010</edited>
<value><point x="11354" y="18790"/></value>
<metadata author="">

</metadata>
</contour>
<contour name="Process 17" class="PointContour" color="#c115ff" visible="true">
<created>Wed Jun 02 17:41:37 EDT 2010</created>
<edited>Wed Jun 02 17:41:37 EDT 2010</edited>
<value><point x="11708" y="17488"/></value>
<metadata author="">

</metadata>
</contour>
<contour name="Process 29" class="PointContour" color="#7aff76" visible="true">
<created>Mon Jun 07 15:06:22 EDT 2010</created>
<edited>Mon Jun 07 15:06:22 EDT 2010</edited>
<value><point x="11336" y="18754"/></value>
<metadata author="">

</metadata>
</contour>
<contour name="Process 29" class="PointContour" color="#7aff76" visible="true">
<created>Mon Jun 07 15:06:22 EDT 2010</created>
<edited>Mon Jun 07 15:06:22 EDT 2010</edited>
<value><point x="11476" y="19022"/></value>
<metadata author="">

</metadata>
</contour>
<contour name="Process 118" class="PointContour" color="#4fff10" visible="true">
<created>Tue Jun 08 17:10:03 EDT 2010</created>
<edited>Tue Jun 08 17:10:03 EDT 2010</edited>
<value><point x="11964" y="18564"/></value>
<metadata author="">

</metadata>
</contour>
<contour name="Process 104" class="PointContour" color="#df03ff" visible="true">
<created>Tue Jun 08 16:10:43 EDT 2010</created>
<edited>Tue Jun 08 16:10:43 EDT 2010</edited>
<value><point x="11716" y="17890"/></value>
<metadata author="">

</metadata>
</contour>
<contour name="Process 16" class="PointContour" color="#ff70a8" visible="true">
<created>Wed Jun 02 17:29:13 EDT 2010</created>
<edited>Wed Jun 02 17:29:13 EDT 2010</edited>
<value><point x="11618" y="18146"/></value>
<metadata author="">

</metadata>
</contour>
<contour name="Process 69" class="PointContour" color="#03ffda" visible="true">
<created>Mon Jun 07 17:44:05 EDT 2010</created>
<edited>Mon Jun 07 17:44:05 EDT 2010</edited>
<value><point x="11686" y="17510"/></value>
<metadata author="">

</metadata>
</contour>
<contour name="Process 17" class="PointContour" color="#c115ff" visible="true">
<created>Wed Jun 02 17:40:48 EDT 2010</created>
<edited>Wed Jun 02 17:40:48 EDT 2010</edited>
<value><point x="11800" y="17548"/></value>
<metadata author="">

</metadata>
</contour>
<contour name="Process 84" class="PointContour" color="#ff0ac0" visible="true">
<created>Tue Jun 08 13:05:21 EDT 2010</created>
<edited>Tue Jun 08 13:05:21 EDT 2010</edited>
<value><point x="12042" y="19334"/></value>
<metadata author="">

</metadata>
</contour>
<contour name="Process 29" class="PointContour" color="#7aff76" visible="true">
<created>Mon Jun 07 15:06:22 EDT 2010</created>
<edited>Mon Jun 07 15:06:22 EDT 2010</edited>
<value><point x="11400" y="18880"/></value>
<metadata author="">

</metadata>
</contour>
<contour name="Process 42" class="PointContour" color="#f7cd42" visible="true">
<created>Mon Jun 07 16:50:28 EDT 2010</created>
<edited>Mon Jun 07 16:50:28 EDT 2010</edited>
<value><point x="11990" y="19454"/></value>
<metadata author="">

</metadata>
</contour>
<contour name="Process 112" class="PointContour" color="#ffd72d" visible="true">
<created>Tue Jun 08 16:56:32 EDT 2010</created>
<edited>Tue Jun 08 16:56:32 EDT 2010</edited>
<value><point x="12094" y="18436"/></value>
<metadata author="">

</metadata>
</contour>
<contour name="Process 29" class="PointContour" color="#7aff76" visible="true">
<created>Mon Jun 07 15:06:22 EDT 2010</created>
<edited>Mon Jun 07 15:06:22 EDT 2010</edited>
<value><point x="11364" y="18808"/></value>
<metadata author="">

</metadata>
</contour>
<contour name="Process 28" class="PointContour" color="#d1a73a" visible="true">
<created>Thu Jun 03 10:36:48 EDT 2010</created>
<edited>Thu Jun 03 10:36:48 EDT 2010</edited>
<value><point x="12342" y="18910"/></value>
<metadata author="">

</metadata>
</contour>
<contour name="Process 165" class="PointContour" color="#ffef8c" visible="true">
<created>Wed Jun 09 16:16:12 EDT 2010</created>
<edited>Wed Jun 09 16:16:12 EDT 2010</edited>
<value><point x="12862" y="19166"/></value>
<metadata author="">

</metadata>
</contour>
<contour name="Process 29" class="PointContour" color="#7aff76" visible="true">
<created>Mon Jun 07 15:06:22 EDT 2010</created>
<edited>Mon Jun 07 15:06:22 EDT 2010</edited>
<value><point x="11636" y="19324"/></value>
<metadata author="">

</metadata>
</contour>
<contour name="Process 29" class="PointContour" color="#7aff76" visible="true">
<created>Mon Jun 07 15:06:22 EDT 2010</created>
<edited>Mon Jun 07 15:06:22 EDT 2010</edited>
<value><point x="11120" y="18346"/></value>
<metadata author="">

</metadata>
</contour>
<contour name="Process 174" class="PointContour" color="#c37aff" visible="true">
<created>Wed Jun 09 17:08:05 EDT 2010</created>
<edited>Wed Jun 09 17:08:05 EDT 2010</edited>
<value><point x="12460" y="18092"/></value>
<metadata author="">

</metadata>
</contour>
<contour name="Process 5" class="PointContour" color="#c2ff00" visible="true">
<created>Wed Jun 02 16:32:39 EDT 2010</created>
<edited>Wed Jun 02 16:32:39 EDT 2010</edited>
<value><point x="11984" y="18348"/></value>
<metadata author="">

</metadata>
</contour>
<contour name="Process 78" class="PointContour" color="#0390ff" visible="true">
<created>Tue Jun 08 12:45:16 EDT 2010</created>
<edited>Tue Jun 08 12:45:16 EDT 2010</edited>
<value><point x="12462" y="17580"/></value>
<metadata author="">

</metadata>
</contour>
<contour name="Process 78" class="PointContour" color="#0390ff" visible="true">
<created>Tue Jun 08 12:45:16 EDT 2010</created>
<edited>Tue Jun 08 12:45:16 EDT 2010</edited>
<value><point x="12534" y="17616"/></value>
<metadata author="">

</metadata>
</contour>
<contour name="Process 29" class="PointContour" color="#7aff76" visible="true">
<created>Mon Jun 07 15:57:29 EDT 2010</created>
<edited>Mon Jun 07 15:57:29 EDT 2010</edited>
<value><point x="12130" y="18518"/></value>
<metadata author="">

</metadata>
</contour>
<contour name="Process 89" class="PointContour" color="#ff7c09" visible="true">
<created>Tue Jun 08 13:40:43 EDT 2010</created>
<edited>Tue Jun 08 13:40:43 EDT 2010</edited>
<value><point x="12724" y="18724"/></value>
<metadata author="">

</metadata>
</contour>
<contour name="Process 29" class="PointContour" color="#7aff76" visible="true">
<created>Mon Jun 07 15:06:22 EDT 2010</created>
<edited>Mon Jun 07 15:06:22 EDT 2010</edited>
<value><point x="11372" y="18826"/></value>
<metadata author="">

</metadata>
</contour>
<contour name="Process 78" class="PointContour" color="#0390ff" visible="true">
<created>Tue Jun 08 12:45:16 EDT 2010</created>
<edited>Tue Jun 08 12:45:16 EDT 2010</edited>
<value><point x="12248" y="17470"/></value>
<metadata author="">

</metadata>
</contour>
<contour name="Process 29" class="PointContour" color="#7aff76" visible="true">
<created>Mon Jun 07 15:06:22 EDT 2010</created>
<edited>Mon Jun 07 15:06:22 EDT 2010</edited>
<value><point x="11532" y="19128"/></value>
<metadata author="">

</metadata>
</contour>
<contour name="Process 95" class="PointContour" color="#93ff04" visible="true">
<created>Tue Jun 08 14:28:47 EDT 2010</created>
<edited>Tue Jun 08 14:28:47 EDT 2010</edited>
<value><point x="11386" y="17508"/></value>
<metadata author="">

</metadata>
</contour>
<contour name="Process 29" class="PointContour" color="#7aff76" visible="true">
<created>Mon Jun 07 15:06:22 EDT 2010</created>
<edited>Mon Jun 07 15:06:22 EDT 2010</edited>
<value><point x="11514" y="19094"/></value>
<metadata author="">

</metadata>
</contour>
<contour name="Process 116" class="PointContour" color="#a1ff02" visible="true">
<created>Tue Jun 08 17:06:40 EDT 2010</created>
<edited>Tue Jun 08 17:06:40 EDT 2010</edited>
<value><point x="11640" y="18958"/></value>
<metadata author="">

</metadata>
</contour>
<contour name="Process 216" class="PointContour" color="#cf21ff" visible="true">
<created>Thu Jun 10 14:03:42 EDT 2010</created>
<edited>Thu Jun 10 14:03:42 EDT 2010</edited>
<value><point x="12498" y="19306"/></value>
<metadata author="">

</metadata>
</contour>
<contour name="Process 78" class="PointContour" color="#0390ff" visible="true">
<created>Tue Jun 08 12:45:16 EDT 2010</created>
<edited>Tue Jun 08 12:45:16 EDT 2010</edited>
<value><point x="12854" y="17780"/></value>
<metadata author="">

</metadata>
</contour>
<contour name="Process 97" class="PointContour" color="#05ff95" visible="true">
<created>Tue Jun 08 14:32:02 EDT 2010</created>
<edited>Tue Jun 08 14:32:02 EDT 2010</edited>
<value><point x="12196" y="18716"/></value>
<metadata author="">

</metadata>
</contour>
<contour name="Process 102" class="PointContour" color="#7706ff" visible="true">
<created>Tue Jun 08 16:05:17 EDT 2010</created>
<edited>Tue Jun 08 16:05:17 EDT 2010</edited>
<value><point x="12106" y="17902"/></value>
<metadata author="">

</metadata>
</contour>
<contour name="Process 29" class="PointContour" color="#7aff76" visible="true">
<created>Mon Jun 07 15:06:22 EDT 2010</created>
<edited>Mon Jun 07 15:06:22 EDT 2010</edited>
<value><point x="11692" y="19432"/></value>
<metadata author="">

</metadata>
</contour>
<contour name="Process 267" class="PointContour" color="#bc66e6" visible="true">
<created>Fri Jun 11 16:07:33 EDT 2010</created>
<edited>Fri Jun 11 16:07:33 EDT 2010</edited>
<value><point x="11782" y="17798"/></value>
<metadata author="">

</metadata>
</contour>
<contour name="Process 267" class="PointContour" color="#bc66e6" visible="true">
<created>Fri Jun 11 16:08:11 EDT 2010</created>
<edited>Fri Jun 11 16:08:11 EDT 2010</edited>
<value><point x="11968" y="17882"/></value>
<metadata author="">

</metadata>
</contour>
<contour name="Process 267" class="PointContour" color="#bc66e6" visible="true">
<created>Fri Jun 11 16:09:01 EDT 2010</created>
<edited>Fri Jun 11 16:09:01 EDT 2010</edited>
<value><point x="12972" y="18024"/></value>
<metadata author="">

</metadata>
</contour>
<contour name="Process 283" class="PointContour" color="#8bdb3a" visible="true">
<created>Mon Jun 14 12:47:17 EDT 2010</created>
<edited>Mon Jun 14 12:47:17 EDT 2010</edited>
<value><point x="10966" y="18824"/></value>
<metadata author="">

</metadata>
</contour>
<contour name="Process 283" class="PointContour" color="#8bdb3a" visible="true">
<created>Mon Jun 14 12:48:13 EDT 2010</created>
<edited>Mon Jun 14 12:48:13 EDT 2010</edited>
<value><point x="12728" y="18428"/></value>
<metadata author="">

</metadata>
</contour>
<contour name="Process 171" class="PointContour" color="#d0ff5f" visible="true">
<created>Tue Jun 15 12:40:18 EDT 2010</created>
<edited>Tue Jun 15 12:40:18 EDT 2010</edited>
<value><point x="12642" y="18362"/></value>
<metadata author="">

</metadata>
</contour>
<contour name="Process 72" class="PointContour" color="#ffcd08" visible="true">
<created>Tue Jun 15 13:06:56 EDT 2010</created>
<edited>Tue Jun 15 13:06:56 EDT 2010</edited>
<value><point x="12590" y="18766"/></value>
<metadata author="">

</metadata>
</contour>
<contour name="Process 298" class="PointContour" color="#9b0b1c" visible="true">
<created>Tue Jun 15 13:08:18 EDT 2010</created>
<edited>Tue Jun 15 13:08:18 EDT 2010</edited>
<value><point x="12622" y="18656"/></value>
<metadata author="">

</metadata>
</contour>
<contour name="Process 301" class="PointContour" color="#ee987c" visible="true">
<created>Tue Jun 15 13:22:46 EDT 2010</created>
<edited>Tue Jun 15 13:22:46 EDT 2010</edited>
<value><point x="12128" y="18222"/></value>
<metadata author="">

</metadata>
</contour>
<contour name="Process 303" class="PointContour" color="#baac7b" visible="true">
<created>Tue Jun 15 14:28:17 EDT 2010</created>
<edited>Tue Jun 15 14:28:17 EDT 2010</edited>
<value><point x="12388" y="19338"/></value>
<metadata author="">

</metadata>
</contour>
<contour name="Process 304" class="PointContour" color="#6e26e7" visible="true">
<created>Tue Jun 15 14:29:53 EDT 2010</created>
<edited>Tue Jun 15 14:29:53 EDT 2010</edited>
<value><point x="12226" y="19192"/></value>
<metadata author="">

</metadata>
</contour>
<contour name="Process 307" class="PointContour" color="#bc7f1e" visible="true">
<created>Tue Jun 15 14:39:35 EDT 2010</created>
<edited>Tue Jun 15 14:39:35 EDT 2010</edited>
<value><point x="12916" y="18322"/></value>
<metadata author="">

</metadata>
</contour>
<contour name="Process 311" class="PointContour" color="#0b7893" visible="true">
<created>Tue Jun 15 14:47:08 EDT 2010</created>
<edited>Tue Jun 15 14:47:08 EDT 2010</edited>
<value><point x="11124" y="19042"/></value>
<metadata author="">

</metadata>
</contour>
<contour name="Process 28" class="PointContour" color="#d1a73a" visible="true">
<created>Tue Jun 15 14:55:41 EDT 2010</created>
<edited>Tue Jun 15 14:55:41 EDT 2010</edited>
<value><point x="12218" y="18468"/></value>
<metadata author="">

</metadata>
</contour>
<contour name="Process 321" class="PointContour" color="#1fbbad" visible="true">
<created>Tue Jun 15 16:38:39 EDT 2010</created>
<edited>Tue Jun 15 16:38:39 EDT 2010</edited>
<value><point x="11068" y="17680"/></value>
<metadata author="">

</metadata>
</contour>
<contour name="Process 322" class="PointContour" color="#bec2b9" visible="true">
<created>Tue Jun 15 16:39:16 EDT 2010</created>
<edited>Tue Jun 15 16:39:16 EDT 2010</edited>
<value><point x="11106" y="17712"/></value>
<metadata author="">

</metadata>
</contour>
<contour name="Process 333" class="PointContour" color="#f08a90" visible="true">
<created>Tue Jun 15 16:50:25 EDT 2010</created>
<edited>Tue Jun 15 16:50:25 EDT 2010</edited>
<value><point x="12680" y="19446"/></value>
<metadata author="">

</metadata>
</contour>
<contour name="Process 29" class="PointContour" color="#7aff76" visible="true">
<created>Tue Jun 15 16:53:34 EDT 2010</created>
<edited>Tue Jun 15 16:53:34 EDT 2010</edited>
<value><point x="10982" y="19174"/></value>
<metadata author="">

</metadata>
</contour>
<contour name="Process 171" class="PointContour" color="#d0ff5f" visible="true">
<created>Tue Jun 15 16:58:57 EDT 2010</created>
<edited>Tue Jun 15 16:58:57 EDT 2010</edited>
<value><point x="11152" y="17748"/></value>
<metadata author="">

</metadata>
</contour>
<contour name="Process 84" class="PointContour" color="#ff0ac0" visible="true">
<created>Tue Jun 15 17:30:53 EDT 2010</created>
<edited>Tue Jun 15 17:30:53 EDT 2010</edited>
<value><point x="11892" y="18984"/></value>
<metadata author="">

</metadata>
</contour>
<contour name="Process 171" class="PointContour" color="#d0ff5f" visible="true">
<created>Tue Jun 15 17:34:32 EDT 2010</created>
<edited>Tue Jun 15 17:34:32 EDT 2010</edited>
<value><point x="12102" y="18364"/></value>
<metadata author="">

</metadata>
</contour>
<contour name="Process 171" class="PointContour" color="#d0ff5f" visible="true">
<created>Tue Jun 15 17:34:35 EDT 2010</created>
<edited>Tue Jun 15 17:34:35 EDT 2010</edited>
<value><point x="12024" y="18466"/></value>
<metadata author="">

</metadata>
</contour>
<contour name="Process 171" class="PointContour" color="#d0ff5f" visible="true">
<created>Tue Jun 15 17:36:23 EDT 2010</created>
<edited>Tue Jun 15 17:36:23 EDT 2010</edited>
<value><point x="11180" y="17774"/></value>
<metadata author="">

</metadata>
</contour>
<contour name="Process 171" class="PointContour" color="#d0ff5f" visible="true">
<created>Tue Jun 15 17:39:38 EDT 2010</created>
<edited>Tue Jun 15 17:39:38 EDT 2010</edited>
<value><point x="12334" y="19206"/></value>
<metadata author="">

</metadata>
</contour>
<contour name="Process 171" class="PointContour" color="#d0ff5f" visible="true">
<created>Tue Jun 15 17:44:04 EDT 2010</created>
<edited>Tue Jun 15 17:44:04 EDT 2010</edited>
<value><point x="11030" y="17770"/></value>
<metadata author="">

</metadata>
</contour>
<contour name="Process 357" class="PointContour" color="#26769b" visible="true">
<created>Wed Jun 23 09:57:43 EDT 2010</created>
<edited>Wed Jun 23 09:57:43 EDT 2010</edited>
<value><point x="11248" y="19450"/></value>
<metadata author="">

</metadata>
</contour>
<contour name="Process 171" class="PointContour" color="#d0ff5f" visible="true">
<created>Wed Jun 23 09:58:32 EDT 2010</created>
<edited>Wed Jun 23 09:58:32 EDT 2010</edited>
<value><point x="11976" y="19270"/></value>
<metadata author="">

</metadata>
</contour>
<contour name="Process 368" class="PointContour" color="#15d8d6" visible="true">
<created>Wed Jun 23 11:50:11 EDT 2010</created>
<edited>Wed Jun 23 11:50:11 EDT 2010</edited>
<value><point x="12762" y="19382"/></value>
<metadata author="">

</metadata>
</contour>
<contour name="Process 369" class="PointContour" color="#9f276e" visible="true">
<created>Wed Jun 23 11:51:44 EDT 2010</created>
<edited>Wed Jun 23 11:51:44 EDT 2010</edited>
<value><point x="12146" y="18810"/></value>
<metadata author="">

</metadata>
</contour>
<contour name="Process 75" class="PointContour" color="#08ffac" visible="true">
<created>Wed Jun 23 11:58:32 EDT 2010</created>
<edited>Wed Jun 23 11:58:32 EDT 2010</edited>
<value><point x="12918" y="19272"/></value>
<metadata author="">

</metadata>
</contour>
<contour name="Process 171" class="PointContour" color="#d0ff5f" visible="true">
<created>Wed Jun 23 12:11:56 EDT 2010</created>
<edited>Wed Jun 23 12:11:56 EDT 2010</edited>
<value><point x="11282" y="18214"/></value>
<metadata author="">

</metadata>
</contour>
<contour name="Process 171" class="PointContour" color="#d0ff5f" visible="true">
<created>Wed Jun 23 12:14:01 EDT 2010</created>
<edited>Wed Jun 23 12:14:01 EDT 2010</edited>
<value><point x="11434" y="17930"/></value>
<metadata author="">

</metadata>
</contour>
<contour name="Process 171" class="PointContour" color="#d0ff5f" visible="true">
<created>Wed Jun 23 12:17:08 EDT 2010</created>
<edited>Wed Jun 23 12:17:08 EDT 2010</edited>
<value><point x="11438" y="18172"/></value>
<metadata author="">

</metadata>
</contour>
<contour name="Process 382" class="PointContour" color="#15b55a" visible="true">
<created>Wed Jun 23 12:25:54 EDT 2010</created>
<edited>Wed Jun 23 12:25:54 EDT 2010</edited>
<value><point x="11586" y="17864"/></value>
<metadata author="">

</metadata>
</contour>
<contour name="Process 382" class="PointContour" color="#15b55a" visible="true">
<created>Wed Jun 23 12:26:07 EDT 2010</created>
<edited>Wed Jun 23 12:26:07 EDT 2010</edited>
<value><point x="11276" y="17764"/></value>
<metadata author="">

</metadata>
</contour>
<contour name="Process 382" class="PointContour" color="#15b55a" visible="true">
<created>Wed Jun 23 12:26:39 EDT 2010</created>
<edited>Wed Jun 23 12:26:39 EDT 2010</edited>
<value><point x="11950" y="17938"/></value>
<metadata author="">

</metadata>
</contour>
<contour name="Process 391" class="PointContour" color="#627d97" visible="true">
<created>Wed Jun 23 13:22:05 EDT 2010</created>
<edited>Wed Jun 23 13:22:05 EDT 2010</edited>
<value><point x="11000" y="17690"/></value>
<metadata author="">

</metadata>
</contour>
<contour name="Process 143" class="PointContour" color="#d10eff" visible="true">
<created>Wed Jun 30 10:35:35 EDT 2010</created>
<edited>Wed Jun 30 10:35:35 EDT 2010</edited>
<value><point x="11964" y="18890"/></value>
<metadata author="">

</metadata>
</contour>
<contour name="Process 394" class="PointContour" color="#9f5fc8" visible="true">
<created>Wed Jun 30 10:43:45 EDT 2010</created>
<edited>Wed Jun 30 10:43:45 EDT 2010</edited>
<value><point x="12228" y="18092"/></value>
<metadata author="">

</metadata>
</contour>
<contour name="Process 395" class="PointContour" color="#352bbd" visible="true">
<created>Wed Jun 30 10:49:43 EDT 2010</created>
<edited>Wed Jun 30 10:49:43 EDT 2010</edited>
<value><point x="12406" y="18772"/></value>
<metadata author="">

</metadata>
</contour>
<contour name="Process 395" class="PointContour" color="#352bbd" visible="true">
<created>Wed Jun 30 10:50:11 EDT 2010</created>
<edited>Wed Jun 30 10:50:11 EDT 2010</edited>
<value><point x="11814" y="19182"/></value>
<metadata author="">

</metadata>
</contour>
<contour name="Process 58" class="PointContour" color="#ff0340" visible="true">
<created>Wed Jun 30 12:07:28 EDT 2010</created>
<edited>Wed Jun 30 12:07:28 EDT 2010</edited>
<value><point x="12212" y="19244"/></value>
<metadata author="">

</metadata>
</contour>
<contour name="Process 17" class="PointContour" color="#c115ff" visible="true">
<created>Wed Jun 30 19:06:50 EDT 2010</created>
<edited>Wed Jun 30 19:06:50 EDT 2010</edited>
<value><point x="11022" y="17470"/></value>
<metadata author="">

</metadata>
</contour>
<contour name="Process 171" class="PointContour" color="#d0ff5f" visible="true">
<created>Thu Jul 01 11:10:39 EDT 2010</created>
<edited>Thu Jul 01 11:10:39 EDT 2010</edited>
<value><point x="11642" y="18780"/></value>
<metadata author="">

</metadata>
</contour>
<contour name="Process 412" class="PointContour" color="#d3bd4b" visible="true">
<created>Thu Jul 01 14:26:14 EDT 2010</created>
<edited>Thu Jul 01 14:26:14 EDT 2010</edited>
<value><point x="12292" y="17750"/></value>
<metadata author="">

</metadata>
</contour>
<contour name="Process 413" class="PointContour" color="#f086bb" visible="true">
<created>Thu Jul 01 14:32:24 EDT 2010</created>
<edited>Thu Jul 01 14:32:24 EDT 2010</edited>
<value><point x="11800" y="19032"/></value>
<metadata author="">

</metadata>
</contour>
<contour name="Process 414" class="PointContour" color="#bd1a87" visible="true">
<created>Thu Jul 08 13:28:44 EDT 2010</created>
<edited>Thu Jul 08 13:28:44 EDT 2010</edited>
<value><point x="11650" y="18110"/></value>
<metadata author="">

</metadata>
</contour>
<contour name="Process 416" class="PointContour" color="#0bfd7c" visible="true">
<created>Tue Jul 13 11:04:33 EDT 2010</created>
<edited>Tue Jul 13 11:04:33 EDT 2010</edited>
<value><point x="12812" y="19126"/></value>
<metadata author="">

</metadata>
</contour>
<contour name="Process 271" class="PointContour" color="#75436a" visible="true">
<created>Wed Jul 14 16:23:39 EDT 2010</created>
<edited>Wed Jul 14 16:23:39 EDT 2010</edited>
<value><point x="11810" y="17486"/></value>
<metadata author="">

</metadata>
</contour>
<contour name="Process 420" class="PointContour" color="#4fe1fe" visible="true">
<created>Wed Nov 24 16:50:21 EST 2010</created>
<edited>Wed Nov 24 16:50:21 EST 2010</edited>
<value><point x="10730" y="17867"/></value>
<metadata author="">

</metadata>
</contour>
<contour name="Process 421" class="PointContour" color="#e61dae" visible="true">
<created>Wed Nov 24 17:04:43 EST 2010</created>
<edited>Wed Nov 24 17:04:43 EST 2010</edited>
<value><point x="10639" y="17802"/></value>
<metadata author="">

</metadata>
</contour>
<contour name="Process 422" class="PointContour" color="#f8e1f2" visible="true">
<created>Wed Nov 24 17:17:40 EST 2010</created>
<edited>Wed Nov 24 17:17:40 EST 2010</edited>
<value><point x="10595" y="17752"/></value>
<metadata author="">

</metadata>
</contour>
<contour name="Process 423" class="PointContour" color="#f36543" visible="true">
<created>Wed Nov 24 17:32:31 EST 2010</created>
<edited>Wed Nov 24 17:32:31 EST 2010</edited>
<value><point x="9609" y="18047"/></value>
<metadata author="">

</metadata>
</contour>
<contour name="Process 423" class="PointContour" color="#f36543" visible="true">
<created>Wed Nov 24 17:33:08 EST 2010</created>
<edited>Wed Nov 24 17:33:08 EST 2010</edited>
<value><point x="8955" y="17822"/></value>
<metadata author="">

</metadata>
</contour>
<contour name="Process 423" class="PointContour" color="#f36543" visible="true">
<created>Wed Nov 24 17:36:49 EST 2010</created>
<edited>Wed Nov 24 17:36:49 EST 2010</edited>
<value><point x="4783" y="18278"/></value>
<metadata author="">

</metadata>
</contour>
<contour name="Process 423" class="PointContour" color="#f36543" visible="true">
<created>Wed Nov 24 18:27:30 EST 2010</created>
<edited>Wed Nov 24 18:27:30 EST 2010</edited>
<value><point x="5137" y="18596"/></value>
<metadata author="">

</metadata>
</contour>
<contour name="Process 426" class="PointContour" color="#a969fa" visible="true">
<created>Wed Nov 24 19:13:16 EST 2010</created>
<edited>Wed Nov 24 19:13:16 EST 2010</edited>
<value><point x="10613" y="18457"/></value>
<metadata author="">

</metadata>
</contour>
<contour name="Process 427" class="PointContour" color="#2e69d9" visible="true">
<created>Wed Nov 24 19:25:01 EST 2010</created>
<edited>Wed Nov 24 19:25:01 EST 2010</edited>
<value><point x="9640" y="18997"/></value>
<metadata author="">

</metadata>
</contour>
<contour name="Process 430" class="PointContour" color="#d6b579" visible="true">
<created>Wed Nov 24 20:09:18 EST 2010</created>
<edited>Wed Nov 24 20:09:18 EST 2010</edited>
<value><point x="9389" y="18767"/></value>
<metadata author="">

</metadata>
</contour>
<contour name="Process 431" class="PointContour" color="#a298f6" visible="true">
<created>Wed Nov 24 20:21:44 EST 2010</created>
<edited>Wed Nov 24 20:21:44 EST 2010</edited>
<value><point x="10387" y="19109"/></value>
<metadata author="">

</metadata>
</contour>
<contour name="Process 441" class="PointContour" color="#d89428" visible="true">
<created>Thu Nov 25 14:40:41 EST 2010</created>
<edited>Thu Nov 25 14:40:41 EST 2010</edited>
<value><point x="11869" y="16735"/></value>
<metadata author="">

</metadata>
</contour>
<contour name="Process 449" class="PointContour" color="#697c74" visible="true">
<created>Fri Nov 26 18:14:36 EST 2010</created>
<edited>Fri Nov 26 18:14:36 EST 2010</edited>
<value><point x="10164" y="21152"/></value>
<metadata author="">

</metadata>
</contour>
<contour name="Process 450" class="PointContour" color="#866c5b" visible="true">
<created>Fri Nov 26 20:59:57 EST 2010</created>
<edited>Fri Nov 26 20:59:57 EST 2010</edited>
<value><point x="11888" y="16803"/></value>
<metadata author="">

</metadata>
</contour>
<contour name="Process 460" class="PointContour" color="#782b43" visible="true">
<created>Fri Dec 03 15:14:34 EST 2010</created>
<edited>Fri Dec 03 15:14:34 EST 2010</edited>
<value><point x="12908" y="17422"/></value>
<metadata author="">

</metadata>
</contour>
<contour name="Process 461" class="PointContour" color="#65d5e9" visible="true">
<created>Fri Dec 03 23:18:23 EST 2010</created>
<edited>Fri Dec 03 23:18:23 EST 2010</edited>
<value><point x="12052" y="16578"/></value>
<metadata author="">

</metadata>
</contour>
<contour name="Process 461" class="PointContour" color="#65d5e9" visible="true">
<created>Fri Dec 03 23:20:41 EST 2010</created>
<edited>Fri Dec 03 23:20:41 EST 2010</edited>
<value><point x="12209" y="16523"/></value>
<metadata author="">

</metadata>
</contour>
<contour name="Process 461" class="PointContour" color="#65d5e9" visible="true">
<created>Fri Dec 03 23:23:08 EST 2010</created>
<edited>Fri Dec 03 23:23:08 EST 2010</edited>
<value><point x="14673" y="14418"/></value>
<metadata author="">

</metadata>
</contour>
<contour name="Process 461" class="PointContour" color="#65d5e9" visible="true">
<created>Fri Dec 03 23:23:25 EST 2010</created>
<edited>Fri Dec 03 23:23:25 EST 2010</edited>
<value><point x="15142" y="14487"/></value>
<metadata author="">

</metadata>
</contour>
<contour name="Process 461" class="PointContour" color="#65d5e9" visible="true">
<created>Fri Dec 03 23:24:05 EST 2010</created>
<edited>Fri Dec 03 23:24:05 EST 2010</edited>
<value><point x="16359" y="13422"/></value>
<metadata author="">

</metadata>
</contour>
<contour name="Process 461" class="PointContour" color="#65d5e9" visible="true">
<created>Fri Dec 03 23:28:29 EST 2010</created>
<edited>Fri Dec 03 23:28:29 EST 2010</edited>
<value><point x="11550" y="16297"/></value>
<metadata author="">

</metadata>
</contour>
<contour name="Process 466" class="PointContour" color="#722e57" visible="true">
<created>Sat Dec 04 00:04:38 EST 2010</created>
<edited>Sat Dec 04 00:04:38 EST 2010</edited>
<value><point x="11535" y="16697"/></value>
<metadata author="">

</metadata>
</contour>
<contour name="Process 467" class="PointContour" color="#a56551" visible="true">
<created>Sat Dec 04 00:13:43 EST 2010</created>
<edited>Sat Dec 04 00:13:43 EST 2010</edited>
<value><point x="12238" y="19849"/></value>
<metadata author="">

</metadata>
</contour>
<contour name="Process 468" class="PointContour" color="#5025db" visible="true">
<created>Sat Dec 04 00:22:17 EST 2010</created>
<edited>Sat Dec 04 00:22:17 EST 2010</edited>
<value><point x="13876" y="16681"/></value>
<metadata author="">

</metadata>
</contour>
<contour name="Process 468" class="PointContour" color="#5025db" visible="true">
<created>Sat Dec 04 00:26:07 EST 2010</created>
<edited>Sat Dec 04 00:26:07 EST 2010</edited>
<value><point x="13068" y="17169"/></value>
<metadata author="">

</metadata>
</contour>
<contour name="Process 469" class="PointContour" color="#7f3a2b" visible="true">
<created>Sat Dec 04 00:28:01 EST 2010</created>
<edited>Sat Dec 04 00:28:01 EST 2010</edited>
<value><point x="11628" y="19590"/></value>
<metadata author="">

</metadata>
</contour>
<contour name="Process 471" class="PointContour" color="#da4772" visible="true">
<created>Sat Dec 04 13:37:42 EST 2010</created>
<edited>Sat Dec 04 13:37:42 EST 2010</edited>
<value><point x="10806" y="18874"/></value>
<metadata author="">

</metadata>
</contour>
<contour name="Process 474" class="PointContour" color="#068f4d" visible="true">
<created>Tue Feb 08 14:09:49 EST 2011</created>
<edited>Tue Feb 08 14:09:49 EST 2011</edited>
<value><point x="11839" y="19633"/></value>
<metadata author="">

</metadata>
</contour>
<contour name="Process 474" class="PointContour" color="#068f4d" visible="true">
<created>Tue Feb 08 14:10:49 EST 2011</created>
<edited>Tue Feb 08 14:10:49 EST 2011</edited>
<value><point x="10063" y="19510"/></value>
<metadata author="">

</metadata>
</contour>
<contour name="Process 478" class="PointContour" color="#4bab49" visible="true">
<created>Tue Feb 08 15:09:42 EST 2011</created>
<edited>Tue Feb 08 15:09:42 EST 2011</edited>
<value><point x="12172" y="19646"/></value>
<metadata author="">

</metadata>
</contour>
<contour name="Process 479" class="PointContour" color="#06e0f4" visible="true">
<created>Tue Feb 08 15:19:42 EST 2011</created>
<edited>Tue Feb 08 15:19:42 EST 2011</edited>
<value><point x="10667" y="19857"/></value>
<metadata author="">

</metadata>
</contour>
<contour name="Process 481" class="PointContour" color="#51749d" visible="true">
<created>Tue Feb 08 15:51:23 EST 2011</created>
<edited>Tue Feb 08 15:51:23 EST 2011</edited>
<value><point x="11704" y="19584"/></value>
<metadata author="">

</metadata>
</contour>
<contour name="Process 483" class="PointContour" color="#3f7313" visible="true">
<created>Tue Feb 08 17:26:52 EST 2011</created>
<edited>Tue Feb 08 17:26:52 EST 2011</edited>
<value><point x="11677" y="19562"/></value>
<metadata author="">

</metadata>
</contour>
<contour name="Process 492" class="PointContour" color="#3725ba" visible="true">
<created>Wed Feb 09 15:36:34 EST 2011</created>
<edited>Wed Feb 09 15:36:34 EST 2011</edited>
<value><point x="12194" y="19541"/></value>
<metadata author="">

</metadata>
</contour>
<contour name="Process 493" class="PointContour" color="#754904" visible="true">
<created>Wed Feb 09 15:42:01 EST 2011</created>
<edited>Wed Feb 09 15:42:01 EST 2011</edited>
<value><point x="11370" y="19765"/></value>
<metadata author="">

</metadata>
</contour>
<contour name="Trail 533" class="PointContour" color="#3e79a5" visible="true">
<created>Mon Feb 14 12:01:46 EST 2011</created>
<edited>Mon Feb 14 12:01:46 EST 2011</edited>
<value><point x="16357" y="17424"/></value>
<metadata author="">

</metadata>
</contour>
<contour name="Trail 533" class="PointContour" color="#3e79a5" visible="true">
<created>Mon Feb 14 12:03:01 EST 2011</created>
<edited>Mon Feb 14 12:03:01 EST 2011</edited>
<value><point x="18697" y="16655"/></value>
<metadata author="">

</metadata>
</contour>
<contour name="Trail 15" class="PointContour" color="#46ffdc" visible="true">
<created>Thu Feb 17 10:55:38 EST 2011</created>
<edited>Thu Feb 17 10:55:38 EST 2011</edited>
<value><point x="9602" y="15161"/></value>
<metadata author="">

</metadata>
</contour>
<contour name="Trail 12" class="PointContour" color="#ffa568" visible="true">
<created>Thu Mar 10 14:59:24 EST 2011</created>
<edited>Thu Mar 10 14:59:24 EST 2011</edited>
<value><point x="10065" y="13626"/></value>
<metadata author="">

</metadata>
</contour>
<contour name="Trail 25" class="PointContour" color="#448fc2" visible="true">
<created>Thu Mar 10 16:41:06 EST 2011</created>
<edited>Thu Mar 10 16:41:06 EST 2011</edited>
<value><point x="11398" y="20847"/></value>
<metadata author="">

</metadata>
</contour>
<contour name="Trail 25" class="PointContour" color="#448fc2" visible="true">
<created>Thu Mar 10 16:41:55 EST 2011</created>
<edited>Thu Mar 10 16:41:55 EST 2011</edited>
<value><point x="11334" y="21798"/></value>
<metadata author="">

</metadata>
</contour>
<contour name="Trail 127" class="PointContour" color="#ff9009" visible="true">
<created>Sun Mar 13 18:55:27 EDT 2011</created>
<edited>Sun Mar 13 18:55:27 EDT 2011</edited>
<value><point x="13517" y="18264"/></value>
<metadata author="">

</metadata>
</contour>
<contour name="Trail 134" class="PointContour" color="#0954ff" visible="true">
<created>Sun Mar 13 19:50:56 EDT 2011</created>
<edited>Sun Mar 13 19:50:56 EDT 2011</edited>
<value><point x="11937" y="16228"/></value>
<metadata author="">

</metadata>
</contour>
<contour name="Trail 146" class="PointContour" color="#a3c6ff" visible="true">
<created>Mon Mar 14 11:07:55 EDT 2011</created>
<edited>Mon Mar 14 11:07:55 EDT 2011</edited>
<value><point x="13401" y="18161"/></value>
<metadata author="">

</metadata>
</contour>
<contour name="Trail 146" class="PointContour" color="#a3c6ff" visible="true">
<created>Mon Mar 14 11:33:28 EDT 2011</created>
<edited>Mon Mar 14 11:33:28 EDT 2011</edited>
<value><point x="14522" y="18317"/></value>
<metadata author="">

</metadata>
</contour>
<contour name="Trail 187" class="PointContour" color="#afd2ff" visible="true">
<created>Mon Mar 14 11:49:25 EDT 2011</created>
<edited>Mon Mar 14 11:49:25 EDT 2011</edited>
<value><point x="10619" y="18901"/></value>
<metadata author="">

</metadata>
</contour>
</contours>