<!--Last edited: 2011/03/14 19:51:15-->
<contours>
<contour name="Process 420" class="PointContour" color="#4fe1fe" visible="true">
<created>Wed Nov 24 16:50:56 EST 2010</created>
<edited>Wed Nov 24 16:50:56 EST 2010</edited>
<value><point x="10497" y="17673"/></value>
<metadata author="">

</metadata>
</contour>
<contour name="Process 421" class="PointContour" color="#e61dae" visible="true">
<created>Wed Nov 24 17:05:44 EST 2010</created>
<edited>Wed Nov 24 17:05:44 EST 2010</edited>
<value><point x="9860" y="17572"/></value>
<metadata author="">

</metadata>
</contour>
<contour name="Process 422" class="PointContour" color="#f8e1f2" visible="true">
<created>Wed Nov 24 17:19:23 EST 2010</created>
<edited>Wed Nov 24 17:19:23 EST 2010</edited>
<value><point x="9299" y="17622"/></value>
<metadata author="">

</metadata>
</contour>
<contour name="Process 424" class="PointContour" color="#f4ed50" visible="true">
<created>Wed Nov 24 18:02:23 EST 2010</created>
<edited>Wed Nov 24 18:02:23 EST 2010</edited>
<value><point x="10485" y="17631"/></value>
<metadata author="">

</metadata>
</contour>
<contour name="Process 425" class="PointContour" color="#b3923c" visible="true">
<created>Wed Nov 24 18:58:23 EST 2010</created>
<edited>Wed Nov 24 18:58:23 EST 2010</edited>
<value><point x="9549" y="18031"/></value>
<metadata author="">

</metadata>
</contour>
<contour name="Process 426" class="PointContour" color="#a969fa" visible="true">
<created>Wed Nov 24 19:14:53 EST 2010</created>
<edited>Wed Nov 24 19:14:53 EST 2010</edited>
<value><point x="9883" y="20093"/></value>
<metadata author="">

</metadata>
</contour>
<contour name="Process 427" class="PointContour" color="#2e69d9" visible="true">
<created>Wed Nov 24 19:26:41 EST 2010</created>
<edited>Wed Nov 24 19:26:41 EST 2010</edited>
<value><point x="9057" y="20390"/></value>
<metadata author="">

</metadata>
</contour>
<contour name="Process 428" class="PointContour" color="#fd30e1" visible="true">
<created>Wed Nov 24 19:51:48 EST 2010</created>
<edited>Wed Nov 24 19:51:48 EST 2010</edited>
<value><point x="10197" y="18441"/></value>
<metadata author="">

</metadata>
</contour>
<contour name="Process 429" class="PointContour" color="#bffe24" visible="true">
<created>Wed Nov 24 20:04:00 EST 2010</created>
<edited>Wed Nov 24 20:04:00 EST 2010</edited>
<value><point x="6395" y="17666"/></value>
<metadata author="">

</metadata>
</contour>
<contour name="Process 431" class="PointContour" color="#a298f6" visible="true">
<created>Wed Nov 24 20:22:46 EST 2010</created>
<edited>Wed Nov 24 20:22:46 EST 2010</edited>
<value><point x="10155" y="19863"/></value>
<metadata author="">

</metadata>
</contour>
<contour name="Process 432" class="PointContour" color="#350959" visible="true">
<created>Wed Nov 24 23:38:16 EST 2010</created>
<edited>Wed Nov 24 23:38:16 EST 2010</edited>
<value><point x="9141" y="20982"/></value>
<metadata author="">

</metadata>
</contour>
<contour name="Process 432" class="PointContour" color="#350959" visible="true">
<created>Wed Nov 24 23:38:26 EST 2010</created>
<edited>Wed Nov 24 23:38:26 EST 2010</edited>
<value><point x="9027" y="21235"/></value>
<metadata author="">

</metadata>
</contour>
<contour name="Process 432" class="PointContour" color="#350959" visible="true">
<created>Wed Nov 24 23:38:39 EST 2010</created>
<edited>Wed Nov 24 23:38:39 EST 2010</edited>
<value><point x="8740" y="21297"/></value>
<metadata author="">

</metadata>
</contour>
<contour name="Process 432" class="PointContour" color="#350959" visible="true">
<created>Wed Nov 24 23:40:01 EST 2010</created>
<edited>Wed Nov 24 23:40:01 EST 2010</edited>
<value><point x="6861" y="22458"/></value>
<metadata author="">

</metadata>
</contour>
<contour name="Process 432" class="PointContour" color="#350959" visible="true">
<created>Wed Nov 24 23:42:52 EST 2010</created>
<edited>Wed Nov 24 23:42:52 EST 2010</edited>
<value><point x="6354" y="22941"/></value>
<metadata author="">

</metadata>
</contour>
<contour name="Process 433" class="PointContour" color="#60ae73" visible="true">
<created>Wed Nov 24 23:48:43 EST 2010</created>
<edited>Wed Nov 24 23:48:43 EST 2010</edited>
<value><point x="9946" y="20377"/></value>
<metadata author="">

</metadata>
</contour>
<contour name="Process 434" class="PointContour" color="#8a9f56" visible="true">
<created>Thu Nov 25 00:02:30 EST 2010</created>
<edited>Thu Nov 25 00:02:30 EST 2010</edited>
<value><point x="10620" y="18492"/></value>
<metadata author="">

</metadata>
</contour>
<contour name="Process 435" class="PointContour" color="#0430ee" visible="true">
<created>Thu Nov 25 00:12:17 EST 2010</created>
<edited>Thu Nov 25 00:12:17 EST 2010</edited>
<value><point x="10062" y="15758"/></value>
<metadata author="">

</metadata>
</contour>
<contour name="Process 441" class="PointContour" color="#d89428" visible="true">
<created>Thu Nov 25 14:41:54 EST 2010</created>
<edited>Thu Nov 25 14:41:54 EST 2010</edited>
<value><point x="12989" y="16259"/></value>
<metadata author="">

</metadata>
</contour>
<contour name="Process 441" class="PointContour" color="#d89428" visible="true">
<created>Thu Nov 25 14:42:54 EST 2010</created>
<edited>Thu Nov 25 14:42:54 EST 2010</edited>
<value><point x="13162" y="16237"/></value>
<metadata author="">

</metadata>
</contour>
<contour name="Process 441" class="PointContour" color="#d89428" visible="true">
<created>Thu Nov 25 14:43:01 EST 2010</created>
<edited>Thu Nov 25 14:43:01 EST 2010</edited>
<value><point x="13114" y="16229"/></value>
<metadata author="">

</metadata>
</contour>
<contour name="Process 443" class="PointContour" color="#a38ff2" visible="true">
<created>Thu Nov 25 19:25:47 EST 2010</created>
<edited>Thu Nov 25 19:25:47 EST 2010</edited>
<value><point x="11005" y="17147"/></value>
<metadata author="">

</metadata>
</contour>
<contour name="Process 449" class="PointContour" color="#697c74" visible="true">
<created>Fri Nov 26 18:00:35 EST 2010</created>
<edited>Fri Nov 26 18:00:35 EST 2010</edited>
<value><point x="11183" y="18488"/></value>
<metadata author="">

</metadata>
</contour>
<contour name="Process 449" class="PointContour" color="#697c74" visible="true">
<created>Fri Nov 26 18:00:49 EST 2010</created>
<edited>Fri Nov 26 18:00:49 EST 2010</edited>
<value><point x="11190" y="18818"/></value>
<metadata author="">

</metadata>
</contour>
<contour name="Process 449" class="PointContour" color="#697c74" visible="true">
<created>Fri Nov 26 18:11:22 EST 2010</created>
<edited>Fri Nov 26 18:11:22 EST 2010</edited>
<value><point x="11065" y="20136"/></value>
<metadata author="">

</metadata>
</contour>
<contour name="Process 450" class="PointContour" color="#866c5b" visible="true">
<created>Fri Nov 26 21:01:33 EST 2010</created>
<edited>Fri Nov 26 21:01:33 EST 2010</edited>
<value><point x="12078" y="16655"/></value>
<metadata author="">

</metadata>
</contour>
<contour name="Process 451" class="PointContour" color="#bcad85" visible="true">
<created>Fri Nov 26 21:11:09 EST 2010</created>
<edited>Fri Nov 26 21:11:09 EST 2010</edited>
<value><point x="12810" y="16361"/></value>
<metadata author="">

</metadata>
</contour>
<contour name="Process 455" class="PointContour" color="#d456a5" visible="true">
<created>Sat Nov 27 12:37:25 EST 2010</created>
<edited>Sat Nov 27 12:37:25 EST 2010</edited>
<value><point x="10999" y="18481"/></value>
<metadata author="">

</metadata>
</contour>
<contour name="Process 456" class="PointContour" color="#cbbd91" visible="true">
<created>Sat Nov 27 12:47:09 EST 2010</created>
<edited>Sat Nov 27 12:47:09 EST 2010</edited>
<value><point x="12620" y="18791"/></value>
<metadata author="">

</metadata>
</contour>
<contour name="Process 457" class="PointContour" color="#f8a74f" visible="true">
<created>Sat Nov 27 12:57:22 EST 2010</created>
<edited>Sat Nov 27 12:57:22 EST 2010</edited>
<value><point x="12630" y="18905"/></value>
<metadata author="">

</metadata>
</contour>
<contour name="Process 458" class="PointContour" color="#10a180" visible="true">
<created>Sat Nov 27 13:07:41 EST 2010</created>
<edited>Sat Nov 27 13:07:41 EST 2010</edited>
<value><point x="11889" y="18889"/></value>
<metadata author="">

</metadata>
</contour>
<contour name="Process 459" class="PointContour" color="#15a084" visible="true">
<created>Sat Nov 27 14:11:39 EST 2010</created>
<edited>Sat Nov 27 14:11:39 EST 2010</edited>
<value><point x="11448" y="19259"/></value>
<metadata author="">

</metadata>
</contour>
<contour name="Process 460" class="PointContour" color="#782b43" visible="true">
<created>Fri Dec 03 15:15:19 EST 2010</created>
<edited>Fri Dec 03 15:15:19 EST 2010</edited>
<value><point x="14927" y="17117"/></value>
<metadata author="">

</metadata>
</contour>
<contour name="Process 461" class="PointContour" color="#65d5e9" visible="true">
<created>Fri Dec 03 23:25:17 EST 2010</created>
<edited>Fri Dec 03 23:25:17 EST 2010</edited>
<value><point x="18204" y="12157"/></value>
<metadata author="">

</metadata>
</contour>
<contour name="Process 465" class="PointContour" color="#ae4a09" visible="true">
<created>Fri Dec 03 23:55:22 EST 2010</created>
<edited>Fri Dec 03 23:55:22 EST 2010</edited>
<value><point x="12257" y="17247"/></value>
<metadata author="">

</metadata>
</contour>
<contour name="Process 466" class="PointContour" color="#722e57" visible="true">
<created>Sat Dec 04 00:05:07 EST 2010</created>
<edited>Sat Dec 04 00:05:07 EST 2010</edited>
<value><point x="11003" y="16600"/></value>
<metadata author="">

</metadata>
</contour>
<contour name="Process 469" class="PointContour" color="#7f3a2b" visible="true">
<created>Sat Dec 04 00:28:34 EST 2010</created>
<edited>Sat Dec 04 00:28:34 EST 2010</edited>
<value><point x="11382" y="20104"/></value>
<metadata author="">

</metadata>
</contour>
<contour name="Process 470" class="PointContour" color="#266149" visible="true">
<created>Sat Dec 04 13:31:26 EST 2010</created>
<edited>Sat Dec 04 13:31:26 EST 2010</edited>
<value><point x="10744" y="18249"/></value>
<metadata author="">

</metadata>
</contour>
<contour name="Process 471" class="PointContour" color="#da4772" visible="true">
<created>Sat Dec 04 13:38:20 EST 2010</created>
<edited>Sat Dec 04 13:38:20 EST 2010</edited>
<value><point x="10015" y="17653"/></value>
<metadata author="">

</metadata>
</contour>
<contour name="Process 472" class="PointContour" color="#83f028" visible="true">
<created>Sat Dec 04 13:48:19 EST 2010</created>
<edited>Sat Dec 04 13:48:19 EST 2010</edited>
<value><point x="5797" y="15788"/></value>
<metadata author="">

</metadata>
</contour>
<contour name="Process 472" class="PointContour" color="#83f028" visible="true">
<created>Sat Dec 04 13:48:59 EST 2010</created>
<edited>Sat Dec 04 13:48:59 EST 2010</edited>
<value><point x="4526" y="15239"/></value>
<metadata author="">

</metadata>
</contour>
<contour name="Process 473" class="PointContour" color="#811f28" visible="true">
<created>Tue Feb 08 14:00:22 EST 2011</created>
<edited>Tue Feb 08 14:00:22 EST 2011</edited>
<value><point x="12808" y="20065"/></value>
<metadata author="">

</metadata>
</contour>
<contour name="Process 478" class="PointContour" color="#4bab49" visible="true">
<created>Tue Feb 08 15:10:18 EST 2011</created>
<edited>Tue Feb 08 15:10:18 EST 2011</edited>
<value><point x="12605" y="19986"/></value>
<metadata author="">

</metadata>
</contour>
<contour name="Process 480" class="PointContour" color="#ace8dd" visible="true">
<created>Tue Feb 08 15:28:42 EST 2011</created>
<edited>Tue Feb 08 15:28:42 EST 2011</edited>
<value><point x="10130" y="19978"/></value>
<metadata author="">

</metadata>
</contour>
<contour name="Process 481" class="PointContour" color="#51749d" visible="true">
<created>Tue Feb 08 15:51:57 EST 2011</created>
<edited>Tue Feb 08 15:51:57 EST 2011</edited>
<value><point x="11336" y="20018"/></value>
<metadata author="">

</metadata>
</contour>
<contour name="Process 482" class="PointContour" color="#965dda" visible="true">
<created>Tue Feb 08 16:44:08 EST 2011</created>
<edited>Tue Feb 08 16:44:08 EST 2011</edited>
<value><point x="13243" y="20267"/></value>
<metadata author="">

</metadata>
</contour>
<contour name="Process 488" class="PointContour" color="#e590b3" visible="true">
<created>Wed Feb 09 10:43:50 EST 2011</created>
<edited>Wed Feb 09 10:43:50 EST 2011</edited>
<value><point x="12707" y="20021"/></value>
<metadata author="">

</metadata>
</contour>
<contour name="Process 493" class="PointContour" color="#754904" visible="true">
<created>Wed Feb 09 15:43:52 EST 2011</created>
<edited>Wed Feb 09 15:43:52 EST 2011</edited>
<value><point x="11053" y="20264"/></value>
<metadata author="">

</metadata>
</contour>
<contour name="Process 493" class="PointContour" color="#754904" visible="true">
<created>Wed Feb 09 15:44:49 EST 2011</created>
<edited>Wed Feb 09 15:44:49 EST 2011</edited>
<value><point x="10250" y="20958"/></value>
<metadata author="">

</metadata>
</contour>
<contour name="Process 526" class="PointContour" color="#8d24e6" visible="true">
<created>Fri Feb 11 17:27:01 EST 2011</created>
<edited>Fri Feb 11 17:27:01 EST 2011</edited>
<value><point x="12674" y="19022"/></value>
<metadata author="">

</metadata>
</contour>
<contour name="Trail 527" class="PointContour" color="#453b96" visible="true">
<created>Mon Feb 14 10:53:22 EST 2011</created>
<edited>Mon Feb 14 10:53:22 EST 2011</edited>
<value><point x="13232" y="18931"/></value>
<metadata author="">

</metadata>
</contour>
<contour name="Trail 528" class="PointContour" color="#2405d0" visible="true">
<created>Mon Feb 14 11:32:04 EST 2011</created>
<edited>Mon Feb 14 11:32:04 EST 2011</edited>
<value><point x="11697" y="19178"/></value>
<metadata author="">

</metadata>
</contour>
<contour name="Trail 529" class="PointContour" color="#1ca7ed" visible="true">
<created>Mon Feb 14 11:32:48 EST 2011</created>
<edited>Mon Feb 14 11:32:48 EST 2011</edited>
<value><point x="11421" y="19167"/></value>
<metadata author="">

</metadata>
</contour>
<contour name="Trail 530" class="PointContour" color="#d5e631" visible="true">
<created>Mon Feb 14 11:38:24 EST 2011</created>
<edited>Mon Feb 14 11:38:24 EST 2011</edited>
<value><point x="11370" y="19223"/></value>
<metadata author="">

</metadata>
</contour>
<contour name="Trail 532" class="PointContour" color="#fabd81" visible="true">
<created>Mon Feb 14 11:46:23 EST 2011</created>
<edited>Mon Feb 14 11:46:23 EST 2011</edited>
<value><point x="11477" y="19297"/></value>
<metadata author="">

</metadata>
</contour>
<contour name="Trail 533" class="PointContour" color="#3e79a5" visible="true">
<created>Mon Feb 14 11:59:02 EST 2011</created>
<edited>Mon Feb 14 11:59:02 EST 2011</edited>
<value><point x="11672" y="18763"/></value>
<metadata author="">

</metadata>
</contour>
<contour name="Trail 533" class="PointContour" color="#3e79a5" visible="true">
<created>Mon Feb 14 12:00:39 EST 2011</created>
<edited>Mon Feb 14 12:00:39 EST 2011</edited>
<value><point x="13621" y="18060"/></value>
<metadata author="">

</metadata>
</contour>
<contour name="Trail 534" class="PointContour" color="#001c95" visible="true">
<created>Mon Feb 14 12:10:08 EST 2011</created>
<edited>Mon Feb 14 12:10:08 EST 2011</edited>
<value><point x="11838" y="18952"/></value>
<metadata author="">

</metadata>
</contour>
<contour name="Trail 535" class="PointContour" color="#bcc72b" visible="true">
<created>Mon Feb 14 12:55:03 EST 2011</created>
<edited>Mon Feb 14 12:55:03 EST 2011</edited>
<value><point x="11529" y="19345"/></value>
<metadata author="">

</metadata>
</contour>
<contour name="Trail 65" class="PointContour" color="#e3ff0e" visible="true">
<created>Mon Feb 14 15:02:24 EST 2011</created>
<edited>Mon Feb 14 15:02:24 EST 2011</edited>
<value><point x="12194" y="19039"/></value>
<metadata author="">

</metadata>
</contour>
<contour name="Trail 115" class="PointContour" color="#cbff04" visible="true">
<created>Mon Feb 14 15:32:41 EST 2011</created>
<edited>Mon Feb 14 15:32:41 EST 2011</edited>
<value><point x="12277" y="18926"/></value>
<metadata author="">

</metadata>
</contour>
<contour name="Trail 94" class="PointContour" color="#beff05" visible="true">
<created>Mon Feb 14 15:48:57 EST 2011</created>
<edited>Mon Feb 14 15:48:57 EST 2011</edited>
<value><point x="11316" y="19110"/></value>
<metadata author="">

</metadata>
</contour>
<contour name="Trail 49" class="PointContour" color="#4053cc" visible="true">
<created>Mon Feb 14 15:55:57 EST 2011</created>
<edited>Mon Feb 14 15:55:57 EST 2011</edited>
<value><point x="11668" y="18486"/></value>
<metadata author="">

</metadata>
</contour>
<contour name="Trail 159" class="PointContour" color="#afff08" visible="true">
<created>Mon Feb 14 16:05:02 EST 2011</created>
<edited>Mon Feb 14 16:05:02 EST 2011</edited>
<value><point x="11170" y="18417"/></value>
<metadata author="">

</metadata>
</contour>
<contour name="Trail 26" class="PointContour" color="#c21ebd" visible="true">
<created>Tue Feb 15 11:57:00 EST 2011</created>
<edited>Tue Feb 15 11:57:00 EST 2011</edited>
<value><point x="12150" y="18483"/></value>
<metadata author="">

</metadata>
</contour>
<contour name="Trail 38" class="PointContour" color="#f7edc9" visible="true">
<created>Tue Feb 15 12:01:44 EST 2011</created>
<edited>Tue Feb 15 12:01:44 EST 2011</edited>
<value><point x="12052" y="18392"/></value>
<metadata author="">

</metadata>
</contour>
<contour name="Trail 52" class="PointContour" color="#b10aff" visible="true">
<created>Tue Feb 15 12:17:18 EST 2011</created>
<edited>Tue Feb 15 12:17:18 EST 2011</edited>
<value><point x="12149" y="18376"/></value>
<metadata author="">

</metadata>
</contour>
<contour name="Trail 40" class="PointContour" color="#c4f7b5" visible="true">
<created>Tue Feb 15 12:21:21 EST 2011</created>
<edited>Tue Feb 15 12:21:21 EST 2011</edited>
<value><point x="12252" y="18208"/></value>
<metadata author="">

</metadata>
</contour>
<contour name="Trail 40" class="PointContour" color="#c4f7b5" visible="true">
<created>Tue Feb 15 12:21:38 EST 2011</created>
<edited>Tue Feb 15 12:21:38 EST 2011</edited>
<value><point x="12567" y="18689"/></value>
<metadata author="">

</metadata>
</contour>
<contour name="Trail 45" class="PointContour" color="#80d2ff" visible="true">
<created>Tue Feb 15 12:28:34 EST 2011</created>
<edited>Tue Feb 15 12:28:34 EST 2011</edited>
<value><point x="11574" y="17997"/></value>
<metadata author="">

</metadata>
</contour>
<contour name="Trail 86" class="PointContour" color="#ff067f" visible="true">
<created>Tue Feb 15 14:16:44 EST 2011</created>
<edited>Tue Feb 15 14:16:44 EST 2011</edited>
<value><point x="11431" y="17861"/></value>
<metadata author="">

</metadata>
</contour>
<contour name="Trail 86" class="PointContour" color="#ff067f" visible="true">
<created>Tue Feb 15 14:16:51 EST 2011</created>
<edited>Tue Feb 15 14:16:51 EST 2011</edited>
<value><point x="11530" y="18146"/></value>
<metadata author="">

</metadata>
</contour>
<contour name="Trail 18" class="PointContour" color="#ff5cb4" visible="true">
<created>Tue Feb 15 14:44:34 EST 2011</created>
<edited>Tue Feb 15 14:44:34 EST 2011</edited>
<value><point x="11109" y="18416"/></value>
<metadata author="">

</metadata>
</contour>
<contour name="Trail 97" class="PointContour" color="#05ff95" visible="true">
<created>Tue Feb 15 14:47:57 EST 2011</created>
<edited>Tue Feb 15 14:47:57 EST 2011</edited>
<value><point x="9142" y="17893"/></value>
<metadata author="">

</metadata>
</contour>
<contour name="Trail 39" class="PointContour" color="#a4f7f2" visible="true">
<created>Tue Feb 15 14:52:04 EST 2011</created>
<edited>Tue Feb 15 14:52:04 EST 2011</edited>
<value><point x="11463" y="18165"/></value>
<metadata author="">

</metadata>
</contour>
<contour name="Trail 205" class="PointContour" color="#0ddcff" visible="true">
<created>Tue Feb 15 15:00:01 EST 2011</created>
<edited>Tue Feb 15 15:00:01 EST 2011</edited>
<value><point x="12169" y="18051"/></value>
<metadata author="">

</metadata>
</contour>
<contour name="Trail 53" class="PointContour" color="#d507ff" visible="true">
<created>Tue Feb 15 15:09:54 EST 2011</created>
<edited>Tue Feb 15 15:09:54 EST 2011</edited>
<value><point x="12428" y="18615"/></value>
<metadata author="">

</metadata>
</contour>
<contour name="Trail 8" class="PointContour" color="#2d23ff" visible="true">
<created>Thu Feb 17 10:12:14 EST 2011</created>
<edited>Thu Feb 17 10:12:14 EST 2011</edited>
<value><point x="12206" y="18446"/></value>
<metadata author="">

</metadata>
</contour>
<contour name="Trail 15" class="PointContour" color="#46ffdc" visible="true">
<created>Thu Feb 17 10:19:07 EST 2011</created>
<edited>Thu Feb 17 10:19:07 EST 2011</edited>
<value><point x="11583" y="17955"/></value>
<metadata author="">

</metadata>
</contour>
<contour name="Trail 15" class="PointContour" color="#46ffdc" visible="true">
<created>Thu Feb 17 10:54:56 EST 2011</created>
<edited>Thu Feb 17 10:54:56 EST 2011</edited>
<value><point x="10068" y="16085"/></value>
<metadata author="">

</metadata>
</contour>
<contour name="Trail 96" class="PointContour" color="#55ff01" visible="true">
<created>Thu Feb 17 11:14:44 EST 2011</created>
<edited>Thu Feb 17 11:14:44 EST 2011</edited>
<value><point x="11318" y="19160"/></value>
<metadata author="">

</metadata>
</contour>
<contour name="Trail 12" class="PointContour" color="#ffa568" visible="true">
<created>Thu Mar 10 14:16:08 EST 2011</created>
<edited>Thu Mar 10 14:16:08 EST 2011</edited>
<value><point x="12451" y="18709"/></value>
<metadata author="">

</metadata>
</contour>
<contour name="Trail 25" class="PointContour" color="#448fc2" visible="true">
<created>Thu Mar 10 16:50:12 EST 2011</created>
<edited>Thu Mar 10 16:50:12 EST 2011</edited>
<value><point x="11070" y="18153"/></value>
<metadata author="">

</metadata>
</contour>
<contour name="Trail 33" class="PointContour" color="#f70fe0" visible="true">
<created>Sun Mar 13 16:39:13 EDT 2011</created>
<edited>Sun Mar 13 16:39:13 EDT 2011</edited>
<value><point x="11835" y="18076"/></value>
<metadata author="">

</metadata>
</contour>
<contour name="Trail 41" class="PointContour" color="#b2aff7" visible="true">
<created>Sun Mar 13 16:54:53 EDT 2011</created>
<edited>Sun Mar 13 16:54:53 EDT 2011</edited>
<value><point x="11565" y="17922"/></value>
<metadata author="">

</metadata>
</contour>
<contour name="Trail 134" class="PointContour" color="#0954ff" visible="true">
<created>Sun Mar 13 19:51:30 EDT 2011</created>
<edited>Sun Mar 13 19:51:30 EDT 2011</edited>
<value><point x="12175" y="15675"/></value>
<metadata author="">

</metadata>
</contour>
<contour name="Trail 134" class="PointContour" color="#0954ff" visible="true">
<created>Sun Mar 13 22:06:07 EDT 2011</created>
<edited>Sun Mar 13 22:06:07 EDT 2011</edited>
<value><point x="13242" y="19089"/></value>
<metadata author="">

</metadata>
</contour>
<contour name="Trail 134" class="PointContour" color="#0954ff" visible="true">
<created>Sun Mar 13 22:07:12 EDT 2011</created>
<edited>Sun Mar 13 22:07:12 EDT 2011</edited>
<value><point x="13012" y="20420"/></value>
<metadata author="">

</metadata>
</contour>
<contour name="Trail 146" class="PointContour" color="#a3c6ff" visible="true">
<created>Mon Mar 14 11:38:03 EDT 2011</created>
<edited>Mon Mar 14 11:38:03 EDT 2011</edited>
<value><point x="5558" y="18781"/></value>
<metadata author="">

</metadata>
</contour>
<contour name="Trail 187" class="PointContour" color="#afd2ff" visible="true">
<created>Mon Mar 14 11:50:03 EDT 2011</created>
<edited>Mon Mar 14 11:50:03 EDT 2011</edited>
<value><point x="9059" y="18870"/></value>
<metadata author="">

</metadata>
</contour>
<contour name="Process 4002" class="PointContour" color="#b2e18f" visible="true">
<created>Sat Nov 13 19:14:54 EST 2010</created>
<edited>Sat Nov 13 19:14:54 EST 2010</edited>
<value><point x="9981" y="11353"/></value>
<metadata author="">

</metadata>
</contour>
<contour name="Process 4003" class="PointContour" color="#df88bd" visible="true">
<created>Sat Nov 13 19:16:09 EST 2010</created>
<edited>Sat Nov 13 19:16:09 EST 2010</edited>
<value><point x="9859" y="11463"/></value>
<metadata author="">

</metadata>
</contour>
<contour name="Process 4004" class="PointContour" color="#abc72d" visible="true">
<created>Sat Nov 13 19:17:31 EST 2010</created>
<edited>Sat Nov 13 19:17:31 EST 2010</edited>
<value><point x="9919" y="11425"/></value>
<metadata author="">

</metadata>
</contour>
<contour name="Process 4005" class="PointContour" color="#3228bf" visible="true">
<created>Sat Nov 13 19:18:48 EST 2010</created>
<edited>Sat Nov 13 19:18:48 EST 2010</edited>
<value><point x="9819" y="11555"/></value>
<metadata author="">

</metadata>
</contour>
<contour name="Process 4006" class="PointContour" color="#f68502" visible="true">
<created>Sat Nov 13 19:22:26 EST 2010</created>
<edited>Sat Nov 13 19:22:26 EST 2010</edited>
<value><point x="10077" y="11475"/></value>
<metadata author="">

</metadata>
</contour>
<contour name="Process 4007" class="PointContour" color="#dacef2" visible="true">
<created>Sat Nov 13 19:23:55 EST 2010</created>
<edited>Sat Nov 13 19:23:55 EST 2010</edited>
<value><point x="9095" y="11653"/></value>
<metadata author="">

</metadata>
</contour>
<contour name="Process 4008" class="PointContour" color="#5ce99a" visible="true">
<created>Sat Nov 13 19:29:28 EST 2010</created>
<edited>Sat Nov 13 19:29:28 EST 2010</edited>
<value><point x="9209" y="11049"/></value>
<metadata author="">

</metadata>
</contour>
<contour name="Process 4009" class="PointContour" color="#6897dd" visible="true">
<created>Sat Nov 13 19:31:24 EST 2010</created>
<edited>Sat Nov 13 19:31:24 EST 2010</edited>
<value><point x="9273" y="11423"/></value>
<metadata author="">

</metadata>
</contour>
<contour name="Process 4010" class="PointContour" color="#b7d984" visible="true">
<created>Sat Nov 13 19:32:42 EST 2010</created>
<edited>Sat Nov 13 19:32:42 EST 2010</edited>
<value><point x="9295" y="11167"/></value>
<metadata author="">

</metadata>
</contour>
<contour name="Process 4011" class="PointContour" color="#f34753" visible="true">
<created>Sat Nov 13 19:33:28 EST 2010</created>
<edited>Sat Nov 13 19:33:28 EST 2010</edited>
<value><point x="9349" y="11241"/></value>
<metadata author="">

</metadata>
</contour>
<contour name="Process 4013" class="PointContour" color="#3b5f31" visible="true">
<created>Sat Nov 13 20:05:52 EST 2010</created>
<edited>Sat Nov 13 20:05:52 EST 2010</edited>
<value><point x="10135" y="11315"/></value>
<metadata author="">

</metadata>
</contour>
<contour name="Process 4014" class="PointContour" color="#878ce0" visible="true">
<created>Sat Nov 13 20:08:27 EST 2010</created>
<edited>Sat Nov 13 20:08:27 EST 2010</edited>
<value><point x="9239" y="10905"/></value>
<metadata author="">

</metadata>
</contour>
<contour name="Process 4015" class="PointContour" color="#c066de" visible="true">
<created>Sun Nov 14 00:06:59 EST 2010</created>
<edited>Sun Nov 14 00:06:59 EST 2010</edited>
<value><point x="9233" y="10945"/></value>
<metadata author="">

</metadata>
</contour>
<contour name="Process 4016" class="PointContour" color="#9a4c22" visible="true">
<created>Sun Nov 14 00:08:13 EST 2010</created>
<edited>Sun Nov 14 00:08:13 EST 2010</edited>
<value><point x="9135" y="10973"/></value>
<metadata author="">

</metadata>
</contour>
<contour name="Process 4017" class="PointContour" color="#d97332" visible="true">
<created>Sun Nov 14 00:11:49 EST 2010</created>
<edited>Sun Nov 14 00:11:49 EST 2010</edited>
<value><point x="9179" y="10909"/></value>
<metadata author="">

</metadata>
</contour>
<contour name="Process 4018" class="PointContour" color="#ce95d9" visible="true">
<created>Sun Nov 14 00:12:54 EST 2010</created>
<edited>Sun Nov 14 00:12:54 EST 2010</edited>
<value><point x="9041" y="11063"/></value>
<metadata author="">

</metadata>
</contour>
<contour name="Process 4019" class="PointContour" color="#810191" visible="true">
<created>Sun Nov 14 00:14:38 EST 2010</created>
<edited>Sun Nov 14 00:14:38 EST 2010</edited>
<value><point x="9897" y="11511"/></value>
<metadata author="">

</metadata>
</contour>
<contour name="Process 4020" class="PointContour" color="#956e4b" visible="true">
<created>Sun Nov 14 00:17:01 EST 2010</created>
<edited>Sun Nov 14 00:17:01 EST 2010</edited>
<value><point x="9985" y="11427"/></value>
<metadata author="">

</metadata>
</contour>
<contour name="Process 4021" class="PointContour" color="#ac1888" visible="true">
<created>Sun Nov 14 00:18:40 EST 2010</created>
<edited>Sun Nov 14 00:18:40 EST 2010</edited>
<value><point x="10089" y="11675"/></value>
<metadata author="">

</metadata>
</contour>
<contour name="Process 4022" class="PointContour" color="#cdd632" visible="true">
<created>Sun Nov 14 00:20:22 EST 2010</created>
<edited>Sun Nov 14 00:20:22 EST 2010</edited>
<value><point x="10299" y="11769"/></value>
<metadata author="">

</metadata>
</contour>
<contour name="Process 4023" class="PointContour" color="#b7d299" visible="true">
<created>Sun Nov 14 00:21:56 EST 2010</created>
<edited>Sun Nov 14 00:21:56 EST 2010</edited>
<value><point x="10071" y="11571"/></value>
<metadata author="">

</metadata>
</contour>
<contour name="Process 4024" class="PointContour" color="#067702" visible="true">
<created>Sun Nov 14 00:23:59 EST 2010</created>
<edited>Sun Nov 14 00:23:59 EST 2010</edited>
<value><point x="9233" y="10995"/></value>
<metadata author="">

</metadata>
</contour>
<contour name="Process 4025" class="PointContour" color="#c5aafd" visible="true">
<created>Sun Nov 14 00:25:23 EST 2010</created>
<edited>Sun Nov 14 00:25:23 EST 2010</edited>
<value><point x="10039" y="11403"/></value>
<metadata author="">

</metadata>
</contour>
<contour name="Process 4026" class="PointContour" color="#5cde64" visible="true">
<created>Sun Nov 14 00:26:54 EST 2010</created>
<edited>Sun Nov 14 00:26:54 EST 2010</edited>
<value><point x="10321" y="11549"/></value>
<metadata author="">

</metadata>
</contour>
<contour name="Process 4027" class="PointContour" color="#568503" visible="true">
<created>Sun Nov 14 08:28:37 EST 2010</created>
<edited>Sun Nov 14 08:28:37 EST 2010</edited>
<value><point x="10167" y="11831"/></value>
<metadata author="">

</metadata>
</contour>
<contour name="Process 4030" class="PointContour" color="#a4ab48" visible="true">
<created>Sun Nov 14 13:55:00 EST 2010</created>
<edited>Sun Nov 14 13:55:00 EST 2010</edited>
<value><point x="10723" y="11915"/></value>
<metadata author="">

</metadata>
</contour>
<contour name="Process 4031" class="PointContour" color="#0c4b3b" visible="true">
<created>Sun Nov 14 13:55:53 EST 2010</created>
<edited>Sun Nov 14 13:55:53 EST 2010</edited>
<value><point x="10561" y="11355"/></value>
<metadata author="">

</metadata>
</contour>
<contour name="Process 4032" class="PointContour" color="#6c8def" visible="true">
<created>Sun Nov 14 13:56:34 EST 2010</created>
<edited>Sun Nov 14 13:56:34 EST 2010</edited>
<value><point x="10505" y="11305"/></value>
<metadata author="">

</metadata>
</contour>
<contour name="Process 4033" class="PointContour" color="#4958fb" visible="true">
<created>Sun Nov 14 13:57:41 EST 2010</created>
<edited>Sun Nov 14 13:57:41 EST 2010</edited>
<value><point x="10605" y="11313"/></value>
<metadata author="">

</metadata>
</contour>
<contour name="Process 4034" class="PointContour" color="#726115" visible="true">
<created>Sun Nov 14 13:59:02 EST 2010</created>
<edited>Sun Nov 14 13:59:02 EST 2010</edited>
<value><point x="9213" y="11483"/></value>
<metadata author="">

</metadata>
</contour>
<contour name="Process 4034" class="PointContour" color="#726115" visible="true">
<created>Sun Nov 14 13:59:28 EST 2010</created>
<edited>Sun Nov 14 13:59:28 EST 2010</edited>
<value><point x="8823" y="11453"/></value>
<metadata author="">

</metadata>
</contour>
<contour name="Process 4035" class="PointContour" color="#758ccd" visible="true">
<created>Sun Nov 14 14:00:36 EST 2010</created>
<edited>Sun Nov 14 14:00:36 EST 2010</edited>
<value><point x="10575" y="11769"/></value>
<metadata author="">

</metadata>
</contour>
<contour name="Process 4036" class="PointContour" color="#cfadea" visible="true">
<created>Sun Nov 14 14:01:43 EST 2010</created>
<edited>Sun Nov 14 14:01:43 EST 2010</edited>
<value><point x="10799" y="11811"/></value>
<metadata author="">

</metadata>
</contour>
<contour name="Process 4037" class="PointContour" color="#3c0995" visible="true">
<created>Sun Nov 14 14:02:06 EST 2010</created>
<edited>Sun Nov 14 14:02:06 EST 2010</edited>
<value><point x="10657" y="11791"/></value>
<metadata author="">

</metadata>
</contour>
<contour name="Process 4038" class="PointContour" color="#f26a12" visible="true">
<created>Sun Nov 14 14:03:02 EST 2010</created>
<edited>Sun Nov 14 14:03:02 EST 2010</edited>
<value><point x="9151" y="11213"/></value>
<metadata author="">

</metadata>
</contour>
<contour name="Process 4039" class="PointContour" color="#936af3" visible="true">
<created>Sun Nov 14 14:03:44 EST 2010</created>
<edited>Sun Nov 14 14:03:44 EST 2010</edited>
<value><point x="10445" y="11733"/></value>
<metadata author="">

</metadata>
</contour>
<contour name="Process 4040" class="PointContour" color="#6c4e54" visible="true">
<created>Sun Nov 14 17:32:38 EST 2010</created>
<edited>Sun Nov 14 17:32:38 EST 2010</edited>
<value><point x="10711" y="11373"/></value>
<metadata author="">

</metadata>
</contour>
<contour name="Process 4041" class="PointContour" color="#bd029b" visible="true">
<created>Sun Nov 14 17:33:32 EST 2010</created>
<edited>Sun Nov 14 17:33:32 EST 2010</edited>
<value><point x="10743" y="11845"/></value>
<metadata author="">

</metadata>
</contour>
<contour name="Process 4042" class="PointContour" color="#62e086" visible="true">
<created>Sun Nov 14 17:34:41 EST 2010</created>
<edited>Sun Nov 14 17:34:41 EST 2010</edited>
<value><point x="10823" y="11891"/></value>
<metadata author="">

</metadata>
</contour>
<contour name="Process 4045" class="PointContour" color="#e4b561" visible="true">
<created>Sun Nov 14 17:38:32 EST 2010</created>
<edited>Sun Nov 14 17:38:32 EST 2010</edited>
<value><point x="9855" y="11697"/></value>
<metadata author="">

</metadata>
</contour>
<contour name="Process 4046" class="PointContour" color="#440df9" visible="true">
<created>Sun Nov 14 17:41:13 EST 2010</created>
<edited>Sun Nov 14 17:41:13 EST 2010</edited>
<value><point x="10003" y="11761"/></value>
<metadata author="">

</metadata>
</contour>
<contour name="Process 4047" class="PointContour" color="#3e3ee2" visible="true">
<created>Sun Nov 14 17:43:50 EST 2010</created>
<edited>Sun Nov 14 17:43:50 EST 2010</edited>
<value><point x="10619" y="11371"/></value>
<metadata author="">

</metadata>
</contour>
<contour name="Process 4048" class="PointContour" color="#d6f249" visible="true">
<created>Sun Nov 14 17:45:14 EST 2010</created>
<edited>Sun Nov 14 17:45:14 EST 2010</edited>
<value><point x="10831" y="11249"/></value>
<metadata author="">

</metadata>
</contour>
<contour name="Process 4049" class="PointContour" color="#6fc1f2" visible="true">
<created>Sun Nov 14 17:46:07 EST 2010</created>
<edited>Sun Nov 14 17:46:07 EST 2010</edited>
<value><point x="10245" y="11887"/></value>
<metadata author="">

</metadata>
</contour>
<contour name="Process 4050" class="PointContour" color="#32f9a3" visible="true">
<created>Sun Nov 14 17:49:55 EST 2010</created>
<edited>Sun Nov 14 17:49:55 EST 2010</edited>
<value><point x="10385" y="11731"/></value>
<metadata author="">

</metadata>
</contour>
<contour name="Process 4051" class="PointContour" color="#8d881e" visible="true">
<created>Sun Nov 14 17:51:39 EST 2010</created>
<edited>Sun Nov 14 17:51:39 EST 2010</edited>
<value><point x="9929" y="11781"/></value>
<metadata author="">

</metadata>
</contour>
<contour name="Process 4052" class="PointContour" color="#be65c4" visible="true">
<created>Sun Nov 14 17:52:48 EST 2010</created>
<edited>Sun Nov 14 17:52:48 EST 2010</edited>
<value><point x="10057" y="11961"/></value>
<metadata author="">

</metadata>
</contour>
<contour name="Process 4053" class="PointContour" color="#9926d3" visible="true">
<created>Sun Nov 14 17:53:51 EST 2010</created>
<edited>Sun Nov 14 17:53:51 EST 2010</edited>
<value><point x="9141" y="11435"/></value>
<metadata author="">

</metadata>
</contour>
<contour name="Process 4054" class="PointContour" color="#b9886f" visible="true">
<created>Sun Nov 14 17:54:52 EST 2010</created>
<edited>Sun Nov 14 17:54:52 EST 2010</edited>
<value><point x="9443" y="11483"/></value>
<metadata author="">

</metadata>
</contour>
<contour name="Process 4055" class="PointContour" color="#78a87b" visible="true">
<created>Sun Nov 14 17:57:04 EST 2010</created>
<edited>Sun Nov 14 17:57:04 EST 2010</edited>
<value><point x="10635" y="12125"/></value>
<metadata author="">

</metadata>
</contour>
<contour name="Process 4056" class="PointContour" color="#7d4d71" visible="true">
<created>Sun Nov 14 17:57:44 EST 2010</created>
<edited>Sun Nov 14 17:57:44 EST 2010</edited>
<value><point x="10827" y="12011"/></value>
<metadata author="">

</metadata>
</contour>
<contour name="Process 4057" class="PointContour" color="#fe3ec4" visible="true">
<created>Sun Nov 14 17:58:06 EST 2010</created>
<edited>Sun Nov 14 17:58:06 EST 2010</edited>
<value><point x="10723" y="12075"/></value>
<metadata author="">

</metadata>
</contour>
<contour name="Process 4059" class="PointContour" color="#274d1a" visible="true">
<created>Sun Nov 14 17:58:52 EST 2010</created>
<edited>Sun Nov 14 17:58:52 EST 2010</edited>
<value><point x="10809" y="12281"/></value>
<metadata author="">

</metadata>
</contour>
<contour name="Process 4061" class="PointContour" color="#91ee41" visible="true">
<created>Sun Nov 14 17:59:32 EST 2010</created>
<edited>Sun Nov 14 17:59:32 EST 2010</edited>
<value><point x="10709" y="12267"/></value>
<metadata author="">

</metadata>
</contour>
<contour name="Process 4062" class="PointContour" color="#4c57a5" visible="true">
<created>Sun Nov 14 18:01:05 EST 2010</created>
<edited>Sun Nov 14 18:01:05 EST 2010</edited>
<value><point x="9013" y="11427"/></value>
<metadata author="">

</metadata>
</contour>
<contour name="Process 4063" class="PointContour" color="#ce22be" visible="true">
<created>Sun Nov 14 18:02:16 EST 2010</created>
<edited>Sun Nov 14 18:02:16 EST 2010</edited>
<value><point x="9411" y="11659"/></value>
<metadata author="">

</metadata>
</contour>
<contour name="Process 4064" class="PointContour" color="#869b91" visible="true">
<created>Sun Nov 14 18:03:04 EST 2010</created>
<edited>Sun Nov 14 18:03:04 EST 2010</edited>
<value><point x="9399" y="11469"/></value>
<metadata author="">

</metadata>
</contour>
<contour name="Process 4065" class="PointContour" color="#b0d56e" visible="true">
<created>Sun Nov 14 18:05:52 EST 2010</created>
<edited>Sun Nov 14 18:05:52 EST 2010</edited>
<value><point x="9033" y="11905"/></value>
<metadata author="">

</metadata>
</contour>
<contour name="Process 4066" class="PointContour" color="#5f03a1" visible="true">
<created>Sun Nov 14 18:07:22 EST 2010</created>
<edited>Sun Nov 14 18:07:22 EST 2010</edited>
<value><point x="9027" y="11773"/></value>
<metadata author="">

</metadata>
</contour>
<contour name="Process 4067" class="PointContour" color="#dc4137" visible="true">
<created>Sun Nov 14 18:25:24 EST 2010</created>
<edited>Sun Nov 14 18:25:24 EST 2010</edited>
<value><point x="9479" y="12011"/></value>
<metadata author="">

</metadata>
</contour>
<contour name="Process 4068" class="PointContour" color="#b71d7a" visible="true">
<created>Sun Nov 14 18:26:29 EST 2010</created>
<edited>Sun Nov 14 18:26:29 EST 2010</edited>
<value><point x="9411" y="11799"/></value>
<metadata author="">

</metadata>
</contour>
<contour name="Process 4069" class="PointContour" color="#e98f59" visible="true">
<created>Sun Nov 14 18:27:22 EST 2010</created>
<edited>Sun Nov 14 18:27:22 EST 2010</edited>
<value><point x="9605" y="12209"/></value>
<metadata author="">

</metadata>
</contour>
<contour name="Process 4070" class="PointContour" color="#890d1f" visible="true">
<created>Sun Nov 14 18:28:35 EST 2010</created>
<edited>Sun Nov 14 18:28:35 EST 2010</edited>
<value><point x="9469" y="11769"/></value>
<metadata author="">

</metadata>
</contour>
<contour name="Process 4071" class="PointContour" color="#7a445d" visible="true">
<created>Sun Nov 14 18:30:05 EST 2010</created>
<edited>Sun Nov 14 18:30:05 EST 2010</edited>
<value><point x="8893" y="12131"/></value>
<metadata author="">

</metadata>
</contour>
<contour name="Process 4072" class="PointContour" color="#2a271a" visible="true">
<created>Sun Nov 14 18:33:01 EST 2010</created>
<edited>Sun Nov 14 18:33:01 EST 2010</edited>
<value><point x="9567" y="12161"/></value>
<metadata author="">

</metadata>
</contour>
<contour name="Process 4073" class="PointContour" color="#084606" visible="true">
<created>Sun Nov 14 18:34:00 EST 2010</created>
<edited>Sun Nov 14 18:34:00 EST 2010</edited>
<value><point x="9515" y="12147"/></value>
<metadata author="">

</metadata>
</contour>
<contour name="Process 4074" class="PointContour" color="#4a3119" visible="true">
<created>Sun Nov 14 18:34:47 EST 2010</created>
<edited>Sun Nov 14 18:34:47 EST 2010</edited>
<value><point x="9611" y="12313"/></value>
<metadata author="">

</metadata>
</contour>
<contour name="Process 4075" class="PointContour" color="#3b027f" visible="true">
<created>Sun Nov 14 18:35:37 EST 2010</created>
<edited>Sun Nov 14 18:35:37 EST 2010</edited>
<value><point x="9853" y="12173"/></value>
<metadata author="">

</metadata>
</contour>
<contour name="Process 4076" class="PointContour" color="#b3733e" visible="true">
<created>Sun Nov 14 18:38:22 EST 2010</created>
<edited>Sun Nov 14 18:38:22 EST 2010</edited>
<value><point x="10801" y="11411"/></value>
<metadata author="">

</metadata>
</contour>
<contour name="Process 4077" class="PointContour" color="#a5b28a" visible="true">
<created>Sun Nov 14 18:39:49 EST 2010</created>
<edited>Sun Nov 14 18:39:49 EST 2010</edited>
<value><point x="9733" y="12153"/></value>
<metadata author="">

</metadata>
</contour>
<contour name="Process 4078" class="PointContour" color="#ecb436" visible="true">
<created>Sun Nov 14 19:36:19 EST 2010</created>
<edited>Sun Nov 14 19:36:19 EST 2010</edited>
<value><point x="8919" y="11103"/></value>
<metadata author="">

</metadata>
</contour>
<contour name="Process 4080" class="PointContour" color="#107e03" visible="true">
<created>Sun Nov 14 19:39:19 EST 2010</created>
<edited>Sun Nov 14 19:39:19 EST 2010</edited>
<value><point x="9995" y="12073"/></value>
<metadata author="">

</metadata>
</contour>
<contour name="Process 4081" class="PointContour" color="#dfa025" visible="true">
<created>Sun Nov 14 19:41:13 EST 2010</created>
<edited>Sun Nov 14 19:41:13 EST 2010</edited>
<value><point x="9535" y="12095"/></value>
<metadata author="">

</metadata>
</contour>
<contour name="Process 4082" class="PointContour" color="#818471" visible="true">
<created>Sun Nov 14 19:43:01 EST 2010</created>
<edited>Sun Nov 14 19:43:01 EST 2010</edited>
<value><point x="8943" y="11795"/></value>
<metadata author="">

</metadata>
</contour>
<contour name="Process 4086" class="PointContour" color="#1512fa" visible="true">
<created>Sat Nov 20 11:53:17 EST 2010</created>
<edited>Sat Nov 20 11:53:17 EST 2010</edited>
<value><point x="9433" y="11043"/></value>
<metadata author="">

</metadata>
</contour>
<contour name="Process 4087" class="PointContour" color="#7598d4" visible="true">
<created>Sat Nov 20 11:56:38 EST 2010</created>
<edited>Sat Nov 20 11:56:38 EST 2010</edited>
<value><point x="8823" y="11947"/></value>
<metadata author="">

</metadata>
</contour>
<contour name="Process 4088" class="PointContour" color="#4d8ed7" visible="true">
<created>Sat Nov 20 11:57:10 EST 2010</created>
<edited>Sat Nov 20 11:57:10 EST 2010</edited>
<value><point x="9105" y="11773"/></value>
<metadata author="">

</metadata>
</contour>
<contour name="Process 4089" class="PointContour" color="#633594" visible="true">
<created>Sat Nov 20 11:58:01 EST 2010</created>
<edited>Sat Nov 20 11:58:01 EST 2010</edited>
<value><point x="9327" y="11465"/></value>
<metadata author="">

</metadata>
</contour>
<contour name="Process 4090" class="PointContour" color="#8674dc" visible="true">
<created>Sat Nov 20 11:59:33 EST 2010</created>
<edited>Sat Nov 20 11:59:33 EST 2010</edited>
<value><point x="10021" y="12047"/></value>
<metadata author="">

</metadata>
</contour>
<contour name="Process 4091" class="PointContour" color="#5240cf" visible="true">
<created>Sat Nov 20 12:00:51 EST 2010</created>
<edited>Sat Nov 20 12:00:51 EST 2010</edited>
<value><point x="9427" y="11865"/></value>
<metadata author="">

</metadata>
</contour>
<contour name="Process 4092" class="PointContour" color="#e68fc8" visible="true">
<created>Sat Nov 20 12:02:00 EST 2010</created>
<edited>Sat Nov 20 12:02:00 EST 2010</edited>
<value><point x="9717" y="11973"/></value>
<metadata author="">

</metadata>
</contour>
<contour name="Process 4092" class="PointContour" color="#e68fc8" visible="true">
<created>Sat Nov 20 12:07:30 EST 2010</created>
<edited>Sat Nov 20 12:07:30 EST 2010</edited>
<value><point x="10067" y="11719"/></value>
<metadata author="">

</metadata>
</contour>
<contour name="Process 4092" class="PointContour" color="#e68fc8" visible="true">
<created>Sat Nov 20 12:11:59 EST 2010</created>
<edited>Sat Nov 20 12:11:59 EST 2010</edited>
<value><point x="9949" y="11565"/></value>
<metadata author="">

</metadata>
</contour>
<contour name="Process 4092" class="PointContour" color="#e68fc8" visible="true">
<created>Sat Nov 20 12:12:23 EST 2010</created>
<edited>Sat Nov 20 12:12:23 EST 2010</edited>
<value><point x="9799" y="11825"/></value>
<metadata author="">

</metadata>
</contour>
<contour name="Process 4092" class="PointContour" color="#e68fc8" visible="true">
<created>Sat Nov 20 12:13:09 EST 2010</created>
<edited>Sat Nov 20 12:13:09 EST 2010</edited>
<value><point x="10007" y="12653"/></value>
<metadata author="">

</metadata>
</contour>
<contour name="Process 4092" class="PointContour" color="#e68fc8" visible="true">
<created>Sat Nov 20 12:13:57 EST 2010</created>
<edited>Sat Nov 20 12:13:57 EST 2010</edited>
<value><point x="10795" y="12353"/></value>
<metadata author="">

</metadata>
</contour>
<contour name="Process 4093" class="PointContour" color="#4d5173" visible="true">
<created>Sat Nov 20 12:16:46 EST 2010</created>
<edited>Sat Nov 20 12:16:46 EST 2010</edited>
<value><point x="9457" y="12083"/></value>
<metadata author="">

</metadata>
</contour>
<contour name="Process 4094" class="PointContour" color="#01db57" visible="true">
<created>Sat Nov 20 12:19:38 EST 2010</created>
<edited>Sat Nov 20 12:19:38 EST 2010</edited>
<value><point x="9355" y="11931"/></value>
<metadata author="">

</metadata>
</contour>
<contour name="Process 4095" class="PointContour" color="#5ab860" visible="true">
<created>Sat Nov 20 12:25:13 EST 2010</created>
<edited>Sat Nov 20 12:25:13 EST 2010</edited>
<value><point x="9585" y="12087"/></value>
<metadata author="">

</metadata>
</contour>
<contour name="Process 4097" class="PointContour" color="#dd7443" visible="true">
<created>Sat Nov 20 12:27:24 EST 2010</created>
<edited>Sat Nov 20 12:27:24 EST 2010</edited>
<value><point x="9523" y="11771"/></value>
<metadata author="">

</metadata>
</contour>
<contour name="Process 4099" class="PointContour" color="#58a3f4" visible="true">
<created>Sat Nov 20 12:29:42 EST 2010</created>
<edited>Sat Nov 20 12:29:42 EST 2010</edited>
<value><point x="9817" y="12209"/></value>
<metadata author="">

</metadata>
</contour>
<contour name="Process 4101" class="PointContour" color="#6282a8" visible="true">
<created>Sat Nov 20 12:33:48 EST 2010</created>
<edited>Sat Nov 20 12:33:48 EST 2010</edited>
<value><point x="9743" y="12233"/></value>
<metadata author="">

</metadata>
</contour>
<contour name="Process 4102" class="PointContour" color="#12d4e2" visible="true">
<created>Sat Nov 20 12:34:53 EST 2010</created>
<edited>Sat Nov 20 12:34:53 EST 2010</edited>
<value><point x="10155" y="12395"/></value>
<metadata author="">

</metadata>
</contour>
<contour name="Process 4103" class="PointContour" color="#71172e" visible="true">
<created>Sat Nov 20 12:35:57 EST 2010</created>
<edited>Sat Nov 20 12:35:57 EST 2010</edited>
<value><point x="10027" y="11485"/></value>
<metadata author="">

</metadata>
</contour>
<contour name="Process 4104" class="PointContour" color="#1c08a1" visible="true">
<created>Sat Nov 20 12:37:28 EST 2010</created>
<edited>Sat Nov 20 12:37:28 EST 2010</edited>
<value><point x="10059" y="12139"/></value>
<metadata author="">

</metadata>
</contour>
<contour name="Process 4105" class="PointContour" color="#2831d7" visible="true">
<created>Sat Nov 20 12:38:31 EST 2010</created>
<edited>Sat Nov 20 12:38:31 EST 2010</edited>
<value><point x="10337" y="12127"/></value>
<metadata author="">

</metadata>
</contour>
<contour name="Process 4106" class="PointContour" color="#46b004" visible="true">
<created>Sat Nov 20 12:39:21 EST 2010</created>
<edited>Sat Nov 20 12:39:21 EST 2010</edited>
<value><point x="10543" y="12413"/></value>
<metadata author="">

</metadata>
</contour>
<contour name="Process 4107" class="PointContour" color="#2f09fe" visible="true">
<created>Sat Nov 20 12:40:07 EST 2010</created>
<edited>Sat Nov 20 12:40:07 EST 2010</edited>
<value><point x="10627" y="12243"/></value>
<metadata author="">

</metadata>
</contour>
<contour name="Process 4108" class="PointContour" color="#e616a7" visible="true">
<created>Sat Nov 20 12:41:02 EST 2010</created>
<edited>Sat Nov 20 12:41:02 EST 2010</edited>
<value><point x="10273" y="12105"/></value>
<metadata author="">

</metadata>
</contour>
<contour name="Process 4109" class="PointContour" color="#858f81" visible="true">
<created>Sat Nov 20 12:42:06 EST 2010</created>
<edited>Sat Nov 20 12:42:06 EST 2010</edited>
<value><point x="10561" y="12019"/></value>
<metadata author="">

</metadata>
</contour>
<contour name="Process 4110" class="PointContour" color="#5c0fd7" visible="true">
<created>Sat Nov 20 12:43:02 EST 2010</created>
<edited>Sat Nov 20 12:43:02 EST 2010</edited>
<value><point x="9801" y="12367"/></value>
<metadata author="">

</metadata>
</contour>
<contour name="Process 4110" class="PointContour" color="#5c0fd7" visible="true">
<created>Sat Nov 20 12:46:12 EST 2010</created>
<edited>Sat Nov 20 12:46:12 EST 2010</edited>
<value><point x="9953" y="11921"/></value>
<metadata author="">

</metadata>
</contour>
<contour name="Process 4110" class="PointContour" color="#5c0fd7" visible="true">
<created>Sat Nov 20 12:46:47 EST 2010</created>
<edited>Sat Nov 20 12:46:47 EST 2010</edited>
<value><point x="10403" y="11861"/></value>
<metadata author="">

</metadata>
</contour>
<contour name="Process 4111" class="PointContour" color="#a31038" visible="true">
<created>Sat Nov 20 12:47:35 EST 2010</created>
<edited>Sat Nov 20 12:47:35 EST 2010</edited>
<value><point x="9709" y="12169"/></value>
<metadata author="">

</metadata>
</contour>
<contour name="Process 4112" class="PointContour" color="#0a7a4a" visible="true">
<created>Sat Nov 20 12:48:51 EST 2010</created>
<edited>Sat Nov 20 12:48:51 EST 2010</edited>
<value><point x="9899" y="12521"/></value>
<metadata author="">

</metadata>
</contour>
<contour name="Process 4113" class="PointContour" color="#ab415c" visible="true">
<created>Sat Nov 20 12:49:43 EST 2010</created>
<edited>Sat Nov 20 12:49:43 EST 2010</edited>
<value><point x="9039" y="12143"/></value>
<metadata author="">

</metadata>
</contour>
<contour name="Process 4113" class="PointContour" color="#ab415c" visible="true">
<created>Sat Nov 20 12:54:10 EST 2010</created>
<edited>Sat Nov 20 12:54:10 EST 2010</edited>
<value><point x="9419" y="12199"/></value>
<metadata author="">

</metadata>
</contour>
<contour name="Process 4115" class="PointContour" color="#dd68ce" visible="true">
<created>Sat Nov 20 12:55:03 EST 2010</created>
<edited>Sat Nov 20 12:55:03 EST 2010</edited>
<value><point x="9177" y="12317"/></value>
<metadata author="">

</metadata>
</contour>
<contour name="Process 4116" class="PointContour" color="#ea738f" visible="true">
<created>Sat Nov 20 13:00:51 EST 2010</created>
<edited>Sat Nov 20 13:00:51 EST 2010</edited>
<value><point x="9209" y="12247"/></value>
<metadata author="">

</metadata>
</contour>
<contour name="Process 4117" class="PointContour" color="#aec527" visible="true">
<created>Sat Nov 20 13:02:14 EST 2010</created>
<edited>Sat Nov 20 13:02:14 EST 2010</edited>
<value><point x="9103" y="12501"/></value>
<metadata author="">

</metadata>
</contour>
<contour name="Process 4118" class="PointContour" color="#e94d3e" visible="true">
<created>Sat Nov 20 13:02:58 EST 2010</created>
<edited>Sat Nov 20 13:02:58 EST 2010</edited>
<value><point x="9237" y="12387"/></value>
<metadata author="">

</metadata>
</contour>
<contour name="Process 4119" class="PointContour" color="#cb4965" visible="true">
<created>Sat Nov 20 13:03:53 EST 2010</created>
<edited>Sat Nov 20 13:03:53 EST 2010</edited>
<value><point x="8975" y="12543"/></value>
<metadata author="">

</metadata>
</contour>
<contour name="Process 4122" class="PointContour" color="#b84602" visible="true">
<created>Sat Nov 20 13:06:00 EST 2010</created>
<edited>Sat Nov 20 13:06:00 EST 2010</edited>
<value><point x="9133" y="12153"/></value>
<metadata author="">

</metadata>
</contour>
<contour name="Process 4124" class="PointContour" color="#e5ac90" visible="true">
<created>Sat Nov 20 13:08:13 EST 2010</created>
<edited>Sat Nov 20 13:08:13 EST 2010</edited>
<value><point x="10187" y="12471"/></value>
<metadata author="">

</metadata>
</contour>
<contour name="Process 4125" class="PointContour" color="#4ce4bd" visible="true">
<created>Sat Nov 20 13:09:17 EST 2010</created>
<edited>Sat Nov 20 13:09:17 EST 2010</edited>
<value><point x="10641" y="12459"/></value>
<metadata author="">

</metadata>
</contour>
<contour name="Process 4128" class="PointContour" color="#f12035" visible="true">
<created>Sat Nov 20 13:10:28 EST 2010</created>
<edited>Sat Nov 20 13:10:28 EST 2010</edited>
<value><point x="10831" y="11313"/></value>
<metadata author="">

</metadata>
</contour>
<contour name="Process 4129" class="PointContour" color="#5c8a11" visible="true">
<created>Sat Nov 20 13:12:28 EST 2010</created>
<edited>Sat Nov 20 13:12:28 EST 2010</edited>
<value><point x="10045" y="12589"/></value>
<metadata author="">

</metadata>
</contour>
<contour name="Process 4130" class="PointContour" color="#0b7541" visible="true">
<created>Sat Nov 20 13:13:21 EST 2010</created>
<edited>Sat Nov 20 13:13:21 EST 2010</edited>
<value><point x="10659" y="12569"/></value>
<metadata author="">

</metadata>
</contour>
<contour name="Process 4131" class="PointContour" color="#d7bc90" visible="true">
<created>Sat Nov 20 13:13:54 EST 2010</created>
<edited>Sat Nov 20 13:13:54 EST 2010</edited>
<value><point x="10773" y="12517"/></value>
<metadata author="">

</metadata>
</contour>
<contour name="Process 4133" class="PointContour" color="#c6c85f" visible="true">
<created>Sat Nov 20 13:15:13 EST 2010</created>
<edited>Sat Nov 20 13:15:13 EST 2010</edited>
<value><point x="10411" y="12057"/></value>
<metadata author="">

</metadata>
</contour>
<contour name="Process 4134" class="PointContour" color="#4b88bc" visible="true">
<created>Sat Nov 20 13:16:24 EST 2010</created>
<edited>Sat Nov 20 13:16:24 EST 2010</edited>
<value><point x="10161" y="12589"/></value>
<metadata author="">

</metadata>
</contour>
<contour name="Process 4137" class="PointContour" color="#d6e049" visible="true">
<created>Sat Nov 20 13:18:26 EST 2010</created>
<edited>Sat Nov 20 13:18:26 EST 2010</edited>
<value><point x="9393" y="12057"/></value>
<metadata author="">

</metadata>
</contour>
<contour name="Process 4138" class="PointContour" color="#ce1255" visible="true">
<created>Sat Nov 20 13:19:33 EST 2010</created>
<edited>Sat Nov 20 13:19:33 EST 2010</edited>
<value><point x="9705" y="12501"/></value>
<metadata author="">

</metadata>
</contour>
<contour name="Process 4139" class="PointContour" color="#d05b49" visible="true">
<created>Sat Nov 20 13:20:53 EST 2010</created>
<edited>Sat Nov 20 13:20:53 EST 2010</edited>
<value><point x="9001" y="12053"/></value>
<metadata author="">

</metadata>
</contour>
<contour name="Process 4140" class="PointContour" color="#969798" visible="true">
<created>Sat Nov 20 13:21:29 EST 2010</created>
<edited>Sat Nov 20 13:21:29 EST 2010</edited>
<value><point x="8827" y="12345"/></value>
<metadata author="">

</metadata>
</contour>
<contour name="Process 4141" class="PointContour" color="#534af5" visible="true">
<created>Sat Nov 20 13:22:02 EST 2010</created>
<edited>Sat Nov 20 13:22:02 EST 2010</edited>
<value><point x="10235" y="12543"/></value>
<metadata author="">

</metadata>
</contour>
<contour name="Process 4141" class="PointContour" color="#534af5" visible="true">
<created>Sat Nov 20 13:22:52 EST 2010</created>
<edited>Sat Nov 20 13:22:52 EST 2010</edited>
<value><point x="9727" y="11799"/></value>
<metadata author="">

</metadata>
</contour>
<contour name="Process 4142" class="PointContour" color="#f1b149" visible="true">
<created>Sat Nov 20 13:23:43 EST 2010</created>
<edited>Sat Nov 20 13:23:43 EST 2010</edited>
<value><point x="9881" y="12651"/></value>
<metadata author="">

</metadata>
</contour>
<contour name="Process 4143" class="PointContour" color="#9079c9" visible="true">
<created>Sat Nov 20 13:25:13 EST 2010</created>
<edited>Sat Nov 20 13:25:13 EST 2010</edited>
<value><point x="10811" y="12163"/></value>
<metadata author="">

</metadata>
</contour>
<contour name="Process 4144" class="PointContour" color="#1e65da" visible="true">
<created>Sat Nov 20 13:27:59 EST 2010</created>
<edited>Sat Nov 20 13:27:59 EST 2010</edited>
<value><point x="10641" y="12661"/></value>
<metadata author="">

</metadata>
</contour>
<contour name="Process 4147" class="PointContour" color="#66df61" visible="true">
<created>Sat Nov 20 13:28:50 EST 2010</created>
<edited>Sat Nov 20 13:28:50 EST 2010</edited>
<value><point x="10735" y="12391"/></value>
<metadata author="">

</metadata>
</contour>
<contour name="Process 4149" class="PointContour" color="#0ece2e" visible="true">
<created>Sat Nov 20 13:30:01 EST 2010</created>
<edited>Sat Nov 20 13:30:01 EST 2010</edited>
<value><point x="9749" y="12669"/></value>
<metadata author="">

</metadata>
</contour>
<contour name="Process 4149" class="PointContour" color="#0ece2e" visible="true">
<created>Sat Nov 20 13:32:36 EST 2010</created>
<edited>Sat Nov 20 13:32:36 EST 2010</edited>
<value><point x="9655" y="12181"/></value>
<metadata author="">

</metadata>
</contour>
<contour name="Process 4150" class="PointContour" color="#24fd33" visible="true">
<created>Sat Nov 20 13:33:32 EST 2010</created>
<edited>Sat Nov 20 13:33:32 EST 2010</edited>
<value><point x="10693" y="11991"/></value>
<metadata author="">

</metadata>
</contour>
<contour name="Process 4151" class="PointContour" color="#31404b" visible="true">
<created>Sat Nov 20 13:35:06 EST 2010</created>
<edited>Sat Nov 20 13:35:06 EST 2010</edited>
<value><point x="8973" y="11995"/></value>
<metadata author="">

</metadata>
</contour>
<contour name="Process 4158" class="PointContour" color="#e9bb5e" visible="true">
<created>Sat Nov 20 14:04:09 EST 2010</created>
<edited>Sat Nov 20 14:04:09 EST 2010</edited>
<value><point x="10803" y="11535"/></value>
<metadata author="">

</metadata>
</contour>
<contour name="Process 4161" class="PointContour" color="#09d77d" visible="true">
<created>Sat Nov 20 14:05:43 EST 2010</created>
<edited>Sat Nov 20 14:05:43 EST 2010</edited>
<value><point x="10759" y="11237"/></value>
<metadata author="">

</metadata>
</contour>
<contour name="Process 4167" class="PointContour" color="#050900" visible="true">
<created>Sat Nov 20 14:08:58 EST 2010</created>
<edited>Sat Nov 20 14:08:58 EST 2010</edited>
<value><point x="9911" y="11867"/></value>
<metadata author="">

</metadata>
</contour>
<contour name="Process 4167" class="PointContour" color="#050900" visible="true">
<created>Sat Nov 20 14:17:43 EST 2010</created>
<edited>Sat Nov 20 14:17:43 EST 2010</edited>
<value><point x="10361" y="12207"/></value>
<metadata author="">

</metadata>
</contour>
<contour name="Process 4167" class="PointContour" color="#050900" visible="true">
<created>Sat Nov 20 14:18:43 EST 2010</created>
<edited>Sat Nov 20 14:18:43 EST 2010</edited>
<value><point x="10777" y="11997"/></value>
<metadata author="">

</metadata>
</contour>
<contour name="Process 4167" class="PointContour" color="#050900" visible="true">
<created>Sat Nov 20 14:19:04 EST 2010</created>
<edited>Sat Nov 20 14:19:04 EST 2010</edited>
<value><point x="10577" y="12161"/></value>
<metadata author="">

</metadata>
</contour>
<contour name="Process 4167" class="PointContour" color="#050900" visible="true">
<created>Sat Nov 20 14:19:40 EST 2010</created>
<edited>Sat Nov 20 14:19:40 EST 2010</edited>
<value><point x="10667" y="12383"/></value>
<metadata author="">

</metadata>
</contour>
<contour name="Process 4167" class="PointContour" color="#050900" visible="true">
<created>Sat Nov 20 14:22:59 EST 2010</created>
<edited>Sat Nov 20 14:22:59 EST 2010</edited>
<value><point x="10175" y="11585"/></value>
<metadata author="">

</metadata>
</contour>
<contour name="Process 4167" class="PointContour" color="#050900" visible="true">
<created>Sat Nov 20 14:24:28 EST 2010</created>
<edited>Sat Nov 20 14:24:28 EST 2010</edited>
<value><point x="10007" y="11461"/></value>
<metadata author="">

</metadata>
</contour>
<contour name="Process 4169" class="PointContour" color="#00a594" visible="true">
<created>Sat Nov 20 14:27:15 EST 2010</created>
<edited>Sat Nov 20 14:27:15 EST 2010</edited>
<value><point x="9443" y="11115"/></value>
<metadata author="">

</metadata>
</contour>
<contour name="Process 4170" class="PointContour" color="#d96733" visible="true">
<created>Sat Nov 20 14:28:36 EST 2010</created>
<edited>Sat Nov 20 14:28:36 EST 2010</edited>
<value><point x="10543" y="12063"/></value>
<metadata author="">

</metadata>
</contour>
<contour name="Process 4179" class="PointContour" color="#776608" visible="true">
<created>Sat Nov 20 14:36:58 EST 2010</created>
<edited>Sat Nov 20 14:36:58 EST 2010</edited>
<value><point x="9605" y="11821"/></value>
<metadata author="">

</metadata>
</contour>
<contour name="Process 4179" class="PointContour" color="#776608" visible="true">
<created>Sat Nov 20 14:37:54 EST 2010</created>
<edited>Sat Nov 20 14:37:54 EST 2010</edited>
<value><point x="9311" y="11371"/></value>
<metadata author="">

</metadata>
</contour>
<contour name="Process 4179" class="PointContour" color="#776608" visible="true">
<created>Sat Nov 20 14:38:19 EST 2010</created>
<edited>Sat Nov 20 14:38:19 EST 2010</edited>
<value><point x="8881" y="11437"/></value>
<metadata author="">

</metadata>
</contour>
<contour name="Process 4181" class="PointContour" color="#333089" visible="true">
<created>Sat Nov 20 14:41:50 EST 2010</created>
<edited>Sat Nov 20 14:41:50 EST 2010</edited>
<value><point x="10623" y="12347"/></value>
<metadata author="">

</metadata>
</contour>
<contour name="Process 4182" class="PointContour" color="#42999b" visible="true">
<created>Sat Nov 20 14:43:20 EST 2010</created>
<edited>Sat Nov 20 14:43:20 EST 2010</edited>
<value><point x="9601" y="11443"/></value>
<metadata author="">

</metadata>
</contour>
<contour name="Process 4182" class="PointContour" color="#42999b" visible="true">
<created>Sat Nov 20 14:43:30 EST 2010</created>
<edited>Sat Nov 20 14:43:30 EST 2010</edited>
<value><point x="9115" y="11051"/></value>
<metadata author="">

</metadata>
</contour>
<contour name="Process 4182" class="PointContour" color="#42999b" visible="true">
<created>Sat Nov 20 14:43:39 EST 2010</created>
<edited>Sat Nov 20 14:43:39 EST 2010</edited>
<value><point x="8817" y="10989"/></value>
<metadata author="">

</metadata>
</contour>
<contour name="Process 4185" class="PointContour" color="#27d825" visible="true">
<created>Sat Nov 20 15:01:01 EST 2010</created>
<edited>Sat Nov 20 15:01:01 EST 2010</edited>
<value><point x="8971" y="12355"/></value>
<metadata author="">

</metadata>
</contour>
<contour name="Process 4188" class="PointContour" color="#a89fca" visible="true">
<created>Sat Nov 20 15:11:46 EST 2010</created>
<edited>Sat Nov 20 15:11:46 EST 2010</edited>
<value><point x="9293" y="12719"/></value>
<metadata author="">

</metadata>
</contour>
<contour name="Process 4190" class="PointContour" color="#096335" visible="true">
<created>Sat Nov 20 15:13:33 EST 2010</created>
<edited>Sat Nov 20 15:13:33 EST 2010</edited>
<value><point x="10133" y="12643"/></value>
<metadata author="">

</metadata>
</contour>
<contour name="Process 4193" class="PointContour" color="#7c7ed4" visible="true">
<created>Sat Nov 20 15:18:56 EST 2010</created>
<edited>Sat Nov 20 15:18:56 EST 2010</edited>
<value><point x="9437" y="12571"/></value>
<metadata author="">

</metadata>
</contour>
<contour name="Process 4195" class="PointContour" color="#6c1570" visible="true">
<created>Sat Nov 20 16:00:59 EST 2010</created>
<edited>Sat Nov 20 16:00:59 EST 2010</edited>
<value><point x="10127" y="12455"/></value>
<metadata author="">

</metadata>
</contour>
<contour name="Process 4196" class="PointContour" color="#2681ac" visible="true">
<created>Sat Nov 20 16:03:27 EST 2010</created>
<edited>Sat Nov 20 16:03:27 EST 2010</edited>
<value><point x="10045" y="12429"/></value>
<metadata author="">

</metadata>
</contour>
<contour name="Process 4200" class="PointContour" color="#35c6ee" visible="true">
<created>Sat Nov 20 16:12:49 EST 2010</created>
<edited>Sat Nov 20 16:12:49 EST 2010</edited>
<value><point x="9323" y="12345"/></value>
<metadata author="">

</metadata>
</contour>
<contour name="Process 4201" class="PointContour" color="#952bed" visible="true">
<created>Sat Nov 20 16:13:15 EST 2010</created>
<edited>Sat Nov 20 16:13:15 EST 2010</edited>
<value><point x="10239" y="12687"/></value>
<metadata author="">

</metadata>
</contour>
<contour name="Process 4205" class="PointContour" color="#ef2941" visible="true">
<created>Sat Nov 20 16:23:17 EST 2010</created>
<edited>Sat Nov 20 16:23:17 EST 2010</edited>
<value><point x="8851" y="11295"/></value>
<metadata author="">

</metadata>
</contour>
<contour name="Process 4206" class="PointContour" color="#868468" visible="true">
<created>Sat Nov 20 16:24:02 EST 2010</created>
<edited>Sat Nov 20 16:24:02 EST 2010</edited>
<value><point x="8799" y="12369"/></value>
<metadata author="">

</metadata>
</contour>
<contour name="Process 4207" class="PointContour" color="#32b221" visible="true">
<created>Sat Nov 20 16:25:41 EST 2010</created>
<edited>Sat Nov 20 16:25:41 EST 2010</edited>
<value><point x="8813" y="12001"/></value>
<metadata author="">

</metadata>
</contour>
<contour name="Process 4210" class="PointContour" color="#f8f62f" visible="true">
<created>Sat Nov 20 16:30:29 EST 2010</created>
<edited>Sat Nov 20 16:30:29 EST 2010</edited>
<value><point x="10821" y="12425"/></value>
<metadata author="">

</metadata>
</contour>
<contour name="Process 4211" class="PointContour" color="#5d0dce" visible="true">
<created>Sat Nov 20 16:31:11 EST 2010</created>
<edited>Sat Nov 20 16:31:11 EST 2010</edited>
<value><point x="9575" y="12569"/></value>
<metadata author="">

</metadata>
</contour>
<contour name="Process 4211" class="PointContour" color="#5d0dce" visible="true">
<created>Sat Nov 20 16:31:55 EST 2010</created>
<edited>Sat Nov 20 16:31:55 EST 2010</edited>
<value><point x="9401" y="12093"/></value>
<metadata author="">

</metadata>
</contour>
<contour name="Process 4211" class="PointContour" color="#5d0dce" visible="true">
<created>Sat Nov 20 16:32:28 EST 2010</created>
<edited>Sat Nov 20 16:32:28 EST 2010</edited>
<value><point x="9171" y="12109"/></value>
<metadata author="">

</metadata>
</contour>
<contour name="Process 4213" class="PointContour" color="#e6e6be" visible="true">
<created>Sat Nov 20 16:34:10 EST 2010</created>
<edited>Sat Nov 20 16:34:10 EST 2010</edited>
<value><point x="9589" y="12725"/></value>
<metadata author="">

</metadata>
</contour>
<contour name="Process 4214" class="PointContour" color="#4235e8" visible="true">
<created>Sat Nov 20 16:35:45 EST 2010</created>
<edited>Sat Nov 20 16:35:45 EST 2010</edited>
<value><point x="9635" y="12395"/></value>
<metadata author="">

</metadata>
</contour>
<contour name="Process 4214" class="PointContour" color="#4235e8" visible="true">
<created>Sat Nov 20 16:36:04 EST 2010</created>
<edited>Sat Nov 20 16:36:04 EST 2010</edited>
<value><point x="9271" y="12459"/></value>
<metadata author="">

</metadata>
</contour>
<contour name="Process 4214" class="PointContour" color="#4235e8" visible="true">
<created>Sat Nov 20 16:36:36 EST 2010</created>
<edited>Sat Nov 20 16:36:36 EST 2010</edited>
<value><point x="10531" y="12537"/></value>
<metadata author="">

</metadata>
</contour>
<contour name="Process 4216" class="PointContour" color="#46bc96" visible="true">
<created>Sat Nov 20 16:40:26 EST 2010</created>
<edited>Sat Nov 20 16:40:26 EST 2010</edited>
<value><point x="8885" y="11617"/></value>
<metadata author="">

</metadata>
</contour>
<contour name="Process 4217" class="PointContour" color="#dea950" visible="true">
<created>Sat Nov 20 16:41:11 EST 2010</created>
<edited>Sat Nov 20 16:41:11 EST 2010</edited>
<value><point x="9283" y="11771"/></value>
<metadata author="">

</metadata>
</contour>
<contour name="Process 4219" class="PointContour" color="#e25baf" visible="true">
<created>Sat Nov 20 16:52:23 EST 2010</created>
<edited>Sat Nov 20 16:52:23 EST 2010</edited>
<value><point x="10763" y="11699"/></value>
<metadata author="">

</metadata>
</contour>
<contour name="Process 4220" class="PointContour" color="#a64c3d" visible="true">
<created>Sat Nov 20 16:54:44 EST 2010</created>
<edited>Sat Nov 20 16:54:44 EST 2010</edited>
<value><point x="9525" y="11927"/></value>
<metadata author="">

</metadata>
</contour>
<contour name="Process 4221" class="PointContour" color="#8a5f51" visible="true">
<created>Sat Nov 20 16:57:23 EST 2010</created>
<edited>Sat Nov 20 16:57:23 EST 2010</edited>
<value><point x="9321" y="11669"/></value>
<metadata author="">

</metadata>
</contour>
<contour name="Process 4221" class="PointContour" color="#8a5f51" visible="true">
<created>Sat Nov 20 16:58:05 EST 2010</created>
<edited>Sat Nov 20 16:58:05 EST 2010</edited>
<value><point x="10329" y="11803"/></value>
<metadata author="">

</metadata>
</contour>
<contour name="Process 4222" class="PointContour" color="#608147" visible="true">
<created>Sat Nov 20 16:59:39 EST 2010</created>
<edited>Sat Nov 20 16:59:39 EST 2010</edited>
<value><point x="9497" y="11867"/></value>
<metadata author="">

</metadata>
</contour>
<contour name="Process 4225" class="PointContour" color="#bd412f" visible="true">
<created>Sat Nov 20 17:07:26 EST 2010</created>
<edited>Sat Nov 20 17:07:26 EST 2010</edited>
<value><point x="8887" y="11033"/></value>
<metadata author="">

</metadata>
</contour>
<contour name="Process 4227" class="PointContour" color="#d97217" visible="true">
<created>Sat Nov 20 17:10:24 EST 2010</created>
<edited>Sat Nov 20 17:10:24 EST 2010</edited>
<value><point x="10355" y="12527"/></value>
<metadata author="">

</metadata>
</contour>
<contour name="Process 4228" class="PointContour" color="#659166" visible="true">
<created>Sat Nov 20 17:12:14 EST 2010</created>
<edited>Sat Nov 20 17:12:14 EST 2010</edited>
<value><point x="10227" y="12445"/></value>
<metadata author="">

</metadata>
</contour>
<contour name="Process 4229" class="PointContour" color="#c04326" visible="true">
<created>Sat Nov 20 17:15:11 EST 2010</created>
<edited>Sat Nov 20 17:15:11 EST 2010</edited>
<value><point x="9349" y="11611"/></value>
<metadata author="">

</metadata>
</contour>
<contour name="Process 4229" class="PointContour" color="#c04326" visible="true">
<created>Sat Nov 20 17:15:19 EST 2010</created>
<edited>Sat Nov 20 17:15:19 EST 2010</edited>
<value><point x="8861" y="11547"/></value>
<metadata author="">

</metadata>
</contour>
<contour name="Process 4229" class="PointContour" color="#c04326" visible="true">
<created>Sat Nov 20 17:16:08 EST 2010</created>
<edited>Sat Nov 20 17:16:08 EST 2010</edited>
<value><point x="10153" y="11929"/></value>
<metadata author="">

</metadata>
</contour>
<contour name="Process 4230" class="PointContour" color="#86fa64" visible="true">
<created>Sat Nov 20 17:22:43 EST 2010</created>
<edited>Sat Nov 20 17:22:43 EST 2010</edited>
<value><point x="9383" y="11507"/></value>
<metadata author="">

</metadata>
</contour>
<contour name="Process 4232" class="PointContour" color="#7ad306" visible="true">
<created>Sat Nov 20 17:35:40 EST 2010</created>
<edited>Sat Nov 20 17:35:40 EST 2010</edited>
<value><point x="8825" y="12723"/></value>
<metadata author="">

</metadata>
</contour>
<contour name="Process 4233" class="PointContour" color="#924771" visible="true">
<created>Sat Nov 20 17:38:03 EST 2010</created>
<edited>Sat Nov 20 17:38:03 EST 2010</edited>
<value><point x="8811" y="11781"/></value>
<metadata author="">

</metadata>
</contour>
<contour name="Process 4235" class="PointContour" color="#dbdd91" visible="true">
<created>Sat Nov 20 17:41:53 EST 2010</created>
<edited>Sat Nov 20 17:41:53 EST 2010</edited>
<value><point x="8841" y="11661"/></value>
<metadata author="">

</metadata>
</contour>
<contour name="Process 4236" class="PointContour" color="#4cb636" visible="true">
<created>Sat Nov 20 17:45:17 EST 2010</created>
<edited>Sat Nov 20 17:45:17 EST 2010</edited>
<value><point x="10629" y="11925"/></value>
<metadata author="">

</metadata>
</contour>
<contour name="Process 4236" class="PointContour" color="#4cb636" visible="true">
<created>Sat Nov 20 17:45:58 EST 2010</created>
<edited>Sat Nov 20 17:45:58 EST 2010</edited>
<value><point x="10501" y="12227"/></value>
<metadata author="">

</metadata>
</contour>
<contour name="Process 4237" class="PointContour" color="#9a0162" visible="true">
<created>Sat Nov 20 17:50:00 EST 2010</created>
<edited>Sat Nov 20 17:50:00 EST 2010</edited>
<value><point x="8997" y="10929"/></value>
<metadata author="">

</metadata>
</contour>
<contour name="Process 4237" class="PointContour" color="#9a0162" visible="true">
<created>Sat Nov 20 17:50:36 EST 2010</created>
<edited>Sat Nov 20 17:50:36 EST 2010</edited>
<value><point x="10375" y="12353"/></value>
<metadata author="">

</metadata>
</contour>
<contour name="Process 4238" class="PointContour" color="#8c914e" visible="true">
<created>Sat Nov 20 17:51:54 EST 2010</created>
<edited>Sat Nov 20 17:51:54 EST 2010</edited>
<value><point x="10685" y="11517"/></value>
<metadata author="">

</metadata>
</contour>
<contour name="Process 4238" class="PointContour" color="#8c914e" visible="true">
<created>Sat Nov 20 17:52:54 EST 2010</created>
<edited>Sat Nov 20 17:52:54 EST 2010</edited>
<value><point x="10157" y="11011"/></value>
<metadata author="">

</metadata>
</contour>
<contour name="Process 4243" class="PointContour" color="#a36d93" visible="true">
<created>Sat Nov 20 18:13:20 EST 2010</created>
<edited>Sat Nov 20 18:13:20 EST 2010</edited>
<value><point x="10483" y="12173"/></value>
<metadata author="">

</metadata>
</contour>
<contour name="Process 4243" class="PointContour" color="#a36d93" visible="true">
<created>Sat Nov 20 18:13:38 EST 2010</created>
<edited>Sat Nov 20 18:13:38 EST 2010</edited>
<value><point x="9909" y="12475"/></value>
<metadata author="">

</metadata>
</contour>
<contour name="Process 4243" class="PointContour" color="#a36d93" visible="true">
<created>Sat Nov 20 18:13:51 EST 2010</created>
<edited>Sat Nov 20 18:13:51 EST 2010</edited>
<value><point x="9465" y="12729"/></value>
<metadata author="">

</metadata>
</contour>
<contour name="Process 4123" class="PointContour" color="#bc57f7" visible="true">
<created>Sat Nov 20 18:19:26 EST 2010</created>
<edited>Sat Nov 20 18:19:26 EST 2010</edited>
<value><point x="9827" y="12467"/></value>
<metadata author="">

</metadata>
</contour>
<contour name="Process 4246" class="PointContour" color="#a1d865" visible="true">
<created>Sat Nov 20 18:25:12 EST 2010</created>
<edited>Sat Nov 20 18:25:12 EST 2010</edited>
<value><point x="10811" y="11955"/></value>
<metadata author="">

</metadata>
</contour>
<contour name="Process 4249" class="PointContour" color="#5a4e4f" visible="true">
<created>Sat Nov 20 18:30:13 EST 2010</created>
<edited>Sat Nov 20 18:30:13 EST 2010</edited>
<value><point x="9295" y="11323"/></value>
<metadata author="">

</metadata>
</contour>
<contour name="Process 4251" class="PointContour" color="#bab3fd" visible="true">
<created>Sat Nov 20 18:34:57 EST 2010</created>
<edited>Sat Nov 20 18:34:57 EST 2010</edited>
<value><point x="10273" y="11223"/></value>
<metadata author="">

</metadata>
</contour>
<contour name="Process 4252" class="PointContour" color="#47914c" visible="true">
<created>Sat Nov 20 18:36:25 EST 2010</created>
<edited>Sat Nov 20 18:36:25 EST 2010</edited>
<value><point x="10719" y="11287"/></value>
<metadata author="">

</metadata>
</contour>
<contour name="Process 4253" class="PointContour" color="#bd71d2" visible="true">
<created>Sat Nov 20 18:36:56 EST 2010</created>
<edited>Sat Nov 20 18:36:56 EST 2010</edited>
<value><point x="10469" y="11163"/></value>
<metadata author="">

</metadata>
</contour>
<contour name="Process 4254" class="PointContour" color="#53c75e" visible="true">
<created>Sat Nov 20 18:38:32 EST 2010</created>
<edited>Sat Nov 20 18:38:32 EST 2010</edited>
<value><point x="10423" y="11219"/></value>
<metadata author="">

</metadata>
</contour>
<contour name="Process 4255" class="PointContour" color="#3f33af" visible="true">
<created>Sat Nov 20 18:39:29 EST 2010</created>
<edited>Sat Nov 20 18:39:29 EST 2010</edited>
<value><point x="10259" y="11303"/></value>
<metadata author="">

</metadata>
</contour>
<contour name="Process 4256" class="PointContour" color="#a851bd" visible="true">
<created>Sat Nov 20 18:44:28 EST 2010</created>
<edited>Sat Nov 20 18:44:28 EST 2010</edited>
<value><point x="9383" y="11565"/></value>
<metadata author="">

</metadata>
</contour>
<contour name="Process 4256" class="PointContour" color="#a851bd" visible="true">
<created>Sat Nov 20 18:44:35 EST 2010</created>
<edited>Sat Nov 20 18:44:35 EST 2010</edited>
<value><point x="8985" y="11501"/></value>
<metadata author="">

</metadata>
</contour>
<contour name="Process 4263" class="PointContour" color="#7b9a06" visible="true">
<created>Sat Nov 20 18:54:49 EST 2010</created>
<edited>Sat Nov 20 18:54:49 EST 2010</edited>
<value><point x="8935" y="12289"/></value>
<metadata author="">

</metadata>
</contour>
<contour name="Process 4267" class="PointContour" color="#6dd544" visible="true">
<created>Sat Nov 20 19:24:20 EST 2010</created>
<edited>Sat Nov 20 19:24:20 EST 2010</edited>
<value><point x="8929" y="11443"/></value>
<metadata author="">

</metadata>
</contour>
<contour name="Process 4268" class="PointContour" color="#2df29d" visible="true">
<created>Sat Nov 20 19:26:23 EST 2010</created>
<edited>Sat Nov 20 19:26:23 EST 2010</edited>
<value><point x="9167" y="12549"/></value>
<metadata author="">

</metadata>
</contour>
<contour name="Process 4272" class="PointContour" color="#f5c358" visible="true">
<created>Sat Nov 20 19:36:03 EST 2010</created>
<edited>Sat Nov 20 19:36:03 EST 2010</edited>
<value><point x="10643" y="12735"/></value>
<metadata author="">

</metadata>
</contour>
<contour name="Process 4275" class="PointContour" color="#fd9bbf" visible="true">
<created>Sat Nov 20 19:39:14 EST 2010</created>
<edited>Sat Nov 20 19:39:14 EST 2010</edited>
<value><point x="9091" y="12819"/></value>
<metadata author="">

</metadata>
</contour>
<contour name="Process 4141" class="PointContour" color="#534af5" visible="true">
<created>Sat Nov 20 19:50:20 EST 2010</created>
<edited>Sat Nov 20 19:50:20 EST 2010</edited>
<value><point x="9915" y="12857"/></value>
<metadata author="">

</metadata>
</contour>
<contour name="Process 4141" class="PointContour" color="#534af5" visible="true">
<created>Sat Nov 20 19:50:48 EST 2010</created>
<edited>Sat Nov 20 19:50:48 EST 2010</edited>
<value><point x="10359" y="12757"/></value>
<metadata author="">

</metadata>
</contour>
<contour name="Process 4281" class="PointContour" color="#23558e" visible="true">
<created>Sat Nov 20 20:47:23 EST 2010</created>
<edited>Sat Nov 20 20:47:23 EST 2010</edited>
<value><point x="10459" y="12753"/></value>
<metadata author="">

</metadata>
</contour>
<contour name="Process 4284" class="PointContour" color="#c5f0e5" visible="true">
<created>Sat Nov 20 20:53:15 EST 2010</created>
<edited>Sat Nov 20 20:53:15 EST 2010</edited>
<value><point x="9361" y="11089"/></value>
<metadata author="">

</metadata>
</contour>
<contour name="Process 4285" class="PointContour" color="#410067" visible="true">
<created>Sat Nov 20 20:55:00 EST 2010</created>
<edited>Sat Nov 20 20:55:00 EST 2010</edited>
<value><point x="9297" y="12599"/></value>
<metadata author="">

</metadata>
</contour>
<contour name="Process 4286" class="PointContour" color="#62750a" visible="true">
<created>Sat Nov 20 20:56:08 EST 2010</created>
<edited>Sat Nov 20 20:56:08 EST 2010</edited>
<value><point x="8873" y="11873"/></value>
<metadata author="">

</metadata>
</contour>
<contour name="Process 4286" class="PointContour" color="#62750a" visible="true">
<created>Sat Nov 20 20:56:18 EST 2010</created>
<edited>Sat Nov 20 20:56:18 EST 2010</edited>
<value><point x="9109" y="12357"/></value>
<metadata author="">

</metadata>
</contour>
<contour name="Process 4287" class="PointContour" color="#38d78a" visible="true">
<created>Sat Nov 20 20:57:43 EST 2010</created>
<edited>Sat Nov 20 20:57:43 EST 2010</edited>
<value><point x="10701" y="12679"/></value>
<metadata author="">

</metadata>
</contour>
<contour name="Process 4288" class="PointContour" color="#6d750a" visible="true">
<created>Sat Nov 20 20:59:16 EST 2010</created>
<edited>Sat Nov 20 20:59:16 EST 2010</edited>
<value><point x="10061" y="12753"/></value>
<metadata author="">

</metadata>
</contour>
<contour name="Process 4288" class="PointContour" color="#6d750a" visible="true">
<created>Sat Nov 20 20:59:43 EST 2010</created>
<edited>Sat Nov 20 20:59:43 EST 2010</edited>
<value><point x="10743" y="12719"/></value>
<metadata author="">

</metadata>
</contour>
<contour name="Process 4102" class="PointContour" color="#12d4e2" visible="true">
<created>Sun Nov 21 21:15:02 EST 2010</created>
<edited>Sun Nov 21 21:15:02 EST 2010</edited>
<value><point x="10383" y="12675"/></value>
<metadata author="">

</metadata>
</contour>
<contour name="Process 4290" class="PointContour" color="#c47cde" visible="true">
<created>Sun Nov 21 21:18:16 EST 2010</created>
<edited>Sun Nov 21 21:18:16 EST 2010</edited>
<value><point x="10633" y="12815"/></value>
<metadata author="">

</metadata>
</contour>
<contour name="Process 4292" class="PointContour" color="#59ca82" visible="true">
<created>Sun Nov 21 21:19:41 EST 2010</created>
<edited>Sun Nov 21 21:19:41 EST 2010</edited>
<value><point x="10833" y="12075"/></value>
<metadata author="">

</metadata>
</contour>
<contour name="Process 4292" class="PointContour" color="#59ca82" visible="true">
<created>Sun Nov 21 21:20:43 EST 2010</created>
<edited>Sun Nov 21 21:20:43 EST 2010</edited>
<value><point x="9889" y="12589"/></value>
<metadata author="">

</metadata>
</contour>
<contour name="Process 4293" class="PointContour" color="#111b2e" visible="true">
<created>Sun Nov 21 21:24:12 EST 2010</created>
<edited>Sun Nov 21 21:24:12 EST 2010</edited>
<value><point x="10177" y="12749"/></value>
<metadata author="">

</metadata>
</contour>
<contour name="Process 4296" class="PointContour" color="#384cc0" visible="true">
<created>Sun Nov 21 21:26:07 EST 2010</created>
<edited>Sun Nov 21 21:26:07 EST 2010</edited>
<value><point x="10789" y="12801"/></value>
<metadata author="">

</metadata>
</contour>
<contour name="Process 4034" class="PointContour" color="#726115" visible="true">
<created>Sun Nov 21 21:30:47 EST 2010</created>
<edited>Sun Nov 21 21:30:47 EST 2010</edited>
<value><point x="10153" y="12079"/></value>
<metadata author="">

</metadata>
</contour>
<contour name="Process 4299" class="PointContour" color="#2b75b8" visible="true">
<created>Sun Nov 21 21:33:59 EST 2010</created>
<edited>Sun Nov 21 21:33:59 EST 2010</edited>
<value><point x="9839" y="11087"/></value>
<metadata author="">

</metadata>
</contour>
<contour name="Process 4301" class="PointContour" color="#578296" visible="true">
<created>Sun Nov 21 21:37:46 EST 2010</created>
<edited>Sun Nov 21 21:37:46 EST 2010</edited>
<value><point x="9715" y="11225"/></value>
<metadata author="">

</metadata>
</contour>
<contour name="Process 4301" class="PointContour" color="#578296" visible="true">
<created>Sun Nov 21 21:37:54 EST 2010</created>
<edited>Sun Nov 21 21:37:54 EST 2010</edited>
<value><point x="9599" y="11135"/></value>
<metadata author="">

</metadata>
</contour>
<contour name="Process 4301" class="PointContour" color="#578296" visible="true">
<created>Sun Nov 21 21:38:35 EST 2010</created>
<edited>Sun Nov 21 21:38:35 EST 2010</edited>
<value><point x="10141" y="11291"/></value>
<metadata author="">

</metadata>
</contour>
<contour name="Process 4301" class="PointContour" color="#578296" visible="true">
<created>Sun Nov 21 21:38:51 EST 2010</created>
<edited>Sun Nov 21 21:38:51 EST 2010</edited>
<value><point x="10699" y="11445"/></value>
<metadata author="">

</metadata>
</contour>
<contour name="Process 4307" class="PointContour" color="#5e5e6a" visible="true">
<created>Sun Nov 21 21:44:10 EST 2010</created>
<edited>Sun Nov 21 21:44:10 EST 2010</edited>
<value><point x="10655" y="11091"/></value>
<metadata author="">

</metadata>
</contour>
<contour name="Process 4309" class="PointContour" color="#0d51b8" visible="true">
<created>Sun Nov 21 21:45:34 EST 2010</created>
<edited>Sun Nov 21 21:45:34 EST 2010</edited>
<value><point x="10253" y="11067"/></value>
<metadata author="">

</metadata>
</contour>
<contour name="Process 4310" class="PointContour" color="#48c442" visible="true">
<created>Sun Nov 21 21:47:24 EST 2010</created>
<edited>Sun Nov 21 21:47:24 EST 2010</edited>
<value><point x="9649" y="11257"/></value>
<metadata author="">

</metadata>
</contour>
<contour name="Process 4310" class="PointContour" color="#48c442" visible="true">
<created>Sun Nov 21 21:49:21 EST 2010</created>
<edited>Sun Nov 21 21:49:21 EST 2010</edited>
<value><point x="9179" y="11873"/></value>
<metadata author="">

</metadata>
</contour>
<contour name="Process 4310" class="PointContour" color="#48c442" visible="true">
<created>Sun Nov 21 21:52:57 EST 2010</created>
<edited>Sun Nov 21 21:52:57 EST 2010</edited>
<value><point x="8983" y="11651"/></value>
<metadata author="">

</metadata>
</contour>
<contour name="Process 4313" class="PointContour" color="#555025" visible="true">
<created>Sun Nov 21 23:04:31 EST 2010</created>
<edited>Sun Nov 21 23:04:31 EST 2010</edited>
<value><point x="8965" y="11059"/></value>
<metadata author="">

</metadata>
</contour>
<contour name="Process 4314" class="PointContour" color="#a99b51" visible="true">
<created>Mon Nov 22 00:48:34 EST 2010</created>
<edited>Mon Nov 22 00:48:34 EST 2010</edited>
<value><point x="8875" y="11123"/></value>
<metadata author="">

</metadata>
</contour>
<contour name="Process 4315" class="PointContour" color="#0aa1c1" visible="true">
<created>Mon Nov 22 00:49:41 EST 2010</created>
<edited>Mon Nov 22 00:49:41 EST 2010</edited>
<value><point x="8825" y="11059"/></value>
<metadata author="">

</metadata>
</contour>
<contour name="Process 4318" class="PointContour" color="#930049" visible="true">
<created>Mon Nov 22 00:54:01 EST 2010</created>
<edited>Mon Nov 22 00:54:01 EST 2010</edited>
<value><point x="10603" y="11753"/></value>
<metadata author="">

</metadata>
</contour>
<contour name="Process 4320" class="PointContour" color="#b18f98" visible="true">
<created>Mon Nov 22 01:09:27 EST 2010</created>
<edited>Mon Nov 22 01:09:27 EST 2010</edited>
<value><point x="9719" y="12851"/></value>
<metadata author="">

</metadata>
</contour>
<contour name="Process 4026" class="PointContour" color="#5cde64" visible="true">
<created>Mon Mar 07 12:40:42 EST 2011</created>
<edited>Mon Mar 07 12:40:42 EST 2011</edited>
<value><point x="10381" y="12879"/></value>
<metadata author="">

</metadata>
</contour>
<contour name="Process 4326" class="PointContour" color="#575409" visible="true">
<created>Mon Mar 07 12:42:39 EST 2011</created>
<edited>Mon Mar 07 12:42:39 EST 2011</edited>
<value><point x="10823" y="12591"/></value>
<metadata author="">

</metadata>
</contour>
<contour name="Process 4327" class="PointContour" color="#0b6af4" visible="true">
<created>Mon Mar 07 12:45:51 EST 2011</created>
<edited>Mon Mar 07 12:45:51 EST 2011</edited>
<value><point x="10773" y="12669"/></value>
<metadata author="">

</metadata>
</contour>
<contour name="Process 4328" class="PointContour" color="#d1cfdd" visible="true">
<created>Mon Mar 07 12:46:21 EST 2011</created>
<edited>Mon Mar 07 12:46:21 EST 2011</edited>
<value><point x="10527" y="12695"/></value>
<metadata author="">

</metadata>
</contour>
<contour name="Process 4110" class="PointContour" color="#5c0fd7" visible="true">
<created>Mon Mar 07 12:48:16 EST 2011</created>
<edited>Mon Mar 07 12:48:16 EST 2011</edited>
<value><point x="9509" y="12833"/></value>
<metadata author="">

</metadata>
</contour>
<contour name="Process 4329" class="PointContour" color="#d41f2d" visible="true">
<created>Mon Mar 07 12:49:15 EST 2011</created>
<edited>Mon Mar 07 12:49:15 EST 2011</edited>
<value><point x="10611" y="12063"/></value>
<metadata author="">

</metadata>
</contour>
<contour name="Process 4334" class="PointContour" color="#2a1300" visible="true">
<created>Mon Mar 07 13:03:30 EST 2011</created>
<edited>Mon Mar 07 13:03:30 EST 2011</edited>
<value><point x="10809" y="12757"/></value>
<metadata author="">

</metadata>
</contour>
</contours>