<!--Last edited: 2011/03/14 19:51:16-->
<contours>
<contour name="Process 420" class="PointContour" color="#4fe1fe" visible="true">
<created>Wed Nov 24 16:51:52 EST 2010</created>
<edited>Wed Nov 24 16:51:52 EST 2010</edited>
<value><point x="9074" y="17952"/></value>
<metadata author="">

</metadata>
</contour>
<contour name="Process 421" class="PointContour" color="#e61dae" visible="true">
<created>Wed Nov 24 17:07:18 EST 2010</created>
<edited>Wed Nov 24 17:07:18 EST 2010</edited>
<value><point x="8958" y="17234"/></value>
<metadata author="">

</metadata>
</contour>
<contour name="Process 422" class="PointContour" color="#f8e1f2" visible="true">
<created>Wed Nov 24 17:24:09 EST 2010</created>
<edited>Wed Nov 24 17:24:09 EST 2010</edited>
<value><point x="7060" y="16977"/></value>
<metadata author="">

</metadata>
</contour>
<contour name="Process 424" class="PointContour" color="#f4ed50" visible="true">
<created>Wed Nov 24 18:04:44 EST 2010</created>
<edited>Wed Nov 24 18:04:44 EST 2010</edited>
<value><point x="8591" y="17794"/></value>
<metadata author="">

</metadata>
</contour>
<contour name="Process 425" class="PointContour" color="#b3923c" visible="true">
<created>Wed Nov 24 19:02:51 EST 2010</created>
<edited>Wed Nov 24 19:02:51 EST 2010</edited>
<value><point x="7777" y="17051"/></value>
<metadata author="">

</metadata>
</contour>
<contour name="Process 426" class="PointContour" color="#a969fa" visible="true">
<created>Wed Nov 24 19:17:57 EST 2010</created>
<edited>Wed Nov 24 19:17:57 EST 2010</edited>
<value><point x="6181" y="20821"/></value>
<metadata author="">

</metadata>
</contour>
<contour name="Process 427" class="PointContour" color="#2e69d9" visible="true">
<created>Wed Nov 24 19:30:33 EST 2010</created>
<edited>Wed Nov 24 19:30:33 EST 2010</edited>
<value><point x="4994" y="22894"/></value>
<metadata author="">

</metadata>
</contour>
<contour name="Process 428" class="PointContour" color="#fd30e1" visible="true">
<created>Wed Nov 24 19:53:29 EST 2010</created>
<edited>Wed Nov 24 19:53:29 EST 2010</edited>
<value><point x="9546" y="19926"/></value>
<metadata author="">

</metadata>
</contour>
<contour name="Process 431" class="PointContour" color="#a298f6" visible="true">
<created>Wed Nov 24 20:28:10 EST 2010</created>
<edited>Wed Nov 24 20:28:10 EST 2010</edited>
<value><point x="5311" y="23177"/></value>
<metadata author="">

</metadata>
</contour>
<contour name="Process 435" class="PointContour" color="#0430ee" visible="true">
<created>Thu Nov 25 00:14:54 EST 2010</created>
<edited>Thu Nov 25 00:14:54 EST 2010</edited>
<value><point x="9897" y="13418"/></value>
<metadata author="">

</metadata>
</contour>
<contour name="Process 435" class="PointContour" color="#0430ee" visible="true">
<created>Thu Nov 25 00:21:27 EST 2010</created>
<edited>Thu Nov 25 00:21:27 EST 2010</edited>
<value><point x="8244" y="8859"/></value>
<metadata author="">

</metadata>
</contour>
<contour name="Process 441" class="PointContour" color="#d89428" visible="true">
<created>Thu Nov 25 14:47:57 EST 2010</created>
<edited>Thu Nov 25 14:47:57 EST 2010</edited>
<value><point x="16036" y="13042"/></value>
<metadata author="">

</metadata>
</contour>
<contour name="Process 443" class="PointContour" color="#a38ff2" visible="true">
<created>Thu Nov 25 19:27:10 EST 2010</created>
<edited>Thu Nov 25 19:27:10 EST 2010</edited>
<value><point x="9725" y="16840"/></value>
<metadata author="">

</metadata>
</contour>
<contour name="Process 449" class="PointContour" color="#697c74" visible="true">
<created>Fri Nov 26 18:03:45 EST 2010</created>
<edited>Fri Nov 26 18:03:45 EST 2010</edited>
<value><point x="11572" y="18461"/></value>
<metadata author="">

</metadata>
</contour>
<contour name="Process 450" class="PointContour" color="#866c5b" visible="true">
<created>Fri Nov 26 21:02:46 EST 2010</created>
<edited>Fri Nov 26 21:02:46 EST 2010</edited>
<value><point x="12577" y="16351"/></value>
<metadata author="">

</metadata>
</contour>
<contour name="Process 451" class="PointContour" color="#bcad85" visible="true">
<created>Fri Nov 26 21:15:22 EST 2010</created>
<edited>Fri Nov 26 21:15:22 EST 2010</edited>
<value><point x="15599" y="10741"/></value>
<metadata author="">

</metadata>
</contour>
<contour name="Process 451" class="PointContour" color="#bcad85" visible="true">
<created>Fri Nov 26 21:16:21 EST 2010</created>
<edited>Fri Nov 26 21:16:21 EST 2010</edited>
<value><point x="16062" y="9818"/></value>
<metadata author="">

</metadata>
</contour>
<contour name="Process 451" class="PointContour" color="#bcad85" visible="true">
<created>Fri Nov 26 21:16:43 EST 2010</created>
<edited>Fri Nov 26 21:16:43 EST 2010</edited>
<value><point x="16138" y="9311"/></value>
<metadata author="">

</metadata>
</contour>
<contour name="Process 455" class="PointContour" color="#d456a5" visible="true">
<created>Sat Nov 27 12:39:02 EST 2010</created>
<edited>Sat Nov 27 12:39:02 EST 2010</edited>
<value><point x="10139" y="19443"/></value>
<metadata author="">

</metadata>
</contour>
<contour name="Process 456" class="PointContour" color="#cbbd91" visible="true">
<created>Sat Nov 27 12:48:19 EST 2010</created>
<edited>Sat Nov 27 12:48:19 EST 2010</edited>
<value><point x="12334" y="18865"/></value>
<metadata author="">

</metadata>
</contour>
<contour name="Process 457" class="PointContour" color="#f8a74f" visible="true">
<created>Sat Nov 27 12:58:46 EST 2010</created>
<edited>Sat Nov 27 12:58:46 EST 2010</edited>
<value><point x="12117" y="19383"/></value>
<metadata author="">

</metadata>
</contour>
<contour name="Process 458" class="PointContour" color="#10a180" visible="true">
<created>Sat Nov 27 13:08:51 EST 2010</created>
<edited>Sat Nov 27 13:08:51 EST 2010</edited>
<value><point x="12620" y="19259"/></value>
<metadata author="">

</metadata>
</contour>
<contour name="Process 459" class="PointContour" color="#15a084" visible="true">
<created>Sat Nov 27 14:14:40 EST 2010</created>
<edited>Sat Nov 27 14:14:40 EST 2010</edited>
<value><point x="12057" y="20431"/></value>
<metadata author="">

</metadata>
</contour>
<contour name="Process 465" class="PointContour" color="#ae4a09" visible="true">
<created>Fri Dec 03 23:56:51 EST 2010</created>
<edited>Fri Dec 03 23:56:51 EST 2010</edited>
<value><point x="11310" y="17091"/></value>
<metadata author="">

</metadata>
</contour>
<contour name="Process 466" class="PointContour" color="#722e57" visible="true">
<created>Sat Dec 04 00:06:15 EST 2010</created>
<edited>Sat Dec 04 00:06:15 EST 2010</edited>
<value><point x="10473" y="16545"/></value>
<metadata author="">

</metadata>
</contour>
<contour name="Process 466" class="PointContour" color="#722e57" visible="true">
<created>Sat Dec 04 00:06:33 EST 2010</created>
<edited>Sat Dec 04 00:06:33 EST 2010</edited>
<value><point x="10170" y="16391"/></value>
<metadata author="">

</metadata>
</contour>
<contour name="Process 469" class="PointContour" color="#7f3a2b" visible="true">
<created>Sat Dec 04 00:29:16 EST 2010</created>
<edited>Sat Dec 04 00:29:16 EST 2010</edited>
<value><point x="11131" y="20715"/></value>
<metadata author="">

</metadata>
</contour>
<contour name="Process 470" class="PointContour" color="#266149" visible="true">
<created>Sat Dec 04 13:32:24 EST 2010</created>
<edited>Sat Dec 04 13:32:24 EST 2010</edited>
<value><point x="9210" y="17989"/></value>
<metadata author="">

</metadata>
</contour>
<contour name="Process 471" class="PointContour" color="#da4772" visible="true">
<created>Sat Dec 04 13:39:32 EST 2010</created>
<edited>Sat Dec 04 13:39:32 EST 2010</edited>
<value><point x="8454" y="15106"/></value>
<metadata author="">

</metadata>
</contour>
<contour name="Process 473" class="PointContour" color="#811f28" visible="true">
<created>Tue Feb 08 14:02:51 EST 2011</created>
<edited>Tue Feb 08 14:02:51 EST 2011</edited>
<value><point x="13866" y="22242"/></value>
<metadata author="">

</metadata>
</contour>
<contour name="Process 478" class="PointContour" color="#4bab49" visible="true">
<created>Tue Feb 08 15:12:59 EST 2011</created>
<edited>Tue Feb 08 15:12:59 EST 2011</edited>
<value><point x="16137" y="22564"/></value>
<metadata author="">

</metadata>
</contour>
<contour name="Process 480" class="PointContour" color="#ace8dd" visible="true">
<created>Tue Feb 08 15:31:07 EST 2011</created>
<edited>Tue Feb 08 15:31:07 EST 2011</edited>
<value><point x="6006" y="20356"/></value>
<metadata author="">

</metadata>
</contour>
<contour name="Process 481" class="PointContour" color="#51749d" visible="true">
<created>Tue Feb 08 15:53:00 EST 2011</created>
<edited>Tue Feb 08 15:53:00 EST 2011</edited>
<value><point x="11013" y="20390"/></value>
<metadata author="">

</metadata>
</contour>
<contour name="Process 482" class="PointContour" color="#965dda" visible="true">
<created>Tue Feb 08 17:24:54 EST 2011</created>
<edited>Tue Feb 08 17:24:54 EST 2011</edited>
<value><point x="15411" y="23278"/></value>
<metadata author="">

</metadata>
</contour>
<contour name="Process 488" class="PointContour" color="#e590b3" visible="true">
<created>Wed Feb 09 10:45:56 EST 2011</created>
<edited>Wed Feb 09 10:45:56 EST 2011</edited>
<value><point x="13371" y="21391"/></value>
<metadata author="">

</metadata>
</contour>
<contour name="Process 526" class="PointContour" color="#8d24e6" visible="true">
<created>Fri Feb 11 17:28:21 EST 2011</created>
<edited>Fri Feb 11 17:28:21 EST 2011</edited>
<value><point x="14090" y="20085"/></value>
<metadata author="">

</metadata>
</contour>
<contour name="Trail 529" class="PointContour" color="#1ca7ed" visible="true">
<created>Mon Feb 14 11:34:36 EST 2011</created>
<edited>Mon Feb 14 11:34:36 EST 2011</edited>
<value><point x="9557" y="18493"/></value>
<metadata author="">

</metadata>
</contour>
<contour name="Trail 530" class="PointContour" color="#d5e631" visible="true">
<created>Mon Feb 14 11:39:21 EST 2011</created>
<edited>Mon Feb 14 11:39:21 EST 2011</edited>
<value><point x="9959" y="19502"/></value>
<metadata author="">

</metadata>
</contour>
<contour name="Trail 532" class="PointContour" color="#fabd81" visible="true">
<created>Mon Feb 14 11:48:01 EST 2011</created>
<edited>Mon Feb 14 11:48:01 EST 2011</edited>
<value><point x="6979" y="19484"/></value>
<metadata author="">

</metadata>
</contour>
<contour name="Trail 534" class="PointContour" color="#001c95" visible="true">
<created>Mon Feb 14 12:11:21 EST 2011</created>
<edited>Mon Feb 14 12:11:21 EST 2011</edited>
<value><point x="12467" y="19250"/></value>
<metadata author="">

</metadata>
</contour>
<contour name="Trail 535" class="PointContour" color="#bcc72b" visible="true">
<created>Mon Feb 14 12:57:03 EST 2011</created>
<edited>Mon Feb 14 12:57:03 EST 2011</edited>
<value><point x="10859" y="18340"/></value>
<metadata author="">

</metadata>
</contour>
<contour name="Trail 65" class="PointContour" color="#e3ff0e" visible="true">
<created>Mon Feb 14 15:25:30 EST 2011</created>
<edited>Mon Feb 14 15:25:30 EST 2011</edited>
<value><point x="11456" y="17685"/></value>
<metadata author="">

</metadata>
</contour>
<contour name="Trail 115" class="PointContour" color="#cbff04" visible="true">
<created>Mon Feb 14 15:36:22 EST 2011</created>
<edited>Mon Feb 14 15:36:22 EST 2011</edited>
<value><point x="15286" y="20174"/></value>
<metadata author="">

</metadata>
</contour>
<contour name="Trail 115" class="PointContour" color="#cbff04" visible="true">
<created>Mon Feb 14 15:37:17 EST 2011</created>
<edited>Mon Feb 14 15:37:17 EST 2011</edited>
<value><point x="16760" y="20617"/></value>
<metadata author="">

</metadata>
</contour>
<contour name="Trail 115" class="PointContour" color="#cbff04" visible="true">
<created>Mon Feb 14 15:37:42 EST 2011</created>
<edited>Mon Feb 14 15:37:42 EST 2011</edited>
<value><point x="17715" y="21136"/></value>
<metadata author="">

</metadata>
</contour>
<contour name="Trail 94" class="PointContour" color="#beff05" visible="true">
<created>Mon Feb 14 15:52:38 EST 2011</created>
<edited>Mon Feb 14 15:52:38 EST 2011</edited>
<value><point x="9131" y="21484"/></value>
<metadata author="">

</metadata>
</contour>
<contour name="Trail 49" class="PointContour" color="#4053cc" visible="true">
<created>Mon Feb 14 15:57:30 EST 2011</created>
<edited>Mon Feb 14 15:57:30 EST 2011</edited>
<value><point x="10916" y="19774"/></value>
<metadata author="">

</metadata>
</contour>
<contour name="Trail 26" class="PointContour" color="#c21ebd" visible="true">
<created>Tue Feb 15 11:57:46 EST 2011</created>
<edited>Tue Feb 15 11:57:46 EST 2011</edited>
<value><point x="11737" y="18712"/></value>
<metadata author="">

</metadata>
</contour>
<contour name="Trail 38" class="PointContour" color="#f7edc9" visible="true">
<created>Tue Feb 15 12:02:39 EST 2011</created>
<edited>Tue Feb 15 12:02:39 EST 2011</edited>
<value><point x="12703" y="17861"/></value>
<metadata author="">

</metadata>
</contour>
<contour name="Trail 38" class="PointContour" color="#f7edc9" visible="true">
<created>Tue Feb 15 12:13:30 EST 2011</created>
<edited>Tue Feb 15 12:13:30 EST 2011</edited>
<value><point x="14243" y="16108"/></value>
<metadata author="">

</metadata>
</contour>
<contour name="Trail 38" class="PointContour" color="#f7edc9" visible="true">
<created>Tue Feb 15 12:14:50 EST 2011</created>
<edited>Tue Feb 15 12:14:50 EST 2011</edited>
<value><point x="16469" y="15438"/></value>
<metadata author="">

</metadata>
</contour>
<contour name="Trail 52" class="PointContour" color="#b10aff" visible="true">
<created>Tue Feb 15 12:17:53 EST 2011</created>
<edited>Tue Feb 15 12:17:53 EST 2011</edited>
<value><point x="12361" y="18249"/></value>
<metadata author="">

</metadata>
</contour>
<contour name="Trail 40" class="PointContour" color="#c4f7b5" visible="true">
<created>Tue Feb 15 12:22:59 EST 2011</created>
<edited>Tue Feb 15 12:22:59 EST 2011</edited>
<value><point x="11796" y="18622"/></value>
<metadata author="">

</metadata>
</contour>
<contour name="Trail 45" class="PointContour" color="#80d2ff" visible="true">
<created>Tue Feb 15 12:30:11 EST 2011</created>
<edited>Tue Feb 15 12:30:11 EST 2011</edited>
<value><point x="11295" y="17227"/></value>
<metadata author="">

</metadata>
</contour>
<contour name="Trail 86" class="PointContour" color="#ff067f" visible="true">
<created>Tue Feb 15 14:18:32 EST 2011</created>
<edited>Tue Feb 15 14:18:32 EST 2011</edited>
<value><point x="13338" y="17507"/></value>
<metadata author="">

</metadata>
</contour>
<contour name="Trail 97" class="PointContour" color="#05ff95" visible="true">
<created>Tue Feb 15 14:50:25 EST 2011</created>
<edited>Tue Feb 15 14:50:25 EST 2011</edited>
<value><point x="3792" y="15307"/></value>
<metadata author="">

</metadata>
</contour>
<contour name="Trail 39" class="PointContour" color="#a4f7f2" visible="true">
<created>Tue Feb 15 14:53:15 EST 2011</created>
<edited>Tue Feb 15 14:53:15 EST 2011</edited>
<value><point x="10646" y="18502"/></value>
<metadata author="">

</metadata>
</contour>
<contour name="Trail 205" class="PointContour" color="#0ddcff" visible="true">
<created>Tue Feb 15 15:02:58 EST 2011</created>
<edited>Tue Feb 15 15:02:58 EST 2011</edited>
<value><point x="11628" y="17043"/></value>
<metadata author="">

</metadata>
</contour>
<contour name="Trail 53" class="PointContour" color="#d507ff" visible="true">
<created>Tue Feb 15 17:51:52 EST 2011</created>
<edited>Tue Feb 15 17:51:52 EST 2011</edited>
<value><point x="12030" y="19299"/></value>
<metadata author="">

</metadata>
</contour>
<contour name="Trail 8" class="PointContour" color="#2d23ff" visible="true">
<created>Thu Feb 17 10:13:01 EST 2011</created>
<edited>Thu Feb 17 10:13:01 EST 2011</edited>
<value><point x="12272" y="18884"/></value>
<metadata author="">

</metadata>
</contour>
<contour name="Trail 12" class="PointContour" color="#ffa568" visible="true">
<created>Thu Mar 10 14:17:48 EST 2011</created>
<edited>Thu Mar 10 14:17:48 EST 2011</edited>
<value><point x="14200" y="19577"/></value>
<metadata author="">

</metadata>
</contour>
<contour name="Trail 25" class="PointContour" color="#448fc2" visible="true">
<created>Thu Mar 10 16:56:38 EST 2011</created>
<edited>Thu Mar 10 16:56:38 EST 2011</edited>
<value><point x="11729" y="15971"/></value>
<metadata author="">

</metadata>
</contour>
<contour name="Trail 33" class="PointContour" color="#f70fe0" visible="true">
<created>Sun Mar 13 16:40:19 EDT 2011</created>
<edited>Sun Mar 13 16:40:19 EDT 2011</edited>
<value><point x="12668" y="18567"/></value>
<metadata author="">

</metadata>
</contour>
<contour name="Trail 41" class="PointContour" color="#b2aff7" visible="true">
<created>Sun Mar 13 17:02:08 EDT 2011</created>
<edited>Sun Mar 13 17:02:08 EDT 2011</edited>
<value><point x="10543" y="17502"/></value>
<metadata author="">

</metadata>
</contour>
<contour name="Trail 127" class="PointContour" color="#ff9009" visible="true">
<created>Sun Mar 13 19:12:11 EDT 2011</created>
<edited>Sun Mar 13 19:12:11 EDT 2011</edited>
<value><point x="10880" y="17875"/></value>
<metadata author="">

</metadata>
</contour>
<contour name="Trail 134" class="PointContour" color="#0954ff" visible="true">
<created>Sun Mar 13 19:52:27 EDT 2011</created>
<edited>Sun Mar 13 19:52:27 EDT 2011</edited>
<value><point x="11092" y="14703"/></value>
<metadata author="">

</metadata>
</contour>
</contours>