<!--Last edited: 2011/03/14 19:51:13-->
<contours>
<contour name="Process 37" class="PointContour" color="#f7daf0" visible="true">
<created>Mon Jun 07 16:39:59 EDT 2010</created>
<edited>Mon Jun 07 16:39:59 EDT 2010</edited>
<value><point x="12208" y="17940"/></value>
<metadata author="">

</metadata>
</contour>
<contour name="Process 135" class="PointContour" color="#c313ff" visible="true">
<created>Wed Jun 09 13:17:11 EDT 2010</created>
<edited>Wed Jun 09 13:17:11 EDT 2010</edited>
<value><point x="12518" y="18594"/></value>
<metadata author="">

</metadata>
</contour>
<contour name="Process 28" class="PointContour" color="#d1a73a" visible="true">
<created>Thu Jun 03 11:20:25 EDT 2010</created>
<edited>Thu Jun 03 11:20:25 EDT 2010</edited>
<value><point x="42384" y="42384"/></value>
<metadata author="">

</metadata>
</contour>
<contour name="Process 85" class="PointContour" color="#ff067f" visible="true">
<created>Tue Jun 08 13:32:57 EDT 2010</created>
<edited>Tue Jun 08 13:32:57 EDT 2010</edited>
<value><point x="11174" y="19344"/></value>
<metadata author="">

</metadata>
</contour>
<contour name="Process 7" class="PointContour" color="#10fffb" visible="true">
<created>Wed Jun 02 16:53:17 EDT 2010</created>
<edited>Wed Jun 02 16:53:17 EDT 2010</edited>
<value><point x="11982" y="19450"/></value>
<metadata author="">

</metadata>
</contour>
<contour name="Process 262" class="PointContour" color="#2028b1" visible="true">
<created>Fri Jun 11 13:08:15 EDT 2010</created>
<edited>Fri Jun 11 13:08:15 EDT 2010</edited>
<value><point x="11104" y="18982"/></value>
<metadata author="">

</metadata>
</contour>
<contour name="Process 28" class="PointContour" color="#d1a73a" visible="true">
<created>Thu Jun 03 11:20:25 EDT 2010</created>
<edited>Thu Jun 03 11:20:25 EDT 2010</edited>
<value><point x="12042" y="18890"/></value>
<metadata author="">

</metadata>
</contour>
<contour name="Process 224" class="PointContour" color="#d8f3f1" visible="true">
<created>Fri Jun 11 11:12:43 EDT 2010</created>
<edited>Fri Jun 11 11:12:43 EDT 2010</edited>
<value><point x="12260" y="19134"/></value>
<metadata author="">

</metadata>
</contour>
<contour name="Process 261" class="PointContour" color="#f68e0d" visible="true">
<created>Fri Jun 11 13:07:20 EDT 2010</created>
<edited>Fri Jun 11 13:07:20 EDT 2010</edited>
<value><point x="11338" y="19030"/></value>
<metadata author="">

</metadata>
</contour>
<contour name="Process 244" class="PointContour" color="#a681da" visible="true">
<created>Fri Jun 11 11:26:17 EDT 2010</created>
<edited>Fri Jun 11 11:26:17 EDT 2010</edited>
<value><point x="11838" y="18634"/></value>
<metadata author="">

</metadata>
</contour>
<contour name="Process 60" class="PointContour" color="#ff4e01" visible="true">
<created>Mon Jun 07 17:31:23 EDT 2010</created>
<edited>Mon Jun 07 17:31:23 EDT 2010</edited>
<value><point x="11542" y="17650"/></value>
<metadata author="">

</metadata>
</contour>
<contour name="Process 159" class="PointContour" color="#afff08" visible="true">
<created>Wed Jun 09 15:50:53 EDT 2010</created>
<edited>Wed Jun 09 15:50:53 EDT 2010</edited>
<value><point x="11024" y="18188"/></value>
<metadata author="">

</metadata>
</contour>
<contour name="Process 169" class="PointContour" color="#e3ff10" visible="true">
<created>Wed Jun 09 16:31:52 EDT 2010</created>
<edited>Wed Jun 09 16:31:52 EDT 2010</edited>
<value><point x="12334" y="18678"/></value>
<metadata author="">

</metadata>
</contour>
<contour name="Process 59" class="PointContour" color="#ff0340" visible="true">
<created>Mon Jun 07 17:29:40 EDT 2010</created>
<edited>Mon Jun 07 17:29:40 EDT 2010</edited>
<value><point x="12948" y="18812"/></value>
<metadata author="">

</metadata>
</contour>
<contour name="Process 116" class="PointContour" color="#a1ff02" visible="true">
<created>Tue Jun 08 17:07:15 EDT 2010</created>
<edited>Tue Jun 08 17:07:15 EDT 2010</edited>
<value><point x="11432" y="19000"/></value>
<metadata author="">

</metadata>
</contour>
<contour name="Process 135" class="PointContour" color="#c313ff" visible="true">
<created>Wed Jun 09 13:17:11 EDT 2010</created>
<edited>Wed Jun 09 13:17:11 EDT 2010</edited>
<value><point x="12458" y="18578"/></value>
<metadata author="">

</metadata>
</contour>
<contour name="Process 28" class="PointContour" color="#d1a73a" visible="true">
<created>Thu Jun 03 11:27:02 EDT 2010</created>
<edited>Thu Jun 03 11:27:02 EDT 2010</edited>
<value><point x="11276" y="18904"/></value>
<metadata author="">

</metadata>
</contour>
<contour name="Process 153" class="PointContour" color="#f3ff8b" visible="true">
<created>Wed Jun 09 15:32:07 EDT 2010</created>
<edited>Wed Jun 09 15:32:07 EDT 2010</edited>
<value><point x="11452" y="18858"/></value>
<metadata author="">

</metadata>
</contour>
<contour name="Process 16" class="PointContour" color="#ff70a8" visible="true">
<created>Wed Jun 02 17:29:15 EDT 2010</created>
<edited>Wed Jun 02 17:29:15 EDT 2010</edited>
<value><point x="11670" y="17940"/></value>
<metadata author="">

</metadata>
</contour>
<contour name="Process 28" class="PointContour" color="#d1a73a" visible="true">
<created>Thu Jun 03 11:20:25 EDT 2010</created>
<edited>Thu Jun 03 11:20:25 EDT 2010</edited>
<value><point x="11982" y="18882"/></value>
<metadata author="">

</metadata>
</contour>
<contour name="Process 249" class="PointContour" color="#58eb11" visible="true">
<created>Fri Jun 11 12:25:45 EDT 2010</created>
<edited>Fri Jun 11 12:25:45 EDT 2010</edited>
<value><point x="11602" y="18096"/></value>
<metadata author="">

</metadata>
</contour>
<contour name="Process 200" class="PointContour" color="#8e1fff" visible="true">
<created>Thu Jun 10 13:00:37 EDT 2010</created>
<edited>Thu Jun 10 13:00:37 EDT 2010</edited>
<value><point x="12266" y="18054"/></value>
<metadata author="">

</metadata>
</contour>
<contour name="Process 28" class="PointContour" color="#d1a73a" visible="true">
<created>Thu Jun 03 11:20:25 EDT 2010</created>
<edited>Thu Jun 03 11:20:25 EDT 2010</edited>
<value><point x="12082" y="18896"/></value>
<metadata author="">

</metadata>
</contour>
<contour name="Process 85" class="PointContour" color="#ff067f" visible="true">
<created>Tue Jun 08 13:18:01 EDT 2010</created>
<edited>Tue Jun 08 13:18:01 EDT 2010</edited>
<value><point x="11586" y="19150"/></value>
<metadata author="">

</metadata>
</contour>
<contour name="Process 33" class="PointContour" color="#f70fe0" visible="true">
<created>Mon Jun 07 16:29:47 EDT 2010</created>
<edited>Mon Jun 07 16:29:47 EDT 2010</edited>
<value><point x="11092" y="17730"/></value>
<metadata author="">

</metadata>
</contour>
<contour name="Process 175" class="PointContour" color="#3fcfff" visible="true">
<created>Wed Jun 09 17:13:21 EDT 2010</created>
<edited>Wed Jun 09 17:13:21 EDT 2010</edited>
<value><point x="12624" y="19326"/></value>
<metadata author="">

</metadata>
</contour>
<contour name="Process 120" class="PointContour" color="#06ffad" visible="true">
<created>Tue Jun 08 17:15:33 EDT 2010</created>
<edited>Tue Jun 08 17:15:33 EDT 2010</edited>
<value><point x="12002" y="17638"/></value>
<metadata author="">

</metadata>
</contour>
<contour name="Process 175" class="PointContour" color="#3fcfff" visible="true">
<created>Wed Jun 09 17:13:21 EDT 2010</created>
<edited>Wed Jun 09 17:13:21 EDT 2010</edited>
<value><point x="12810" y="19348"/></value>
<metadata author="">

</metadata>
</contour>
<contour name="Process 175" class="PointContour" color="#3fcfff" visible="true">
<created>Wed Jun 09 17:13:21 EDT 2010</created>
<edited>Wed Jun 09 17:13:21 EDT 2010</edited>
<value><point x="12914" y="19362"/></value>
<metadata author="">

</metadata>
</contour>
<contour name="Process 28" class="PointContour" color="#d1a73a" visible="true">
<created>Thu Jun 03 11:20:25 EDT 2010</created>
<edited>Thu Jun 03 11:20:25 EDT 2010</edited>
<value><point x="12700" y="18994"/></value>
<metadata author="">

</metadata>
</contour>
<contour name="Process 39" class="PointContour" color="#a4f7f2" visible="true">
<created>Mon Jun 07 16:44:14 EDT 2010</created>
<edited>Mon Jun 07 16:44:14 EDT 2010</edited>
<value><point x="12090" y="17502"/></value>
<metadata author="">

</metadata>
</contour>
<contour name="Process 199" class="PointContour" color="#abff17" visible="true">
<created>Thu Jun 10 12:53:48 EDT 2010</created>
<edited>Thu Jun 10 12:53:48 EDT 2010</edited>
<value><point x="12618" y="17828"/></value>
<metadata author="">

</metadata>
</contour>
<contour name="Process 28" class="PointContour" color="#d1a73a" visible="true">
<created>Thu Jun 03 11:20:25 EDT 2010</created>
<edited>Thu Jun 03 11:20:25 EDT 2010</edited>
<value><point x="11802" y="18854"/></value>
<metadata author="">

</metadata>
</contour>
<contour name="Process 77" class="PointContour" color="#06dfff" visible="true">
<created>Tue Jun 08 12:42:47 EDT 2010</created>
<edited>Tue Jun 08 12:42:47 EDT 2010</edited>
<value><point x="12300" y="18638"/></value>
<metadata author="">

</metadata>
</contour>
<contour name="Process 104" class="PointContour" color="#df03ff" visible="true">
<created>Wed Jun 09 16:34:19 EDT 2010</created>
<edited>Wed Jun 09 16:34:19 EDT 2010</edited>
<value><point x="11932" y="18666"/></value>
<metadata author="">

</metadata>
</contour>
<contour name="Process 135" class="PointContour" color="#c313ff" visible="true">
<created>Wed Jun 09 13:17:11 EDT 2010</created>
<edited>Wed Jun 09 13:17:11 EDT 2010</edited>
<value><point x="12556" y="18606"/></value>
<metadata author="">

</metadata>
</contour>
<contour name="Process 28" class="PointContour" color="#d1a73a" visible="true">
<created>Thu Jun 03 11:20:25 EDT 2010</created>
<edited>Thu Jun 03 11:20:25 EDT 2010</edited>
<value><point x="12002" y="18884"/></value>
<metadata author="">

</metadata>
</contour>
<contour name="Process 28" class="PointContour" color="#d1a73a" visible="true">
<created>Thu Jun 03 11:20:25 EDT 2010</created>
<edited>Thu Jun 03 11:20:25 EDT 2010</edited>
<value><point x="12182" y="18912"/></value>
<metadata author="">

</metadata>
</contour>
<contour name="Process 250" class="PointContour" color="#925b27" visible="true">
<created>Fri Jun 11 12:27:37 EDT 2010</created>
<edited>Fri Jun 11 12:27:37 EDT 2010</edited>
<value><point x="11426" y="17838"/></value>
<metadata author="">

</metadata>
</contour>
<contour name="Process 265" class="PointContour" color="#277b12" visible="true">
<created>Fri Jun 11 13:14:59 EDT 2010</created>
<edited>Fri Jun 11 13:14:59 EDT 2010</edited>
<value><point x="11976" y="18378"/></value>
<metadata author="">

</metadata>
</contour>
<contour name="Process 2" class="PointContour" color="#ff5107" visible="true">
<created>Wed Jun 02 16:08:46 EDT 2010</created>
<edited>Wed Jun 02 16:08:46 EDT 2010</edited>
<value><point x="12016" y="18532"/></value>
<metadata author="">

</metadata>
</contour>
<contour name="Process 243" class="PointContour" color="#4ba48d" visible="true">
<created>Fri Jun 11 11:25:41 EDT 2010</created>
<edited>Fri Jun 11 11:25:41 EDT 2010</edited>
<value><point x="12496" y="17792"/></value>
<metadata author="">

</metadata>
</contour>
<contour name="Process 28" class="PointContour" color="#d1a73a" visible="true">
<created>Thu Jun 03 11:20:25 EDT 2010</created>
<edited>Thu Jun 03 11:20:25 EDT 2010</edited>
<value><point x="12420" y="18950"/></value>
<metadata author="">

</metadata>
</contour>
<contour name="Process 153" class="PointContour" color="#f3ff8b" visible="true">
<created>Wed Jun 09 15:27:49 EDT 2010</created>
<edited>Wed Jun 09 15:27:49 EDT 2010</edited>
<value><point x="12804" y="17528"/></value>
<metadata author="">

</metadata>
</contour>
<contour name="Process 28" class="PointContour" color="#d1a73a" visible="true">
<created>Thu Jun 03 11:26:07 EDT 2010</created>
<edited>Thu Jun 03 11:26:07 EDT 2010</edited>
<value><point x="11442" y="19032"/></value>
<metadata author="">

</metadata>
</contour>
<contour name="Process 112" class="PointContour" color="#ffd72d" visible="true">
<created>Tue Jun 08 16:57:12 EDT 2010</created>
<edited>Tue Jun 08 16:57:12 EDT 2010</edited>
<value><point x="11730" y="17780"/></value>
<metadata author="">

</metadata>
</contour>
<contour name="Process 130" class="PointContour" color="#0bff5b" visible="true">
<created>Fri Jun 11 11:27:37 EDT 2010</created>
<edited>Fri Jun 11 11:27:37 EDT 2010</edited>
<value><point x="11880" y="18436"/></value>
<metadata author="">

</metadata>
</contour>
<contour name="Process 85" class="PointContour" color="#ff067f" visible="true">
<created>Tue Jun 08 13:31:55 EDT 2010</created>
<edited>Tue Jun 08 13:31:55 EDT 2010</edited>
<value><point x="12040" y="19456"/></value>
<metadata author="">

</metadata>
</contour>
<contour name="Process 176" class="PointContour" color="#ff0000" visible="true">
<created>Thu Jun 10 10:25:42 EDT 2010</created>
<edited>Thu Jun 10 10:25:42 EDT 2010</edited>
<value><point x="12712" y="18764"/></value>
<metadata author="">

</metadata>
</contour>
<contour name="Process 175" class="PointContour" color="#3fcfff" visible="true">
<created>Wed Jun 09 17:13:21 EDT 2010</created>
<edited>Wed Jun 09 17:13:21 EDT 2010</edited>
<value><point x="12790" y="19346"/></value>
<metadata author="">

</metadata>
</contour>
<contour name="Process 1" class="PointContour" color="#ff0000" visible="true">
<created>Wed Jun 02 16:00:54 EDT 2010</created>
<edited>Wed Jun 02 16:00:54 EDT 2010</edited>
<value><point x="12626" y="17478"/></value>
<metadata author="">

</metadata>
</contour>
<contour name="Process 28" class="PointContour" color="#d1a73a" visible="true">
<created>Thu Jun 03 11:20:25 EDT 2010</created>
<edited>Thu Jun 03 11:20:25 EDT 2010</edited>
<value><point x="12880" y="19022"/></value>
<metadata author="">

</metadata>
</contour>
<contour name="Process 28" class="PointContour" color="#d1a73a" visible="true">
<created>Thu Jun 03 11:20:25 EDT 2010</created>
<edited>Thu Jun 03 11:20:25 EDT 2010</edited>
<value><point x="11942" y="18876"/></value>
<metadata author="">

</metadata>
</contour>
<contour name="Process 135" class="PointContour" color="#c313ff" visible="true">
<created>Wed Jun 09 13:17:11 EDT 2010</created>
<edited>Wed Jun 09 13:17:11 EDT 2010</edited>
<value><point x="12696" y="18646"/></value>
<metadata author="">

</metadata>
</contour>
<contour name="Process 28" class="PointContour" color="#d1a73a" visible="true">
<created>Thu Jun 03 11:20:25 EDT 2010</created>
<edited>Thu Jun 03 11:20:25 EDT 2010</edited>
<value><point x="12142" y="18906"/></value>
<metadata author="">

</metadata>
</contour>
<contour name="Process 171" class="PointContour" color="#d0ff5f" visible="true">
<created>Wed Jun 09 16:51:50 EDT 2010</created>
<edited>Wed Jun 09 16:51:50 EDT 2010</edited>
<value><point x="12380" y="18410"/></value>
<metadata author="">

</metadata>
</contour>
<contour name="Process 175" class="PointContour" color="#3fcfff" visible="true">
<created>Wed Jun 09 17:13:21 EDT 2010</created>
<edited>Wed Jun 09 17:13:21 EDT 2010</edited>
<value><point x="12830" y="19352"/></value>
<metadata author="">

</metadata>
</contour>
<contour name="Process 28" class="PointContour" color="#d1a73a" visible="true">
<created>Thu Jun 03 11:20:25 EDT 2010</created>
<edited>Thu Jun 03 11:20:25 EDT 2010</edited>
<value><point x="11962" y="18878"/></value>
<metadata author="">

</metadata>
</contour>
<contour name="Process 171" class="PointContour" color="#d0ff5f" visible="true">
<created>Wed Jun 09 16:52:24 EDT 2010</created>
<edited>Wed Jun 09 16:52:24 EDT 2010</edited>
<value><point x="12882" y="17904"/></value>
<metadata author="">

</metadata>
</contour>
<contour name="Process 47" class="PointContour" color="#93cc90" visible="true">
<created>Mon Jun 07 16:59:02 EDT 2010</created>
<edited>Mon Jun 07 16:59:02 EDT 2010</edited>
<value><point x="11944" y="17434"/></value>
<metadata author="">

</metadata>
</contour>
<contour name="Process 199" class="PointContour" color="#abff17" visible="true">
<created>Thu Jun 10 12:54:55 EDT 2010</created>
<edited>Thu Jun 10 12:54:55 EDT 2010</edited>
<value><point x="11432" y="18660"/></value>
<metadata author="">

</metadata>
</contour>
<contour name="Process 28" class="PointContour" color="#d1a73a" visible="true">
<created>Thu Jun 03 11:20:25 EDT 2010</created>
<edited>Thu Jun 03 11:20:25 EDT 2010</edited>
<value><point x="11782" y="18850"/></value>
<metadata author="">

</metadata>
</contour>
<contour name="Process 28" class="PointContour" color="#d1a73a" visible="true">
<created>Thu Jun 03 11:20:25 EDT 2010</created>
<edited>Thu Jun 03 11:20:25 EDT 2010</edited>
<value><point x="12920" y="19028"/></value>
<metadata author="">

</metadata>
</contour>
<contour name="Process 28" class="PointContour" color="#d1a73a" visible="true">
<created>Thu Jun 03 11:20:25 EDT 2010</created>
<edited>Thu Jun 03 11:20:25 EDT 2010</edited>
<value><point x="12560" y="18972"/></value>
<metadata author="">

</metadata>
</contour>
<contour name="Process 205" class="PointContour" color="#0ddcff" visible="true">
<created>Thu Jun 10 13:17:24 EDT 2010</created>
<edited>Thu Jun 10 13:17:24 EDT 2010</edited>
<value><point x="12456" y="18356"/></value>
<metadata author="">

</metadata>
</contour>
<contour name="Process 175" class="PointContour" color="#3fcfff" visible="true">
<created>Wed Jun 09 17:13:21 EDT 2010</created>
<edited>Wed Jun 09 17:13:21 EDT 2010</edited>
<value><point x="12748" y="19342"/></value>
<metadata author="">

</metadata>
</contour>
<contour name="Process 235" class="PointContour" color="#a91e38" visible="true">
<created>Fri Jun 11 11:20:36 EDT 2010</created>
<edited>Fri Jun 11 11:20:36 EDT 2010</edited>
<value><point x="11368" y="17872"/></value>
<metadata author="">

</metadata>
</contour>
<contour name="Process 135" class="PointContour" color="#c313ff" visible="true">
<created>Wed Jun 09 13:17:11 EDT 2010</created>
<edited>Wed Jun 09 13:17:11 EDT 2010</edited>
<value><point x="12636" y="18628"/></value>
<metadata author="">

</metadata>
</contour>
<contour name="Process 28" class="PointContour" color="#d1a73a" visible="true">
<created>Thu Jun 03 11:21:23 EDT 2010</created>
<edited>Thu Jun 03 11:21:23 EDT 2010</edited>
<value><point x="12390" y="19224"/></value>
<metadata author="">

</metadata>
</contour>
<contour name="Process 175" class="PointContour" color="#3fcfff" visible="true">
<created>Wed Jun 09 17:13:21 EDT 2010</created>
<edited>Wed Jun 09 17:13:21 EDT 2010</edited>
<value><point x="12768" y="19344"/></value>
<metadata author="">

</metadata>
</contour>
<contour name="Process 28" class="PointContour" color="#d1a73a" visible="true">
<created>Thu Jun 03 11:20:25 EDT 2010</created>
<edited>Thu Jun 03 11:20:25 EDT 2010</edited>
<value><point x="12322" y="18934"/></value>
<metadata author="">

</metadata>
</contour>
<contour name="Process 181" class="PointContour" color="#ffcd17" visible="true">
<created>Thu Jun 10 10:34:18 EDT 2010</created>
<edited>Thu Jun 10 10:34:18 EDT 2010</edited>
<value><point x="11538" y="18146"/></value>
<metadata author="">

</metadata>
</contour>
<contour name="Process 200" class="PointContour" color="#8e1fff" visible="true">
<created>Thu Jun 10 13:05:41 EDT 2010</created>
<edited>Thu Jun 10 13:05:41 EDT 2010</edited>
<value><point x="11804" y="18350"/></value>
<metadata author="">

</metadata>
</contour>
<contour name="Process 175" class="PointContour" color="#3fcfff" visible="true">
<created>Wed Jun 09 17:13:21 EDT 2010</created>
<edited>Wed Jun 09 17:13:21 EDT 2010</edited>
<value><point x="12644" y="19328"/></value>
<metadata author="">

</metadata>
</contour>
<contour name="Process 204" class="PointContour" color="#e0ff14" visible="true">
<created>Thu Jun 10 13:15:39 EDT 2010</created>
<edited>Thu Jun 10 13:15:39 EDT 2010</edited>
<value><point x="12362" y="18332"/></value>
<metadata author="">

</metadata>
</contour>
<contour name="Process 123" class="PointContour" color="#966dff" visible="true">
<created>Tue Jun 08 17:32:47 EDT 2010</created>
<edited>Tue Jun 08 17:32:47 EDT 2010</edited>
<value><point x="11022" y="18252"/></value>
<metadata author="">

</metadata>
</contour>
<contour name="Process 175" class="PointContour" color="#3fcfff" visible="true">
<created>Wed Jun 09 17:13:21 EDT 2010</created>
<edited>Wed Jun 09 17:13:21 EDT 2010</edited>
<value><point x="12686" y="19334"/></value>
<metadata author="">

</metadata>
</contour>
<contour name="Process 171" class="PointContour" color="#d0ff5f" visible="true">
<created>Wed Jun 09 16:48:25 EDT 2010</created>
<edited>Wed Jun 09 16:48:25 EDT 2010</edited>
<value><point x="12174" y="17810"/></value>
<metadata author="">

</metadata>
</contour>
<contour name="Process 183" class="PointContour" color="#e166ff" visible="true">
<created>Thu Jun 10 12:41:23 EDT 2010</created>
<edited>Thu Jun 10 12:41:23 EDT 2010</edited>
<value><point x="12052" y="18130"/></value>
<metadata author="">

</metadata>
</contour>
<contour name="Process 28" class="PointContour" color="#d1a73a" visible="true">
<created>Thu Jun 03 11:20:25 EDT 2010</created>
<edited>Thu Jun 03 11:20:25 EDT 2010</edited>
<value><point x="12580" y="18974"/></value>
<metadata author="">

</metadata>
</contour>
<contour name="Process 100" class="PointContour" color="#0395ff" visible="true">
<created>Tue Jun 08 14:57:04 EDT 2010</created>
<edited>Tue Jun 08 14:57:04 EDT 2010</edited>
<value><point x="12974" y="18466"/></value>
<metadata author="">

</metadata>
</contour>
<contour name="Process 28" class="PointContour" color="#d1a73a" visible="true">
<created>Thu Jun 03 11:20:25 EDT 2010</created>
<edited>Thu Jun 03 11:20:25 EDT 2010</edited>
<value><point x="12440" y="18954"/></value>
<metadata author="">

</metadata>
</contour>
<contour name="Process 117" class="PointContour" color="#78ff04" visible="true">
<created>Tue Jun 08 17:34:35 EDT 2010</created>
<edited>Tue Jun 08 17:34:35 EDT 2010</edited>
<value><point x="11152" y="18356"/></value>
<metadata author="">

</metadata>
</contour>
<contour name="Process 256" class="PointContour" color="#df60ef" visible="true">
<created>Fri Jun 11 13:02:09 EDT 2010</created>
<edited>Fri Jun 11 13:02:09 EDT 2010</edited>
<value><point x="12242" y="18000"/></value>
<metadata author="">

</metadata>
</contour>
<contour name="Process 233" class="PointContour" color="#9806d8" visible="true">
<created>Fri Jun 11 11:19:45 EDT 2010</created>
<edited>Fri Jun 11 11:19:45 EDT 2010</edited>
<value><point x="11022" y="19068"/></value>
<metadata author="">

</metadata>
</contour>
<contour name="Process 28" class="PointContour" color="#d1a73a" visible="true">
<created>Thu Jun 03 11:20:25 EDT 2010</created>
<edited>Thu Jun 03 11:20:25 EDT 2010</edited>
<value><point x="12800" y="19010"/></value>
<metadata author="">

</metadata>
</contour>
<contour name="Process 87" class="PointContour" color="#ff0b2f" visible="true">
<created>Tue Jun 08 13:37:53 EDT 2010</created>
<edited>Tue Jun 08 13:37:53 EDT 2010</edited>
<value><point x="11906" y="19440"/></value>
<metadata author="">

</metadata>
</contour>
<contour name="Process 135" class="PointContour" color="#c313ff" visible="true">
<created>Wed Jun 09 13:17:11 EDT 2010</created>
<edited>Wed Jun 09 13:17:11 EDT 2010</edited>
<value><point x="12378" y="18556"/></value>
<metadata author="">

</metadata>
</contour>
<contour name="Process 251" class="PointContour" color="#67a063" visible="true">
<created>Fri Jun 11 12:28:31 EDT 2010</created>
<edited>Fri Jun 11 12:28:31 EDT 2010</edited>
<value><point x="10954" y="17592"/></value>
<metadata author="">

</metadata>
</contour>
<contour name="Process 221" class="PointContour" color="#ff38d2" visible="true">
<created>Thu Jun 10 17:23:37 EDT 2010</created>
<edited>Thu Jun 10 17:23:37 EDT 2010</edited>
<value><point x="12072" y="17702"/></value>
<metadata author="">

</metadata>
</contour>
<contour name="Process 85" class="PointContour" color="#ff067f" visible="true">
<created>Tue Jun 08 13:20:25 EDT 2010</created>
<edited>Tue Jun 08 13:20:25 EDT 2010</edited>
<value><point x="12184" y="18612"/></value>
<metadata author="">

</metadata>
</contour>
<contour name="Process 87" class="PointContour" color="#ff0b2f" visible="true">
<created>Tue Jun 08 13:37:43 EDT 2010</created>
<edited>Tue Jun 08 13:37:43 EDT 2010</edited>
<value><point x="12204" y="19398"/></value>
<metadata author="">

</metadata>
</contour>
<contour name="Process 49" class="PointContour" color="#4053cc" visible="true">
<created>Mon Jun 07 17:01:35 EDT 2010</created>
<edited>Mon Jun 07 17:01:35 EDT 2010</edited>
<value><point x="12030" y="17726"/></value>
<metadata author="">

</metadata>
</contour>
<contour name="Process 198" class="PointContour" color="#d480ff" visible="true">
<created>Thu Jun 10 12:52:53 EDT 2010</created>
<edited>Thu Jun 10 12:52:53 EDT 2010</edited>
<value><point x="12736" y="17826"/></value>
<metadata author="">

</metadata>
</contour>
<contour name="Process 188" class="PointContour" color="#c5ffa4" visible="true">
<created>Thu Jun 10 12:28:33 EDT 2010</created>
<edited>Thu Jun 10 12:28:33 EDT 2010</edited>
<value><point x="11108" y="18770"/></value>
<metadata author="">

</metadata>
</contour>
<contour name="Process 76" class="PointContour" color="#08ffdd" visible="true">
<created>Tue Jun 08 12:39:24 EDT 2010</created>
<edited>Tue Jun 08 12:39:24 EDT 2010</edited>
<value><point x="12902" y="18448"/></value>
<metadata author="">

</metadata>
</contour>
<contour name="Process 190" class="PointContour" color="#ffadba" visible="true">
<created>Thu Jun 10 12:34:22 EDT 2010</created>
<edited>Thu Jun 10 12:34:22 EDT 2010</edited>
<value><point x="11100" y="18092"/></value>
<metadata author="">

</metadata>
</contour>
<contour name="Process 240" class="PointContour" color="#b3011e" visible="true">
<created>Fri Jun 11 11:23:39 EDT 2010</created>
<edited>Fri Jun 11 11:23:39 EDT 2010</edited>
<value><point x="11472" y="19362"/></value>
<metadata author="">

</metadata>
</contour>
<contour name="Process 28" class="PointContour" color="#d1a73a" visible="true">
<created>Thu Jun 03 11:20:25 EDT 2010</created>
<edited>Thu Jun 03 11:20:25 EDT 2010</edited>
<value><point x="11902" y="18868"/></value>
<metadata author="">

</metadata>
</contour>
<contour name="Process 28" class="PointContour" color="#d1a73a" visible="true">
<created>Thu Jun 03 11:20:25 EDT 2010</created>
<edited>Thu Jun 03 11:20:25 EDT 2010</edited>
<value><point x="12222" y="18918"/></value>
<metadata author="">

</metadata>
</contour>
<contour name="Process 180" class="PointContour" color="#cd67ff" visible="true">
<created>Thu Jun 10 10:32:21 EDT 2010</created>
<edited>Thu Jun 10 10:32:21 EDT 2010</edited>
<value><point x="11574" y="19424"/></value>
<metadata author="">

</metadata>
</contour>
<contour name="Process 28" class="PointContour" color="#d1a73a" visible="true">
<created>Thu Jun 03 11:20:25 EDT 2010</created>
<edited>Thu Jun 03 11:20:25 EDT 2010</edited>
<value><point x="12022" y="18888"/></value>
<metadata author="">

</metadata>
</contour>
<contour name="Process 92" class="PointContour" color="#ffd909" visible="true">
<created>Tue Jun 08 14:13:10 EDT 2010</created>
<edited>Tue Jun 08 14:13:10 EDT 2010</edited>
<value><point x="12092" y="19204"/></value>
<metadata author="">

</metadata>
</contour>
<contour name="Process 135" class="PointContour" color="#c313ff" visible="true">
<created>Wed Jun 09 13:17:11 EDT 2010</created>
<edited>Wed Jun 09 13:17:11 EDT 2010</edited>
<value><point x="12736" y="18656"/></value>
<metadata author="">

</metadata>
</contour>
<contour name="Process 40" class="PointContour" color="#c4f7b5" visible="true">
<created>Mon Jun 07 16:46:37 EDT 2010</created>
<edited>Mon Jun 07 16:46:37 EDT 2010</edited>
<value><point x="12536" y="18346"/></value>
<metadata author="">

</metadata>
</contour>
<contour name="Process 1" class="PointContour" color="#ff0000" visible="true">
<created>Wed Jun 02 15:59:57 EDT 2010</created>
<edited>Wed Jun 02 15:59:57 EDT 2010</edited>
<value><point x="12428" y="17602"/></value>
<metadata author="">

</metadata>
</contour>
<contour name="Process 135" class="PointContour" color="#c313ff" visible="true">
<created>Wed Jun 09 13:17:11 EDT 2010</created>
<edited>Wed Jun 09 13:17:11 EDT 2010</edited>
<value><point x="12776" y="18668"/></value>
<metadata author="">

</metadata>
</contour>
<contour name="Process 139" class="PointContour" color="#ff6e25" visible="true">
<created>Wed Jun 09 14:56:29 EDT 2010</created>
<edited>Wed Jun 09 14:56:29 EDT 2010</edited>
<value><point x="12240" y="19166"/></value>
<metadata author="">

</metadata>
</contour>
<contour name="Trail 3" class="PointContour" color="#ffa20c" visible="true">
<created>Wed Jun 09 15:39:10 EDT 2010</created>
<edited>Wed Jun 09 15:39:10 EDT 2010</edited>
<value><point x="11700" y="19380"/></value>
<metadata author="">

</metadata>
</contour>
<contour name="Process 2" class="PointContour" color="#ff5107" visible="true">
<created>Wed Jun 02 16:09:04 EDT 2010</created>
<edited>Wed Jun 02 16:09:04 EDT 2010</edited>
<value><point x="12148" y="19260"/></value>
<metadata author="">

</metadata>
</contour>
<contour name="Process 28" class="PointContour" color="#d1a73a" visible="true">
<created>Thu Jun 03 11:20:25 EDT 2010</created>
<edited>Thu Jun 03 11:20:25 EDT 2010</edited>
<value><point x="12620" y="18982"/></value>
<metadata author="">

</metadata>
</contour>
<contour name="Process 266" class="PointContour" color="#761a25" visible="true">
<created>Fri Jun 11 14:15:12 EDT 2010</created>
<edited>Fri Jun 11 14:15:12 EDT 2010</edited>
<value><point x="12844" y="18418"/></value>
<metadata author="">

</metadata>
</contour>
<contour name="Process 135" class="PointContour" color="#c313ff" visible="true">
<created>Wed Jun 09 13:17:11 EDT 2010</created>
<edited>Wed Jun 09 13:17:11 EDT 2010</edited>
<value><point x="12398" y="18562"/></value>
<metadata author="">

</metadata>
</contour>
<contour name="Process 231" class="PointContour" color="#cfc613" visible="true">
<created>Fri Jun 11 11:18:31 EDT 2010</created>
<edited>Fri Jun 11 11:18:31 EDT 2010</edited>
<value><point x="11076" y="19162"/></value>
<metadata author="">

</metadata>
</contour>
<contour name="Process 230" class="PointContour" color="#52bdd5" visible="true">
<created>Fri Jun 11 11:18:14 EDT 2010</created>
<edited>Fri Jun 11 11:18:14 EDT 2010</edited>
<value><point x="11040" y="18738"/></value>
<metadata author="">

</metadata>
</contour>
<contour name="Process 149" class="PointContour" color="#ffada8" visible="true">
<created>Wed Jun 09 15:20:22 EDT 2010</created>
<edited>Wed Jun 09 15:20:22 EDT 2010</edited>
<value><point x="12082" y="17972"/></value>
<metadata author="">

</metadata>
</contour>
<contour name="Process 247" class="PointContour" color="#e5d61b" visible="true">
<created>Fri Jun 11 11:29:16 EDT 2010</created>
<edited>Fri Jun 11 11:29:16 EDT 2010</edited>
<value><point x="12112" y="17926"/></value>
<metadata author="">

</metadata>
</contour>
<contour name="Process 4" class="PointContour" color="#fff812" visible="true">
<created>Wed Jun 02 16:27:00 EDT 2010</created>
<edited>Wed Jun 02 16:27:00 EDT 2010</edited>
<value><point x="11424" y="18048"/></value>
<metadata author="">

</metadata>
</contour>
<contour name="Process 5" class="PointContour" color="#c2ff00" visible="true">
<created>Wed Jun 02 16:32:50 EDT 2010</created>
<edited>Wed Jun 02 16:32:50 EDT 2010</edited>
<value><point x="11834" y="18232"/></value>
<metadata author="">

</metadata>
</contour>
<contour name="Process 101" class="PointContour" color="#036bff" visible="true">
<created>Wed Jun 09 16:05:28 EDT 2010</created>
<edited>Wed Jun 09 16:05:28 EDT 2010</edited>
<value><point x="12500" y="18370"/></value>
<metadata author="">

</metadata>
</contour>
<contour name="Process 28" class="PointContour" color="#d1a73a" visible="true">
<created>Thu Jun 03 11:20:54 EDT 2010</created>
<edited>Thu Jun 03 11:20:54 EDT 2010</edited>
<value><point x="11894" y="19268"/></value>
<metadata author="">

</metadata>
</contour>
<contour name="Process 9" class="PointContour" color="#ab0bff" visible="true">
<created>Wed Jun 02 17:09:19 EDT 2010</created>
<edited>Wed Jun 02 17:09:19 EDT 2010</edited>
<value><point x="11100" y="18294"/></value>
<metadata author="">

</metadata>
</contour>
<contour name="Process 28" class="PointContour" color="#d1a73a" visible="true">
<created>Thu Jun 03 11:20:25 EDT 2010</created>
<edited>Thu Jun 03 11:20:25 EDT 2010</edited>
<value><point x="12760" y="19002"/></value>
<metadata author="">

</metadata>
</contour>
<contour name="Process 153" class="PointContour" color="#f3ff8b" visible="true">
<created>Thu Jun 10 10:37:43 EDT 2010</created>
<edited>Thu Jun 10 10:37:43 EDT 2010</edited>
<value><point x="11740" y="18694"/></value>
<metadata author="">

</metadata>
</contour>
<contour name="Process 175" class="PointContour" color="#3fcfff" visible="true">
<created>Wed Jun 09 17:12:01 EDT 2010</created>
<edited>Wed Jun 09 17:12:01 EDT 2010</edited>
<value><point x="12090" y="18650"/></value>
<metadata author="">

</metadata>
</contour>
<contour name="Process 28" class="PointContour" color="#d1a73a" visible="true">
<created>Thu Jun 03 11:20:25 EDT 2010</created>
<edited>Thu Jun 03 11:20:25 EDT 2010</edited>
<value><point x="11882" y="18866"/></value>
<metadata author="">

</metadata>
</contour>
<contour name="Process 72" class="PointContour" color="#ffcd08" visible="true">
<created>Tue Jun 08 12:18:29 EDT 2010</created>
<edited>Tue Jun 08 12:18:29 EDT 2010</edited>
<value><point x="12952" y="18418"/></value>
<metadata author="">

</metadata>
</contour>
<contour name="Process 105" class="PointContour" color="#ff0be6" visible="true">
<created>Tue Jun 08 16:16:26 EDT 2010</created>
<edited>Tue Jun 08 16:16:26 EDT 2010</edited>
<value><point x="11288" y="18594"/></value>
<metadata author="">

</metadata>
</contour>
<contour name="Process 26" class="PointContour" color="#c21ebd" visible="true">
<created>Thu Jun 03 10:33:53 EDT 2010</created>
<edited>Thu Jun 03 10:33:53 EDT 2010</edited>
<value><point x="12492" y="18326"/></value>
<metadata author="">

</metadata>
</contour>
<contour name="Process 160" class="PointContour" color="#5ecaff" visible="true">
<created>Wed Jun 09 16:04:06 EDT 2010</created>
<edited>Wed Jun 09 16:04:06 EDT 2010</edited>
<value><point x="12416" y="18352"/></value>
<metadata author="">

</metadata>
</contour>
<contour name="Process 29" class="PointContour" color="#7aff76" visible="true">
<created>Thu Jun 10 12:38:19 EDT 2010</created>
<edited>Thu Jun 10 12:38:19 EDT 2010</edited>
<value><point x="11402" y="18390"/></value>
<metadata author="">

</metadata>
</contour>
<contour name="Process 28" class="PointContour" color="#d1a73a" visible="true">
<created>Thu Jun 03 11:20:25 EDT 2010</created>
<edited>Thu Jun 03 11:20:25 EDT 2010</edited>
<value><point x="12820" y="19012"/></value>
<metadata author="">

</metadata>
</contour>
<contour name="Process 104" class="PointContour" color="#df03ff" visible="true">
<created>Tue Jun 08 16:09:31 EDT 2010</created>
<edited>Tue Jun 08 16:09:31 EDT 2010</edited>
<value><point x="11530" y="17570"/></value>
<metadata author="">

</metadata>
</contour>
<contour name="Process 175" class="PointContour" color="#3fcfff" visible="true">
<created>Wed Jun 09 17:16:19 EDT 2010</created>
<edited>Wed Jun 09 17:16:19 EDT 2010</edited>
<value><point x="12046" y="19282"/></value>
<metadata author="">

</metadata>
</contour>
<contour name="Process 28" class="PointContour" color="#d1a73a" visible="true">
<created>Thu Jun 03 11:20:25 EDT 2010</created>
<edited>Thu Jun 03 11:20:25 EDT 2010</edited>
<value><point x="12122" y="18904"/></value>
<metadata author="">

</metadata>
</contour>
<contour name="Process 175" class="PointContour" color="#3fcfff" visible="true">
<created>Wed Jun 09 17:13:21 EDT 2010</created>
<edited>Wed Jun 09 17:13:21 EDT 2010</edited>
<value><point x="12562" y="19318"/></value>
<metadata author="">

</metadata>
</contour>
<contour name="Process 28" class="PointContour" color="#d1a73a" visible="true">
<created>Thu Jun 03 11:20:25 EDT 2010</created>
<edited>Thu Jun 03 11:20:25 EDT 2010</edited>
<value><point x="12840" y="19016"/></value>
<metadata author="">

</metadata>
</contour>
<contour name="Process 222" class="PointContour" color="#ff38d2" visible="true">
<created>Thu Jun 10 17:24:52 EDT 2010</created>
<edited>Thu Jun 10 17:24:52 EDT 2010</edited>
<value><point x="11790" y="18518"/></value>
<metadata author="">

</metadata>
</contour>
<contour name="Process 28" class="PointContour" color="#d1a73a" visible="true">
<created>Thu Jun 03 11:20:25 EDT 2010</created>
<edited>Thu Jun 03 11:20:25 EDT 2010</edited>
<value><point x="12062" y="18894"/></value>
<metadata author="">

</metadata>
</contour>
<contour name="Process 28" class="PointContour" color="#d1a73a" visible="true">
<created>Thu Jun 03 11:20:25 EDT 2010</created>
<edited>Thu Jun 03 11:20:25 EDT 2010</edited>
<value><point x="12302" y="18932"/></value>
<metadata author="">

</metadata>
</contour>
<contour name="Process 28" class="PointContour" color="#d1a73a" visible="true">
<created>Thu Jun 03 11:20:25 EDT 2010</created>
<edited>Thu Jun 03 11:20:25 EDT 2010</edited>
<value><point x="12242" y="18922"/></value>
<metadata author="">

</metadata>
</contour>
<contour name="Process 200" class="PointContour" color="#8e1fff" visible="true">
<created>Thu Jun 10 13:02:10 EDT 2010</created>
<edited>Thu Jun 10 13:02:10 EDT 2010</edited>
<value><point x="11304" y="18690"/></value>
<metadata author="">

</metadata>
</contour>
<contour name="Process 232" class="PointContour" color="#1a995e" visible="true">
<created>Fri Jun 11 11:19:14 EDT 2010</created>
<edited>Fri Jun 11 11:19:14 EDT 2010</edited>
<value><point x="11608" y="19342"/></value>
<metadata author="">

</metadata>
</contour>
<contour name="Process 199" class="PointContour" color="#abff17" visible="true">
<created>Thu Jun 10 12:54:25 EDT 2010</created>
<edited>Thu Jun 10 12:54:25 EDT 2010</edited>
<value><point x="11706" y="18266"/></value>
<metadata author="">

</metadata>
</contour>
<contour name="Process 227" class="PointContour" color="#98c6a9" visible="true">
<created>Fri Jun 11 11:14:52 EDT 2010</created>
<edited>Fri Jun 11 11:14:52 EDT 2010</edited>
<value><point x="11924" y="19356"/></value>
<metadata author="">

</metadata>
</contour>
<contour name="Process 28" class="PointContour" color="#d1a73a" visible="true">
<created>Thu Jun 03 11:20:25 EDT 2010</created>
<edited>Thu Jun 03 11:20:25 EDT 2010</edited>
<value><point x="11822" y="18856"/></value>
<metadata author="">

</metadata>
</contour>
<contour name="Process 135" class="PointContour" color="#c313ff" visible="true">
<created>Wed Jun 09 13:17:11 EDT 2010</created>
<edited>Wed Jun 09 13:17:11 EDT 2010</edited>
<value><point x="12318" y="18538"/></value>
<metadata author="">

</metadata>
</contour>
<contour name="Process 48" class="PointContour" color="#cc6b6b" visible="true">
<created>Mon Jun 07 17:00:20 EDT 2010</created>
<edited>Mon Jun 07 17:00:20 EDT 2010</edited>
<value><point x="12058" y="18084"/></value>
<metadata author="">

</metadata>
</contour>
<contour name="Process 254" class="PointContour" color="#69289d" visible="true">
<created>Fri Jun 11 12:51:22 EDT 2010</created>
<edited>Fri Jun 11 12:51:22 EDT 2010</edited>
<value><point x="12960" y="17434"/></value>
<metadata author="">

</metadata>
</contour>
<contour name="Process 29" class="PointContour" color="#7aff76" visible="true">
<created>Mon Jun 07 16:14:00 EDT 2010</created>
<edited>Mon Jun 07 16:14:00 EDT 2010</edited>
<value><point x="11728" y="18212"/></value>
<metadata author="">

</metadata>
</contour>
<contour name="Process 38" class="PointContour" color="#f7edc9" visible="true">
<created>Mon Jun 07 16:42:17 EDT 2010</created>
<edited>Mon Jun 07 16:42:17 EDT 2010</edited>
<value><point x="12024" y="18084"/></value>
<metadata author="">

</metadata>
</contour>
<contour name="Process 104" class="PointContour" color="#df03ff" visible="true">
<created>Tue Jun 08 16:11:49 EDT 2010</created>
<edited>Tue Jun 08 16:11:49 EDT 2010</edited>
<value><point x="12638" y="18452"/></value>
<metadata author="">

</metadata>
</contour>
<contour name="Process 135" class="PointContour" color="#c313ff" visible="true">
<created>Wed Jun 09 13:17:11 EDT 2010</created>
<edited>Wed Jun 09 13:17:11 EDT 2010</edited>
<value><point x="12498" y="18590"/></value>
<metadata author="">

</metadata>
</contour>
<contour name="Process 238" class="PointContour" color="#39ca5e" visible="true">
<created>Fri Jun 11 11:23:05 EDT 2010</created>
<edited>Fri Jun 11 11:23:05 EDT 2010</edited>
<value><point x="10954" y="18032"/></value>
<metadata author="">

</metadata>
</contour>
<contour name="Process 196" class="PointContour" color="#ff63b3" visible="true">
<created>Thu Jun 10 12:49:32 EDT 2010</created>
<edited>Thu Jun 10 12:49:32 EDT 2010</edited>
<value><point x="11538" y="18934"/></value>
<metadata author="">

</metadata>
</contour>
<contour name="Process 28" class="PointContour" color="#d1a73a" visible="true">
<created>Thu Jun 03 11:20:25 EDT 2010</created>
<edited>Thu Jun 03 11:20:25 EDT 2010</edited>
<value><point x="12600" y="18978"/></value>
<metadata author="">

</metadata>
</contour>
<contour name="Process 28" class="PointContour" color="#d1a73a" visible="true">
<created>Thu Jun 03 11:20:25 EDT 2010</created>
<edited>Thu Jun 03 11:20:25 EDT 2010</edited>
<value><point x="12262" y="18924"/></value>
<metadata author="">

</metadata>
</contour>
<contour name="Process 28" class="PointContour" color="#d1a73a" visible="true">
<created>Thu Jun 03 11:23:45 EDT 2010</created>
<edited>Thu Jun 03 11:23:45 EDT 2010</edited>
<value><point x="12128" y="18600"/></value>
<metadata author="">

</metadata>
</contour>
<contour name="Process 135" class="PointContour" color="#c313ff" visible="true">
<created>Wed Jun 09 13:17:11 EDT 2010</created>
<edited>Wed Jun 09 13:17:11 EDT 2010</edited>
<value><point x="12656" y="18634"/></value>
<metadata author="">

</metadata>
</contour>
<contour name="Process 1" class="PointContour" color="#ff0000" visible="true">
<created>Wed Jun 02 16:01:08 EDT 2010</created>
<edited>Wed Jun 02 16:01:08 EDT 2010</edited>
<value><point x="12704" y="17512"/></value>
<metadata author="">

</metadata>
</contour>
<contour name="Process 28" class="PointContour" color="#d1a73a" visible="true">
<created>Thu Jun 03 11:20:25 EDT 2010</created>
<edited>Thu Jun 03 11:20:25 EDT 2010</edited>
<value><point x="12360" y="18940"/></value>
<metadata author="">

</metadata>
</contour>
<contour name="Process 218" class="PointContour" color="#d0ff2e" visible="true">
<created>Thu Jun 10 15:00:31 EDT 2010</created>
<edited>Thu Jun 10 15:00:31 EDT 2010</edited>
<value><point x="12758" y="18184"/></value>
<metadata author="">

</metadata>
</contour>
<contour name="Process 175" class="PointContour" color="#3fcfff" visible="true">
<created>Wed Jun 09 17:13:21 EDT 2010</created>
<edited>Wed Jun 09 17:13:21 EDT 2010</edited>
<value><point x="12934" y="19364"/></value>
<metadata author="">

</metadata>
</contour>
<contour name="Process 29" class="PointContour" color="#7aff76" visible="true">
<created>Mon Jun 07 16:14:38 EDT 2010</created>
<edited>Mon Jun 07 16:14:38 EDT 2010</edited>
<value><point x="11668" y="18186"/></value>
<metadata author="">

</metadata>
</contour>
<contour name="Process 135" class="PointContour" color="#c313ff" visible="true">
<created>Wed Jun 09 13:17:11 EDT 2010</created>
<edited>Wed Jun 09 13:17:11 EDT 2010</edited>
<value><point x="12300" y="18534"/></value>
<metadata author="">

</metadata>
</contour>
<contour name="Process 175" class="PointContour" color="#3fcfff" visible="true">
<created>Wed Jun 09 17:13:21 EDT 2010</created>
<edited>Wed Jun 09 17:13:21 EDT 2010</edited>
<value><point x="12892" y="19360"/></value>
<metadata author="">

</metadata>
</contour>
<contour name="Trail 11" class="PointContour" color="#ff6a83" visible="true">
<created>Wed Jun 02 17:16:20 EDT 2010</created>
<edited>Wed Jun 02 17:16:20 EDT 2010</edited>
<value><point x="12888" y="17454"/></value>
<metadata author="">

</metadata>
</contour>
<contour name="Process 239" class="PointContour" color="#cba916" visible="true">
<created>Fri Jun 11 11:23:23 EDT 2010</created>
<edited>Fri Jun 11 11:23:23 EDT 2010</edited>
<value><point x="11462" y="19450"/></value>
<metadata author="">

</metadata>
</contour>
<contour name="Process 28" class="PointContour" color="#d1a73a" visible="true">
<created>Thu Jun 03 11:20:25 EDT 2010</created>
<edited>Thu Jun 03 11:20:25 EDT 2010</edited>
<value><point x="12540" y="18968"/></value>
<metadata author="">

</metadata>
</contour>
<contour name="Process 104" class="PointContour" color="#df03ff" visible="true">
<created>Tue Jun 08 16:09:02 EDT 2010</created>
<edited>Tue Jun 08 16:09:02 EDT 2010</edited>
<value><point x="11932" y="17876"/></value>
<metadata author="">

</metadata>
</contour>
<contour name="Process 175" class="PointContour" color="#3fcfff" visible="true">
<created>Wed Jun 09 17:13:21 EDT 2010</created>
<edited>Wed Jun 09 17:13:21 EDT 2010</edited>
<value><point x="12666" y="19330"/></value>
<metadata author="">

</metadata>
</contour>
<contour name="Process 28" class="PointContour" color="#d1a73a" visible="true">
<created>Thu Jun 03 11:20:25 EDT 2010</created>
<edited>Thu Jun 03 11:20:25 EDT 2010</edited>
<value><point x="12520" y="18966"/></value>
<metadata author="">

</metadata>
</contour>
<contour name="Process 153" class="PointContour" color="#f3ff8b" visible="true">
<created>Wed Jun 09 15:28:27 EDT 2010</created>
<edited>Wed Jun 09 15:28:27 EDT 2010</edited>
<value><point x="12264" y="18222"/></value>
<metadata author="">

</metadata>
</contour>
<contour name="Process 135" class="PointContour" color="#c313ff" visible="true">
<created>Wed Jun 09 13:17:11 EDT 2010</created>
<edited>Wed Jun 09 13:17:11 EDT 2010</edited>
<value><point x="12576" y="18612"/></value>
<metadata author="">

</metadata>
</contour>
<contour name="Process 28" class="PointContour" color="#d1a73a" visible="true">
<created>Thu Jun 03 11:20:25 EDT 2010</created>
<edited>Thu Jun 03 11:20:25 EDT 2010</edited>
<value><point x="12860" y="19018"/></value>
<metadata author="">

</metadata>
</contour>
<contour name="Process 225" class="PointContour" color="#ef6a33" visible="true">
<created>Fri Jun 11 11:13:54 EDT 2010</created>
<edited>Fri Jun 11 11:13:54 EDT 2010</edited>
<value><point x="12906" y="18636"/></value>
<metadata author="">

</metadata>
</contour>
<contour name="Process 28" class="PointContour" color="#d1a73a" visible="true">
<created>Thu Jun 03 11:20:25 EDT 2010</created>
<edited>Thu Jun 03 11:20:25 EDT 2010</edited>
<value><point x="12380" y="18944"/></value>
<metadata author="">

</metadata>
</contour>
<contour name="Process 135" class="PointContour" color="#c313ff" visible="true">
<created>Wed Jun 09 13:17:11 EDT 2010</created>
<edited>Wed Jun 09 13:17:11 EDT 2010</edited>
<value><point x="12438" y="18572"/></value>
<metadata author="">

</metadata>
</contour>
<contour name="Process 29" class="PointContour" color="#7aff76" visible="true">
<created>Mon Jun 07 16:13:16 EDT 2010</created>
<edited>Mon Jun 07 16:13:16 EDT 2010</edited>
<value><point x="12092" y="17852"/></value>
<metadata author="">

</metadata>
</contour>
<contour name="Process 28" class="PointContour" color="#d1a73a" visible="true">
<created>Thu Jun 03 11:20:25 EDT 2010</created>
<edited>Thu Jun 03 11:20:25 EDT 2010</edited>
<value><point x="12900" y="19024"/></value>
<metadata author="">

</metadata>
</contour>
<contour name="Process 262" class="PointContour" color="#2028b1" visible="true">
<created>Fri Jun 11 13:08:02 EDT 2010</created>
<edited>Fri Jun 11 13:08:02 EDT 2010</edited>
<value><point x="11280" y="18824"/></value>
<metadata author="">

</metadata>
</contour>
<contour name="Process 106" class="PointContour" color="#ff02af" visible="true">
<created>Tue Jun 08 16:18:04 EDT 2010</created>
<edited>Tue Jun 08 16:18:04 EDT 2010</edited>
<value><point x="11420" y="18524"/></value>
<metadata author="">

</metadata>
</contour>
<contour name="Process 28" class="PointContour" color="#d1a73a" visible="true">
<created>Thu Jun 03 11:23:27 EDT 2010</created>
<edited>Thu Jun 03 11:23:27 EDT 2010</edited>
<value><point x="12182" y="19218"/></value>
<metadata author="">

</metadata>
</contour>
<contour name="Process 28" class="PointContour" color="#d1a73a" visible="true">
<created>Thu Jun 03 11:20:25 EDT 2010</created>
<edited>Thu Jun 03 11:20:25 EDT 2010</edited>
<value><point x="12660" y="18988"/></value>
<metadata author="">

</metadata>
</contour>
<contour name="Process 28" class="PointContour" color="#d1a73a" visible="true">
<created>Thu Jun 03 11:20:25 EDT 2010</created>
<edited>Thu Jun 03 11:20:25 EDT 2010</edited>
<value><point x="12162" y="18910"/></value>
<metadata author="">

</metadata>
</contour>
<contour name="Process 166" class="PointContour" color="#c0ff58" visible="true">
<created>Wed Jun 09 16:17:58 EDT 2010</created>
<edited>Wed Jun 09 16:17:58 EDT 2010</edited>
<value><point x="12474" y="18712"/></value>
<metadata author="">

</metadata>
</contour>
<contour name="Process 28" class="PointContour" color="#d1a73a" visible="true">
<created>Thu Jun 03 11:20:25 EDT 2010</created>
<edited>Thu Jun 03 11:20:25 EDT 2010</edited>
<value><point x="12780" y="19006"/></value>
<metadata author="">

</metadata>
</contour>
<contour name="Process 44" class="PointContour" color="#ddf72a" visible="true">
<created>Mon Jun 07 16:53:23 EDT 2010</created>
<edited>Mon Jun 07 16:53:23 EDT 2010</edited>
<value><point x="12056" y="17660"/></value>
<metadata author="">

</metadata>
</contour>
<contour name="Process 114" class="PointContour" color="#cbff04" visible="true">
<created>Tue Jun 08 17:01:47 EDT 2010</created>
<edited>Tue Jun 08 17:01:47 EDT 2010</edited>
<value><point x="12122" y="18138"/></value>
<metadata author="">

</metadata>
</contour>
<contour name="Process 135" class="PointContour" color="#c313ff" visible="true">
<created>Wed Jun 09 13:17:11 EDT 2010</created>
<edited>Wed Jun 09 13:17:11 EDT 2010</edited>
<value><point x="12538" y="18600"/></value>
<metadata author="">

</metadata>
</contour>
<contour name="Process 28" class="PointContour" color="#d1a73a" visible="true">
<created>Thu Jun 03 11:20:25 EDT 2010</created>
<edited>Thu Jun 03 11:20:25 EDT 2010</edited>
<value><point x="11922" y="18872"/></value>
<metadata author="">

</metadata>
</contour>
<contour name="Process 28" class="PointContour" color="#d1a73a" visible="true">
<created>Thu Jun 03 11:20:25 EDT 2010</created>
<edited>Thu Jun 03 11:20:25 EDT 2010</edited>
<value><point x="12740" y="19000"/></value>
<metadata author="">

</metadata>
</contour>
<contour name="Process 266" class="PointContour" color="#761a25" visible="true">
<created>Fri Jun 11 14:15:31 EDT 2010</created>
<edited>Fri Jun 11 14:15:31 EDT 2010</edited>
<value><point x="12972" y="18246"/></value>
<metadata author="">

</metadata>
</contour>
<contour name="Process 28" class="PointContour" color="#d1a73a" visible="true">
<created>Thu Jun 03 11:20:25 EDT 2010</created>
<edited>Thu Jun 03 11:20:25 EDT 2010</edited>
<value><point x="11862" y="18862"/></value>
<metadata author="">

</metadata>
</contour>
<contour name="Process 82" class="PointContour" color="#cc05ff" visible="true">
<created>Fri Jun 11 11:16:51 EDT 2010</created>
<edited>Fri Jun 11 11:16:51 EDT 2010</edited>
<value><point x="11872" y="19394"/></value>
<metadata author="">

</metadata>
</contour>
<contour name="Process 135" class="PointContour" color="#c313ff" visible="true">
<created>Wed Jun 09 13:17:11 EDT 2010</created>
<edited>Wed Jun 09 13:17:11 EDT 2010</edited>
<value><point x="12756" y="18662"/></value>
<metadata author="">

</metadata>
</contour>
<contour name="Process 53" class="PointContour" color="#d507ff" visible="true">
<created>Mon Jun 07 17:22:14 EDT 2010</created>
<edited>Mon Jun 07 17:22:14 EDT 2010</edited>
<value><point x="12764" y="17988"/></value>
<metadata author="">

</metadata>
</contour>
<contour name="Process 209" class="PointContour" color="#9eff56" visible="true">
<created>Thu Jun 10 13:48:15 EDT 2010</created>
<edited>Thu Jun 10 13:48:15 EDT 2010</edited>
<value><point x="12020" y="18174"/></value>
<metadata author="">

</metadata>
</contour>
<contour name="Process 187" class="PointContour" color="#afd2ff" visible="true">
<created>Thu Jun 10 12:27:57 EDT 2010</created>
<edited>Thu Jun 10 12:27:57 EDT 2010</edited>
<value><point x="11200" y="18990"/></value>
<metadata author="">

</metadata>
</contour>
<contour name="Process 181" class="PointContour" color="#ffcd17" visible="true">
<created>Thu Jun 10 10:32:50 EDT 2010</created>
<edited>Thu Jun 10 10:32:50 EDT 2010</edited>
<value><point x="11538" y="18756"/></value>
<metadata author="">

</metadata>
</contour>
<contour name="Process 248" class="PointContour" color="#959f5d" visible="true">
<created>Fri Jun 11 12:24:59 EDT 2010</created>
<edited>Fri Jun 11 12:24:59 EDT 2010</edited>
<value><point x="12076" y="19318"/></value>
<metadata author="">

</metadata>
</contour>
<contour name="Trail 3" class="PointContour" color="#ffa20c" visible="true">
<created>Wed Jun 02 16:18:24 EDT 2010</created>
<edited>Wed Jun 02 16:18:24 EDT 2010</edited>
<value><point x="12848" y="18532"/></value>
<metadata author="">

</metadata>
</contour>
<contour name="Process 28" class="PointContour" color="#d1a73a" visible="true">
<created>Thu Jun 03 11:20:25 EDT 2010</created>
<edited>Thu Jun 03 11:20:25 EDT 2010</edited>
<value><point x="12680" y="18990"/></value>
<metadata author="">

</metadata>
</contour>
<contour name="Process 135" class="PointContour" color="#c313ff" visible="true">
<created>Wed Jun 09 13:17:11 EDT 2010</created>
<edited>Wed Jun 09 13:17:11 EDT 2010</edited>
<value><point x="12716" y="18650"/></value>
<metadata author="">

</metadata>
</contour>
<contour name="Process 184" class="PointContour" color="#e5ff1d" visible="true">
<created>Thu Jun 10 12:23:57 EDT 2010</created>
<edited>Thu Jun 10 12:23:57 EDT 2010</edited>
<value><point x="11296" y="18954"/></value>
<metadata author="">

</metadata>
</contour>
<contour name="Process 46" class="PointContour" color="#9372cc" visible="true">
<created>Mon Jun 07 16:57:11 EDT 2010</created>
<edited>Mon Jun 07 16:57:11 EDT 2010</edited>
<value><point x="12062" y="17804"/></value>
<metadata author="">

</metadata>
</contour>
<contour name="Process 28" class="PointContour" color="#d1a73a" visible="true">
<created>Thu Jun 03 11:20:25 EDT 2010</created>
<edited>Thu Jun 03 11:20:25 EDT 2010</edited>
<value><point x="12102" y="18900"/></value>
<metadata author="">

</metadata>
</contour>
<contour name="Process 171" class="PointContour" color="#d0ff5f" visible="true">
<created>Wed Jun 09 16:48:31 EDT 2010</created>
<edited>Wed Jun 09 16:48:31 EDT 2010</edited>
<value><point x="12138" y="17590"/></value>
<metadata author="">

</metadata>
</contour>
<contour name="Process 28" class="PointContour" color="#d1a73a" visible="true">
<created>Thu Jun 03 11:20:25 EDT 2010</created>
<edited>Thu Jun 03 11:20:25 EDT 2010</edited>
<value><point x="12202" y="18916"/></value>
<metadata author="">

</metadata>
</contour>
<contour name="Process 114" class="PointContour" color="#cbff04" visible="true">
<created>Tue Jun 08 17:01:19 EDT 2010</created>
<edited>Tue Jun 08 17:01:19 EDT 2010</edited>
<value><point x="12530" y="18270"/></value>
<metadata author="">

</metadata>
</contour>
<contour name="Process 175" class="PointContour" color="#3fcfff" visible="true">
<created>Wed Jun 09 17:13:21 EDT 2010</created>
<edited>Wed Jun 09 17:13:21 EDT 2010</edited>
<value><point x="12706" y="19336"/></value>
<metadata author="">

</metadata>
</contour>
<contour name="Process 207" class="PointContour" color="#c2ff4a" visible="true">
<created>Thu Jun 10 13:20:21 EDT 2010</created>
<edited>Thu Jun 10 13:20:21 EDT 2010</edited>
<value><point x="12504" y="18116"/></value>
<metadata author="">

</metadata>
</contour>
<contour name="Process 175" class="PointContour" color="#3fcfff" visible="true">
<created>Wed Jun 09 17:13:21 EDT 2010</created>
<edited>Wed Jun 09 17:13:21 EDT 2010</edited>
<value><point x="12582" y="19320"/></value>
<metadata author="">

</metadata>
</contour>
<contour name="Process 135" class="PointContour" color="#c313ff" visible="true">
<created>Wed Jun 09 13:17:11 EDT 2010</created>
<edited>Wed Jun 09 13:17:11 EDT 2010</edited>
<value><point x="12616" y="18622"/></value>
<metadata author="">

</metadata>
</contour>
<contour name="Process 179" class="PointContour" color="#87acff" visible="true">
<created>Thu Jun 10 10:30:41 EDT 2010</created>
<edited>Thu Jun 10 10:30:41 EDT 2010</edited>
<value><point x="12038" y="19150"/></value>
<metadata author="">

</metadata>
</contour>
<contour name="Process 35" class="PointContour" color="#f76b06" visible="true">
<created>Mon Jun 07 16:35:45 EDT 2010</created>
<edited>Mon Jun 07 16:35:45 EDT 2010</edited>
<value><point x="12850" y="18726"/></value>
<metadata author="">

</metadata>
</contour>
<contour name="Process 28" class="PointContour" color="#d1a73a" visible="true">
<created>Thu Jun 03 11:20:25 EDT 2010</created>
<edited>Thu Jun 03 11:20:25 EDT 2010</edited>
<value><point x="12500" y="18962"/></value>
<metadata author="">

</metadata>
</contour>
<contour name="Process 186" class="PointContour" color="#ff431a" visible="true">
<created>Thu Jun 10 12:27:00 EDT 2010</created>
<edited>Thu Jun 10 12:27:00 EDT 2010</edited>
<value><point x="11254" y="18418"/></value>
<metadata author="">

</metadata>
</contour>
<contour name="Process 31" class="PointContour" color="#d9d331" visible="true">
<created>Mon Jun 07 16:22:12 EDT 2010</created>
<edited>Mon Jun 07 16:22:12 EDT 2010</edited>
<value><point x="11772" y="18152"/></value>
<metadata author="">

</metadata>
</contour>
<contour name="Process 10" class="PointContour" color="#ff17f0" visible="true">
<created>Wed Jun 02 17:11:13 EDT 2010</created>
<edited>Wed Jun 02 17:11:13 EDT 2010</edited>
<value><point x="11842" y="18020"/></value>
<metadata author="">

</metadata>
</contour>
<contour name="Process 28" class="PointContour" color="#d1a73a" visible="true">
<created>Thu Jun 03 11:20:25 EDT 2010</created>
<edited>Thu Jun 03 11:20:25 EDT 2010</edited>
<value><point x="11842" y="18860"/></value>
<metadata author="">

</metadata>
</contour>
<contour name="Process 175" class="PointContour" color="#3fcfff" visible="true">
<created>Wed Jun 09 17:13:21 EDT 2010</created>
<edited>Wed Jun 09 17:13:21 EDT 2010</edited>
<value><point x="12728" y="19338"/></value>
<metadata author="">

</metadata>
</contour>
<contour name="Process 248" class="PointContour" color="#959f5d" visible="true">
<created>Fri Jun 11 12:23:01 EDT 2010</created>
<edited>Fri Jun 11 12:23:01 EDT 2010</edited>
<value><point x="11060" y="17520"/></value>
<metadata author="">

</metadata>
</contour>
<contour name="Process 252" class="PointContour" color="#c5ccaa" visible="true">
<created>Fri Jun 11 12:50:51 EDT 2010</created>
<edited>Fri Jun 11 12:50:51 EDT 2010</edited>
<value><point x="12982" y="18392"/></value>
<metadata author="">

</metadata>
</contour>
<contour name="Process 29" class="PointContour" color="#7aff76" visible="true">
<created>Mon Jun 07 16:09:36 EDT 2010</created>
<edited>Mon Jun 07 16:09:36 EDT 2010</edited>
<value><point x="12238" y="17500"/></value>
<metadata author="">

</metadata>
</contour>
<contour name="Process 8" class="PointContour" color="#2d23ff" visible="true">
<created>Wed Jun 02 17:05:27 EDT 2010</created>
<edited>Wed Jun 02 17:05:27 EDT 2010</edited>
<value><point x="12406" y="18268"/></value>
<metadata author="">

</metadata>
</contour>
<contour name="Process 28" class="PointContour" color="#d1a73a" visible="true">
<created>Thu Jun 03 11:21:02 EDT 2010</created>
<edited>Thu Jun 03 11:21:02 EDT 2010</edited>
<value><point x="11944" y="19108"/></value>
<metadata author="">

</metadata>
</contour>
<contour name="Process 135" class="PointContour" color="#c313ff" visible="true">
<created>Wed Jun 09 13:17:11 EDT 2010</created>
<edited>Wed Jun 09 13:17:11 EDT 2010</edited>
<value><point x="12478" y="18584"/></value>
<metadata author="">

</metadata>
</contour>
<contour name="Process 158" class="PointContour" color="#ff7fcd" visible="true">
<created>Wed Jun 09 15:48:43 EDT 2010</created>
<edited>Wed Jun 09 15:48:43 EDT 2010</edited>
<value><point x="11284" y="18056"/></value>
<metadata author="">

</metadata>
</contour>
<contour name="Process 28" class="PointContour" color="#d1a73a" visible="true">
<created>Thu Jun 03 11:27:47 EDT 2010</created>
<edited>Thu Jun 03 11:27:47 EDT 2010</edited>
<value><point x="11598" y="18262"/></value>
<metadata author="">

</metadata>
</contour>
<contour name="Process 171" class="PointContour" color="#d0ff5f" visible="true">
<created>Wed Jun 09 16:52:19 EDT 2010</created>
<edited>Wed Jun 09 16:52:19 EDT 2010</edited>
<value><point x="12964" y="18088"/></value>
<metadata author="">

</metadata>
</contour>
<contour name="Process 28" class="PointContour" color="#d1a73a" visible="true">
<created>Thu Jun 03 11:20:25 EDT 2010</created>
<edited>Thu Jun 03 11:20:25 EDT 2010</edited>
<value><point x="12720" y="18996"/></value>
<metadata author="">

</metadata>
</contour>
<contour name="Process 135" class="PointContour" color="#c313ff" visible="true">
<created>Wed Jun 09 13:17:11 EDT 2010</created>
<edited>Wed Jun 09 13:17:11 EDT 2010</edited>
<value><point x="12358" y="18550"/></value>
<metadata author="">

</metadata>
</contour>
<contour name="Process 28" class="PointContour" color="#d1a73a" visible="true">
<created>Thu Jun 03 11:20:25 EDT 2010</created>
<edited>Thu Jun 03 11:20:25 EDT 2010</edited>
<value><point x="11764" y="18848"/></value>
<metadata author="">

</metadata>
</contour>
<contour name="Process 135" class="PointContour" color="#c313ff" visible="true">
<created>Wed Jun 09 13:17:11 EDT 2010</created>
<edited>Wed Jun 09 13:17:11 EDT 2010</edited>
<value><point x="12676" y="18640"/></value>
<metadata author="">

</metadata>
</contour>
<contour name="Process 135" class="PointContour" color="#c313ff" visible="true">
<created>Wed Jun 09 13:17:11 EDT 2010</created>
<edited>Wed Jun 09 13:17:11 EDT 2010</edited>
<value><point x="12596" y="18618"/></value>
<metadata author="">

</metadata>
</contour>
<contour name="Process 28" class="PointContour" color="#d1a73a" visible="true">
<created>Thu Jun 03 11:20:25 EDT 2010</created>
<edited>Thu Jun 03 11:20:25 EDT 2010</edited>
<value><point x="12342" y="18938"/></value>
<metadata author="">

</metadata>
</contour>
<contour name="Process 28" class="PointContour" color="#d1a73a" visible="true">
<created>Thu Jun 03 11:21:26 EDT 2010</created>
<edited>Thu Jun 03 11:21:26 EDT 2010</edited>
<value><point x="12378" y="19362"/></value>
<metadata author="">

</metadata>
</contour>
<contour name="Process 28" class="PointContour" color="#d1a73a" visible="true">
<created>Thu Jun 03 11:20:25 EDT 2010</created>
<edited>Thu Jun 03 11:20:25 EDT 2010</edited>
<value><point x="12400" y="18946"/></value>
<metadata author="">

</metadata>
</contour>
<contour name="Process 237" class="PointContour" color="#62a80d" visible="true">
<created>Fri Jun 11 11:22:22 EDT 2010</created>
<edited>Fri Jun 11 11:22:22 EDT 2010</edited>
<value><point x="12158" y="17888"/></value>
<metadata author="">

</metadata>
</contour>
<contour name="Process 175" class="PointContour" color="#3fcfff" visible="true">
<created>Wed Jun 09 17:13:21 EDT 2010</created>
<edited>Wed Jun 09 17:13:21 EDT 2010</edited>
<value><point x="12852" y="19354"/></value>
<metadata author="">

</metadata>
</contour>
<contour name="Process 175" class="PointContour" color="#3fcfff" visible="true">
<created>Wed Jun 09 17:13:21 EDT 2010</created>
<edited>Wed Jun 09 17:13:21 EDT 2010</edited>
<value><point x="12872" y="19356"/></value>
<metadata author="">

</metadata>
</contour>
<contour name="Process 52" class="PointContour" color="#b10aff" visible="true">
<created>Mon Jun 07 17:20:57 EDT 2010</created>
<edited>Mon Jun 07 17:20:57 EDT 2010</edited>
<value><point x="12206" y="18052"/></value>
<metadata author="">

</metadata>
</contour>
<contour name="Process 135" class="PointContour" color="#c313ff" visible="true">
<created>Wed Jun 09 13:17:11 EDT 2010</created>
<edited>Wed Jun 09 13:17:11 EDT 2010</edited>
<value><point x="12418" y="18566"/></value>
<metadata author="">

</metadata>
</contour>
<contour name="Process 200" class="PointContour" color="#8e1fff" visible="true">
<created>Thu Jun 10 13:03:52 EDT 2010</created>
<edited>Thu Jun 10 13:03:52 EDT 2010</edited>
<value><point x="12224" y="18572"/></value>
<metadata author="">

</metadata>
</contour>
<contour name="Process 135" class="PointContour" color="#c313ff" visible="true">
<created>Wed Jun 09 13:17:11 EDT 2010</created>
<edited>Wed Jun 09 13:17:11 EDT 2010</edited>
<value><point x="12338" y="18544"/></value>
<metadata author="">

</metadata>
</contour>
<contour name="Process 28" class="PointContour" color="#d1a73a" visible="true">
<created>Thu Jun 03 11:20:25 EDT 2010</created>
<edited>Thu Jun 03 11:20:25 EDT 2010</edited>
<value><point x="12460" y="18956"/></value>
<metadata author="">

</metadata>
</contour>
<contour name="Process 263" class="PointContour" color="#22bc67" visible="true">
<created>Fri Jun 11 13:12:43 EDT 2010</created>
<edited>Fri Jun 11 13:12:43 EDT 2010</edited>
<value><point x="11804" y="19372"/></value>
<metadata author="">

</metadata>
</contour>
<contour name="Process 189" class="PointContour" color="#ffadba" visible="true">
<created>Thu Jun 10 12:32:36 EDT 2010</created>
<edited>Thu Jun 10 12:32:36 EDT 2010</edited>
<value><point x="11732" y="19018"/></value>
<metadata author="">

</metadata>
</contour>
<contour name="Process 197" class="PointContour" color="#ff63b3" visible="true">
<created>Thu Jun 10 12:52:02 EDT 2010</created>
<edited>Thu Jun 10 12:52:02 EDT 2010</edited>
<value><point x="12656" y="17774"/></value>
<metadata author="">

</metadata>
</contour>
<contour name="Process 66" class="PointContour" color="#bcff07" visible="true">
<created>Mon Jun 07 17:37:50 EDT 2010</created>
<edited>Mon Jun 07 17:37:50 EDT 2010</edited>
<value><point x="12254" y="18172"/></value>
<metadata author="">

</metadata>
</contour>
<contour name="Process 177" class="PointContour" color="#e0ff0f" visible="true">
<created>Thu Jun 10 10:27:16 EDT 2010</created>
<edited>Thu Jun 10 10:27:16 EDT 2010</edited>
<value><point x="12890" y="18798"/></value>
<metadata author="">

</metadata>
</contour>
<contour name="Process 242" class="PointContour" color="#33ba58" visible="true">
<created>Fri Jun 11 11:24:47 EDT 2010</created>
<edited>Fri Jun 11 11:24:47 EDT 2010</edited>
<value><point x="12602" y="17594"/></value>
<metadata author="">

</metadata>
</contour>
<contour name="Process 7" class="PointContour" color="#10fffb" visible="true">
<created>Wed Jun 02 16:50:05 EDT 2010</created>
<edited>Wed Jun 02 16:50:05 EDT 2010</edited>
<value><point x="11350" y="19408"/></value>
<metadata author="">

</metadata>
</contour>
<contour name="Process 28" class="PointContour" color="#d1a73a" visible="true">
<created>Thu Jun 03 11:20:25 EDT 2010</created>
<edited>Thu Jun 03 11:20:25 EDT 2010</edited>
<value><point x="12640" y="18984"/></value>
<metadata author="">

</metadata>
</contour>
<contour name="Process 4" class="PointContour" color="#fff812" visible="true">
<created>Wed Jun 02 16:27:34 EDT 2010</created>
<edited>Wed Jun 02 16:27:34 EDT 2010</edited>
<value><point x="11134" y="17708"/></value>
<metadata author="">

</metadata>
</contour>
<contour name="Process 175" class="PointContour" color="#3fcfff" visible="true">
<created>Wed Jun 09 17:13:21 EDT 2010</created>
<edited>Wed Jun 09 17:13:21 EDT 2010</edited>
<value><point x="12542" y="19316"/></value>
<metadata author="">

</metadata>
</contour>
<contour name="Process 51" class="PointContour" color="#8906ff" visible="true">
<created>Mon Jun 07 17:19:26 EDT 2010</created>
<edited>Mon Jun 07 17:19:26 EDT 2010</edited>
<value><point x="12306" y="18084"/></value>
<metadata author="">

</metadata>
</contour>
<contour name="Process 175" class="PointContour" color="#3fcfff" visible="true">
<created>Wed Jun 09 17:13:21 EDT 2010</created>
<edited>Wed Jun 09 17:13:21 EDT 2010</edited>
<value><point x="12604" y="19322"/></value>
<metadata author="">

</metadata>
</contour>
<contour name="Process 28" class="PointContour" color="#d1a73a" visible="true">
<created>Thu Jun 03 11:20:25 EDT 2010</created>
<edited>Thu Jun 03 11:20:25 EDT 2010</edited>
<value><point x="12282" y="18928"/></value>
<metadata author="">

</metadata>
</contour>
<contour name="Process 268" class="PointContour" color="#c92afa" visible="true">
<created>Fri Jun 11 16:11:25 EDT 2010</created>
<edited>Fri Jun 11 16:11:25 EDT 2010</edited>
<value><point x="12484" y="19256"/></value>
<metadata author="">

</metadata>
</contour>
<contour name="Process 272" class="PointContour" color="#864f91" visible="true">
<created>Fri Jun 11 16:58:47 EDT 2010</created>
<edited>Fri Jun 11 16:58:47 EDT 2010</edited>
<value><point x="11610" y="17672"/></value>
<metadata author="">

</metadata>
</contour>
<contour name="Process 273" class="PointContour" color="#a69f8c" visible="true">
<created>Fri Jun 11 16:59:27 EDT 2010</created>
<edited>Fri Jun 11 16:59:27 EDT 2010</edited>
<value><point x="12508" y="19424"/></value>
<metadata author="">

</metadata>
</contour>
<contour name="Process 279" class="PointContour" color="#37a347" visible="true">
<created>Mon Jun 14 12:38:03 EDT 2010</created>
<edited>Mon Jun 14 12:38:03 EDT 2010</edited>
<value><point x="12380" y="19444"/></value>
<metadata author="">

</metadata>
</contour>
<contour name="Process 200" class="PointContour" color="#8e1fff" visible="true">
<created>Mon Jun 14 12:39:38 EDT 2010</created>
<edited>Mon Jun 14 12:39:38 EDT 2010</edited>
<value><point x="11226" y="18008"/></value>
<metadata author="">

</metadata>
</contour>
<contour name="Process 281" class="PointContour" color="#ced192" visible="true">
<created>Mon Jun 14 12:42:18 EDT 2010</created>
<edited>Mon Jun 14 12:42:18 EDT 2010</edited>
<value><point x="11936" y="18726"/></value>
<metadata author="">

</metadata>
</contour>
<contour name="Process 282" class="PointContour" color="#92391c" visible="true">
<created>Mon Jun 14 12:42:43 EDT 2010</created>
<edited>Mon Jun 14 12:42:43 EDT 2010</edited>
<value><point x="12818" y="18834"/></value>
<metadata author="">

</metadata>
</contour>
<contour name="Process 282" class="PointContour" color="#92391c" visible="true">
<created>Mon Jun 14 12:42:57 EDT 2010</created>
<edited>Mon Jun 14 12:42:57 EDT 2010</edited>
<value><point x="12172" y="18662"/></value>
<metadata author="">

</metadata>
</contour>
<contour name="Process 284" class="PointContour" color="#42cb4e" visible="true">
<created>Mon Jun 14 12:51:26 EDT 2010</created>
<edited>Mon Jun 14 12:51:26 EDT 2010</edited>
<value><point x="10986" y="18988"/></value>
<metadata author="">

</metadata>
</contour>
<contour name="Process 301" class="PointContour" color="#ee987c" visible="true">
<created>Tue Jun 15 13:23:27 EDT 2010</created>
<edited>Tue Jun 15 13:23:27 EDT 2010</edited>
<value><point x="12266" y="18144"/></value>
<metadata author="">

</metadata>
</contour>
<contour name="Process 307" class="PointContour" color="#bc7f1e" visible="true">
<created>Tue Jun 15 14:37:06 EDT 2010</created>
<edited>Tue Jun 15 14:37:06 EDT 2010</edited>
<value><point x="12382" y="17452"/></value>
<metadata author="">

</metadata>
</contour>
<contour name="Process 309" class="PointContour" color="#ec9472" visible="true">
<created>Tue Jun 15 14:44:20 EDT 2010</created>
<edited>Tue Jun 15 14:44:20 EDT 2010</edited>
<value><point x="11180" y="19112"/></value>
<metadata author="">

</metadata>
</contour>
<contour name="Process 311" class="PointContour" color="#0b7893" visible="true">
<created>Tue Jun 15 14:47:57 EDT 2010</created>
<edited>Tue Jun 15 14:47:57 EDT 2010</edited>
<value><point x="11996" y="19320"/></value>
<metadata author="">

</metadata>
</contour>
<contour name="Process 315" class="PointContour" color="#e8b752" visible="true">
<created>Tue Jun 15 14:58:49 EDT 2010</created>
<edited>Tue Jun 15 14:58:49 EDT 2010</edited>
<value><point x="10986" y="18780"/></value>
<metadata author="">

</metadata>
</contour>
<contour name="Process 316" class="PointContour" color="#d12438" visible="true">
<created>Tue Jun 15 14:59:51 EDT 2010</created>
<edited>Tue Jun 15 14:59:51 EDT 2010</edited>
<value><point x="11036" y="18482"/></value>
<metadata author="">

</metadata>
</contour>
<contour name="Process 316" class="PointContour" color="#d12438" visible="true">
<created>Tue Jun 15 15:00:18 EDT 2010</created>
<edited>Tue Jun 15 15:00:18 EDT 2010</edited>
<value><point x="11948" y="18630"/></value>
<metadata author="">

</metadata>
</contour>
<contour name="Process 316" class="PointContour" color="#d12438" visible="true">
<created>Tue Jun 15 15:00:28 EDT 2010</created>
<edited>Tue Jun 15 15:00:28 EDT 2010</edited>
<value><point x="12228" y="18710"/></value>
<metadata author="">

</metadata>
</contour>
<contour name="Process 270" class="PointContour" color="#a20df4" visible="true">
<created>Tue Jun 15 15:03:14 EDT 2010</created>
<edited>Tue Jun 15 15:03:14 EDT 2010</edited>
<value><point x="12212" y="17732"/></value>
<metadata author="">

</metadata>
</contour>
<contour name="Process 270" class="PointContour" color="#a20df4" visible="true">
<created>Tue Jun 15 15:03:14 EDT 2010</created>
<edited>Tue Jun 15 15:03:14 EDT 2010</edited>
<value><point x="12228" y="17744"/></value>
<metadata author="">

</metadata>
</contour>
<contour name="Process 270" class="PointContour" color="#a20df4" visible="true">
<created>Tue Jun 15 15:03:14 EDT 2010</created>
<edited>Tue Jun 15 15:03:14 EDT 2010</edited>
<value><point x="12244" y="17756"/></value>
<metadata author="">

</metadata>
</contour>
<contour name="Process 270" class="PointContour" color="#a20df4" visible="true">
<created>Tue Jun 15 15:03:14 EDT 2010</created>
<edited>Tue Jun 15 15:03:14 EDT 2010</edited>
<value><point x="12260" y="17768"/></value>
<metadata author="">

</metadata>
</contour>
<contour name="Process 270" class="PointContour" color="#a20df4" visible="true">
<created>Tue Jun 15 15:03:14 EDT 2010</created>
<edited>Tue Jun 15 15:03:14 EDT 2010</edited>
<value><point x="12278" y="17780"/></value>
<metadata author="">

</metadata>
</contour>
<contour name="Process 270" class="PointContour" color="#a20df4" visible="true">
<created>Tue Jun 15 15:03:14 EDT 2010</created>
<edited>Tue Jun 15 15:03:14 EDT 2010</edited>
<value><point x="12294" y="17792"/></value>
<metadata author="">

</metadata>
</contour>
<contour name="Process 270" class="PointContour" color="#a20df4" visible="true">
<created>Tue Jun 15 15:03:14 EDT 2010</created>
<edited>Tue Jun 15 15:03:14 EDT 2010</edited>
<value><point x="12310" y="17804"/></value>
<metadata author="">

</metadata>
</contour>
<contour name="Process 270" class="PointContour" color="#a20df4" visible="true">
<created>Tue Jun 15 15:03:14 EDT 2010</created>
<edited>Tue Jun 15 15:03:14 EDT 2010</edited>
<value><point x="12326" y="17816"/></value>
<metadata author="">

</metadata>
</contour>
<contour name="Process 270" class="PointContour" color="#a20df4" visible="true">
<created>Tue Jun 15 15:03:14 EDT 2010</created>
<edited>Tue Jun 15 15:03:14 EDT 2010</edited>
<value><point x="12344" y="17828"/></value>
<metadata author="">

</metadata>
</contour>
<contour name="Process 270" class="PointContour" color="#a20df4" visible="true">
<created>Tue Jun 15 15:03:14 EDT 2010</created>
<edited>Tue Jun 15 15:03:14 EDT 2010</edited>
<value><point x="12360" y="17840"/></value>
<metadata author="">

</metadata>
</contour>
<contour name="Process 270" class="PointContour" color="#a20df4" visible="true">
<created>Tue Jun 15 15:03:14 EDT 2010</created>
<edited>Tue Jun 15 15:03:14 EDT 2010</edited>
<value><point x="12376" y="17852"/></value>
<metadata author="">

</metadata>
</contour>
<contour name="Process 270" class="PointContour" color="#a20df4" visible="true">
<created>Tue Jun 15 15:03:14 EDT 2010</created>
<edited>Tue Jun 15 15:03:14 EDT 2010</edited>
<value><point x="12392" y="17864"/></value>
<metadata author="">

</metadata>
</contour>
<contour name="Process 270" class="PointContour" color="#a20df4" visible="true">
<created>Tue Jun 15 15:03:14 EDT 2010</created>
<edited>Tue Jun 15 15:03:14 EDT 2010</edited>
<value><point x="12410" y="17876"/></value>
<metadata author="">

</metadata>
</contour>
<contour name="Process 270" class="PointContour" color="#a20df4" visible="true">
<created>Tue Jun 15 15:03:14 EDT 2010</created>
<edited>Tue Jun 15 15:03:14 EDT 2010</edited>
<value><point x="12426" y="17888"/></value>
<metadata author="">

</metadata>
</contour>
<contour name="Process 270" class="PointContour" color="#a20df4" visible="true">
<created>Tue Jun 15 15:03:14 EDT 2010</created>
<edited>Tue Jun 15 15:03:14 EDT 2010</edited>
<value><point x="12442" y="17900"/></value>
<metadata author="">

</metadata>
</contour>
<contour name="Process 270" class="PointContour" color="#a20df4" visible="true">
<created>Tue Jun 15 15:03:14 EDT 2010</created>
<edited>Tue Jun 15 15:03:14 EDT 2010</edited>
<value><point x="12458" y="17912"/></value>
<metadata author="">

</metadata>
</contour>
<contour name="Process 270" class="PointContour" color="#a20df4" visible="true">
<created>Tue Jun 15 15:03:14 EDT 2010</created>
<edited>Tue Jun 15 15:03:14 EDT 2010</edited>
<value><point x="12476" y="17924"/></value>
<metadata author="">

</metadata>
</contour>
<contour name="Process 270" class="PointContour" color="#a20df4" visible="true">
<created>Tue Jun 15 15:03:14 EDT 2010</created>
<edited>Tue Jun 15 15:03:14 EDT 2010</edited>
<value><point x="12492" y="17936"/></value>
<metadata author="">

</metadata>
</contour>
<contour name="Process 270" class="PointContour" color="#a20df4" visible="true">
<created>Tue Jun 15 15:03:14 EDT 2010</created>
<edited>Tue Jun 15 15:03:14 EDT 2010</edited>
<value><point x="12508" y="17948"/></value>
<metadata author="">

</metadata>
</contour>
<contour name="Process 320" class="PointContour" color="#c7c120" visible="true">
<created>Tue Jun 15 15:11:47 EDT 2010</created>
<edited>Tue Jun 15 15:11:47 EDT 2010</edited>
<value><point x="11678" y="17614"/></value>
<metadata author="">

</metadata>
</contour>
<contour name="Process 327" class="PointContour" color="#27a346" visible="true">
<created>Tue Jun 15 16:42:06 EDT 2010</created>
<edited>Tue Jun 15 16:42:06 EDT 2010</edited>
<value><point x="11026" y="17726"/></value>
<metadata author="">

</metadata>
</contour>
<contour name="Process 329" class="PointContour" color="#e17912" visible="true">
<created>Tue Jun 15 16:45:49 EDT 2010</created>
<edited>Tue Jun 15 16:45:49 EDT 2010</edited>
<value><point x="12828" y="17704"/></value>
<metadata author="">

</metadata>
</contour>
<contour name="Process 171" class="PointContour" color="#d0ff5f" visible="true">
<created>Tue Jun 15 17:42:34 EDT 2010</created>
<edited>Tue Jun 15 17:42:34 EDT 2010</edited>
<value><point x="11342" y="18248"/></value>
<metadata author="">

</metadata>
</contour>
<contour name="Process 348" class="PointContour" color="#5105c9" visible="true">
<created>Tue Jun 15 17:44:47 EDT 2010</created>
<edited>Tue Jun 15 17:44:47 EDT 2010</edited>
<value><point x="12360" y="18124"/></value>
<metadata author="">

</metadata>
</contour>
<contour name="Process 171" class="PointContour" color="#d0ff5f" visible="true">
<created>Tue Jun 15 17:45:50 EDT 2010</created>
<edited>Tue Jun 15 17:45:50 EDT 2010</edited>
<value><point x="12164" y="18562"/></value>
<metadata author="">

</metadata>
</contour>
<contour name="Process 171" class="PointContour" color="#d0ff5f" visible="true">
<created>Tue Jun 15 17:46:18 EDT 2010</created>
<edited>Tue Jun 15 17:46:18 EDT 2010</edited>
<value><point x="12152" y="18560"/></value>
<metadata author="">

</metadata>
</contour>
<contour name="Process 248" class="PointContour" color="#959f5d" visible="true">
<created>Wed Jun 23 10:01:26 EDT 2010</created>
<edited>Wed Jun 23 10:01:26 EDT 2010</edited>
<value><point x="11554" y="18614"/></value>
<metadata author="">

</metadata>
</contour>
<contour name="Process 248" class="PointContour" color="#959f5d" visible="true">
<created>Wed Jun 23 10:01:46 EDT 2010</created>
<edited>Wed Jun 23 10:01:46 EDT 2010</edited>
<value><point x="11598" y="18676"/></value>
<metadata author="">

</metadata>
</contour>
<contour name="Process 362" class="PointContour" color="#821322" visible="true">
<created>Wed Jun 23 11:41:21 EDT 2010</created>
<edited>Wed Jun 23 11:41:21 EDT 2010</edited>
<value><point x="11696" y="18600"/></value>
<metadata author="">

</metadata>
</contour>
<contour name="Process 363" class="PointContour" color="#70971f" visible="true">
<created>Wed Jun 23 11:42:51 EDT 2010</created>
<edited>Wed Jun 23 11:42:51 EDT 2010</edited>
<value><point x="11160" y="19082"/></value>
<metadata author="">

</metadata>
</contour>
<contour name="Process 363" class="PointContour" color="#70971f" visible="true">
<created>Wed Jun 23 11:43:37 EDT 2010</created>
<edited>Wed Jun 23 11:43:37 EDT 2010</edited>
<value><point x="11682" y="19326"/></value>
<metadata author="">

</metadata>
</contour>
<contour name="Process 363" class="PointContour" color="#70971f" visible="true">
<created>Wed Jun 23 11:44:07 EDT 2010</created>
<edited>Wed Jun 23 11:44:07 EDT 2010</edited>
<value><point x="11782" y="19432"/></value>
<metadata author="">

</metadata>
</contour>
<contour name="Process 364" class="PointContour" color="#5609f9" visible="true">
<created>Wed Jun 23 11:44:57 EDT 2010</created>
<edited>Wed Jun 23 11:44:57 EDT 2010</edited>
<value><point x="11100" y="19326"/></value>
<metadata author="">

</metadata>
</contour>
<contour name="Process 364" class="PointContour" color="#5609f9" visible="true">
<created>Wed Jun 23 11:45:55 EDT 2010</created>
<edited>Wed Jun 23 11:45:55 EDT 2010</edited>
<value><point x="11364" y="18824"/></value>
<metadata author="">

</metadata>
</contour>
<contour name="Process 231" class="PointContour" color="#cfc613" visible="true">
<created>Wed Jun 23 11:47:08 EDT 2010</created>
<edited>Wed Jun 23 11:47:08 EDT 2010</edited>
<value><point x="11234" y="19086"/></value>
<metadata author="">

</metadata>
</contour>
<contour name="Process 366" class="PointContour" color="#4ca9f6" visible="true">
<created>Wed Jun 23 11:48:00 EDT 2010</created>
<edited>Wed Jun 23 11:48:00 EDT 2010</edited>
<value><point x="10958" y="18852"/></value>
<metadata author="">

</metadata>
</contour>
<contour name="Process 200" class="PointContour" color="#8e1fff" visible="true">
<created>Wed Jun 23 12:20:15 EDT 2010</created>
<edited>Wed Jun 23 12:20:15 EDT 2010</edited>
<value><point x="11088" y="18898"/></value>
<metadata author="">

</metadata>
</contour>
<contour name="Process 396" class="PointContour" color="#750587" visible="true">
<created>Wed Jun 30 10:59:30 EDT 2010</created>
<edited>Wed Jun 30 10:59:30 EDT 2010</edited>
<value><point x="12296" y="19128"/></value>
<metadata author="">

</metadata>
</contour>
<contour name="Process 255" class="PointContour" color="#b84826" visible="true">
<created>Wed Jun 30 12:15:26 EDT 2010</created>
<edited>Wed Jun 30 12:15:26 EDT 2010</edited>
<value><point x="11252" y="17502"/></value>
<metadata author="">

</metadata>
</contour>
<contour name="Process 255" class="PointContour" color="#b84826" visible="true">
<created>Wed Jun 30 12:15:31 EDT 2010</created>
<edited>Wed Jun 30 12:15:31 EDT 2010</edited>
<value><point x="11102" y="17652"/></value>
<metadata author="">

</metadata>
</contour>
<contour name="Process 85" class="PointContour" color="#ff067f" visible="true">
<created>Wed Jun 30 17:51:17 EDT 2010</created>
<edited>Wed Jun 30 17:51:17 EDT 2010</edited>
<value><point x="11170" y="18766"/></value>
<metadata author="">

</metadata>
</contour>
<contour name="Process 397" class="PointContour" color="#24d322" visible="true">
<created>Thu Jul 01 10:56:21 EDT 2010</created>
<edited>Thu Jul 01 10:56:21 EDT 2010</edited>
<value><point x="12336" y="18010"/></value>
<metadata author="">

</metadata>
</contour>
<contour name="Process 200" class="PointContour" color="#8e1fff" visible="true">
<created>Thu Jul 01 10:57:04 EDT 2010</created>
<edited>Thu Jul 01 10:57:04 EDT 2010</edited>
<value><point x="12446" y="18010"/></value>
<metadata author="">

</metadata>
</contour>
<contour name="Process 398" class="PointContour" color="#8e3ec0" visible="true">
<created>Thu Jul 01 10:58:18 EDT 2010</created>
<edited>Thu Jul 01 10:58:18 EDT 2010</edited>
<value><point x="12750" y="17620"/></value>
<metadata author="">

</metadata>
</contour>
<contour name="Process 399" class="PointContour" color="#c631f2" visible="true">
<created>Thu Jul 01 10:59:18 EDT 2010</created>
<edited>Thu Jul 01 10:59:18 EDT 2010</edited>
<value><point x="12272" y="19292"/></value>
<metadata author="">

</metadata>
</contour>
<contour name="Process 400" class="PointContour" color="#1c79a0" visible="true">
<created>Thu Jul 01 11:00:04 EDT 2010</created>
<edited>Thu Jul 01 11:00:04 EDT 2010</edited>
<value><point x="11512" y="19004"/></value>
<metadata author="">

</metadata>
</contour>
<contour name="Process 400" class="PointContour" color="#1c79a0" visible="true">
<created>Thu Jul 01 11:00:45 EDT 2010</created>
<edited>Thu Jul 01 11:00:45 EDT 2010</edited>
<value><point x="11606" y="18806"/></value>
<metadata author="">

</metadata>
</contour>
<contour name="Process 403" class="PointContour" color="#5bb4fb" visible="true">
<created>Thu Jul 01 11:06:25 EDT 2010</created>
<edited>Thu Jul 01 11:06:25 EDT 2010</edited>
<value><point x="12980" y="18786"/></value>
<metadata author="">

</metadata>
</contour>
<contour name="Process 407" class="PointContour" color="#5cd6fd" visible="true">
<created>Thu Jul 01 11:21:51 EDT 2010</created>
<edited>Thu Jul 01 11:21:51 EDT 2010</edited>
<value><point x="11110" y="19068"/></value>
<metadata author="">

</metadata>
</contour>
<contour name="Process 411" class="PointContour" color="#f2f651" visible="true">
<created>Thu Jul 01 14:22:11 EDT 2010</created>
<edited>Thu Jul 01 14:22:11 EDT 2010</edited>
<value><point x="12016" y="19248"/></value>
<metadata author="">

</metadata>
</contour>
<contour name="Process 413" class="PointContour" color="#f086bb" visible="true">
<created>Thu Jul 01 14:31:53 EDT 2010</created>
<edited>Thu Jul 01 14:31:53 EDT 2010</edited>
<value><point x="11522" y="19334"/></value>
<metadata author="">

</metadata>
</contour>
<contour name="Process 259" class="PointContour" color="#a33eef" visible="true">
<created>Wed Jul 14 16:17:04 EDT 2010</created>
<edited>Wed Jul 14 16:17:04 EDT 2010</edited>
<value><point x="11428" y="17590"/></value>
<metadata author="">

</metadata>
</contour>
<contour name="Process 270" class="PointContour" color="#a20df4" visible="true">
<created>Wed Jul 14 16:22:32 EDT 2010</created>
<edited>Wed Jul 14 16:22:32 EDT 2010</edited>
<value><point x="11738" y="17470"/></value>
<metadata author="">

</metadata>
</contour>
<contour name="Process 419" class="PointContour" color="#9b68ba" visible="true">
<created>Thu Jul 15 13:15:24 EDT 2010</created>
<edited>Thu Jul 15 13:15:24 EDT 2010</edited>
<value><point x="11202" y="17724"/></value>
<metadata author="">

</metadata>
</contour>
<contour name="Process 430" class="PointContour" color="#d6b579" visible="true">
<created>Wed Nov 24 20:12:00 EST 2010</created>
<edited>Wed Nov 24 20:12:00 EST 2010</edited>
<value><point x="8673" y="18193"/></value>
<metadata author="">

</metadata>
</contour>
<contour name="Process 431" class="PointContour" color="#a298f6" visible="true">
<created>Wed Nov 24 20:20:31 EST 2010</created>
<edited>Wed Nov 24 20:20:31 EST 2010</edited>
<value><point x="10900" y="18000"/></value>
<metadata author="">

</metadata>
</contour>
<contour name="Process 440" class="PointContour" color="#dc71ad" visible="true">
<created>Thu Nov 25 14:22:51 EST 2010</created>
<edited>Thu Nov 25 14:22:51 EST 2010</edited>
<value><point x="11636" y="16982"/></value>
<metadata author="">

</metadata>
</contour>
<contour name="Process 442" class="PointContour" color="#04bb4c" visible="true">
<created>Thu Nov 25 15:14:32 EST 2010</created>
<edited>Thu Nov 25 15:14:32 EST 2010</edited>
<value><point x="11040" y="17168"/></value>
<metadata author="">

</metadata>
</contour>
<contour name="Process 444" class="PointContour" color="#b8aa00" visible="true">
<created>Thu Nov 25 19:43:06 EST 2010</created>
<edited>Thu Nov 25 19:43:06 EST 2010</edited>
<value><point x="12339" y="17178"/></value>
<metadata author="">

</metadata>
</contour>
<contour name="Process 446" class="PointContour" color="#717cf8" visible="true">
<created>Fri Nov 26 16:49:30 EST 2010</created>
<edited>Fri Nov 26 16:49:30 EST 2010</edited>
<value><point x="12266" y="17351"/></value>
<metadata author="">

</metadata>
</contour>
<contour name="Process 447" class="PointContour" color="#7a48fe" visible="true">
<created>Fri Nov 26 17:40:35 EST 2010</created>
<edited>Fri Nov 26 17:40:35 EST 2010</edited>
<value><point x="12124" y="17207"/></value>
<metadata author="">

</metadata>
</contour>
<contour name="Process 452" class="PointContour" color="#0612e3" visible="true">
<created>Fri Nov 26 21:30:43 EST 2010</created>
<edited>Fri Nov 26 21:30:43 EST 2010</edited>
<value><point x="11973" y="17383"/></value>
<metadata author="">

</metadata>
</contour>
<contour name="Process 462" class="PointContour" color="#e156ab" visible="true">
<created>Fri Dec 03 23:29:53 EST 2010</created>
<edited>Fri Dec 03 23:29:53 EST 2010</edited>
<value><point x="12196" y="17277"/></value>
<metadata author="">

</metadata>
</contour>
<contour name="Process 467" class="PointContour" color="#a56551" visible="true">
<created>Sat Dec 04 00:14:20 EST 2010</created>
<edited>Sat Dec 04 00:14:20 EST 2010</edited>
<value><point x="12263" y="20387"/></value>
<metadata author="">

</metadata>
</contour>
<contour name="Process 468" class="PointContour" color="#5025db" visible="true">
<created>Sat Dec 04 00:23:53 EST 2010</created>
<edited>Sat Dec 04 00:23:53 EST 2010</edited>
<value><point x="16337" y="15935"/></value>
<metadata author="">

</metadata>
</contour>
<contour name="Process 474" class="PointContour" color="#068f4d" visible="true">
<created>Tue Feb 08 14:14:27 EST 2011</created>
<edited>Tue Feb 08 14:14:27 EST 2011</edited>
<value><point x="7650" y="19144"/></value>
<metadata author="">

</metadata>
</contour>
<contour name="Process 475" class="PointContour" color="#5a9bb6" visible="true">
<created>Tue Feb 08 14:18:58 EST 2011</created>
<edited>Tue Feb 08 14:18:58 EST 2011</edited>
<value><point x="9848" y="21179"/></value>
<metadata author="">

</metadata>
</contour>
<contour name="Process 477" class="PointContour" color="#0146e8" visible="true">
<created>Tue Feb 08 14:54:32 EST 2011</created>
<edited>Tue Feb 08 14:54:32 EST 2011</edited>
<value><point x="11960" y="20733"/></value>
<metadata author="">

</metadata>
</contour>
<contour name="Process 484" class="PointContour" color="#cc7eb3" visible="true">
<created>Tue Feb 08 17:28:44 EST 2011</created>
<edited>Tue Feb 08 17:28:44 EST 2011</edited>
<value><point x="12669" y="19476"/></value>
<metadata author="">

</metadata>
</contour>
<contour name="Process 485" class="PointContour" color="#76b447" visible="true">
<created>Tue Feb 08 17:30:10 EST 2011</created>
<edited>Tue Feb 08 17:30:10 EST 2011</edited>
<value><point x="12570" y="19489"/></value>
<metadata author="">

</metadata>
</contour>
<contour name="Process 489" class="PointContour" color="#267e56" visible="true">
<created>Wed Feb 09 11:40:24 EST 2011</created>
<edited>Wed Feb 09 11:40:24 EST 2011</edited>
<value><point x="12795" y="19708"/></value>
<metadata author="">

</metadata>
</contour>
<contour name="Process 491" class="PointContour" color="#a4ddcc" visible="true">
<created>Wed Feb 09 12:00:22 EST 2011</created>
<edited>Wed Feb 09 12:00:22 EST 2011</edited>
<value><point x="12557" y="19855"/></value>
<metadata author="">

</metadata>
</contour>
<contour name="Process 492" class="PointContour" color="#3725ba" visible="true">
<created>Wed Feb 09 15:37:02 EST 2011</created>
<edited>Wed Feb 09 15:37:02 EST 2011</edited>
<value><point x="12960" y="19769"/></value>
<metadata author="">

</metadata>
</contour>
<contour name="Process 513" class="PointContour" color="#123cee" visible="true">
<created>Fri Feb 11 12:22:20 EST 2011</created>
<edited>Fri Feb 11 12:22:20 EST 2011</edited>
<value><point x="10268" y="19988"/></value>
<metadata author="">

</metadata>
</contour>
<contour name="Process 513" class="PointContour" color="#123cee" visible="true">
<created>Fri Feb 11 12:22:55 EST 2011</created>
<edited>Fri Feb 11 12:22:55 EST 2011</edited>
<value><point x="9735" y="20593"/></value>
<metadata author="">

</metadata>
</contour>
<contour name="Process 513" class="PointContour" color="#123cee" visible="true">
<created>Fri Feb 11 12:23:05 EST 2011</created>
<edited>Fri Feb 11 12:23:05 EST 2011</edited>
<value><point x="9162" y="20926"/></value>
<metadata author="">

</metadata>
</contour>
<contour name="Process 513" class="PointContour" color="#123cee" visible="true">
<created>Fri Feb 11 12:23:34 EST 2011</created>
<edited>Fri Feb 11 12:23:34 EST 2011</edited>
<value><point x="8413" y="21529"/></value>
<metadata author="">

</metadata>
</contour>
<contour name="Trail 15" class="PointContour" color="#46ffdc" visible="true">
<created>Thu Feb 17 10:56:11 EST 2011</created>
<edited>Thu Feb 17 10:56:11 EST 2011</edited>
<value><point x="9488" y="15041"/></value>
<metadata author="">

</metadata>
</contour>
<contour name="Trail 15" class="PointContour" color="#46ffdc" visible="true">
<created>Thu Feb 17 10:56:21 EST 2011</created>
<edited>Thu Feb 17 10:56:21 EST 2011</edited>
<value><point x="9275" y="14876"/></value>
<metadata author="">

</metadata>
</contour>
<contour name="Trail 15" class="PointContour" color="#46ffdc" visible="true">
<created>Thu Feb 17 10:56:39 EST 2011</created>
<edited>Thu Feb 17 10:56:39 EST 2011</edited>
<value><point x="9102" y="14876"/></value>
<metadata author="">

</metadata>
</contour>
<contour name="Trail 12" class="PointContour" color="#ffa568" visible="true">
<created>Thu Mar 10 15:00:28 EST 2011</created>
<edited>Thu Mar 10 15:00:28 EST 2011</edited>
<value><point x="9050" y="12304"/></value>
<metadata author="">

</metadata>
</contour>
<contour name="Trail 41" class="PointContour" color="#b2aff7" visible="true">
<created>Sun Mar 13 17:13:51 EDT 2011</created>
<edited>Sun Mar 13 17:13:51 EDT 2011</edited>
<value><point x="13019" y="17420"/></value>
<metadata author="">

</metadata>
</contour>
<contour name="Trail 127" class="PointContour" color="#ff9009" visible="true">
<created>Sun Mar 13 18:56:02 EDT 2011</created>
<edited>Sun Mar 13 18:56:02 EDT 2011</edited>
<value><point x="14114" y="18268"/></value>
<metadata author="">

</metadata>
</contour>
<contour name="Trail 146" class="PointContour" color="#a3c6ff" visible="true">
<created>Mon Mar 14 11:34:21 EDT 2011</created>
<edited>Mon Mar 14 11:34:21 EDT 2011</edited>
<value><point x="18243" y="18299"/></value>
<metadata author="">

</metadata>
</contour>
</contours>