<!--Last edited: 2011/03/14 19:51:15-->
<contours>
<contour name="Process 420" class="PointContour" color="#4fe1fe" visible="true">
<created>Wed Nov 24 16:51:25 EST 2010</created>
<edited>Wed Nov 24 16:51:25 EST 2010</edited>
<value><point x="9803" y="17640"/></value>
<metadata author="">

</metadata>
</contour>
<contour name="Process 421" class="PointContour" color="#e61dae" visible="true">
<created>Wed Nov 24 17:06:24 EST 2010</created>
<edited>Wed Nov 24 17:06:24 EST 2010</edited>
<value><point x="9452" y="17375"/></value>
<metadata author="">

</metadata>
</contour>
<contour name="Process 422" class="PointContour" color="#f8e1f2" visible="true">
<created>Wed Nov 24 17:22:47 EST 2010</created>
<edited>Wed Nov 24 17:22:47 EST 2010</edited>
<value><point x="7894" y="17326"/></value>
<metadata author="">

</metadata>
</contour>
<contour name="Process 424" class="PointContour" color="#f4ed50" visible="true">
<created>Wed Nov 24 18:03:41 EST 2010</created>
<edited>Wed Nov 24 18:03:41 EST 2010</edited>
<value><point x="9674" y="17516"/></value>
<metadata author="">

</metadata>
</contour>
<contour name="Process 425" class="PointContour" color="#b3923c" visible="true">
<created>Wed Nov 24 18:59:00 EST 2010</created>
<edited>Wed Nov 24 18:59:00 EST 2010</edited>
<value><point x="8568" y="18094"/></value>
<metadata author="">

</metadata>
</contour>
<contour name="Process 426" class="PointContour" color="#a969fa" visible="true">
<created>Wed Nov 24 19:15:30 EST 2010</created>
<edited>Wed Nov 24 19:15:30 EST 2010</edited>
<value><point x="9329" y="20443"/></value>
<metadata author="">

</metadata>
</contour>
<contour name="Process 427" class="PointContour" color="#2e69d9" visible="true">
<created>Wed Nov 24 19:28:22 EST 2010</created>
<edited>Wed Nov 24 19:28:22 EST 2010</edited>
<value><point x="7344" y="20887"/></value>
<metadata author="">

</metadata>
</contour>
<contour name="Process 428" class="PointContour" color="#fd30e1" visible="true">
<created>Wed Nov 24 19:52:24 EST 2010</created>
<edited>Wed Nov 24 19:52:24 EST 2010</edited>
<value><point x="9833" y="19064"/></value>
<metadata author="">

</metadata>
</contour>
<contour name="Process 431" class="PointContour" color="#a298f6" visible="true">
<created>Wed Nov 24 20:23:14 EST 2010</created>
<edited>Wed Nov 24 20:23:14 EST 2010</edited>
<value><point x="9851" y="20363"/></value>
<metadata author="">

</metadata>
</contour>
<contour name="Process 434" class="PointContour" color="#8a9f56" visible="true">
<created>Thu Nov 25 00:03:30 EST 2010</created>
<edited>Thu Nov 25 00:03:30 EST 2010</edited>
<value><point x="10436" y="17653"/></value>
<metadata author="">

</metadata>
</contour>
<contour name="Process 435" class="PointContour" color="#0430ee" visible="true">
<created>Thu Nov 25 00:13:29 EST 2010</created>
<edited>Thu Nov 25 00:13:29 EST 2010</edited>
<value><point x="10073" y="14525"/></value>
<metadata author="">

</metadata>
</contour>
<contour name="Process 435" class="PointContour" color="#0430ee" visible="true">
<created>Thu Nov 25 00:18:46 EST 2010</created>
<edited>Thu Nov 25 00:18:46 EST 2010</edited>
<value><point x="8594" y="10981"/></value>
<metadata author="">

</metadata>
</contour>
<contour name="Process 435" class="PointContour" color="#0430ee" visible="true">
<created>Thu Nov 25 00:19:54 EST 2010</created>
<edited>Thu Nov 25 00:19:54 EST 2010</edited>
<value><point x="8513" y="9519"/></value>
<metadata author="">

</metadata>
</contour>
<contour name="Process 441" class="PointContour" color="#d89428" visible="true">
<created>Thu Nov 25 14:44:06 EST 2010</created>
<edited>Thu Nov 25 14:44:06 EST 2010</edited>
<value><point x="13350" y="16076"/></value>
<metadata author="">

</metadata>
</contour>
<contour name="Process 443" class="PointContour" color="#a38ff2" visible="true">
<created>Thu Nov 25 19:26:33 EST 2010</created>
<edited>Thu Nov 25 19:26:33 EST 2010</edited>
<value><point x="10205" y="17122"/></value>
<metadata author="">

</metadata>
</contour>
<contour name="Process 449" class="PointContour" color="#697c74" visible="true">
<created>Fri Nov 26 18:02:29 EST 2010</created>
<edited>Fri Nov 26 18:02:29 EST 2010</edited>
<value><point x="11268" y="19324"/></value>
<metadata author="">

</metadata>
</contour>
<contour name="Process 450" class="PointContour" color="#866c5b" visible="true">
<created>Fri Nov 26 21:02:14 EST 2010</created>
<edited>Fri Nov 26 21:02:14 EST 2010</edited>
<value><point x="12331" y="16516"/></value>
<metadata author="">

</metadata>
</contour>
<contour name="Process 451" class="PointContour" color="#bcad85" visible="true">
<created>Fri Nov 26 21:12:34 EST 2010</created>
<edited>Fri Nov 26 21:12:34 EST 2010</edited>
<value><point x="13497" y="14089"/></value>
<metadata author="">

</metadata>
</contour>
<contour name="Process 451" class="PointContour" color="#bcad85" visible="true">
<created>Fri Nov 26 21:13:59 EST 2010</created>
<edited>Fri Nov 26 21:13:59 EST 2010</edited>
<value><point x="14758" y="12112"/></value>
<metadata author="">

</metadata>
</contour>
<contour name="Process 455" class="PointContour" color="#d456a5" visible="true">
<created>Sat Nov 27 12:38:14 EST 2010</created>
<edited>Sat Nov 27 12:38:14 EST 2010</edited>
<value><point x="10668" y="19067"/></value>
<metadata author="">

</metadata>
</contour>
<contour name="Process 456" class="PointContour" color="#cbbd91" visible="true">
<created>Sat Nov 27 12:47:39 EST 2010</created>
<edited>Sat Nov 27 12:47:39 EST 2010</edited>
<value><point x="12470" y="18734"/></value>
<metadata author="">

</metadata>
</contour>
<contour name="Process 457" class="PointContour" color="#f8a74f" visible="true">
<created>Sat Nov 27 12:57:56 EST 2010</created>
<edited>Sat Nov 27 12:57:56 EST 2010</edited>
<value><point x="12575" y="19076"/></value>
<metadata author="">

</metadata>
</contour>
<contour name="Process 458" class="PointContour" color="#10a180" visible="true">
<created>Sat Nov 27 13:08:18 EST 2010</created>
<edited>Sat Nov 27 13:08:18 EST 2010</edited>
<value><point x="12167" y="19086"/></value>
<metadata author="">

</metadata>
</contour>
<contour name="Process 459" class="PointContour" color="#15a084" visible="true">
<created>Sat Nov 27 14:12:17 EST 2010</created>
<edited>Sat Nov 27 14:12:17 EST 2010</edited>
<value><point x="11538" y="19588"/></value>
<metadata author="">

</metadata>
</contour>
<contour name="Process 460" class="PointContour" color="#782b43" visible="true">
<created>Fri Dec 03 15:16:34 EST 2010</created>
<edited>Fri Dec 03 15:16:34 EST 2010</edited>
<value><point x="17059" y="16544"/></value>
<metadata author="">

</metadata>
</contour>
<contour name="Process 465" class="PointContour" color="#ae4a09" visible="true">
<created>Fri Dec 03 23:56:20 EST 2010</created>
<edited>Fri Dec 03 23:56:20 EST 2010</edited>
<value><point x="11814" y="17053"/></value>
<metadata author="">

</metadata>
</contour>
<contour name="Process 466" class="PointContour" color="#722e57" visible="true">
<created>Sat Dec 04 00:05:29 EST 2010</created>
<edited>Sat Dec 04 00:05:29 EST 2010</edited>
<value><point x="10763" y="16592"/></value>
<metadata author="">

</metadata>
</contour>
<contour name="Process 469" class="PointContour" color="#7f3a2b" visible="true">
<created>Sat Dec 04 00:28:56 EST 2010</created>
<edited>Sat Dec 04 00:28:56 EST 2010</edited>
<value><point x="11251" y="20460"/></value>
<metadata author="">

</metadata>
</contour>
<contour name="Process 470" class="PointContour" color="#266149" visible="true">
<created>Sat Dec 04 13:31:50 EST 2010</created>
<edited>Sat Dec 04 13:31:50 EST 2010</edited>
<value><point x="9848" y="17688"/></value>
<metadata author="">

</metadata>
</contour>
<contour name="Process 471" class="PointContour" color="#da4772" visible="true">
<created>Sat Dec 04 13:38:56 EST 2010</created>
<edited>Sat Dec 04 13:38:56 EST 2010</edited>
<value><point x="9016" y="16559"/></value>
<metadata author="">

</metadata>
</contour>
<contour name="Process 473" class="PointContour" color="#811f28" visible="true">
<created>Tue Feb 08 14:01:43 EST 2011</created>
<edited>Tue Feb 08 14:01:43 EST 2011</edited>
<value><point x="13346" y="21219"/></value>
<metadata author="">

</metadata>
</contour>
<contour name="Process 478" class="PointContour" color="#4bab49" visible="true">
<created>Tue Feb 08 15:10:47 EST 2011</created>
<edited>Tue Feb 08 15:10:47 EST 2011</edited>
<value><point x="12787" y="20796"/></value>
<metadata author="">

</metadata>
</contour>
<contour name="Process 480" class="PointContour" color="#ace8dd" synapse="true" visible="true">
<created>Tue Feb 08 15:29:29 EST 2011</created>
<edited>Tue Feb 08 15:29:29 EST 2011</edited>
<value><point x="8735" y="20576"/></value>
<metadata author="">

</metadata>
</contour>
<contour name="Process 480" class="PointContour" color="#ace8dd" visible="true">
<created>Tue Feb 08 15:29:54 EST 2011</created>
<edited>Tue Feb 08 15:29:54 EST 2011</edited>
<value><point x="7979" y="20550"/></value>
<metadata author="">

</metadata>
</contour>
<contour name="Process 481" class="PointContour" color="#51749d" visible="true">
<created>Tue Feb 08 15:52:25 EST 2011</created>
<edited>Tue Feb 08 15:52:25 EST 2011</edited>
<value><point x="11215" y="20161"/></value>
<metadata author="">

</metadata>
</contour>
<contour name="Process 482" class="PointContour" color="#965dda" visible="true">
<created>Tue Feb 08 17:23:33 EST 2011</created>
<edited>Tue Feb 08 17:23:33 EST 2011</edited>
<value><point x="15877" y="23184"/></value>
<metadata author="">

</metadata>
</contour>
<contour name="Process 488" class="PointContour" color="#e590b3" visible="true">
<created>Wed Feb 09 10:44:45 EST 2011</created>
<edited>Wed Feb 09 10:44:45 EST 2011</edited>
<value><point x="12892" y="20811"/></value>
<metadata author="">

</metadata>
</contour>
<contour name="Process 493" class="PointContour" color="#754904" visible="true">
<created>Wed Feb 09 15:45:42 EST 2011</created>
<edited>Wed Feb 09 15:45:42 EST 2011</edited>
<value><point x="9845" y="21817"/></value>
<metadata author="">

</metadata>
</contour>
<contour name="Process 526" class="PointContour" color="#8d24e6" visible="true">
<created>Fri Feb 11 17:27:42 EST 2011</created>
<edited>Fri Feb 11 17:27:42 EST 2011</edited>
<value><point x="13511" y="19665"/></value>
<metadata author="">

</metadata>
</contour>
<contour name="Trail 527" class="PointContour" color="#453b96" visible="true">
<created>Mon Feb 14 11:19:33 EST 2011</created>
<edited>Mon Feb 14 11:19:33 EST 2011</edited>
<value><point x="16206" y="19741"/></value>
<metadata author="">

</metadata>
</contour>
<contour name="Trail 529" class="PointContour" color="#1ca7ed" visible="true">
<created>Mon Feb 14 11:33:44 EST 2011</created>
<edited>Mon Feb 14 11:33:44 EST 2011</edited>
<value><point x="10418" y="18846"/></value>
<metadata author="">

</metadata>
</contour>
<contour name="Trail 530" class="PointContour" color="#d5e631" visible="true">
<created>Mon Feb 14 11:38:51 EST 2011</created>
<edited>Mon Feb 14 11:38:51 EST 2011</edited>
<value><point x="10705" y="19117"/></value>
<metadata author="">

</metadata>
</contour>
<contour name="Trail 532" class="PointContour" color="#fabd81" visible="true">
<created>Mon Feb 14 11:47:02 EST 2011</created>
<edited>Mon Feb 14 11:47:02 EST 2011</edited>
<value><point x="10096" y="19420"/></value>
<metadata author="">

</metadata>
</contour>
<contour name="Trail 534" class="PointContour" color="#001c95" visible="true">
<created>Mon Feb 14 12:10:41 EST 2011</created>
<edited>Mon Feb 14 12:10:41 EST 2011</edited>
<value><point x="12125" y="19042"/></value>
<metadata author="">

</metadata>
</contour>
<contour name="Trail 535" class="PointContour" color="#bcc72b" visible="true">
<created>Mon Feb 14 12:55:34 EST 2011</created>
<edited>Mon Feb 14 12:55:34 EST 2011</edited>
<value><point x="11419" y="19428"/></value>
<metadata author="">

</metadata>
</contour>
<contour name="Trail 65" class="PointContour" color="#e3ff0e" visible="true">
<created>Mon Feb 14 15:24:43 EST 2011</created>
<edited>Mon Feb 14 15:24:43 EST 2011</edited>
<value><point x="11751" y="18122"/></value>
<metadata author="">

</metadata>
</contour>
<contour name="Trail 115" class="PointContour" color="#cbff04" visible="true">
<created>Mon Feb 14 15:35:00 EST 2011</created>
<edited>Mon Feb 14 15:35:00 EST 2011</edited>
<value><point x="13278" y="19521"/></value>
<metadata author="">

</metadata>
</contour>
<contour name="Trail 94" class="PointContour" color="#beff05" visible="true">
<created>Mon Feb 14 15:50:28 EST 2011</created>
<edited>Mon Feb 14 15:50:28 EST 2011</edited>
<value><point x="10300" y="20214"/></value>
<metadata author="">

</metadata>
</contour>
<contour name="Trail 49" class="PointContour" color="#4053cc" visible="true">
<created>Mon Feb 14 15:56:37 EST 2011</created>
<edited>Mon Feb 14 15:56:37 EST 2011</edited>
<value><point x="11325" y="19097"/></value>
<metadata author="">

</metadata>
</contour>
<contour name="Trail 159" class="PointContour" color="#afff08" visible="true">
<created>Mon Feb 14 16:06:33 EST 2011</created>
<edited>Mon Feb 14 16:06:33 EST 2011</edited>
<value><point x="11055" y="18523"/></value>
<metadata author="">

</metadata>
</contour>
<contour name="Trail 26" class="PointContour" color="#c21ebd" visible="true">
<created>Tue Feb 15 11:57:19 EST 2011</created>
<edited>Tue Feb 15 11:57:19 EST 2011</edited>
<value><point x="12078" y="18591"/></value>
<metadata author="">

</metadata>
</contour>
<contour name="Trail 38" class="PointContour" color="#f7edc9" visible="true">
<created>Tue Feb 15 12:01:56 EST 2011</created>
<edited>Tue Feb 15 12:01:56 EST 2011</edited>
<value><point x="12198" y="18336"/></value>
<metadata author="">

</metadata>
</contour>
<contour name="Trail 52" class="PointContour" color="#b10aff" visible="true">
<created>Tue Feb 15 12:17:33 EST 2011</created>
<edited>Tue Feb 15 12:17:33 EST 2011</edited>
<value><point x="12286" y="18407"/></value>
<metadata author="">

</metadata>
</contour>
<contour name="Trail 40" class="PointContour" color="#c4f7b5" visible="true">
<created>Tue Feb 15 12:22:25 EST 2011</created>
<edited>Tue Feb 15 12:22:25 EST 2011</edited>
<value><point x="12074" y="18385"/></value>
<metadata author="">

</metadata>
</contour>
<contour name="Trail 45" class="PointContour" color="#80d2ff" visible="true">
<created>Tue Feb 15 12:29:18 EST 2011</created>
<edited>Tue Feb 15 12:29:18 EST 2011</edited>
<value><point x="11471" y="17799"/></value>
<metadata author="">

</metadata>
</contour>
<contour name="Trail 86" class="PointContour" color="#ff067f" visible="true">
<created>Tue Feb 15 14:17:51 EST 2011</created>
<edited>Tue Feb 15 14:17:51 EST 2011</edited>
<value><point x="12416" y="17397"/></value>
<metadata author="">

</metadata>
</contour>
<contour name="Trail 97" class="PointContour" color="#05ff95" visible="true">
<created>Tue Feb 15 14:48:36 EST 2011</created>
<edited>Tue Feb 15 14:48:36 EST 2011</edited>
<value><point x="7487" y="17138"/></value>
<metadata author="">

</metadata>
</contour>
<contour name="Trail 97" class="PointContour" color="#05ff95" visible="true">
<created>Tue Feb 15 14:49:50 EST 2011</created>
<edited>Tue Feb 15 14:49:50 EST 2011</edited>
<value><point x="4290" y="16059"/></value>
<metadata author="">

</metadata>
</contour>
<contour name="Trail 39" class="PointContour" color="#a4f7f2" visible="true">
<created>Tue Feb 15 14:52:37 EST 2011</created>
<edited>Tue Feb 15 14:52:37 EST 2011</edited>
<value><point x="11019" y="18485"/></value>
<metadata author="">

</metadata>
</contour>
<contour name="Trail 205" class="PointContour" color="#0ddcff" visible="true">
<created>Tue Feb 15 15:02:08 EST 2011</created>
<edited>Tue Feb 15 15:02:08 EST 2011</edited>
<value><point x="11692" y="17235"/></value>
<metadata author="">

</metadata>
</contour>
<contour name="Trail 53" class="PointContour" color="#d507ff" visible="true">
<created>Tue Feb 15 16:24:04 EST 2011</created>
<edited>Tue Feb 15 16:24:04 EST 2011</edited>
<value><point x="12213" y="18901"/></value>
<metadata author="">

</metadata>
</contour>
<contour name="Trail 53" class="PointContour" color="#d507ff" visible="true">
<created>Tue Feb 15 16:24:04 EST 2011</created>
<edited>Tue Feb 15 16:24:04 EST 2011</edited>
<value><point x="12213" y="18901"/></value>
<metadata author="">

</metadata>
</contour>
<contour name="Trail 8" class="PointContour" color="#2d23ff" visible="true">
<created>Thu Feb 17 10:12:32 EST 2011</created>
<edited>Thu Feb 17 10:12:32 EST 2011</edited>
<value><point x="12323" y="18535"/></value>
<metadata author="">

</metadata>
</contour>
<contour name="Trail 15" class="PointContour" color="#46ffdc" visible="true">
<created>Thu Feb 17 10:19:50 EST 2011</created>
<edited>Thu Feb 17 10:19:50 EST 2011</edited>
<value><point x="10340" y="17089"/></value>
<metadata author="">

</metadata>
</contour>
<contour name="Trail 15" class="PointContour" color="#46ffdc" visible="true">
<created>Thu Feb 17 10:20:10 EST 2011</created>
<edited>Thu Feb 17 10:20:10 EST 2011</edited>
<value><point x="10135" y="16761"/></value>
<metadata author="">

</metadata>
</contour>
<contour name="Trail 96" class="PointContour" color="#55ff01" visible="true">
<created>Thu Feb 17 11:15:47 EST 2011</created>
<edited>Thu Feb 17 11:15:47 EST 2011</edited>
<value><point x="9901" y="20640"/></value>
<metadata author="">

</metadata>
</contour>
<contour name="Trail 12" class="PointContour" color="#ffa568" visible="true">
<created>Thu Mar 10 14:16:45 EST 2011</created>
<edited>Thu Mar 10 14:16:45 EST 2011</edited>
<value><point x="13365" y="18993"/></value>
<metadata author="">

</metadata>
</contour>
<contour name="Trail 25" class="PointContour" color="#448fc2" visible="true">
<created>Thu Mar 10 16:51:47 EST 2011</created>
<edited>Thu Mar 10 16:51:47 EST 2011</edited>
<value><point x="11344" y="16946"/></value>
<metadata author="">

</metadata>
</contour>
<contour name="Trail 33" class="PointContour" color="#f70fe0" visible="true">
<created>Sun Mar 13 16:39:51 EDT 2011</created>
<edited>Sun Mar 13 16:39:51 EDT 2011</edited>
<value><point x="12048" y="18277"/></value>
<metadata author="">

</metadata>
</contour>
<contour name="Trail 41" class="PointContour" color="#b2aff7" visible="true">
<created>Sun Mar 13 17:01:17 EDT 2011</created>
<edited>Sun Mar 13 17:01:17 EDT 2011</edited>
<value><point x="11302" y="17771"/></value>
<metadata author="">

</metadata>
</contour>
<contour name="Trail 127" class="PointContour" color="#ff9009" visible="true">
<created>Sun Mar 13 19:11:24 EDT 2011</created>
<edited>Sun Mar 13 19:11:24 EDT 2011</edited>
<value><point x="11893" y="18311"/></value>
<metadata author="">

</metadata>
</contour>
<contour name="Trail 134" class="PointContour" color="#0954ff" visible="true">
<created>Sun Mar 13 19:51:57 EDT 2011</created>
<edited>Sun Mar 13 19:51:57 EDT 2011</edited>
<value><point x="12108" y="15071"/></value>
<metadata author="">

</metadata>
</contour>
<contour name="Trail 134" class="PointContour" color="#0954ff" visible="true">
<created>Sun Mar 13 22:08:51 EDT 2011</created>
<edited>Sun Mar 13 22:08:51 EDT 2011</edited>
<value><point x="13233" y="22082"/></value>
<metadata author="">

</metadata>
</contour>
<contour name="Trail 134" class="PointContour" color="#0954ff" visible="true">
<created>Sun Mar 13 22:09:00 EDT 2011</created>
<edited>Sun Mar 13 22:09:00 EDT 2011</edited>
<value><point x="13081" y="22856"/></value>
<metadata author="">

</metadata>
</contour>
<contour name="Trail 187" class="PointContour" color="#afd2ff" visible="true">
<created>Mon Mar 14 11:50:44 EDT 2011</created>
<edited>Mon Mar 14 11:50:44 EDT 2011</edited>
<value><point x="7988" y="18634"/></value>
<metadata author="">

</metadata>
</contour>
</contours>