<!--Last edited: 2011/03/14 19:51:16-->
<contours>
<contour name="Process 420" class="PointContour" color="#4fe1fe" visible="true">
<created>Wed Nov 24 16:51:45 EST 2010</created>
<edited>Wed Nov 24 16:51:45 EST 2010</edited>
<value><point x="9268" y="17956"/></value>
<metadata author="">

</metadata>
</contour>
<contour name="Process 421" class="PointContour" color="#e61dae" visible="true">
<created>Wed Nov 24 17:07:04 EST 2010</created>
<edited>Wed Nov 24 17:07:04 EST 2010</edited>
<value><point x="9232" y="17310"/></value>
<metadata author="">

</metadata>
</contour>
<contour name="Process 422" class="PointContour" color="#f8e1f2" visible="true">
<created>Wed Nov 24 17:23:42 EST 2010</created>
<edited>Wed Nov 24 17:23:42 EST 2010</edited>
<value><point x="7415" y="17045"/></value>
<metadata author="">

</metadata>
</contour>
<contour name="Process 424" class="PointContour" color="#f4ed50" visible="true">
<created>Wed Nov 24 18:04:27 EST 2010</created>
<edited>Wed Nov 24 18:04:27 EST 2010</edited>
<value><point x="8938" y="17709"/></value>
<metadata author="">

</metadata>
</contour>
<contour name="Process 425" class="PointContour" color="#b3923c" visible="true">
<created>Wed Nov 24 19:02:20 EST 2010</created>
<edited>Wed Nov 24 19:02:20 EST 2010</edited>
<value><point x="7828" y="17479"/></value>
<metadata author="">

</metadata>
</contour>
<contour name="Process 426" class="PointContour" color="#a969fa" visible="true">
<created>Wed Nov 24 19:16:27 EST 2010</created>
<edited>Wed Nov 24 19:16:27 EST 2010</edited>
<value><point x="7821" y="20845"/></value>
<metadata author="">

</metadata>
</contour>
<contour name="Process 426" class="PointContour" color="#a969fa" visible="true">
<created>Wed Nov 24 19:17:01 EST 2010</created>
<edited>Wed Nov 24 19:17:01 EST 2010</edited>
<value><point x="6821" y="20866"/></value>
<metadata author="">

</metadata>
</contour>
<contour name="Process 427" class="PointContour" color="#2e69d9" visible="true">
<created>Wed Nov 24 19:29:45 EST 2010</created>
<edited>Wed Nov 24 19:29:45 EST 2010</edited>
<value><point x="5870" y="22275"/></value>
<metadata author="">

</metadata>
</contour>
<contour name="Process 428" class="PointContour" color="#fd30e1" visible="true">
<created>Wed Nov 24 19:53:20 EST 2010</created>
<edited>Wed Nov 24 19:53:20 EST 2010</edited>
<value><point x="9641" y="19683"/></value>
<metadata author="">

</metadata>
</contour>
<contour name="Process 431" class="PointContour" color="#a298f6" visible="true">
<created>Wed Nov 24 20:27:11 EST 2010</created>
<edited>Wed Nov 24 20:27:11 EST 2010</edited>
<value><point x="6010" y="22664"/></value>
<metadata author="">

</metadata>
</contour>
<contour name="Process 434" class="PointContour" color="#8a9f56" visible="true">
<created>Thu Nov 25 00:04:13 EST 2010</created>
<edited>Thu Nov 25 00:04:13 EST 2010</edited>
<value><point x="10531" y="16985"/></value>
<metadata author="">

</metadata>
</contour>
<contour name="Process 435" class="PointContour" color="#0430ee" visible="true">
<created>Thu Nov 25 00:14:36 EST 2010</created>
<edited>Thu Nov 25 00:14:36 EST 2010</edited>
<value><point x="9836" y="13670"/></value>
<metadata author="">

</metadata>
</contour>
<contour name="Process 435" class="PointContour" color="#0430ee" visible="true">
<created>Thu Nov 25 00:21:08 EST 2010</created>
<edited>Thu Nov 25 00:21:08 EST 2010</edited>
<value><point x="8417" y="9010"/></value>
<metadata author="">

</metadata>
</contour>
<contour name="Process 441" class="PointContour" color="#d89428" visible="true">
<created>Thu Nov 25 14:44:52 EST 2010</created>
<edited>Thu Nov 25 14:44:52 EST 2010</edited>
<value><point x="14291" y="15387"/></value>
<metadata author="">

</metadata>
</contour>
<contour name="Process 441" class="PointContour" color="#d89428" visible="true">
<created>Thu Nov 25 14:45:49 EST 2010</created>
<edited>Thu Nov 25 14:45:49 EST 2010</edited>
<value><point x="15066" y="14813"/></value>
<metadata author="">

</metadata>
</contour>
<contour name="Process 441" class="PointContour" color="#d89428" visible="true">
<created>Thu Nov 25 14:46:49 EST 2010</created>
<edited>Thu Nov 25 14:46:49 EST 2010</edited>
<value><point x="15501" y="13952"/></value>
<metadata author="">

</metadata>
</contour>
<contour name="Process 441" class="PointContour" color="#d89428" visible="true">
<created>Thu Nov 25 14:47:26 EST 2010</created>
<edited>Thu Nov 25 14:47:26 EST 2010</edited>
<value><point x="15825" y="13497"/></value>
<metadata author="">

</metadata>
</contour>
<contour name="Process 443" class="PointContour" color="#a38ff2" visible="true">
<created>Thu Nov 25 19:26:55 EST 2010</created>
<edited>Thu Nov 25 19:26:55 EST 2010</edited>
<value><point x="9985" y="17028"/></value>
<metadata author="">

</metadata>
</contour>
<contour name="Process 449" class="PointContour" color="#697c74" visible="true">
<created>Fri Nov 26 18:03:21 EST 2010</created>
<edited>Fri Nov 26 18:03:21 EST 2010</edited>
<value><point x="11552" y="18816"/></value>
<metadata author="">

</metadata>
</contour>
<contour name="Process 450" class="PointContour" color="#866c5b" visible="true">
<created>Fri Nov 26 21:02:32 EST 2010</created>
<edited>Fri Nov 26 21:02:32 EST 2010</edited>
<value><point x="12349" y="16426"/></value>
<metadata author="">

</metadata>
</contour>
<contour name="Process 451" class="PointContour" color="#bcad85" visible="true">
<created>Fri Nov 26 21:15:09 EST 2010</created>
<edited>Fri Nov 26 21:15:09 EST 2010</edited>
<value><point x="15500" y="11068"/></value>
<metadata author="">

</metadata>
</contour>
<contour name="Process 455" class="PointContour" color="#d456a5" visible="true">
<created>Sat Nov 27 12:38:54 EST 2010</created>
<edited>Sat Nov 27 12:38:54 EST 2010</edited>
<value><point x="10262" y="19453"/></value>
<metadata author="">

</metadata>
</contour>
<contour name="Process 456" class="PointContour" color="#cbbd91" visible="true">
<created>Sat Nov 27 12:48:07 EST 2010</created>
<edited>Sat Nov 27 12:48:07 EST 2010</edited>
<value><point x="12427" y="18780"/></value>
<metadata author="">

</metadata>
</contour>
<contour name="Process 457" class="PointContour" color="#f8a74f" visible="true">
<created>Sat Nov 27 12:58:35 EST 2010</created>
<edited>Sat Nov 27 12:58:35 EST 2010</edited>
<value><point x="12330" y="19386"/></value>
<metadata author="">

</metadata>
</contour>
<contour name="Process 458" class="PointContour" color="#10a180" visible="true">
<created>Sat Nov 27 13:08:44 EST 2010</created>
<edited>Sat Nov 27 13:08:44 EST 2010</edited>
<value><point x="12300" y="19157"/></value>
<metadata author="">

</metadata>
</contour>
<contour name="Process 459" class="PointContour" color="#15a084" visible="true">
<created>Sat Nov 27 14:13:08 EST 2010</created>
<edited>Sat Nov 27 14:13:08 EST 2010</edited>
<value><point x="12137" y="20307"/></value>
<metadata author="">

</metadata>
</contour>
<contour name="Process 465" class="PointContour" color="#ae4a09" visible="true">
<created>Fri Dec 03 23:56:42 EST 2010</created>
<edited>Fri Dec 03 23:56:42 EST 2010</edited>
<value><point x="11430" y="17102"/></value>
<metadata author="">

</metadata>
</contour>
<contour name="Process 466" class="PointContour" color="#722e57" visible="true">
<created>Sat Dec 04 00:05:51 EST 2010</created>
<edited>Sat Dec 04 00:05:51 EST 2010</edited>
<value><point x="10499" y="16554"/></value>
<metadata author="">

</metadata>
</contour>
<contour name="Process 469" class="PointContour" color="#7f3a2b" visible="true">
<created>Sat Dec 04 00:29:06 EST 2010</created>
<edited>Sat Dec 04 00:29:06 EST 2010</edited>
<value><point x="11142" y="20437"/></value>
<metadata author="">

</metadata>
</contour>
<contour name="Process 470" class="PointContour" color="#266149" visible="true">
<created>Sat Dec 04 13:32:12 EST 2010</created>
<edited>Sat Dec 04 13:32:12 EST 2010</edited>
<value><point x="9362" y="17871"/></value>
<metadata author="">

</metadata>
</contour>
<contour name="Process 471" class="PointContour" color="#da4772" visible="true">
<created>Sat Dec 04 13:39:20 EST 2010</created>
<edited>Sat Dec 04 13:39:20 EST 2010</edited>
<value><point x="8535" y="15436"/></value>
<metadata author="">

</metadata>
</contour>
<contour name="Process 473" class="PointContour" color="#811f28" visible="true">
<created>Tue Feb 08 14:02:30 EST 2011</created>
<edited>Tue Feb 08 14:02:30 EST 2011</edited>
<value><point x="13793" y="21868"/></value>
<metadata author="">

</metadata>
</contour>
<contour name="Process 478" class="PointContour" color="#4bab49" visible="true">
<created>Tue Feb 08 15:12:22 EST 2011</created>
<edited>Tue Feb 08 15:12:22 EST 2011</edited>
<value><point x="15339" y="22163"/></value>
<metadata author="">

</metadata>
</contour>
<contour name="Process 480" class="PointContour" color="#ace8dd" visible="true">
<created>Tue Feb 08 15:30:35 EST 2011</created>
<edited>Tue Feb 08 15:30:35 EST 2011</edited>
<value><point x="6324" y="20484"/></value>
<metadata author="">

</metadata>
</contour>
<contour name="Process 481" class="PointContour" color="#51749d" visible="true">
<created>Tue Feb 08 15:52:49 EST 2011</created>
<edited>Tue Feb 08 15:52:49 EST 2011</edited>
<value><point x="10996" y="20356"/></value>
<metadata author="">

</metadata>
</contour>
<contour name="Process 482" class="PointContour" color="#965dda" visible="true">
<created>Tue Feb 08 17:24:05 EST 2011</created>
<edited>Tue Feb 08 17:24:05 EST 2011</edited>
<value><point x="16092" y="23412"/></value>
<metadata author="">

</metadata>
</contour>
<contour name="Process 488" class="PointContour" color="#e590b3" visible="true">
<created>Wed Feb 09 10:45:13 EST 2011</created>
<edited>Wed Feb 09 10:45:13 EST 2011</edited>
<value><point x="12965" y="20963"/></value>
<metadata author="">

</metadata>
</contour>
<contour name="Process 526" class="PointContour" color="#8d24e6" visible="true">
<created>Fri Feb 11 17:28:12 EST 2011</created>
<edited>Fri Feb 11 17:28:12 EST 2011</edited>
<value><point x="13743" y="19912"/></value>
<metadata author="">

</metadata>
</contour>
<contour name="Trail 529" class="PointContour" color="#1ca7ed" visible="true">
<created>Mon Feb 14 11:34:08 EST 2011</created>
<edited>Mon Feb 14 11:34:08 EST 2011</edited>
<value><point x="9870" y="18819"/></value>
<metadata author="">

</metadata>
</contour>
<contour name="Trail 530" class="PointContour" color="#d5e631" visible="true">
<created>Mon Feb 14 11:39:14 EST 2011</created>
<edited>Mon Feb 14 11:39:14 EST 2011</edited>
<value><point x="10146" y="19452"/></value>
<metadata author="">

</metadata>
</contour>
<contour name="Trail 532" class="PointContour" color="#fabd81" visible="true">
<created>Mon Feb 14 11:47:49 EST 2011</created>
<edited>Mon Feb 14 11:47:49 EST 2011</edited>
<value><point x="7238" y="19461"/></value>
<metadata author="">

</metadata>
</contour>
<contour name="Trail 534" class="PointContour" color="#001c95" visible="true">
<created>Mon Feb 14 12:11:08 EST 2011</created>
<edited>Mon Feb 14 12:11:08 EST 2011</edited>
<value><point x="12204" y="19189"/></value>
<metadata author="">

</metadata>
</contour>
<contour name="Trail 535" class="PointContour" color="#bcc72b" visible="true">
<created>Mon Feb 14 12:56:46 EST 2011</created>
<edited>Mon Feb 14 12:56:46 EST 2011</edited>
<value><point x="11180" y="18461"/></value>
<metadata author="">

</metadata>
</contour>
<contour name="Trail 65" class="PointContour" color="#e3ff0e" visible="true">
<created>Mon Feb 14 15:25:16 EST 2011</created>
<edited>Mon Feb 14 15:25:16 EST 2011</edited>
<value><point x="11531" y="17860"/></value>
<metadata author="">

</metadata>
</contour>
<contour name="Trail 115" class="PointContour" color="#cbff04" visible="true">
<created>Mon Feb 14 15:35:38 EST 2011</created>
<edited>Mon Feb 14 15:35:38 EST 2011</edited>
<value><point x="14306" y="19812"/></value>
<metadata author="">

</metadata>
</contour>
<contour name="Trail 94" class="PointContour" color="#beff05" visible="true">
<created>Mon Feb 14 15:51:21 EST 2011</created>
<edited>Mon Feb 14 15:51:21 EST 2011</edited>
<value><point x="9783" y="20888"/></value>
<metadata author="">

</metadata>
</contour>
<contour name="Trail 49" class="PointContour" color="#4053cc" visible="true">
<created>Mon Feb 14 15:57:14 EST 2011</created>
<edited>Mon Feb 14 15:57:14 EST 2011</edited>
<value><point x="10980" y="19555"/></value>
<metadata author="">

</metadata>
</contour>
<contour name="Trail 26" class="PointContour" color="#c21ebd" visible="true">
<created>Tue Feb 15 11:57:38 EST 2011</created>
<edited>Tue Feb 15 11:57:38 EST 2011</edited>
<value><point x="11847" y="18775"/></value>
<metadata author="">

</metadata>
</contour>
<contour name="Trail 38" class="PointContour" color="#f7edc9" visible="true">
<created>Tue Feb 15 12:02:18 EST 2011</created>
<edited>Tue Feb 15 12:02:18 EST 2011</edited>
<value><point x="12422" y="18191"/></value>
<metadata author="">

</metadata>
</contour>
<contour name="Trail 38" class="PointContour" color="#f7edc9" visible="true">
<created>Tue Feb 15 12:02:24 EST 2011</created>
<edited>Tue Feb 15 12:02:24 EST 2011</edited>
<value><point x="12394" y="18198"/></value>
<metadata author="">

</metadata>
</contour>
<contour name="Trail 52" class="PointContour" color="#b10aff" visible="true">
<created>Tue Feb 15 12:17:48 EST 2011</created>
<edited>Tue Feb 15 12:17:48 EST 2011</edited>
<value><point x="12383" y="18255"/></value>
<metadata author="">

</metadata>
</contour>
<contour name="Trail 40" class="PointContour" color="#c4f7b5" visible="true">
<created>Tue Feb 15 12:22:50 EST 2011</created>
<edited>Tue Feb 15 12:22:50 EST 2011</edited>
<value><point x="11871" y="18562"/></value>
<metadata author="">

</metadata>
</contour>
<contour name="Trail 45" class="PointContour" color="#80d2ff" visible="true">
<created>Tue Feb 15 12:29:57 EST 2011</created>
<edited>Tue Feb 15 12:29:57 EST 2011</edited>
<value><point x="11428" y="17438"/></value>
<metadata author="">

</metadata>
</contour>
<contour name="Trail 86" class="PointContour" color="#ff067f" visible="true">
<created>Tue Feb 15 14:18:16 EST 2011</created>
<edited>Tue Feb 15 14:18:16 EST 2011</edited>
<value><point x="12833" y="17312"/></value>
<metadata author="">

</metadata>
</contour>
<contour name="Trail 97" class="PointContour" color="#05ff95" synapse="true" visible="true">
<created>Tue Feb 15 14:50:13 EST 2011</created>
<edited>Tue Feb 15 14:50:13 EST 2011</edited>
<value><point x="3944" y="15492"/></value>
<metadata author="">

</metadata>
</contour>
<contour name="Trail 39" class="PointContour" color="#a4f7f2" visible="true">
<created>Tue Feb 15 14:53:03 EST 2011</created>
<edited>Tue Feb 15 14:53:03 EST 2011</edited>
<value><point x="10754" y="18529"/></value>
<metadata author="">

</metadata>
</contour>
<contour name="Trail 205" class="PointContour" color="#0ddcff" visible="true">
<created>Tue Feb 15 15:02:42 EST 2011</created>
<edited>Tue Feb 15 15:02:42 EST 2011</edited>
<value><point x="11657" y="17086"/></value>
<metadata author="">

</metadata>
</contour>
<contour name="Trail 53" class="PointContour" color="#d507ff" visible="true">
<created>Tue Feb 15 17:51:32 EST 2011</created>
<edited>Tue Feb 15 17:51:32 EST 2011</edited>
<value><point x="12126" y="19150"/></value>
<metadata author="">

</metadata>
</contour>
<contour name="Trail 8" class="PointContour" color="#2d23ff" visible="true">
<created>Thu Feb 17 10:12:50 EST 2011</created>
<edited>Thu Feb 17 10:12:50 EST 2011</edited>
<value><point x="12423" y="18733"/></value>
<metadata author="">

</metadata>
</contour>
<contour name="Trail 96" class="PointContour" color="#55ff01" visible="true">
<created>Thu Feb 17 11:16:22 EST 2011</created>
<edited>Thu Feb 17 11:16:22 EST 2011</edited>
<value><point x="9042" y="21318"/></value>
<metadata author="">

</metadata>
</contour>
<contour name="Trail 96" class="PointContour" color="#55ff01" visible="true">
<created>Thu Feb 17 11:16:30 EST 2011</created>
<edited>Thu Feb 17 11:16:30 EST 2011</edited>
<value><point x="8669" y="21406"/></value>
<metadata author="">

</metadata>
</contour>
<contour name="Trail 96" class="PointContour" color="#55ff01" visible="true">
<created>Thu Feb 17 11:18:06 EST 2011</created>
<edited>Thu Feb 17 11:18:06 EST 2011</edited>
<value><point x="4980" y="22716"/></value>
<metadata author="">

</metadata>
</contour>
<contour name="Trail 12" class="PointContour" color="#ffa568" visible="true">
<created>Thu Mar 10 14:17:26 EST 2011</created>
<edited>Thu Mar 10 14:17:26 EST 2011</edited>
<value><point x="13692" y="19276"/></value>
<metadata author="">

</metadata>
</contour>
<contour name="Trail 25" class="PointContour" color="#448fc2" visible="true">
<created>Thu Mar 10 16:56:11 EST 2011</created>
<edited>Thu Mar 10 16:56:11 EST 2011</edited>
<value><point x="11589" y="16426"/></value>
<metadata author="">

</metadata>
</contour>
<contour name="Trail 33" class="PointContour" color="#f70fe0" visible="true">
<created>Sun Mar 13 16:40:10 EDT 2011</created>
<edited>Sun Mar 13 16:40:10 EDT 2011</edited>
<value><point x="12545" y="18493"/></value>
<metadata author="">

</metadata>
</contour>
<contour name="Trail 41" class="PointContour" color="#b2aff7" visible="true">
<created>Sun Mar 13 17:01:39 EDT 2011</created>
<edited>Sun Mar 13 17:01:39 EDT 2011</edited>
<value><point x="10780" y="17629"/></value>
<metadata author="">

</metadata>
</contour>
<contour name="Trail 127" class="PointContour" color="#ff9009" visible="true">
<created>Sun Mar 13 19:11:55 EDT 2011</created>
<edited>Sun Mar 13 19:11:55 EDT 2011</edited>
<value><point x="11277" y="18075"/></value>
<metadata author="">

</metadata>
</contour>
<contour name="Trail 134" class="PointContour" color="#0954ff" visible="true">
<created>Sun Mar 13 19:52:17 EDT 2011</created>
<edited>Sun Mar 13 19:52:17 EDT 2011</edited>
<value><point x="11412" y="14848"/></value>
<metadata author="">

</metadata>
</contour>
</contours>