<!--Last edited: 2011/03/14 19:51:16-->
<contours>
<contour name="Process 420" class="PointContour" color="#4fe1fe" visible="true">
<created>Wed Nov 24 16:51:42 EST 2010</created>
<edited>Wed Nov 24 16:51:42 EST 2010</edited>
<value><point x="9364" y="17872"/></value>
<metadata author="">

</metadata>
</contour>
<contour name="Process 421" class="PointContour" color="#e61dae" visible="true">
<created>Wed Nov 24 17:07:01 EST 2010</created>
<edited>Wed Nov 24 17:07:01 EST 2010</edited>
<value><point x="9275" y="17319"/></value>
<metadata author="">

</metadata>
</contour>
<contour name="Process 422" class="PointContour" color="#f8e1f2" visible="true">
<created>Wed Nov 24 17:23:13 EST 2010</created>
<edited>Wed Nov 24 17:23:13 EST 2010</edited>
<value><point x="7634" y="17111"/></value>
<metadata author="">

</metadata>
</contour>
<contour name="Process 424" class="PointContour" color="#f4ed50" visible="true">
<created>Wed Nov 24 18:04:20 EST 2010</created>
<edited>Wed Nov 24 18:04:20 EST 2010</edited>
<value><point x="9115" y="17654"/></value>
<metadata author="">

</metadata>
</contour>
<contour name="Process 425" class="PointContour" color="#b3923c" visible="true">
<created>Wed Nov 24 18:59:50 EST 2010</created>
<edited>Wed Nov 24 18:59:50 EST 2010</edited>
<value><point x="8047" y="17609"/></value>
<metadata author="">

</metadata>
</contour>
<contour name="Process 426" class="PointContour" color="#a969fa" visible="true">
<created>Wed Nov 24 19:16:11 EST 2010</created>
<edited>Wed Nov 24 19:16:11 EST 2010</edited>
<value><point x="8266" y="20844"/></value>
<metadata author="">

</metadata>
</contour>
<contour name="Process 427" class="PointContour" color="#2e69d9" visible="true">
<created>Wed Nov 24 19:29:12 EST 2010</created>
<edited>Wed Nov 24 19:29:12 EST 2010</edited>
<value><point x="6511" y="21606"/></value>
<metadata author="">

</metadata>
</contour>
<contour name="Process 428" class="PointContour" color="#fd30e1" visible="true">
<created>Wed Nov 24 19:52:41 EST 2010</created>
<edited>Wed Nov 24 19:52:41 EST 2010</edited>
<value><point x="9770" y="19592"/></value>
<metadata author="">

</metadata>
</contour>
<contour name="Process 431" class="PointContour" color="#a298f6" visible="true">
<created>Wed Nov 24 20:27:02 EST 2010</created>
<edited>Wed Nov 24 20:27:02 EST 2010</edited>
<value><point x="6281" y="22435"/></value>
<metadata author="">

</metadata>
</contour>
<contour name="Process 434" class="PointContour" color="#8a9f56" visible="true">
<created>Thu Nov 25 00:03:57 EST 2010</created>
<edited>Thu Nov 25 00:03:57 EST 2010</edited>
<value><point x="10493" y="17109"/></value>
<metadata author="">

</metadata>
</contour>
<contour name="Process 435" class="PointContour" color="#0430ee" visible="true">
<created>Thu Nov 25 00:14:14 EST 2010</created>
<edited>Thu Nov 25 00:14:14 EST 2010</edited>
<value><point x="10086" y="14186"/></value>
<metadata author="">

</metadata>
</contour>
<contour name="Process 435" class="PointContour" color="#0430ee" visible="true">
<created>Thu Nov 25 00:20:45 EST 2010</created>
<edited>Thu Nov 25 00:20:45 EST 2010</edited>
<value><point x="8406" y="9141"/></value>
<metadata author="">

</metadata>
</contour>
<contour name="Process 441" class="PointContour" color="#d89428" visible="true">
<created>Thu Nov 25 14:44:41 EST 2010</created>
<edited>Thu Nov 25 14:44:41 EST 2010</edited>
<value><point x="13800" y="15808"/></value>
<metadata author="">

</metadata>
</contour>
<contour name="Process 443" class="PointContour" color="#a38ff2" visible="true">
<created>Thu Nov 25 19:26:49 EST 2010</created>
<edited>Thu Nov 25 19:26:49 EST 2010</edited>
<value><point x="10140" y="17087"/></value>
<metadata author="">

</metadata>
</contour>
<contour name="Process 449" class="PointContour" color="#697c74" visible="true">
<created>Fri Nov 26 18:03:13 EST 2010</created>
<edited>Fri Nov 26 18:03:13 EST 2010</edited>
<value><point x="11535" y="18804"/></value>
<metadata author="">

</metadata>
</contour>
<contour name="Process 450" class="PointContour" color="#866c5b" visible="true">
<created>Fri Nov 26 21:02:26 EST 2010</created>
<edited>Fri Nov 26 21:02:26 EST 2010</edited>
<value><point x="12341" y="16414"/></value>
<metadata author="">

</metadata>
</contour>
<contour name="Process 451" class="PointContour" color="#bcad85" visible="true">
<created>Fri Nov 26 21:14:29 EST 2010</created>
<edited>Fri Nov 26 21:14:29 EST 2010</edited>
<value><point x="15207" y="11817"/></value>
<metadata author="">

</metadata>
</contour>
<contour name="Process 455" class="PointContour" color="#d456a5" visible="true">
<created>Sat Nov 27 12:38:48 EST 2010</created>
<edited>Sat Nov 27 12:38:48 EST 2010</edited>
<value><point x="10316" y="19393"/></value>
<metadata author="">

</metadata>
</contour>
<contour name="Process 456" class="PointContour" color="#cbbd91" visible="true">
<created>Sat Nov 27 12:48:00 EST 2010</created>
<edited>Sat Nov 27 12:48:00 EST 2010</edited>
<value><point x="12438" y="18729"/></value>
<metadata author="">

</metadata>
</contour>
<contour name="Process 457" class="PointContour" color="#f8a74f" visible="true">
<created>Sat Nov 27 12:58:18 EST 2010</created>
<edited>Sat Nov 27 12:58:18 EST 2010</edited>
<value><point x="12527" y="19257"/></value>
<metadata author="">

</metadata>
</contour>
<contour name="Process 458" class="PointContour" color="#10a180" visible="true">
<created>Sat Nov 27 13:08:37 EST 2010</created>
<edited>Sat Nov 27 13:08:37 EST 2010</edited>
<value><point x="12240" y="19149"/></value>
<metadata author="">

</metadata>
</contour>
<contour name="Process 459" class="PointContour" color="#15a084" visible="true">
<created>Sat Nov 27 14:13:03 EST 2010</created>
<edited>Sat Nov 27 14:13:03 EST 2010</edited>
<value><point x="12116" y="20245"/></value>
<metadata author="">

</metadata>
</contour>
<contour name="Process 460" class="PointContour" color="#782b43" visible="true">
<created>Fri Dec 03 15:17:32 EST 2010</created>
<edited>Fri Dec 03 15:17:32 EST 2010</edited>
<value><point x="19387" y="16416"/></value>
<metadata author="">

</metadata>
</contour>
<contour name="Process 465" class="PointContour" color="#ae4a09" visible="true">
<created>Fri Dec 03 23:56:33 EST 2010</created>
<edited>Fri Dec 03 23:56:33 EST 2010</edited>
<value><point x="11569" y="17131"/></value>
<metadata author="">

</metadata>
</contour>
<contour name="Process 466" class="PointContour" color="#722e57" visible="true">
<created>Sat Dec 04 00:05:46 EST 2010</created>
<edited>Sat Dec 04 00:05:46 EST 2010</edited>
<value><point x="10631" y="16560"/></value>
<metadata author="">

</metadata>
</contour>
<contour name="Process 469" class="PointContour" color="#7f3a2b" visible="true">
<created>Sat Dec 04 00:29:03 EST 2010</created>
<edited>Sat Dec 04 00:29:03 EST 2010</edited>
<value><point x="11158" y="20409"/></value>
<metadata author="">

</metadata>
</contour>
<contour name="Process 470" class="PointContour" color="#266149" visible="true">
<created>Sat Dec 04 13:32:07 EST 2010</created>
<edited>Sat Dec 04 13:32:07 EST 2010</edited>
<value><point x="9493" y="17844"/></value>
<metadata author="">

</metadata>
</contour>
<contour name="Process 471" class="PointContour" color="#da4772" visible="true">
<created>Sat Dec 04 13:39:16 EST 2010</created>
<edited>Sat Dec 04 13:39:16 EST 2010</edited>
<value><point x="8628" y="15567"/></value>
<metadata author="">

</metadata>
</contour>
<contour name="Process 473" class="PointContour" color="#811f28" visible="true">
<created>Tue Feb 08 14:02:18 EST 2011</created>
<edited>Tue Feb 08 14:02:18 EST 2011</edited>
<value><point x="13651" y="21684"/></value>
<metadata author="">

</metadata>
</contour>
<contour name="Process 478" class="PointContour" color="#4bab49" visible="true">
<created>Tue Feb 08 15:11:08 EST 2011</created>
<edited>Tue Feb 08 15:11:08 EST 2011</edited>
<value><point x="12879" y="21216"/></value>
<metadata author="">

</metadata>
</contour>
<contour name="Process 478" class="PointContour" color="#4bab49" visible="true">
<created>Tue Feb 08 15:11:30 EST 2011</created>
<edited>Tue Feb 08 15:11:30 EST 2011</edited>
<value><point x="13390" y="21501"/></value>
<metadata author="">

</metadata>
</contour>
<contour name="Process 478" class="PointContour" color="#4bab49" visible="true">
<created>Tue Feb 08 15:12:15 EST 2011</created>
<edited>Tue Feb 08 15:12:15 EST 2011</edited>
<value><point x="15130" y="22130"/></value>
<metadata author="">

</metadata>
</contour>
<contour name="Process 481" class="PointContour" color="#51749d" visible="true">
<created>Tue Feb 08 15:52:41 EST 2011</created>
<edited>Tue Feb 08 15:52:41 EST 2011</edited>
<value><point x="11059" y="20290"/></value>
<metadata author="">

</metadata>
</contour>
<contour name="Process 482" class="PointContour" color="#965dda" visible="true">
<created>Tue Feb 08 17:23:56 EST 2011</created>
<edited>Tue Feb 08 17:23:56 EST 2011</edited>
<value><point x="16091" y="23297"/></value>
<metadata author="">

</metadata>
</contour>
<contour name="Process 488" class="PointContour" color="#e590b3" visible="true">
<created>Wed Feb 09 10:45:03 EST 2011</created>
<edited>Wed Feb 09 10:45:03 EST 2011</edited>
<value><point x="12952" y="20891"/></value>
<metadata author="">

</metadata>
</contour>
<contour name="Process 526" class="PointContour" color="#8d24e6" visible="true">
<created>Fri Feb 11 17:28:07 EST 2011</created>
<edited>Fri Feb 11 17:28:07 EST 2011</edited>
<value><point x="13693" y="19867"/></value>
<metadata author="">

</metadata>
</contour>
<contour name="Trail 529" class="PointContour" color="#1ca7ed" visible="true">
<created>Mon Feb 14 11:34:02 EST 2011</created>
<edited>Mon Feb 14 11:34:02 EST 2011</edited>
<value><point x="10099" y="18860"/></value>
<metadata author="">

</metadata>
</contour>
<contour name="Trail 530" class="PointContour" color="#d5e631" visible="true">
<created>Mon Feb 14 11:39:08 EST 2011</created>
<edited>Mon Feb 14 11:39:08 EST 2011</edited>
<value><point x="10306" y="19445"/></value>
<metadata author="">

</metadata>
</contour>
<contour name="Trail 532" class="PointContour" color="#fabd81" visible="true">
<created>Mon Feb 14 11:47:41 EST 2011</created>
<edited>Mon Feb 14 11:47:41 EST 2011</edited>
<value><point x="7513" y="19307"/></value>
<metadata author="">

</metadata>
</contour>
<contour name="Trail 534" class="PointContour" color="#001c95" visible="true">
<created>Mon Feb 14 12:10:58 EST 2011</created>
<edited>Mon Feb 14 12:10:58 EST 2011</edited>
<value><point x="12185" y="19146"/></value>
<metadata author="">

</metadata>
</contour>
<contour name="Trail 535" class="PointContour" color="#bcc72b" visible="true">
<created>Mon Feb 14 12:56:20 EST 2011</created>
<edited>Mon Feb 14 12:56:20 EST 2011</edited>
<value><point x="11229" y="18977"/></value>
<metadata author="">

</metadata>
</contour>
<contour name="Trail 65" class="PointContour" color="#e3ff0e" visible="true">
<created>Mon Feb 14 15:25:08 EST 2011</created>
<edited>Mon Feb 14 15:25:08 EST 2011</edited>
<value><point x="11536" y="17908"/></value>
<metadata author="">

</metadata>
</contour>
<contour name="Trail 115" class="PointContour" color="#cbff04" visible="true">
<created>Mon Feb 14 15:35:28 EST 2011</created>
<edited>Mon Feb 14 15:35:28 EST 2011</edited>
<value><point x="14068" y="19844"/></value>
<metadata author="">

</metadata>
</contour>
<contour name="Trail 94" class="PointContour" color="#beff05" visible="true">
<created>Mon Feb 14 15:51:02 EST 2011</created>
<edited>Mon Feb 14 15:51:02 EST 2011</edited>
<value><point x="10059" y="20821"/></value>
<metadata author="">

</metadata>
</contour>
<contour name="Trail 49" class="PointContour" color="#4053cc" visible="true">
<created>Mon Feb 14 15:56:58 EST 2011</created>
<edited>Mon Feb 14 15:56:58 EST 2011</edited>
<value><point x="11090" y="19449"/></value>
<metadata author="">

</metadata>
</contour>
<contour name="Trail 159" class="PointContour" color="#afff08" visible="true">
<created>Mon Feb 14 16:06:47 EST 2011</created>
<edited>Mon Feb 14 16:06:47 EST 2011</edited>
<value><point x="11224" y="18619"/></value>
<metadata author="">

</metadata>
</contour>
<contour name="Trail 159" class="PointContour" color="#afff08" visible="true">
<created>Mon Feb 14 16:07:08 EST 2011</created>
<edited>Mon Feb 14 16:07:08 EST 2011</edited>
<value><point x="11462" y="18600"/></value>
<metadata author="">

</metadata>
</contour>
<contour name="Trail 26" class="PointContour" color="#c21ebd" visible="true">
<created>Tue Feb 15 11:57:34 EST 2011</created>
<edited>Tue Feb 15 11:57:34 EST 2011</edited>
<value><point x="11942" y="18733"/></value>
<metadata author="">

</metadata>
</contour>
<contour name="Trail 38" class="PointContour" color="#f7edc9" visible="true">
<created>Tue Feb 15 12:02:07 EST 2011</created>
<edited>Tue Feb 15 12:02:07 EST 2011</edited>
<value><point x="12317" y="18267"/></value>
<metadata author="">

</metadata>
</contour>
<contour name="Trail 52" class="PointContour" color="#b10aff" visible="true">
<created>Tue Feb 15 12:17:45 EST 2011</created>
<edited>Tue Feb 15 12:17:45 EST 2011</edited>
<value><point x="12378" y="18314"/></value>
<metadata author="">

</metadata>
</contour>
<contour name="Trail 40" class="PointContour" color="#c4f7b5" visible="true">
<created>Tue Feb 15 12:22:44 EST 2011</created>
<edited>Tue Feb 15 12:22:44 EST 2011</edited>
<value><point x="11872" y="18496"/></value>
<metadata author="">

</metadata>
</contour>
<contour name="Trail 86" class="PointContour" color="#ff067f" visible="true">
<created>Tue Feb 15 14:18:05 EST 2011</created>
<edited>Tue Feb 15 14:18:05 EST 2011</edited>
<value><point x="12681" y="17280"/></value>
<metadata author="">

</metadata>
</contour>
<contour name="Trail 97" class="PointContour" color="#05ff95" visible="true">
<created>Tue Feb 15 14:50:08 EST 2011</created>
<edited>Tue Feb 15 14:50:08 EST 2011</edited>
<value><point x="4092" y="15570"/></value>
<metadata author="">

</metadata>
</contour>
<contour name="Trail 39" class="PointContour" color="#a4f7f2" visible="true">
<created>Tue Feb 15 14:52:56 EST 2011</created>
<edited>Tue Feb 15 14:52:56 EST 2011</edited>
<value><point x="10845" y="18533"/></value>
<metadata author="">

</metadata>
</contour>
<contour name="Trail 205" class="PointContour" color="#0ddcff" visible="true">
<created>Tue Feb 15 15:02:37 EST 2011</created>
<edited>Tue Feb 15 15:02:37 EST 2011</edited>
<value><point x="11632" y="17154"/></value>
<metadata author="">

</metadata>
</contour>
<contour name="Trail 53" class="PointContour" color="#d507ff" visible="true">
<created>Tue Feb 15 17:51:21 EST 2011</created>
<edited>Tue Feb 15 17:51:21 EST 2011</edited>
<value><point x="12126" y="19120"/></value>
<metadata author="">

</metadata>
</contour>
<contour name="Trail 8" class="PointContour" color="#2d23ff" visible="true">
<created>Thu Feb 17 10:12:46 EST 2011</created>
<edited>Thu Feb 17 10:12:46 EST 2011</edited>
<value><point x="12438" y="18673"/></value>
<metadata author="">

</metadata>
</contour>
<contour name="Trail 96" class="PointContour" color="#55ff01" visible="true">
<created>Thu Feb 17 11:16:14 EST 2011</created>
<edited>Thu Feb 17 11:16:14 EST 2011</edited>
<value><point x="9068" y="21204"/></value>
<metadata author="">

</metadata>
</contour>
<contour name="Trail 96" class="PointContour" color="#55ff01" visible="true">
<created>Thu Feb 17 11:16:39 EST 2011</created>
<edited>Thu Feb 17 11:16:39 EST 2011</edited>
<value><point x="8149" y="21476"/></value>
<metadata author="">

</metadata>
</contour>
<contour name="Trail 96" class="PointContour" color="#55ff01" visible="true">
<created>Thu Feb 17 11:16:54 EST 2011</created>
<edited>Thu Feb 17 11:16:54 EST 2011</edited>
<value><point x="7727" y="21661"/></value>
<metadata author="">

</metadata>
</contour>
<contour name="Trail 96" class="PointContour" color="#55ff01" visible="true">
<created>Thu Feb 17 11:17:31 EST 2011</created>
<edited>Thu Feb 17 11:17:31 EST 2011</edited>
<value><point x="5971" y="22163"/></value>
<metadata author="">

</metadata>
</contour>
<contour name="Trail 96" class="PointContour" color="#55ff01" visible="true">
<created>Thu Feb 17 11:17:57 EST 2011</created>
<edited>Thu Feb 17 11:17:57 EST 2011</edited>
<value><point x="5244" y="22619"/></value>
<metadata author="">

</metadata>
</contour>
<contour name="Trail 12" class="PointContour" color="#ffa568" visible="true">
<created>Thu Mar 10 14:17:16 EST 2011</created>
<edited>Thu Mar 10 14:17:16 EST 2011</edited>
<value><point x="13635" y="19230"/></value>
<metadata author="">

</metadata>
</contour>
<contour name="Trail 25" class="PointContour" color="#448fc2" visible="true">
<created>Thu Mar 10 16:52:34 EST 2011</created>
<edited>Thu Mar 10 16:52:34 EST 2011</edited>
<value><point x="11520" y="16595"/></value>
<metadata author="">

</metadata>
</contour>
<contour name="Trail 33" class="PointContour" color="#f70fe0" visible="true">
<created>Sun Mar 13 16:40:04 EDT 2011</created>
<edited>Sun Mar 13 16:40:04 EDT 2011</edited>
<value><point x="12153" y="18383"/></value>
<metadata author="">

</metadata>
</contour>
<contour name="Trail 41" class="PointContour" color="#b2aff7" visible="true">
<created>Sun Mar 13 17:01:30 EDT 2011</created>
<edited>Sun Mar 13 17:01:30 EDT 2011</edited>
<value><point x="11018" y="17624"/></value>
<metadata author="">

</metadata>
</contour>
<contour name="Trail 127" class="PointContour" color="#ff9009" visible="true">
<created>Sun Mar 13 19:11:49 EDT 2011</created>
<edited>Sun Mar 13 19:11:49 EDT 2011</edited>
<value><point x="11490" y="18164"/></value>
<metadata author="">

</metadata>
</contour>
<contour name="Trail 134" class="PointContour" color="#0954ff" visible="true">
<created>Sun Mar 13 19:52:10 EDT 2011</created>
<edited>Sun Mar 13 19:52:10 EDT 2011</edited>
<value><point x="11759" y="14956"/></value>
<metadata author="">

</metadata>
</contour>
</contours>