<!--Last edited: 2011/03/14 19:51:14-->
<contours>
<contour name="Process 78" class="PointContour" color="#0390ff" visible="true">
<created>Tue Jun 08 12:45:11 EDT 2010</created>
<edited>Tue Jun 08 12:45:11 EDT 2010</edited>
<value><point x="12424" y="17544"/></value>
<metadata author="">

</metadata>
</contour>
<contour name="Process 29" class="PointContour" color="#7aff76" visible="true">
<created>Mon Jun 07 15:06:19 EDT 2010</created>
<edited>Mon Jun 07 15:06:19 EDT 2010</edited>
<value><point x="11314" y="18736"/></value>
<metadata author="">

</metadata>
</contour>
<contour name="Process 78" class="PointContour" color="#0390ff" visible="true">
<created>Tue Jun 08 12:45:11 EDT 2010</created>
<edited>Tue Jun 08 12:45:11 EDT 2010</edited>
<value><point x="12864" y="17802"/></value>
<metadata author="">

</metadata>
</contour>
<contour name="Process 29" class="PointContour" color="#7aff76" visible="true">
<created>Mon Jun 07 15:06:19 EDT 2010</created>
<edited>Mon Jun 07 15:06:19 EDT 2010</edited>
<value><point x="11622" y="19256"/></value>
<metadata author="">

</metadata>
</contour>
<contour name="Process 29" class="PointContour" color="#7aff76" visible="true">
<created>Mon Jun 07 15:06:19 EDT 2010</created>
<edited>Mon Jun 07 15:06:19 EDT 2010</edited>
<value><point x="11550" y="19134"/></value>
<metadata author="">

</metadata>
</contour>
<contour name="Process 29" class="PointContour" color="#7aff76" visible="true">
<created>Mon Jun 07 15:06:19 EDT 2010</created>
<edited>Mon Jun 07 15:06:19 EDT 2010</edited>
<value><point x="11344" y="18788"/></value>
<metadata author="">

</metadata>
</contour>
<contour name="Process 85" class="PointContour" color="#ff067f" visible="true">
<created>Tue Jun 08 13:23:41 EDT 2010</created>
<edited>Tue Jun 08 13:23:41 EDT 2010</edited>
<value><point x="12864" y="18678"/></value>
<metadata author="">

</metadata>
</contour>
<contour name="Process 29" class="PointContour" color="#7aff76" visible="true">
<created>Mon Jun 07 15:06:19 EDT 2010</created>
<edited>Mon Jun 07 15:06:19 EDT 2010</edited>
<value><point x="11520" y="19082"/></value>
<metadata author="">

</metadata>
</contour>
<contour name="Process 29" class="PointContour" color="#7aff76" visible="true">
<created>Mon Jun 07 15:06:19 EDT 2010</created>
<edited>Mon Jun 07 15:06:19 EDT 2010</edited>
<value><point x="11570" y="19168"/></value>
<metadata author="">

</metadata>
</contour>
<contour name="Process 29" class="PointContour" color="#7aff76" visible="true">
<created>Mon Jun 07 15:06:19 EDT 2010</created>
<edited>Mon Jun 07 15:06:19 EDT 2010</edited>
<value><point x="11694" y="19376"/></value>
<metadata author="">

</metadata>
</contour>
<contour name="Process 67" class="PointContour" color="#8eff03" visible="true">
<created>Mon Jun 07 17:39:55 EDT 2010</created>
<edited>Mon Jun 07 17:39:55 EDT 2010</edited>
<value><point x="12902" y="17458"/></value>
<metadata author="">

</metadata>
</contour>
<contour name="Process 58" class="PointContour" color="#ff0340" visible="true">
<created>Mon Jun 07 17:27:13 EDT 2010</created>
<edited>Mon Jun 07 17:27:13 EDT 2010</edited>
<value><point x="11878" y="19236"/></value>
<metadata author="">

</metadata>
</contour>
<contour name="Process 78" class="PointContour" color="#0390ff" visible="true">
<created>Tue Jun 08 12:45:11 EDT 2010</created>
<edited>Tue Jun 08 12:45:11 EDT 2010</edited>
<value><point x="12388" y="17524"/></value>
<metadata author="">

</metadata>
</contour>
<contour name="Process 29" class="PointContour" color="#7aff76" visible="true">
<created>Mon Jun 07 15:06:19 EDT 2010</created>
<edited>Mon Jun 07 15:06:19 EDT 2010</edited>
<value><point x="11664" y="19324"/></value>
<metadata author="">

</metadata>
</contour>
<contour name="Process 29" class="PointContour" color="#7aff76" visible="true">
<created>Mon Jun 07 15:06:19 EDT 2010</created>
<edited>Mon Jun 07 15:06:19 EDT 2010</edited>
<value><point x="11416" y="18908"/></value>
<metadata author="">

</metadata>
</contour>
<contour name="Process 29" class="PointContour" color="#7aff76" visible="true">
<created>Mon Jun 07 15:06:19 EDT 2010</created>
<edited>Mon Jun 07 15:06:19 EDT 2010</edited>
<value><point x="11684" y="19360"/></value>
<metadata author="">

</metadata>
</contour>
<contour name="Process 174" class="PointContour" color="#c37aff" visible="true">
<created>Wed Jun 09 17:10:45 EDT 2010</created>
<edited>Wed Jun 09 17:10:45 EDT 2010</edited>
<value><point x="12824" y="17954"/></value>
<metadata author="">

</metadata>
</contour>
<contour name="Process 78" class="PointContour" color="#0390ff" visible="true">
<created>Tue Jun 08 12:45:11 EDT 2010</created>
<edited>Tue Jun 08 12:45:11 EDT 2010</edited>
<value><point x="12688" y="17698"/></value>
<metadata author="">

</metadata>
</contour>
<contour name="Process 153" class="PointContour" color="#f3ff8b" visible="true">
<created>Thu Jun 10 12:43:57 EDT 2010</created>
<edited>Thu Jun 10 12:43:57 EDT 2010</edited>
<value><point x="12064" y="18130"/></value>
<metadata author="">

</metadata>
</contour>
<contour name="Process 18" class="PointContour" color="#ff5cb4" visible="true">
<created>Wed Jun 02 17:48:48 EDT 2010</created>
<edited>Wed Jun 02 17:48:48 EDT 2010</edited>
<value><point x="11646" y="17880"/></value>
<metadata author="">

</metadata>
</contour>
<contour name="Process 35" class="PointContour" color="#f76b06" visible="true">
<created>Mon Jun 07 16:34:41 EDT 2010</created>
<edited>Mon Jun 07 16:34:41 EDT 2010</edited>
<value><point x="12172" y="18798"/></value>
<metadata author="">

</metadata>
</contour>
<contour name="Process 78" class="PointContour" color="#0390ff" visible="true">
<created>Tue Jun 08 12:45:11 EDT 2010</created>
<edited>Tue Jun 08 12:45:11 EDT 2010</edited>
<value><point x="12794" y="17760"/></value>
<metadata author="">

</metadata>
</contour>
<contour name="Process 29" class="PointContour" color="#7aff76" visible="true">
<created>Mon Jun 07 15:06:19 EDT 2010</created>
<edited>Mon Jun 07 15:06:19 EDT 2010</edited>
<value><point x="11612" y="19238"/></value>
<metadata author="">

</metadata>
</contour>
<contour name="Process 180" class="PointContour" color="#cd67ff" visible="true">
<created>Thu Jun 10 10:31:55 EDT 2010</created>
<edited>Thu Jun 10 10:31:55 EDT 2010</edited>
<value><point x="11056" y="19250"/></value>
<metadata author="">

</metadata>
</contour>
<contour name="Process 29" class="PointContour" color="#7aff76" visible="true">
<created>Mon Jun 07 15:06:19 EDT 2010</created>
<edited>Mon Jun 07 15:06:19 EDT 2010</edited>
<value><point x="11282" y="18684"/></value>
<metadata author="">

</metadata>
</contour>
<contour name="Process 48" class="PointContour" color="#cc6b6b" visible="true">
<created>Mon Jun 07 16:59:57 EDT 2010</created>
<edited>Mon Jun 07 16:59:57 EDT 2010</edited>
<value><point x="11900" y="17962"/></value>
<metadata author="">

</metadata>
</contour>
<contour name="Process 78" class="PointContour" color="#0390ff" visible="true">
<created>Tue Jun 08 12:45:11 EDT 2010</created>
<edited>Tue Jun 08 12:45:11 EDT 2010</edited>
<value><point x="12740" y="17730"/></value>
<metadata author="">

</metadata>
</contour>
<contour name="Process 29" class="PointContour" color="#7aff76" visible="true">
<created>Mon Jun 07 15:06:19 EDT 2010</created>
<edited>Mon Jun 07 15:06:19 EDT 2010</edited>
<value><point x="11354" y="18804"/></value>
<metadata author="">

</metadata>
</contour>
<contour name="Process 130" class="PointContour" color="#0bff5b" visible="true">
<created>Wed Jun 09 12:58:37 EDT 2010</created>
<edited>Wed Jun 09 12:58:37 EDT 2010</edited>
<value><point x="12640" y="18456"/></value>
<metadata author="">

</metadata>
</contour>
<contour name="Process 81" class="PointContour" color="#9f09ff" visible="true">
<created>Tue Jun 08 12:54:55 EDT 2010</created>
<edited>Tue Jun 08 12:54:55 EDT 2010</edited>
<value><point x="11616" y="19056"/></value>
<metadata author="">

</metadata>
</contour>
<contour name="Process 78" class="PointContour" color="#0390ff" visible="true">
<created>Tue Jun 08 12:45:11 EDT 2010</created>
<edited>Tue Jun 08 12:45:11 EDT 2010</edited>
<value><point x="12406" y="17534"/></value>
<metadata author="">

</metadata>
</contour>
<contour name="Process 186" class="PointContour" color="#ff431a" visible="true">
<created>Thu Jun 10 12:25:34 EDT 2010</created>
<edited>Thu Jun 10 12:25:34 EDT 2010</edited>
<value><point x="10988" y="19254"/></value>
<metadata author="">

</metadata>
</contour>
<contour name="Process 78" class="PointContour" color="#0390ff" visible="true">
<created>Tue Jun 08 12:45:11 EDT 2010</created>
<edited>Tue Jun 08 12:45:11 EDT 2010</edited>
<value><point x="12494" y="17586"/></value>
<metadata author="">

</metadata>
</contour>
<contour name="Process 122" class="PointContour" color="#4b89ff" visible="true">
<created>Tue Jun 08 17:30:29 EDT 2010</created>
<edited>Tue Jun 08 17:30:29 EDT 2010</edited>
<value><point x="11642" y="18562"/></value>
<metadata author="">

</metadata>
</contour>
<contour name="Process 29" class="PointContour" color="#7aff76" visible="true">
<created>Mon Jun 07 15:06:19 EDT 2010</created>
<edited>Mon Jun 07 15:06:19 EDT 2010</edited>
<value><point x="11210" y="18562"/></value>
<metadata author="">

</metadata>
</contour>
<contour name="Process 78" class="PointContour" color="#0390ff" visible="true">
<created>Tue Jun 08 12:45:11 EDT 2010</created>
<edited>Tue Jun 08 12:45:11 EDT 2010</edited>
<value><point x="12264" y="17452"/></value>
<metadata author="">

</metadata>
</contour>
<contour name="Process 128" class="PointContour" color="#acff0c" visible="true">
<created>Wed Jun 09 12:22:16 EDT 2010</created>
<edited>Wed Jun 09 12:22:16 EDT 2010</edited>
<value><point x="12376" y="18434"/></value>
<metadata author="">

</metadata>
</contour>
<contour name="Process 29" class="PointContour" color="#7aff76" visible="true">
<created>Mon Jun 07 16:11:28 EDT 2010</created>
<edited>Mon Jun 07 16:11:28 EDT 2010</edited>
<value><point x="12602" y="18174"/></value>
<metadata author="">

</metadata>
</contour>
<contour name="Process 31" class="PointContour" color="#d9d331" visible="true">
<created>Mon Jun 07 16:19:08 EDT 2010</created>
<edited>Mon Jun 07 16:19:08 EDT 2010</edited>
<value><point x="11764" y="18186"/></value>
<metadata author="">

</metadata>
</contour>
<contour name="Process 78" class="PointContour" color="#0390ff" visible="true">
<created>Tue Jun 08 12:45:11 EDT 2010</created>
<edited>Tue Jun 08 12:45:11 EDT 2010</edited>
<value><point x="12458" y="17564"/></value>
<metadata author="">

</metadata>
</contour>
<contour name="Process 29" class="PointContour" color="#7aff76" visible="true">
<created>Mon Jun 07 16:16:04 EDT 2010</created>
<edited>Mon Jun 07 16:16:04 EDT 2010</edited>
<value><point x="11052" y="19418"/></value>
<metadata author="">

</metadata>
</contour>
<contour name="Process 51" class="PointContour" color="#8906ff" visible="true">
<created>Mon Jun 07 17:18:46 EDT 2010</created>
<edited>Mon Jun 07 17:18:46 EDT 2010</edited>
<value><point x="12020" y="18112"/></value>
<metadata author="">

</metadata>
</contour>
<contour name="Process 78" class="PointContour" color="#0390ff" visible="true">
<created>Tue Jun 08 12:45:11 EDT 2010</created>
<edited>Tue Jun 08 12:45:11 EDT 2010</edited>
<value><point x="12882" y="17812"/></value>
<metadata author="">

</metadata>
</contour>
<contour name="Process 7" class="PointContour" color="#10fffb" visible="true">
<created>Wed Jun 02 16:58:09 EDT 2010</created>
<edited>Wed Jun 02 16:58:09 EDT 2010</edited>
<value><point x="12280" y="18538"/></value>
<metadata author="">

</metadata>
</contour>
<contour name="Process 78" class="PointContour" color="#0390ff" visible="true">
<created>Tue Jun 08 12:45:11 EDT 2010</created>
<edited>Tue Jun 08 12:45:11 EDT 2010</edited>
<value><point x="12546" y="17616"/></value>
<metadata author="">

</metadata>
</contour>
<contour name="Process 104" class="PointContour" color="#df03ff" visible="true">
<created>Tue Jun 08 16:13:04 EDT 2010</created>
<edited>Tue Jun 08 16:13:04 EDT 2010</edited>
<value><point x="12538" y="18552"/></value>
<metadata author="">

</metadata>
</contour>
<contour name="Process 102" class="PointContour" color="#7706ff" visible="true">
<created>Tue Jun 08 16:05:17 EDT 2010</created>
<edited>Tue Jun 08 16:05:17 EDT 2010</edited>
<value><point x="12106" y="17902"/></value>
<metadata author="">

</metadata>
</contour>
<contour name="Process 101" class="PointContour" color="#036bff" visible="true">
<created>Wed Jun 09 16:04:54 EDT 2010</created>
<edited>Wed Jun 09 16:04:54 EDT 2010</edited>
<value><point x="12264" y="18462"/></value>
<metadata author="">

</metadata>
</contour>
<contour name="Process 5" class="PointContour" color="#c2ff00" visible="true">
<created>Wed Jun 02 16:32:39 EDT 2010</created>
<edited>Wed Jun 02 16:32:39 EDT 2010</edited>
<value><point x="11984" y="18348"/></value>
<metadata author="">

</metadata>
</contour>
<contour name="Process 29" class="PointContour" color="#7aff76" visible="true">
<created>Mon Jun 07 15:06:19 EDT 2010</created>
<edited>Mon Jun 07 15:06:19 EDT 2010</edited>
<value><point x="11468" y="18996"/></value>
<metadata author="">

</metadata>
</contour>
<contour name="Process 82" class="PointContour" color="#cc05ff" visible="true">
<created>Tue Jun 08 12:56:12 EDT 2010</created>
<edited>Tue Jun 08 12:56:12 EDT 2010</edited>
<value><point x="11940" y="19384"/></value>
<metadata author="">

</metadata>
</contour>
<contour name="Process 149" class="PointContour" color="#ffada8" visible="true">
<created>Wed Jun 09 15:19:54 EDT 2010</created>
<edited>Wed Jun 09 15:19:54 EDT 2010</edited>
<value><point x="12248" y="18956"/></value>
<metadata author="">

</metadata>
</contour>
<contour name="Process 29" class="PointContour" color="#7aff76" visible="true">
<created>Mon Jun 07 15:06:19 EDT 2010</created>
<edited>Mon Jun 07 15:06:19 EDT 2010</edited>
<value><point x="11158" y="18476"/></value>
<metadata author="">

</metadata>
</contour>
<contour name="Process 29" class="PointContour" color="#7aff76" visible="true">
<created>Mon Jun 07 15:06:19 EDT 2010</created>
<edited>Mon Jun 07 15:06:19 EDT 2010</edited>
<value><point x="11508" y="19064"/></value>
<metadata author="">

</metadata>
</contour>
<contour name="Process 29" class="PointContour" color="#7aff76" visible="true">
<created>Mon Jun 07 15:06:19 EDT 2010</created>
<edited>Mon Jun 07 15:06:19 EDT 2010</edited>
<value><point x="11580" y="19186"/></value>
<metadata author="">

</metadata>
</contour>
<contour name="Process 126" class="PointContour" color="#ff4904" visible="true">
<created>Wed Jun 09 11:06:25 EDT 2010</created>
<edited>Wed Jun 09 11:06:25 EDT 2010</edited>
<value><point x="11692" y="19012"/></value>
<metadata author="">

</metadata>
</contour>
<contour name="Process 195" class="PointContour" color="#c5ff3c" visible="true">
<created>Thu Jun 10 12:47:41 EDT 2010</created>
<edited>Thu Jun 10 12:47:41 EDT 2010</edited>
<value><point x="11184" y="19204"/></value>
<metadata author="">

</metadata>
</contour>
<contour name="Process 29" class="PointContour" color="#7aff76" visible="true">
<created>Mon Jun 07 15:06:19 EDT 2010</created>
<edited>Mon Jun 07 15:06:19 EDT 2010</edited>
<value><point x="11272" y="18666"/></value>
<metadata author="">

</metadata>
</contour>
<contour name="Process 28" class="PointContour" color="#d1a73a" visible="true">
<created>Thu Jun 03 11:31:14 EDT 2010</created>
<edited>Thu Jun 03 11:31:14 EDT 2010</edited>
<value><point x="11692" y="18560"/></value>
<metadata author="">

</metadata>
</contour>
<contour name="Process 159" class="PointContour" color="#afff08" visible="true">
<created>Wed Jun 09 15:50:16 EDT 2010</created>
<edited>Wed Jun 09 15:50:16 EDT 2010</edited>
<value><point x="10958" y="18122"/></value>
<metadata author="">

</metadata>
</contour>
<contour name="Process 153" class="PointContour" color="#f3ff8b" visible="true">
<created>Wed Jun 09 15:26:25 EDT 2010</created>
<edited>Wed Jun 09 15:26:25 EDT 2010</edited>
<value><point x="11956" y="18452"/></value>
<metadata author="">

</metadata>
</contour>
<contour name="Process 29" class="PointContour" color="#7aff76" visible="true">
<created>Mon Jun 07 15:06:19 EDT 2010</created>
<edited>Mon Jun 07 15:06:19 EDT 2010</edited>
<value><point x="11148" y="18458"/></value>
<metadata author="">

</metadata>
</contour>
<contour name="Process 78" class="PointContour" color="#0390ff" visible="true">
<created>Tue Jun 08 12:45:11 EDT 2010</created>
<edited>Tue Jun 08 12:45:11 EDT 2010</edited>
<value><point x="12282" y="17462"/></value>
<metadata author="">

</metadata>
</contour>
<contour name="Process 29" class="PointContour" color="#7aff76" visible="true">
<created>Mon Jun 07 15:06:19 EDT 2010</created>
<edited>Mon Jun 07 15:06:19 EDT 2010</edited>
<value><point x="11128" y="18424"/></value>
<metadata author="">

</metadata>
</contour>
<contour name="Process 78" class="PointContour" color="#0390ff" visible="true">
<created>Tue Jun 08 12:45:11 EDT 2010</created>
<edited>Tue Jun 08 12:45:11 EDT 2010</edited>
<value><point x="12230" y="17432"/></value>
<metadata author="">

</metadata>
</contour>
<contour name="Process 264" class="PointContour" color="#df3e16" visible="true">
<created>Fri Jun 11 13:13:26 EDT 2010</created>
<edited>Fri Jun 11 13:13:26 EDT 2010</edited>
<value><point x="11004" y="18966"/></value>
<metadata author="">

</metadata>
</contour>
<contour name="Process 78" class="PointContour" color="#0390ff" visible="true">
<created>Tue Jun 08 12:45:11 EDT 2010</created>
<edited>Tue Jun 08 12:45:11 EDT 2010</edited>
<value><point x="12352" y="17504"/></value>
<metadata author="">

</metadata>
</contour>
<contour name="Process 78" class="PointContour" color="#0390ff" visible="true">
<created>Tue Jun 08 12:45:11 EDT 2010</created>
<edited>Tue Jun 08 12:45:11 EDT 2010</edited>
<value><point x="12812" y="17770"/></value>
<metadata author="">

</metadata>
</contour>
<contour name="Process 78" class="PointContour" color="#0390ff" visible="true">
<created>Tue Jun 08 12:45:11 EDT 2010</created>
<edited>Tue Jun 08 12:45:11 EDT 2010</edited>
<value><point x="12564" y="17626"/></value>
<metadata author="">

</metadata>
</contour>
<contour name="Process 123" class="PointContour" color="#966dff" visible="true">
<created>Tue Jun 08 17:32:19 EDT 2010</created>
<edited>Tue Jun 08 17:32:19 EDT 2010</edited>
<value><point x="11544" y="18642"/></value>
<metadata author="">

</metadata>
</contour>
<contour name="Process 37" class="PointContour" color="#f7daf0" visible="true">
<created>Mon Jun 07 16:39:22 EDT 2010</created>
<edited>Mon Jun 07 16:39:22 EDT 2010</edited>
<value><point x="12114" y="18042"/></value>
<metadata author="">

</metadata>
</contour>
<contour name="Process 104" class="PointContour" color="#df03ff" visible="true">
<created>Tue Jun 08 16:14:29 EDT 2010</created>
<edited>Tue Jun 08 16:14:29 EDT 2010</edited>
<value><point x="11782" y="19278"/></value>
<metadata author="">

</metadata>
</contour>
<contour name="Process 34" class="PointContour" color="#05f7b3" visible="true">
<created>Mon Jun 07 16:32:51 EDT 2010</created>
<edited>Mon Jun 07 16:32:51 EDT 2010</edited>
<value><point x="11464" y="17722"/></value>
<metadata author="">

</metadata>
</contour>
<contour name="Process 18" class="PointContour" color="#ff5cb4" visible="true">
<created>Wed Jun 02 17:49:30 EDT 2010</created>
<edited>Wed Jun 02 17:49:30 EDT 2010</edited>
<value><point x="11358" y="18006"/></value>
<metadata author="">

</metadata>
</contour>
<contour name="Process 102" class="PointContour" color="#7706ff" visible="true">
<created>Tue Jun 08 16:03:47 EDT 2010</created>
<edited>Tue Jun 08 16:03:47 EDT 2010</edited>
<value><point x="11934" y="18108"/></value>
<metadata author="">

</metadata>
</contour>
<contour name="Process 7" class="PointContour" color="#10fffb" visible="true">
<created>Wed Jun 02 16:49:50 EDT 2010</created>
<edited>Wed Jun 02 16:49:50 EDT 2010</edited>
<value><point x="11732" y="19142"/></value>
<metadata author="">

</metadata>
</contour>
<contour name="Process 78" class="PointContour" color="#0390ff" visible="true">
<created>Tue Jun 08 12:45:11 EDT 2010</created>
<edited>Tue Jun 08 12:45:11 EDT 2010</edited>
<value><point x="12370" y="17514"/></value>
<metadata author="">

</metadata>
</contour>
<contour name="Process 63" class="PointContour" color="#ffcc0d" visible="true">
<created>Mon Jun 07 17:34:03 EDT 2010</created>
<edited>Mon Jun 07 17:34:03 EDT 2010</edited>
<value><point x="12306" y="18358"/></value>
<metadata author="">

</metadata>
</contour>
<contour name="Process 52" class="PointContour" color="#b10aff" visible="true">
<created>Mon Jun 07 17:20:34 EDT 2010</created>
<edited>Mon Jun 07 17:20:34 EDT 2010</edited>
<value><point x="12094" y="18248"/></value>
<metadata author="">

</metadata>
</contour>
<contour name="Process 78" class="PointContour" color="#0390ff" visible="true">
<created>Tue Jun 08 12:45:11 EDT 2010</created>
<edited>Tue Jun 08 12:45:11 EDT 2010</edited>
<value><point x="12512" y="17596"/></value>
<metadata author="">

</metadata>
</contour>
<contour name="Process 143" class="PointContour" color="#d10eff" visible="true">
<created>Thu Jun 10 14:00:16 EDT 2010</created>
<edited>Thu Jun 10 14:00:16 EDT 2010</edited>
<value><point x="12862" y="18734"/></value>
<metadata author="">

</metadata>
</contour>
<contour name="Process 28" class="PointContour" color="#d1a73a" visible="true">
<created>Thu Jun 03 11:30:35 EDT 2010</created>
<edited>Thu Jun 03 11:30:35 EDT 2010</edited>
<value><point x="11568" y="18528"/></value>
<metadata author="">

</metadata>
</contour>
<contour name="Process 29" class="PointContour" color="#7aff76" visible="true">
<created>Mon Jun 07 15:06:19 EDT 2010</created>
<edited>Mon Jun 07 15:06:19 EDT 2010</edited>
<value><point x="11108" y="18388"/></value>
<metadata author="">

</metadata>
</contour>
<contour name="Process 129" class="PointContour" color="#80ff08" visible="true">
<created>Wed Jun 09 12:41:32 EDT 2010</created>
<edited>Wed Jun 09 12:41:32 EDT 2010</edited>
<value><point x="12328" y="17784"/></value>
<metadata author="">

</metadata>
</contour>
<contour name="Process 29" class="PointContour" color="#7aff76" visible="true">
<created>Mon Jun 07 15:06:19 EDT 2010</created>
<edited>Mon Jun 07 15:06:19 EDT 2010</edited>
<value><point x="11118" y="18406"/></value>
<metadata author="">

</metadata>
</contour>
<contour name="Process 44" class="PointContour" color="#ddf72a" visible="true">
<created>Mon Jun 07 16:52:46 EDT 2010</created>
<edited>Mon Jun 07 16:52:46 EDT 2010</edited>
<value><point x="11828" y="17912"/></value>
<metadata author="">

</metadata>
</contour>
<contour name="Process 116" class="PointContour" color="#a1ff02" visible="true">
<created>Tue Jun 08 17:06:40 EDT 2010</created>
<edited>Tue Jun 08 17:06:40 EDT 2010</edited>
<value><point x="11640" y="18958"/></value>
<metadata author="">

</metadata>
</contour>
<contour name="Process 10" class="PointContour" color="#ff17f0" visible="true">
<created>Wed Jun 02 17:11:03 EDT 2010</created>
<edited>Wed Jun 02 17:11:03 EDT 2010</edited>
<value><point x="11878" y="18024"/></value>
<metadata author="">

</metadata>
</contour>
<contour name="Process 71" class="PointContour" color="#ff7b05" visible="true">
<created>Tue Jun 08 12:16:53 EDT 2010</created>
<edited>Tue Jun 08 12:16:53 EDT 2010</edited>
<value><point x="12534" y="18282"/></value>
<metadata author="">

</metadata>
</contour>
<contour name="Process 29" class="PointContour" color="#7aff76" visible="true">
<created>Mon Jun 07 15:06:19 EDT 2010</created>
<edited>Mon Jun 07 15:06:19 EDT 2010</edited>
<value><point x="11530" y="19100"/></value>
<metadata author="">

</metadata>
</contour>
<contour name="Process 12" class="PointContour" color="#ffa568" visible="true">
<created>Wed Jun 02 17:18:46 EDT 2010</created>
<edited>Wed Jun 02 17:18:46 EDT 2010</edited>
<value><point x="12130" y="18140"/></value>
<metadata author="">

</metadata>
</contour>
<contour name="Process 29" class="PointContour" color="#7aff76" visible="true">
<created>Mon Jun 07 15:06:19 EDT 2010</created>
<edited>Mon Jun 07 15:06:19 EDT 2010</edited>
<value><point x="11334" y="18770"/></value>
<metadata author="">

</metadata>
</contour>
<contour name="Process 1" class="PointContour" color="#ff0000" visible="true">
<created>Wed Jun 02 16:05:26 EDT 2010</created>
<edited>Wed Jun 02 16:05:26 EDT 2010</edited>
<value><point x="12462" y="18272"/></value>
<metadata author="">

</metadata>
</contour>
<contour name="Process 1" class="PointContour" color="#ff0000" visible="true">
<created>Wed Jun 02 15:59:50 EDT 2010</created>
<edited>Wed Jun 02 15:59:50 EDT 2010</edited>
<value><point x="12136" y="17806"/></value>
<metadata author="">

</metadata>
</contour>
<contour name="Process 76" class="PointContour" color="#08ffdd" visible="true">
<created>Tue Jun 08 12:38:57 EDT 2010</created>
<edited>Tue Jun 08 12:38:57 EDT 2010</edited>
<value><point x="12808" y="18620"/></value>
<metadata author="">

</metadata>
</contour>
<contour name="Process 134" class="PointContour" color="#0954ff" visible="true">
<created>Wed Jun 09 13:07:40 EDT 2010</created>
<edited>Wed Jun 09 13:07:40 EDT 2010</edited>
<value><point x="12718" y="18212"/></value>
<metadata author="">

</metadata>
</contour>
<contour name="Process 18" class="PointContour" color="#ff5cb4" visible="true">
<created>Wed Jun 02 17:49:34 EDT 2010</created>
<edited>Wed Jun 02 17:49:34 EDT 2010</edited>
<value><point x="11250" y="17552"/></value>
<metadata author="">

</metadata>
</contour>
<contour name="Process 97" class="PointContour" color="#05ff95" visible="true">
<created>Tue Jun 08 14:32:01 EDT 2010</created>
<edited>Tue Jun 08 14:32:01 EDT 2010</edited>
<value><point x="12134" y="18684"/></value>
<metadata author="">

</metadata>
</contour>
<contour name="Process 29" class="PointContour" color="#7aff76" visible="true">
<created>Tue Jun 08 16:06:51 EDT 2010</created>
<edited>Tue Jun 08 16:06:51 EDT 2010</edited>
<value><point x="12054" y="18380"/></value>
<metadata author="">

</metadata>
</contour>
<contour name="Process 29" class="PointContour" color="#7aff76" visible="true">
<created>Mon Jun 07 15:57:28 EDT 2010</created>
<edited>Mon Jun 07 15:57:28 EDT 2010</edited>
<value><point x="12130" y="18526"/></value>
<metadata author="">

</metadata>
</contour>
<contour name="Process 29" class="PointContour" color="#7aff76" visible="true">
<created>Mon Jun 07 15:06:19 EDT 2010</created>
<edited>Mon Jun 07 15:06:19 EDT 2010</edited>
<value><point x="11540" y="19116"/></value>
<metadata author="">

</metadata>
</contour>
<contour name="Trail 11" class="PointContour" color="#ff6a83" visible="true">
<created>Wed Jun 02 17:15:34 EDT 2010</created>
<edited>Wed Jun 02 17:15:34 EDT 2010</edited>
<value><point x="11786" y="18286"/></value>
<metadata author="">

</metadata>
</contour>
<contour name="Process 104" class="PointContour" color="#df03ff" visible="true">
<created>Tue Jun 08 16:14:06 EDT 2010</created>
<edited>Tue Jun 08 16:14:06 EDT 2010</edited>
<value><point x="12160" y="18856"/></value>
<metadata author="">

</metadata>
</contour>
<contour name="Process 29" class="PointContour" color="#7aff76" visible="true">
<created>Mon Jun 07 15:06:19 EDT 2010</created>
<edited>Mon Jun 07 15:06:19 EDT 2010</edited>
<value><point x="11252" y="18632"/></value>
<metadata author="">

</metadata>
</contour>
<contour name="Process 39" class="PointContour" color="#a4f7f2" visible="true">
<created>Mon Jun 07 16:43:37 EDT 2010</created>
<edited>Mon Jun 07 16:43:37 EDT 2010</edited>
<value><point x="11924" y="17706"/></value>
<metadata author="">

</metadata>
</contour>
<contour name="Process 29" class="PointContour" color="#7aff76" visible="true">
<created>Mon Jun 07 15:06:19 EDT 2010</created>
<edited>Mon Jun 07 15:06:19 EDT 2010</edited>
<value><point x="11704" y="19394"/></value>
<metadata author="">

</metadata>
</contour>
<contour name="Process 106" class="PointContour" color="#ff02af" visible="true">
<created>Tue Jun 08 16:17:32 EDT 2010</created>
<edited>Tue Jun 08 16:17:32 EDT 2010</edited>
<value><point x="11146" y="19136"/></value>
<metadata author="">

</metadata>
</contour>
<contour name="Process 54" class="PointContour" color="#ed07ff" visible="true">
<created>Mon Jun 07 17:23:12 EDT 2010</created>
<edited>Mon Jun 07 17:23:12 EDT 2010</edited>
<value><point x="12312" y="17850"/></value>
<metadata author="">

</metadata>
</contour>
<contour name="Process 4" class="PointContour" color="#fff812" visible="true">
<created>Wed Jun 02 16:26:45 EDT 2010</created>
<edited>Wed Jun 02 16:26:45 EDT 2010</edited>
<value><point x="11552" y="18346"/></value>
<metadata author="">

</metadata>
</contour>
<contour name="Process 78" class="PointContour" color="#0390ff" visible="true">
<created>Tue Jun 08 12:45:11 EDT 2010</created>
<edited>Tue Jun 08 12:45:11 EDT 2010</edited>
<value><point x="12440" y="17554"/></value>
<metadata author="">

</metadata>
</contour>
<contour name="Process 84" class="PointContour" color="#ff0ac0" visible="true">
<created>Tue Jun 08 13:05:21 EDT 2010</created>
<edited>Tue Jun 08 13:05:21 EDT 2010</edited>
<value><point x="12044" y="19342"/></value>
<metadata author="">

</metadata>
</contour>
<contour name="Process 92" class="PointContour" color="#ffd909" visible="true">
<created>Tue Jun 08 14:11:19 EDT 2010</created>
<edited>Tue Jun 08 14:11:19 EDT 2010</edited>
<value><point x="12238" y="19366"/></value>
<metadata author="">

</metadata>
</contour>
<contour name="Process 137" class="PointContour" color="#32ff05" visible="true">
<created>Wed Jun 09 14:48:03 EDT 2010</created>
<edited>Wed Jun 09 14:48:03 EDT 2010</edited>
<value><point x="12214" y="18784"/></value>
<metadata author="">

</metadata>
</contour>
<contour name="Process 191" class="PointContour" color="#50d7ff" visible="true">
<created>Thu Jun 10 12:36:32 EDT 2010</created>
<edited>Thu Jun 10 12:36:32 EDT 2010</edited>
<value><point x="11378" y="19384"/></value>
<metadata author="">

</metadata>
</contour>
<contour name="Process 78" class="PointContour" color="#0390ff" visible="true">
<created>Tue Jun 08 12:45:11 EDT 2010</created>
<edited>Tue Jun 08 12:45:11 EDT 2010</edited>
<value><point x="12918" y="17832"/></value>
<metadata author="">

</metadata>
</contour>
<contour name="Process 78" class="PointContour" color="#0390ff" visible="true">
<created>Tue Jun 08 12:45:11 EDT 2010</created>
<edited>Tue Jun 08 12:45:11 EDT 2010</edited>
<value><point x="12670" y="17688"/></value>
<metadata author="">

</metadata>
</contour>
<contour name="Process 118" class="PointContour" color="#4fff10" visible="true">
<created>Tue Jun 08 17:10:03 EDT 2010</created>
<edited>Tue Jun 08 17:10:03 EDT 2010</edited>
<value><point x="11964" y="18564"/></value>
<metadata author="">

</metadata>
</contour>
<contour name="Process 29" class="PointContour" color="#7aff76" visible="true">
<created>Mon Jun 07 15:06:19 EDT 2010</created>
<edited>Mon Jun 07 15:06:19 EDT 2010</edited>
<value><point x="11406" y="18892"/></value>
<metadata author="">

</metadata>
</contour>
<contour name="Process 95" class="PointContour" color="#93ff04" visible="true">
<created>Tue Jun 08 14:28:46 EDT 2010</created>
<edited>Tue Jun 08 14:28:46 EDT 2010</edited>
<value><point x="11376" y="17550"/></value>
<metadata author="">

</metadata>
</contour>
<contour name="Process 184" class="PointContour" color="#e5ff1d" visible="true">
<created>Thu Jun 10 12:23:06 EDT 2010</created>
<edited>Thu Jun 10 12:23:06 EDT 2010</edited>
<value><point x="11214" y="19188"/></value>
<metadata author="">

</metadata>
</contour>
<contour name="Process 33" class="PointContour" color="#f70fe0" visible="true">
<created>Mon Jun 07 16:29:22 EDT 2010</created>
<edited>Mon Jun 07 16:29:22 EDT 2010</edited>
<value><point x="11536" y="17586"/></value>
<metadata author="">

</metadata>
</contour>
<contour name="Process 216" class="PointContour" color="#cf21ff" visible="true">
<created>Thu Jun 10 14:03:42 EDT 2010</created>
<edited>Thu Jun 10 14:03:42 EDT 2010</edited>
<value><point x="12498" y="19306"/></value>
<metadata author="">

</metadata>
</contour>
<contour name="Process 87" class="PointContour" color="#ff0b2f" visible="true">
<created>Tue Jun 08 13:36:59 EDT 2010</created>
<edited>Tue Jun 08 13:36:59 EDT 2010</edited>
<value><point x="12378" y="18880"/></value>
<metadata author="">

</metadata>
</contour>
<contour name="Process 155" class="PointContour" color="#ff7fcd" visible="true">
<created>Wed Jun 09 15:41:22 EDT 2010</created>
<edited>Wed Jun 09 15:41:22 EDT 2010</edited>
<value><point x="11794" y="18350"/></value>
<metadata author="">

</metadata>
</contour>
<contour name="Process 78" class="PointContour" color="#0390ff" visible="true">
<created>Tue Jun 08 12:45:11 EDT 2010</created>
<edited>Tue Jun 08 12:45:11 EDT 2010</edited>
<value><point x="12600" y="17648"/></value>
<metadata author="">

</metadata>
</contour>
<contour name="Process 29" class="PointContour" color="#7aff76" visible="true">
<created>Mon Jun 07 15:06:19 EDT 2010</created>
<edited>Mon Jun 07 15:06:19 EDT 2010</edited>
<value><point x="11262" y="18648"/></value>
<metadata author="">

</metadata>
</contour>
<contour name="Process 29" class="PointContour" color="#7aff76" visible="true">
<created>Mon Jun 07 15:06:19 EDT 2010</created>
<edited>Mon Jun 07 15:06:19 EDT 2010</edited>
<value><point x="11220" y="18580"/></value>
<metadata author="">

</metadata>
</contour>
<contour name="Process 120" class="PointContour" color="#06ffad" visible="true">
<created>Tue Jun 08 17:14:49 EDT 2010</created>
<edited>Tue Jun 08 17:14:49 EDT 2010</edited>
<value><point x="11750" y="18044"/></value>
<metadata author="">

</metadata>
</contour>
<contour name="Process 45" class="PointContour" color="#80d2ff" visible="true">
<created>Mon Jun 07 16:54:46 EDT 2010</created>
<edited>Mon Jun 07 16:54:46 EDT 2010</edited>
<value><point x="12182" y="18386"/></value>
<metadata author="">

</metadata>
</contour>
<contour name="Process 78" class="PointContour" color="#0390ff" visible="true">
<created>Tue Jun 08 12:45:11 EDT 2010</created>
<edited>Tue Jun 08 12:45:11 EDT 2010</edited>
<value><point x="12706" y="17710"/></value>
<metadata author="">

</metadata>
</contour>
<contour name="Process 47" class="PointContour" color="#93cc90" visible="true">
<created>Mon Jun 07 16:58:26 EDT 2010</created>
<edited>Mon Jun 07 16:58:26 EDT 2010</edited>
<value><point x="11816" y="17684"/></value>
<metadata author="">

</metadata>
</contour>
<contour name="Process 78" class="PointContour" color="#0390ff" visible="true">
<created>Tue Jun 08 12:45:11 EDT 2010</created>
<edited>Tue Jun 08 12:45:11 EDT 2010</edited>
<value><point x="12846" y="17792"/></value>
<metadata author="">

</metadata>
</contour>
<contour name="Process 8" class="PointContour" color="#2d23ff" visible="true">
<created>Wed Jun 02 17:05:06 EDT 2010</created>
<edited>Wed Jun 02 17:05:06 EDT 2010</edited>
<value><point x="12314" y="18250"/></value>
<metadata author="">

</metadata>
</contour>
<contour name="Process 66" class="PointContour" color="#bcff07" visible="true">
<created>Mon Jun 07 17:37:18 EDT 2010</created>
<edited>Mon Jun 07 17:37:18 EDT 2010</edited>
<value><point x="11676" y="18354"/></value>
<metadata author="">

</metadata>
</contour>
<contour name="Process 29" class="PointContour" color="#7aff76" visible="true">
<created>Mon Jun 07 15:06:19 EDT 2010</created>
<edited>Mon Jun 07 15:06:19 EDT 2010</edited>
<value><point x="11674" y="19342"/></value>
<metadata author="">

</metadata>
</contour>
<contour name="Process 139" class="PointContour" color="#ff6e25" visible="true">
<created>Wed Jun 09 14:55:21 EDT 2010</created>
<edited>Wed Jun 09 14:55:21 EDT 2010</edited>
<value><point x="11220" y="19222"/></value>
<metadata author="">

</metadata>
</contour>
<contour name="Process 72" class="PointContour" color="#ffcd08" visible="true">
<created>Tue Jun 08 12:18:04 EDT 2010</created>
<edited>Tue Jun 08 12:18:04 EDT 2010</edited>
<value><point x="12544" y="18208"/></value>
<metadata author="">

</metadata>
</contour>
<contour name="Process 78" class="PointContour" color="#0390ff" visible="true">
<created>Tue Jun 08 12:45:11 EDT 2010</created>
<edited>Tue Jun 08 12:45:11 EDT 2010</edited>
<value><point x="12300" y="17472"/></value>
<metadata author="">

</metadata>
</contour>
<contour name="Process 34" class="PointContour" color="#05f7b3" visible="true">
<created>Mon Jun 07 16:31:52 EDT 2010</created>
<edited>Mon Jun 07 16:31:52 EDT 2010</edited>
<value><point x="11710" y="17966"/></value>
<metadata author="">

</metadata>
</contour>
<contour name="Process 104" class="PointContour" color="#df03ff" visible="true">
<created>Tue Jun 08 16:10:42 EDT 2010</created>
<edited>Tue Jun 08 16:10:42 EDT 2010</edited>
<value><point x="11718" y="17892"/></value>
<metadata author="">

</metadata>
</contour>
<contour name="Process 29" class="PointContour" color="#7aff76" visible="true">
<created>Mon Jun 07 15:06:19 EDT 2010</created>
<edited>Mon Jun 07 15:06:19 EDT 2010</edited>
<value><point x="11632" y="19272"/></value>
<metadata author="">

</metadata>
</contour>
<contour name="Process 97" class="PointContour" color="#05ff95" visible="true">
<created>Tue Jun 08 14:32:19 EDT 2010</created>
<edited>Tue Jun 08 14:32:19 EDT 2010</edited>
<value><point x="12968" y="19006"/></value>
<metadata author="">

</metadata>
</contour>
<contour name="Process 69" class="PointContour" color="#03ffda" visible="true">
<created>Mon Jun 07 17:44:03 EDT 2010</created>
<edited>Mon Jun 07 17:44:03 EDT 2010</edited>
<value><point x="11678" y="17504"/></value>
<metadata author="">

</metadata>
</contour>
<contour name="Process 117" class="PointContour" color="#78ff04" visible="true">
<created>Tue Jun 08 17:08:37 EDT 2010</created>
<edited>Tue Jun 08 17:08:37 EDT 2010</edited>
<value><point x="11606" y="18664"/></value>
<metadata author="">

</metadata>
</contour>
<contour name="Process 17" class="PointContour" color="#c115ff" visible="true">
<created>Wed Jun 02 17:42:13 EDT 2010</created>
<edited>Wed Jun 02 17:42:13 EDT 2010</edited>
<value><point x="11662" y="17554"/></value>
<metadata author="">

</metadata>
</contour>
<contour name="Process 41" class="PointContour" color="#b2aff7" visible="true">
<created>Mon Jun 07 16:47:54 EDT 2010</created>
<edited>Mon Jun 07 16:47:54 EDT 2010</edited>
<value><point x="12214" y="17970"/></value>
<metadata author="">

</metadata>
</contour>
<contour name="Process 112" class="PointContour" color="#ffd72d" visible="true">
<created>Tue Jun 08 16:56:32 EDT 2010</created>
<edited>Tue Jun 08 16:56:32 EDT 2010</edited>
<value><point x="12094" y="18436"/></value>
<metadata author="">

</metadata>
</contour>
<contour name="Process 49" class="PointContour" color="#4053cc" visible="true">
<created>Mon Jun 07 17:01:17 EDT 2010</created>
<edited>Mon Jun 07 17:01:17 EDT 2010</edited>
<value><point x="11806" y="17978"/></value>
<metadata author="">

</metadata>
</contour>
<contour name="Process 174" class="PointContour" color="#c37aff" visible="true">
<created>Wed Jun 09 17:08:05 EDT 2010</created>
<edited>Wed Jun 09 17:08:05 EDT 2010</edited>
<value><point x="12460" y="18092"/></value>
<metadata author="">

</metadata>
</contour>
<contour name="Process 200" class="PointContour" color="#8e1fff" visible="true">
<created>Thu Jun 10 13:06:24 EDT 2010</created>
<edited>Thu Jun 10 13:06:24 EDT 2010</edited>
<value><point x="11282" y="18120"/></value>
<metadata author="">

</metadata>
</contour>
<contour name="Process 78" class="PointContour" color="#0390ff" visible="true">
<created>Tue Jun 08 12:45:11 EDT 2010</created>
<edited>Tue Jun 08 12:45:11 EDT 2010</edited>
<value><point x="12634" y="17668"/></value>
<metadata author="">

</metadata>
</contour>
<contour name="Process 205" class="PointContour" color="#0ddcff" visible="true">
<created>Thu Jun 10 13:16:50 EDT 2010</created>
<edited>Thu Jun 10 13:16:50 EDT 2010</edited>
<value><point x="12268" y="18290"/></value>
<metadata author="">

</metadata>
</contour>
<contour name="Process 29" class="PointContour" color="#7aff76" visible="true">
<created>Mon Jun 07 15:06:19 EDT 2010</created>
<edited>Mon Jun 07 15:06:19 EDT 2010</edited>
<value><point x="11180" y="18510"/></value>
<metadata author="">

</metadata>
</contour>
<contour name="Process 114" class="PointContour" color="#cbff04" visible="true">
<created>Tue Jun 08 17:00:24 EDT 2010</created>
<edited>Tue Jun 08 17:00:24 EDT 2010</edited>
<value><point x="12484" y="18352"/></value>
<metadata author="">

</metadata>
</contour>
<contour name="Process 17" class="PointContour" color="#c115ff" visible="true">
<created>Thu Jun 10 15:03:51 EDT 2010</created>
<edited>Thu Jun 10 15:03:51 EDT 2010</edited>
<value><point x="40184" y="40184"/></value>
<metadata author="">

</metadata>
</contour>
<contour name="Process 29" class="PointContour" color="#7aff76" visible="true">
<created>Mon Jun 07 15:06:19 EDT 2010</created>
<edited>Mon Jun 07 15:06:19 EDT 2010</edited>
<value><point x="11560" y="19152"/></value>
<metadata author="">

</metadata>
</contour>
<contour name="Trail 3" class="PointContour" color="#ffa20c" visible="true">
<created>Wed Jun 02 16:21:57 EDT 2010</created>
<edited>Wed Jun 02 16:21:57 EDT 2010</edited>
<value><point x="12550" y="18500"/></value>
<metadata author="">

</metadata>
</contour>
<contour name="Trail 21" class="PointContour" color="#68c268" visible="true">
<created>Thu Jun 03 09:59:28 EDT 2010</created>
<edited>Thu Jun 03 09:59:28 EDT 2010</edited>
<value><point x="12510" y="18404"/></value>
<metadata author="">

</metadata>
</contour>
<contour name="Process 29" class="PointContour" color="#7aff76" visible="true">
<created>Mon Jun 07 15:06:19 EDT 2010</created>
<edited>Mon Jun 07 15:06:19 EDT 2010</edited>
<value><point x="11592" y="19204"/></value>
<metadata author="">

</metadata>
</contour>
<contour name="Process 7" class="PointContour" color="#10fffb" visible="true">
<created>Wed Jun 02 16:57:08 EDT 2010</created>
<edited>Wed Jun 02 16:57:08 EDT 2010</edited>
<value><point x="11912" y="19430"/></value>
<metadata author="">

</metadata>
</contour>
<contour name="Process 18" class="PointContour" color="#ff5cb4" visible="true">
<created>Wed Jun 02 17:49:01 EDT 2010</created>
<edited>Wed Jun 02 17:49:01 EDT 2010</edited>
<value><point x="11748" y="17632"/></value>
<metadata author="">

</metadata>
</contour>
<contour name="Process 22" class="PointContour" color="#7e84c2" visible="true">
<created>Thu Jun 03 10:08:07 EDT 2010</created>
<edited>Thu Jun 03 10:08:07 EDT 2010</edited>
<value><point x="12368" y="17836"/></value>
<metadata author="">

</metadata>
</contour>
<contour name="Process 78" class="PointContour" color="#0390ff" visible="true">
<created>Tue Jun 08 12:45:11 EDT 2010</created>
<edited>Tue Jun 08 12:45:11 EDT 2010</edited>
<value><point x="12830" y="17782"/></value>
<metadata author="">

</metadata>
</contour>
<contour name="Process 29" class="PointContour" color="#7aff76" visible="true">
<created>Mon Jun 07 15:06:19 EDT 2010</created>
<edited>Mon Jun 07 15:06:19 EDT 2010</edited>
<value><point x="11292" y="18700"/></value>
<metadata author="">

</metadata>
</contour>
<contour name="Process 17" class="PointContour" color="#c115ff" visible="true">
<created>Wed Jun 02 17:40:48 EDT 2010</created>
<edited>Wed Jun 02 17:40:48 EDT 2010</edited>
<value><point x="11790" y="17542"/></value>
<metadata author="">

</metadata>
</contour>
<contour name="Process 43" class="PointContour" color="#b2f75b" visible="true">
<created>Mon Jun 07 16:51:21 EDT 2010</created>
<edited>Mon Jun 07 16:51:21 EDT 2010</edited>
<value><point x="11880" y="19340"/></value>
<metadata author="">

</metadata>
</contour>
<contour name="Process 78" class="PointContour" color="#0390ff" visible="true">
<created>Tue Jun 08 12:45:11 EDT 2010</created>
<edited>Tue Jun 08 12:45:11 EDT 2010</edited>
<value><point x="12618" y="17658"/></value>
<metadata author="">

</metadata>
</contour>
<contour name="Process 85" class="PointContour" color="#ff067f" visible="true">
<created>Tue Jun 08 13:17:05 EDT 2010</created>
<edited>Tue Jun 08 13:17:05 EDT 2010</edited>
<value><point x="12946" y="19086"/></value>
<metadata author="">

</metadata>
</contour>
<contour name="Process 29" class="PointContour" color="#7aff76" visible="true">
<created>Mon Jun 07 15:06:19 EDT 2010</created>
<edited>Mon Jun 07 15:06:19 EDT 2010</edited>
<value><point x="11478" y="19012"/></value>
<metadata author="">

</metadata>
</contour>
<contour name="Process 29" class="PointContour" color="#7aff76" visible="true">
<created>Mon Jun 07 15:58:33 EDT 2010</created>
<edited>Mon Jun 07 15:58:33 EDT 2010</edited>
<value><point x="12704" y="18028"/></value>
<metadata author="">

</metadata>
</contour>
<contour name="Process 8" class="PointContour" color="#2d23ff" visible="true">
<created>Wed Jun 02 17:06:09 EDT 2010</created>
<edited>Wed Jun 02 17:06:09 EDT 2010</edited>
<value><point x="12040" y="18508"/></value>
<metadata author="">

</metadata>
</contour>
<contour name="Process 114" class="PointContour" color="#cbff04" visible="true">
<created>Tue Jun 08 17:02:41 EDT 2010</created>
<edited>Tue Jun 08 17:02:41 EDT 2010</edited>
<value><point x="12686" y="19164"/></value>
<metadata author="">

</metadata>
</contour>
<contour name="Process 29" class="PointContour" color="#7aff76" visible="true">
<created>Mon Jun 07 15:06:19 EDT 2010</created>
<edited>Mon Jun 07 15:06:19 EDT 2010</edited>
<value><point x="11396" y="18874"/></value>
<metadata author="">

</metadata>
</contour>
<contour name="Process 29" class="PointContour" color="#7aff76" visible="true">
<created>Mon Jun 07 15:06:19 EDT 2010</created>
<edited>Mon Jun 07 15:06:19 EDT 2010</edited>
<value><point x="11364" y="18822"/></value>
<metadata author="">

</metadata>
</contour>
<contour name="Process 78" class="PointContour" color="#0390ff" visible="true">
<created>Tue Jun 08 12:45:11 EDT 2010</created>
<edited>Tue Jun 08 12:45:11 EDT 2010</edited>
<value><point x="12776" y="17750"/></value>
<metadata author="">

</metadata>
</contour>
<contour name="Process 78" class="PointContour" color="#0390ff" visible="true">
<created>Tue Jun 08 12:45:11 EDT 2010</created>
<edited>Tue Jun 08 12:45:11 EDT 2010</edited>
<value><point x="12652" y="17678"/></value>
<metadata author="">

</metadata>
</contour>
<contour name="Process 29" class="PointContour" color="#7aff76" visible="true">
<created>Mon Jun 07 15:06:19 EDT 2010</created>
<edited>Mon Jun 07 15:06:19 EDT 2010</edited>
<value><point x="11200" y="18544"/></value>
<metadata author="">

</metadata>
</contour>
<contour name="Process 78" class="PointContour" color="#0390ff" visible="true">
<created>Tue Jun 08 12:45:11 EDT 2010</created>
<edited>Tue Jun 08 12:45:11 EDT 2010</edited>
<value><point x="12900" y="17822"/></value>
<metadata author="">

</metadata>
</contour>
<contour name="Process 77" class="PointContour" color="#06dfff" visible="true">
<created>Tue Jun 08 12:41:50 EDT 2010</created>
<edited>Tue Jun 08 12:41:50 EDT 2010</edited>
<value><point x="12126" y="18770"/></value>
<metadata author="">

</metadata>
</contour>
<contour name="Process 29" class="PointContour" color="#7aff76" visible="true">
<created>Mon Jun 07 15:06:19 EDT 2010</created>
<edited>Mon Jun 07 15:06:19 EDT 2010</edited>
<value><point x="11302" y="18718"/></value>
<metadata author="">

</metadata>
</contour>
<contour name="Process 78" class="PointContour" color="#0390ff" visible="true">
<created>Tue Jun 08 12:45:11 EDT 2010</created>
<edited>Tue Jun 08 12:45:11 EDT 2010</edited>
<value><point x="12476" y="17576"/></value>
<metadata author="">

</metadata>
</contour>
<contour name="Process 78" class="PointContour" color="#0390ff" visible="true">
<created>Tue Jun 08 12:45:11 EDT 2010</created>
<edited>Tue Jun 08 12:45:11 EDT 2010</edited>
<value><point x="12530" y="17606"/></value>
<metadata author="">

</metadata>
</contour>
<contour name="Process 190" class="PointContour" color="#ffadba" visible="true">
<created>Thu Jun 10 12:34:14 EDT 2010</created>
<edited>Thu Jun 10 12:34:14 EDT 2010</edited>
<value><point x="10962" y="18014"/></value>
<metadata author="">

</metadata>
</contour>
<contour name="Process 29" class="PointContour" color="#7aff76" visible="true">
<created>Mon Jun 07 15:06:19 EDT 2010</created>
<edited>Mon Jun 07 15:06:19 EDT 2010</edited>
<value><point x="11448" y="18960"/></value>
<metadata author="">

</metadata>
</contour>
<contour name="Process 29" class="PointContour" color="#7aff76" visible="true">
<created>Mon Jun 07 15:06:19 EDT 2010</created>
<edited>Mon Jun 07 15:06:19 EDT 2010</edited>
<value><point x="11190" y="18528"/></value>
<metadata author="">

</metadata>
</contour>
<contour name="Process 59" class="PointContour" color="#ff0340" visible="true">
<created>Mon Jun 07 17:29:17 EDT 2010</created>
<edited>Mon Jun 07 17:29:17 EDT 2010</edited>
<value><point x="12822" y="18684"/></value>
<metadata author="">

</metadata>
</contour>
<contour name="Process 29" class="PointContour" color="#7aff76" visible="true">
<created>Mon Jun 07 15:06:19 EDT 2010</created>
<edited>Mon Jun 07 15:06:19 EDT 2010</edited>
<value><point x="11652" y="19308"/></value>
<metadata author="">

</metadata>
</contour>
<contour name="Process 29" class="PointContour" color="#7aff76" visible="true">
<created>Mon Jun 07 15:06:19 EDT 2010</created>
<edited>Mon Jun 07 15:06:19 EDT 2010</edited>
<value><point x="11374" y="18840"/></value>
<metadata author="">

</metadata>
</contour>
<contour name="Process 29" class="PointContour" color="#7aff76" visible="true">
<created>Mon Jun 07 15:06:19 EDT 2010</created>
<edited>Mon Jun 07 15:06:19 EDT 2010</edited>
<value><point x="11098" y="18372"/></value>
<metadata author="">

</metadata>
</contour>
<contour name="Process 46" class="PointContour" color="#9372cc" visible="true">
<created>Mon Jun 07 16:56:38 EDT 2010</created>
<edited>Mon Jun 07 16:56:38 EDT 2010</edited>
<value><point x="11776" y="17916"/></value>
<metadata author="">

</metadata>
</contour>
<contour name="Process 78" class="PointContour" color="#0390ff" visible="true">
<created>Tue Jun 08 12:45:11 EDT 2010</created>
<edited>Tue Jun 08 12:45:11 EDT 2010</edited>
<value><point x="12582" y="17638"/></value>
<metadata author="">

</metadata>
</contour>
<contour name="Process 132" class="PointContour" color="#06adff" visible="true">
<created>Wed Jun 09 13:05:05 EDT 2010</created>
<edited>Wed Jun 09 13:05:05 EDT 2010</edited>
<value><point x="11478" y="17960"/></value>
<metadata author="">

</metadata>
</contour>
<contour name="Process 183" class="PointContour" color="#e166ff" visible="true">
<created>Thu Jun 10 12:40:27 EDT 2010</created>
<edited>Thu Jun 10 12:40:27 EDT 2010</edited>
<value><point x="12628" y="19220"/></value>
<metadata author="">

</metadata>
</contour>
<contour name="Process 29" class="PointContour" color="#7aff76" visible="true">
<created>Mon Jun 07 15:06:19 EDT 2010</created>
<edited>Mon Jun 07 15:06:19 EDT 2010</edited>
<value><point x="11138" y="18440"/></value>
<metadata author="">

</metadata>
</contour>
<contour name="Process 153" class="PointContour" color="#f3ff8b" visible="true">
<created>Wed Jun 09 15:33:34 EDT 2010</created>
<edited>Wed Jun 09 15:33:34 EDT 2010</edited>
<value><point x="10984" y="19054"/></value>
<metadata author="">

</metadata>
</contour>
<contour name="Process 28" class="PointContour" color="#d1a73a" visible="true">
<created>Thu Jun 03 11:28:15 EDT 2010</created>
<edited>Thu Jun 03 11:28:15 EDT 2010</edited>
<value><point x="12682" y="18572"/></value>
<metadata author="">

</metadata>
</contour>
<contour name="Process 29" class="PointContour" color="#7aff76" visible="true">
<created>Mon Jun 07 15:06:19 EDT 2010</created>
<edited>Mon Jun 07 15:06:19 EDT 2010</edited>
<value><point x="11230" y="18596"/></value>
<metadata author="">

</metadata>
</contour>
<contour name="Process 85" class="PointContour" color="#ff067f" visible="true">
<created>Tue Jun 08 13:14:43 EDT 2010</created>
<edited>Tue Jun 08 13:14:43 EDT 2010</edited>
<value><point x="12608" y="18978"/></value>
<metadata author="">

</metadata>
</contour>
<contour name="Process 29" class="PointContour" color="#7aff76" visible="true">
<created>Mon Jun 07 15:06:19 EDT 2010</created>
<edited>Mon Jun 07 15:06:19 EDT 2010</edited>
<value><point x="11426" y="18926"/></value>
<metadata author="">

</metadata>
</contour>
<contour name="Process 204" class="PointContour" color="#e0ff14" visible="true">
<created>Thu Jun 10 13:14:55 EDT 2010</created>
<edited>Thu Jun 10 13:14:55 EDT 2010</edited>
<value><point x="11866" y="17608"/></value>
<metadata author="">

</metadata>
</contour>
<contour name="Process 9" class="PointContour" color="#ab0bff" visible="true">
<created>Wed Jun 02 17:08:45 EDT 2010</created>
<edited>Wed Jun 02 17:08:45 EDT 2010</edited>
<value><point x="11582" y="18590"/></value>
<metadata author="">

</metadata>
</contour>
<contour name="Process 29" class="PointContour" color="#7aff76" visible="true">
<created>Thu Jun 10 13:21:59 EDT 2010</created>
<edited>Thu Jun 10 13:21:59 EDT 2010</edited>
<value><point x="12586" y="18104"/></value>
<metadata author="">

</metadata>
</contour>
<contour name="Process 78" class="PointContour" color="#0390ff" visible="true">
<created>Tue Jun 08 12:45:11 EDT 2010</created>
<edited>Tue Jun 08 12:45:11 EDT 2010</edited>
<value><point x="12758" y="17740"/></value>
<metadata author="">

</metadata>
</contour>
<contour name="Process 60" class="PointContour" color="#ff4e01" visible="true">
<created>Mon Jun 07 17:30:44 EDT 2010</created>
<edited>Mon Jun 07 17:30:44 EDT 2010</edited>
<value><point x="11614" y="17768"/></value>
<metadata author="">

</metadata>
</contour>
<contour name="Process 38" class="PointContour" color="#f7edc9" visible="true">
<created>Mon Jun 07 16:41:36 EDT 2010</created>
<edited>Mon Jun 07 16:41:36 EDT 2010</edited>
<value><point x="12042" y="18284"/></value>
<metadata author="">

</metadata>
</contour>
<contour name="Process 128" class="PointContour" color="#acff0c" visible="true">
<created>Wed Jun 09 12:21:57 EDT 2010</created>
<edited>Wed Jun 09 12:21:57 EDT 2010</edited>
<value><point x="12604" y="18600"/></value>
<metadata author="">

</metadata>
</contour>
<contour name="Process 42" class="PointContour" color="#f7cd42" visible="true">
<created>Mon Jun 07 16:50:28 EDT 2010</created>
<edited>Mon Jun 07 16:50:28 EDT 2010</edited>
<value><point x="11978" y="19444"/></value>
<metadata author="">

</metadata>
</contour>
<contour name="Process 143" class="PointContour" color="#d10eff" visible="true">
<created>Wed Jun 09 15:08:00 EDT 2010</created>
<edited>Wed Jun 09 15:08:00 EDT 2010</edited>
<value><point x="12966" y="19200"/></value>
<metadata author="">

</metadata>
</contour>
<contour name="Process 78" class="PointContour" color="#0390ff" visible="true">
<created>Tue Jun 08 12:45:11 EDT 2010</created>
<edited>Tue Jun 08 12:45:11 EDT 2010</edited>
<value><point x="12724" y="17720"/></value>
<metadata author="">

</metadata>
</contour>
<contour name="Process 29" class="PointContour" color="#7aff76" visible="true">
<created>Mon Jun 07 15:06:19 EDT 2010</created>
<edited>Mon Jun 07 15:06:19 EDT 2010</edited>
<value><point x="11242" y="18614"/></value>
<metadata author="">

</metadata>
</contour>
<contour name="Process 7" class="PointContour" color="#10fffb" visible="true">
<created>Wed Jun 02 16:54:40 EDT 2010</created>
<edited>Wed Jun 02 16:54:40 EDT 2010</edited>
<value><point x="11116" y="19196"/></value>
<metadata author="">

</metadata>
</contour>
<contour name="Process 78" class="PointContour" color="#0390ff" visible="true">
<created>Tue Jun 08 12:45:11 EDT 2010</created>
<edited>Tue Jun 08 12:45:11 EDT 2010</edited>
<value><point x="12318" y="17482"/></value>
<metadata author="">

</metadata>
</contour>
<contour name="Process 40" class="PointContour" color="#c4f7b5" visible="true">
<created>Mon Jun 07 16:46:00 EDT 2010</created>
<edited>Mon Jun 07 16:46:00 EDT 2010</edited>
<value><point x="12544" y="18144"/></value>
<metadata author="">

</metadata>
</contour>
<contour name="Trail 3" class="PointContour" color="#ffa20c" visible="true">
<created>Wed Jun 02 16:18:11 EDT 2010</created>
<edited>Wed Jun 02 16:18:11 EDT 2010</edited>
<value><point x="11892" y="18778"/></value>
<metadata author="">

</metadata>
</contour>
<contour name="Process 207" class="PointContour" color="#c2ff4a" visible="true">
<created>Thu Jun 10 13:19:41 EDT 2010</created>
<edited>Thu Jun 10 13:19:41 EDT 2010</edited>
<value><point x="12484" y="18532"/></value>
<metadata author="">

</metadata>
</contour>
<contour name="Process 92" class="PointContour" color="#ffd909" visible="true">
<created>Tue Jun 08 14:20:41 EDT 2010</created>
<edited>Tue Jun 08 14:20:41 EDT 2010</edited>
<value><point x="11572" y="19468"/></value>
<metadata author="">

</metadata>
</contour>
<contour name="Process 29" class="PointContour" color="#7aff76" visible="true">
<created>Mon Jun 07 15:06:19 EDT 2010</created>
<edited>Mon Jun 07 15:06:19 EDT 2010</edited>
<value><point x="11488" y="19030"/></value>
<metadata author="">

</metadata>
</contour>
<contour name="Trail 3" class="PointContour" color="#ffa20c" visible="true">
<created>Wed Jun 02 16:19:32 EDT 2010</created>
<edited>Wed Jun 02 16:19:32 EDT 2010</edited>
<value><point x="12310" y="18934"/></value>
<metadata author="">

</metadata>
</contour>
<contour name="Process 131" class="PointContour" color="#0cf4ff" visible="true">
<created>Wed Jun 09 13:03:26 EDT 2010</created>
<edited>Wed Jun 09 13:03:26 EDT 2010</edited>
<value><point x="12778" y="18016"/></value>
<metadata author="">

</metadata>
</contour>
<contour name="Process 53" class="PointContour" color="#d507ff" visible="true">
<created>Mon Jun 07 17:21:59 EDT 2010</created>
<edited>Mon Jun 07 17:21:59 EDT 2010</edited>
<value><point x="12624" y="18258"/></value>
<metadata author="">

</metadata>
</contour>
<contour name="Process 2" class="PointContour" color="#ff5107" visible="true">
<created>Wed Jun 02 16:14:39 EDT 2010</created>
<edited>Wed Jun 02 16:14:39 EDT 2010</edited>
<value><point x="11604" y="18876"/></value>
<metadata author="">

</metadata>
</contour>
<contour name="Process 158" class="PointContour" color="#ff7fcd" visible="true">
<created>Wed Jun 09 15:48:27 EDT 2010</created>
<edited>Wed Jun 09 15:48:27 EDT 2010</edited>
<value><point x="11144" y="17986"/></value>
<metadata author="">

</metadata>
</contour>
<contour name="Process 29" class="PointContour" color="#7aff76" visible="true">
<created>Mon Jun 07 15:06:19 EDT 2010</created>
<edited>Mon Jun 07 15:06:19 EDT 2010</edited>
<value><point x="11642" y="19290"/></value>
<metadata author="">

</metadata>
</contour>
<contour name="Process 78" class="PointContour" color="#0390ff" visible="true">
<created>Tue Jun 08 12:45:11 EDT 2010</created>
<edited>Tue Jun 08 12:45:11 EDT 2010</edited>
<value><point x="12246" y="17442"/></value>
<metadata author="">

</metadata>
</contour>
<contour name="Process 111" class="PointContour" color="#ffa006" visible="true">
<created>Tue Jun 08 16:26:22 EDT 2010</created>
<edited>Tue Jun 08 16:26:22 EDT 2010</edited>
<value><point x="12782" y="18528"/></value>
<metadata author="">

</metadata>
</contour>
<contour name="Process 29" class="PointContour" color="#7aff76" visible="true">
<created>Thu Jun 03 12:28:38 EDT 2010</created>
<edited>Thu Jun 03 12:28:38 EDT 2010</edited>
<value><point x="11724" y="18762"/></value>
<metadata author="">

</metadata>
</contour>
<contour name="Process 78" class="PointContour" color="#0390ff" visible="true">
<created>Tue Jun 08 12:45:11 EDT 2010</created>
<edited>Tue Jun 08 12:45:11 EDT 2010</edited>
<value><point x="12334" y="17492"/></value>
<metadata author="">

</metadata>
</contour>
<contour name="Process 121" class="PointContour" color="#6ac7ff" visible="true">
<created>Tue Jun 08 17:25:37 EDT 2010</created>
<edited>Tue Jun 08 17:25:37 EDT 2010</edited>
<value><point x="12686" y="18128"/></value>
<metadata author="">

</metadata>
</contour>
<contour name="Process 221" class="PointContour" color="#ff38d2" visible="true">
<created>Thu Jun 10 17:23:04 EDT 2010</created>
<edited>Thu Jun 10 17:23:04 EDT 2010</edited>
<value><point x="11564" y="17964"/></value>
<metadata author="">

</metadata>
</contour>
<contour name="Process 2" class="PointContour" color="#ff5107" visible="true">
<created>Wed Jun 02 16:08:39 EDT 2010</created>
<edited>Wed Jun 02 16:08:39 EDT 2010</edited>
<value><point x="11834" y="18424"/></value>
<metadata author="">

</metadata>
</contour>
<contour name="Process 29" class="PointContour" color="#7aff76" visible="true">
<created>Mon Jun 07 15:06:19 EDT 2010</created>
<edited>Mon Jun 07 15:06:19 EDT 2010</edited>
<value><point x="11458" y="18978"/></value>
<metadata author="">

</metadata>
</contour>
<contour name="Process 100" class="PointContour" color="#0395ff" visible="true">
<created>Tue Jun 08 14:56:37 EDT 2010</created>
<edited>Tue Jun 08 14:56:37 EDT 2010</edited>
<value><point x="12690" y="18402"/></value>
<metadata author="">

</metadata>
</contour>
<contour name="Process 26" class="PointContour" color="#c21ebd" visible="true">
<created>Thu Jun 03 10:33:26 EDT 2010</created>
<edited>Thu Jun 03 10:33:26 EDT 2010</edited>
<value><point x="12304" y="18292"/></value>
<metadata author="">

</metadata>
</contour>
<contour name="Process 138" class="PointContour" color="#ffce2e" visible="true">
<created>Wed Jun 09 14:54:05 EDT 2010</created>
<edited>Wed Jun 09 14:54:05 EDT 2010</edited>
<value><point x="11296" y="19266"/></value>
<metadata author="">

</metadata>
</contour>
<contour name="Process 150" class="PointContour" color="#ffbafb" visible="true">
<created>Wed Jun 09 15:22:11 EDT 2010</created>
<edited>Wed Jun 09 15:22:11 EDT 2010</edited>
<value><point x="11172" y="18892"/></value>
<metadata author="">

</metadata>
</contour>
<contour name="Process 210" class="PointContour" color="#6c6eff" visible="true">
<created>Thu Jun 10 13:50:14 EDT 2010</created>
<edited>Thu Jun 10 13:50:14 EDT 2010</edited>
<value><point x="12726" y="19212"/></value>
<metadata author="">

</metadata>
</contour>
<contour name="Process 29" class="PointContour" color="#7aff76" visible="true">
<created>Mon Jun 07 15:06:19 EDT 2010</created>
<edited>Mon Jun 07 15:06:19 EDT 2010</edited>
<value><point x="11324" y="18752"/></value>
<metadata author="">

</metadata>
</contour>
<contour name="Process 28" class="PointContour" color="#d1a73a" visible="true">
<created>Thu Jun 03 10:36:47 EDT 2010</created>
<edited>Thu Jun 03 10:36:47 EDT 2010</edited>
<value><point x="12342" y="18912"/></value>
<metadata author="">

</metadata>
</contour>
<contour name="Process 29" class="PointContour" color="#7aff76" visible="true">
<created>Mon Jun 07 15:06:19 EDT 2010</created>
<edited>Mon Jun 07 15:06:19 EDT 2010</edited>
<value><point x="11170" y="18492"/></value>
<metadata author="">

</metadata>
</contour>
<contour name="Process 209" class="PointContour" color="#9eff56" visible="true">
<created>Thu Jun 10 13:47:26 EDT 2010</created>
<edited>Thu Jun 10 13:47:26 EDT 2010</edited>
<value><point x="12228" y="19070"/></value>
<metadata author="">

</metadata>
</contour>
<contour name="Process 160" class="PointContour" color="#5ecaff" visible="true">
<created>Wed Jun 09 16:03:32 EDT 2010</created>
<edited>Wed Jun 09 16:03:32 EDT 2010</edited>
<value><point x="11592" y="18456"/></value>
<metadata author="">

</metadata>
</contour>
<contour name="Process 105" class="PointContour" color="#ff0be6" visible="true">
<created>Tue Jun 08 16:16:04 EDT 2010</created>
<edited>Tue Jun 08 16:16:04 EDT 2010</edited>
<value><point x="11048" y="19160"/></value>
<metadata author="">

</metadata>
</contour>
<contour name="Process 142" class="PointContour" color="#ffefba" visible="true">
<created>Wed Jun 09 15:05:17 EDT 2010</created>
<edited>Wed Jun 09 15:05:17 EDT 2010</edited>
<value><point x="12452" y="18822"/></value>
<metadata author="">

</metadata>
</contour>
<contour name="Process 29" class="PointContour" color="#7aff76" visible="true">
<created>Mon Jun 07 15:06:19 EDT 2010</created>
<edited>Mon Jun 07 15:06:19 EDT 2010</edited>
<value><point x="11714" y="19412"/></value>
<metadata author="">

</metadata>
</contour>
<contour name="Process 15" class="PointContour" color="#46ffdc" visible="true">
<created>Wed Jun 02 17:27:46 EDT 2010</created>
<edited>Wed Jun 02 17:27:46 EDT 2010</edited>
<value><point x="12892" y="18796"/></value>
<metadata author="">

</metadata>
</contour>
<contour name="Process 62" class="PointContour" color="#ff9c0d" visible="true">
<created>Mon Jun 07 17:32:35 EDT 2010</created>
<edited>Mon Jun 07 17:32:35 EDT 2010</edited>
<value><point x="11110" y="19098"/></value>
<metadata author="">

</metadata>
</contour>
<contour name="Process 29" class="PointContour" color="#7aff76" visible="true">
<created>Mon Jun 07 15:06:19 EDT 2010</created>
<edited>Mon Jun 07 15:06:19 EDT 2010</edited>
<value><point x="11602" y="19220"/></value>
<metadata author="">

</metadata>
</contour>
<contour name="Process 16" class="PointContour" color="#ff70a8" visible="true">
<created>Wed Jun 02 17:29:13 EDT 2010</created>
<edited>Wed Jun 02 17:29:13 EDT 2010</edited>
<value><point x="11614" y="18150"/></value>
<metadata author="">

</metadata>
</contour>
<contour name="Process 75" class="PointContour" color="#08ffac" visible="true">
<created>Wed Jun 09 16:09:46 EDT 2010</created>
<edited>Wed Jun 09 16:09:46 EDT 2010</edited>
<value><point x="12454" y="18410"/></value>
<metadata author="">

</metadata>
</contour>
<contour name="Process 89" class="PointContour" color="#ff7c09" visible="true">
<created>Tue Jun 08 13:40:43 EDT 2010</created>
<edited>Tue Jun 08 13:40:43 EDT 2010</edited>
<value><point x="12724" y="18724"/></value>
<metadata author="">

</metadata>
</contour>
<contour name="Process 165" class="PointContour" color="#ffef8c" visible="true">
<created>Wed Jun 09 16:16:12 EDT 2010</created>
<edited>Wed Jun 09 16:16:12 EDT 2010</edited>
<value><point x="12862" y="19166"/></value>
<metadata author="">

</metadata>
</contour>
<contour name="Process 104" class="PointContour" color="#df03ff" visible="true">
<created>Tue Jun 08 16:08:53 EDT 2010</created>
<edited>Tue Jun 08 16:08:53 EDT 2010</edited>
<value><point x="12058" y="19132"/></value>
<metadata author="">

</metadata>
</contour>
<contour name="Process 67" class="PointContour" color="#8eff03" visible="true">
<created>Mon Jun 07 17:39:16 EDT 2010</created>
<edited>Mon Jun 07 17:39:16 EDT 2010</edited>
<value><point x="11974" y="17628"/></value>
<metadata author="">

</metadata>
</contour>
<contour name="Process 178" class="PointContour" color="#09ffe5" visible="true">
<created>Thu Jun 10 10:29:10 EDT 2010</created>
<edited>Thu Jun 10 10:29:10 EDT 2010</edited>
<value><point x="12728" y="18632"/></value>
<metadata author="">

</metadata>
</contour>
<contour name="Process 29" class="PointContour" color="#7aff76" visible="true">
<created>Mon Jun 07 15:06:19 EDT 2010</created>
<edited>Mon Jun 07 15:06:19 EDT 2010</edited>
<value><point x="11436" y="18944"/></value>
<metadata author="">

</metadata>
</contour>
<contour name="Process 29" class="PointContour" color="#7aff76" visible="true">
<created>Mon Jun 07 15:06:19 EDT 2010</created>
<edited>Mon Jun 07 15:06:19 EDT 2010</edited>
<value><point x="11386" y="18856"/></value>
<metadata author="">

</metadata>
</contour>
<contour name="Process 29" class="PointContour" color="#7aff76" visible="true">
<created>Mon Jun 07 15:06:19 EDT 2010</created>
<edited>Mon Jun 07 15:06:19 EDT 2010</edited>
<value><point x="11498" y="19048"/></value>
<metadata author="">

</metadata>
</contour>
<contour name="Process 267" class="PointContour" color="#bc66e6" visible="true">
<created>Fri Jun 11 16:07:33 EDT 2010</created>
<edited>Fri Jun 11 16:07:33 EDT 2010</edited>
<value><point x="11782" y="17798"/></value>
<metadata author="">

</metadata>
</contour>
<contour name="Process 267" class="PointContour" color="#bc66e6" visible="true">
<created>Fri Jun 11 16:08:10 EDT 2010</created>
<edited>Fri Jun 11 16:08:10 EDT 2010</edited>
<value><point x="12008" y="17930"/></value>
<metadata author="">

</metadata>
</contour>
<contour name="Process 267" class="PointContour" color="#bc66e6" visible="true">
<created>Fri Jun 11 16:08:21 EDT 2010</created>
<edited>Fri Jun 11 16:08:21 EDT 2010</edited>
<value><point x="12210" y="18014"/></value>
<metadata author="">

</metadata>
</contour>
<contour name="Process 267" class="PointContour" color="#bc66e6" visible="true">
<created>Fri Jun 11 16:09:00 EDT 2010</created>
<edited>Fri Jun 11 16:09:00 EDT 2010</edited>
<value><point x="12972" y="18024"/></value>
<metadata author="">

</metadata>
</contour>
<contour name="Process 283" class="PointContour" color="#8bdb3a" visible="true">
<created>Mon Jun 14 12:48:13 EDT 2010</created>
<edited>Mon Jun 14 12:48:13 EDT 2010</edited>
<value><point x="12728" y="18426"/></value>
<metadata author="">

</metadata>
</contour>
<contour name="Process 285" class="PointContour" color="#3bdd6e" visible="true">
<created>Mon Jun 14 16:54:01 EDT 2010</created>
<edited>Mon Jun 14 16:54:01 EDT 2010</edited>
<value><point x="11768" y="17434"/></value>
<metadata author="">

</metadata>
</contour>
<contour name="Process 171" class="PointContour" color="#d0ff5f" visible="true">
<created>Tue Jun 15 12:40:17 EDT 2010</created>
<edited>Tue Jun 15 12:40:17 EDT 2010</edited>
<value><point x="12592" y="18374"/></value>
<metadata author="">

</metadata>
</contour>
<contour name="Process 72" class="PointContour" color="#ffcd08" visible="true">
<created>Tue Jun 15 13:06:56 EDT 2010</created>
<edited>Tue Jun 15 13:06:56 EDT 2010</edited>
<value><point x="12584" y="18766"/></value>
<metadata author="">

</metadata>
</contour>
<contour name="Process 298" class="PointContour" color="#9b0b1c" visible="true">
<created>Tue Jun 15 13:08:19 EDT 2010</created>
<edited>Tue Jun 15 13:08:19 EDT 2010</edited>
<value><point x="12622" y="18658"/></value>
<metadata author="">

</metadata>
</contour>
<contour name="Process 301" class="PointContour" color="#ee987c" visible="true">
<created>Tue Jun 15 13:22:45 EDT 2010</created>
<edited>Tue Jun 15 13:22:45 EDT 2010</edited>
<value><point x="12128" y="18222"/></value>
<metadata author="">

</metadata>
</contour>
<contour name="Process 303" class="PointContour" color="#baac7b" visible="true">
<created>Tue Jun 15 14:28:17 EDT 2010</created>
<edited>Tue Jun 15 14:28:17 EDT 2010</edited>
<value><point x="12388" y="19338"/></value>
<metadata author="">

</metadata>
</contour>
<contour name="Process 304" class="PointContour" color="#6e26e7" visible="true">
<created>Tue Jun 15 14:29:52 EDT 2010</created>
<edited>Tue Jun 15 14:29:52 EDT 2010</edited>
<value><point x="12248" y="19188"/></value>
<metadata author="">

</metadata>
</contour>
<contour name="Process 307" class="PointContour" color="#bc7f1e" visible="true">
<created>Tue Jun 15 14:39:35 EDT 2010</created>
<edited>Tue Jun 15 14:39:35 EDT 2010</edited>
<value><point x="12916" y="18322"/></value>
<metadata author="">

</metadata>
</contour>
<contour name="Process 311" class="PointContour" color="#0b7893" visible="true">
<created>Tue Jun 15 14:47:07 EDT 2010</created>
<edited>Tue Jun 15 14:47:07 EDT 2010</edited>
<value><point x="11094" y="19026"/></value>
<metadata author="">

</metadata>
</contour>
<contour name="Process 28" class="PointContour" color="#d1a73a" visible="true">
<created>Tue Jun 15 14:55:42 EDT 2010</created>
<edited>Tue Jun 15 14:55:42 EDT 2010</edited>
<value><point x="12210" y="18470"/></value>
<metadata author="">

</metadata>
</contour>
<contour name="Process 321" class="PointContour" color="#1fbbad" visible="true">
<created>Tue Jun 15 16:38:38 EDT 2010</created>
<edited>Tue Jun 15 16:38:38 EDT 2010</edited>
<value><point x="11052" y="17690"/></value>
<metadata author="">

</metadata>
</contour>
<contour name="Process 322" class="PointContour" color="#bec2b9" visible="true">
<created>Tue Jun 15 16:39:16 EDT 2010</created>
<edited>Tue Jun 15 16:39:16 EDT 2010</edited>
<value><point x="11106" y="17712"/></value>
<metadata author="">

</metadata>
</contour>
<contour name="Process 333" class="PointContour" color="#f08a90" visible="true">
<created>Tue Jun 15 16:50:25 EDT 2010</created>
<edited>Tue Jun 15 16:50:25 EDT 2010</edited>
<value><point x="12680" y="19446"/></value>
<metadata author="">

</metadata>
</contour>
<contour name="Process 29" class="PointContour" color="#7aff76" visible="true">
<created>Tue Jun 15 16:53:34 EDT 2010</created>
<edited>Tue Jun 15 16:53:34 EDT 2010</edited>
<value><point x="10982" y="19174"/></value>
<metadata author="">

</metadata>
</contour>
<contour name="Process 171" class="PointContour" color="#d0ff5f" visible="true">
<created>Tue Jun 15 16:58:57 EDT 2010</created>
<edited>Tue Jun 15 16:58:57 EDT 2010</edited>
<value><point x="11124" y="17766"/></value>
<metadata author="">

</metadata>
</contour>
<contour name="Process 84" class="PointContour" color="#ff0ac0" visible="true">
<created>Tue Jun 15 17:30:53 EDT 2010</created>
<edited>Tue Jun 15 17:30:53 EDT 2010</edited>
<value><point x="11892" y="18984"/></value>
<metadata author="">

</metadata>
</contour>
<contour name="Process 171" class="PointContour" color="#d0ff5f" visible="true">
<created>Tue Jun 15 17:34:31 EDT 2010</created>
<edited>Tue Jun 15 17:34:31 EDT 2010</edited>
<value><point x="12086" y="18346"/></value>
<metadata author="">

</metadata>
</contour>
<contour name="Process 171" class="PointContour" color="#d0ff5f" visible="true">
<created>Tue Jun 15 17:36:22 EDT 2010</created>
<edited>Tue Jun 15 17:36:22 EDT 2010</edited>
<value><point x="11140" y="17800"/></value>
<metadata author="">

</metadata>
</contour>
<contour name="Process 171" class="PointContour" color="#d0ff5f" visible="true">
<created>Tue Jun 15 17:39:38 EDT 2010</created>
<edited>Tue Jun 15 17:39:38 EDT 2010</edited>
<value><point x="12334" y="19206"/></value>
<metadata author="">

</metadata>
</contour>
<contour name="Process 171" class="PointContour" color="#d0ff5f" visible="true">
<created>Tue Jun 15 17:44:04 EDT 2010</created>
<edited>Tue Jun 15 17:44:04 EDT 2010</edited>
<value><point x="11030" y="17770"/></value>
<metadata author="">

</metadata>
</contour>
<contour name="Process 357" class="PointContour" color="#26769b" visible="true">
<created>Wed Jun 23 09:57:43 EDT 2010</created>
<edited>Wed Jun 23 09:57:43 EDT 2010</edited>
<value><point x="11248" y="19450"/></value>
<metadata author="">

</metadata>
</contour>
<contour name="Process 171" class="PointContour" color="#d0ff5f" visible="true">
<created>Wed Jun 23 09:58:31 EDT 2010</created>
<edited>Wed Jun 23 09:58:31 EDT 2010</edited>
<value><point x="11958" y="19280"/></value>
<metadata author="">

</metadata>
</contour>
<contour name="Process 368" class="PointContour" color="#15d8d6" visible="true">
<created>Wed Jun 23 11:50:11 EDT 2010</created>
<edited>Wed Jun 23 11:50:11 EDT 2010</edited>
<value><point x="12762" y="19382"/></value>
<metadata author="">

</metadata>
</contour>
<contour name="Process 369" class="PointContour" color="#9f276e" visible="true">
<created>Wed Jun 23 11:51:44 EDT 2010</created>
<edited>Wed Jun 23 11:51:44 EDT 2010</edited>
<value><point x="12130" y="18822"/></value>
<metadata author="">

</metadata>
</contour>
<contour name="Process 75" class="PointContour" color="#08ffac" visible="true">
<created>Wed Jun 23 11:58:33 EDT 2010</created>
<edited>Wed Jun 23 11:58:33 EDT 2010</edited>
<value><point x="12898" y="19284"/></value>
<metadata author="">

</metadata>
</contour>
<contour name="Process 171" class="PointContour" color="#d0ff5f" visible="true">
<created>Wed Jun 23 12:11:55 EDT 2010</created>
<edited>Wed Jun 23 12:11:55 EDT 2010</edited>
<value><point x="11168" y="18212"/></value>
<metadata author="">

</metadata>
</contour>
<contour name="Process 171" class="PointContour" color="#d0ff5f" visible="true">
<created>Wed Jun 23 12:14:00 EDT 2010</created>
<edited>Wed Jun 23 12:14:00 EDT 2010</edited>
<value><point x="11398" y="17930"/></value>
<metadata author="">

</metadata>
</contour>
<contour name="Process 171" class="PointContour" color="#d0ff5f" visible="true">
<created>Wed Jun 23 12:17:08 EDT 2010</created>
<edited>Wed Jun 23 12:17:08 EDT 2010</edited>
<value><point x="11438" y="18172"/></value>
<metadata author="">

</metadata>
</contour>
<contour name="Process 382" class="PointContour" color="#15b55a" visible="true">
<created>Wed Jun 23 12:25:55 EDT 2010</created>
<edited>Wed Jun 23 12:25:55 EDT 2010</edited>
<value><point x="11576" y="17870"/></value>
<metadata author="">

</metadata>
</contour>
<contour name="Process 382" class="PointContour" color="#15b55a" visible="true">
<created>Wed Jun 23 12:26:08 EDT 2010</created>
<edited>Wed Jun 23 12:26:08 EDT 2010</edited>
<value><point x="11232" y="17786"/></value>
<metadata author="">

</metadata>
</contour>
<contour name="Process 382" class="PointContour" color="#15b55a" visible="true">
<created>Wed Jun 23 12:26:40 EDT 2010</created>
<edited>Wed Jun 23 12:26:40 EDT 2010</edited>
<value><point x="11962" y="17956"/></value>
<metadata author="">

</metadata>
</contour>
<contour name="Process 391" class="PointContour" color="#627d97" visible="true">
<created>Wed Jun 23 13:22:04 EDT 2010</created>
<edited>Wed Jun 23 13:22:04 EDT 2010</edited>
<value><point x="10986" y="17714"/></value>
<metadata author="">

</metadata>
</contour>
<contour name="Process 143" class="PointContour" color="#d10eff" visible="true">
<created>Wed Jun 30 10:35:39 EDT 2010</created>
<edited>Wed Jun 30 10:35:39 EDT 2010</edited>
<value><point x="11970" y="18892"/></value>
<metadata author="">

</metadata>
</contour>
<contour name="Process 394" class="PointContour" color="#9f5fc8" visible="true">
<created>Wed Jun 30 10:43:44 EDT 2010</created>
<edited>Wed Jun 30 10:43:44 EDT 2010</edited>
<value><point x="12248" y="18102"/></value>
<metadata author="">

</metadata>
</contour>
<contour name="Process 395" class="PointContour" color="#352bbd" visible="true">
<created>Wed Jun 30 10:49:44 EDT 2010</created>
<edited>Wed Jun 30 10:49:44 EDT 2010</edited>
<value><point x="12318" y="18824"/></value>
<metadata author="">

</metadata>
</contour>
<contour name="Process 395" class="PointContour" color="#352bbd" visible="true">
<created>Wed Jun 30 10:50:10 EDT 2010</created>
<edited>Wed Jun 30 10:50:10 EDT 2010</edited>
<value><point x="11828" y="19172"/></value>
<metadata author="">

</metadata>
</contour>
<contour name="Process 58" class="PointContour" color="#ff0340" visible="true">
<created>Wed Jun 30 12:07:28 EDT 2010</created>
<edited>Wed Jun 30 12:07:28 EDT 2010</edited>
<value><point x="12212" y="19244"/></value>
<metadata author="">

</metadata>
</contour>
<contour name="Process 17" class="PointContour" color="#c115ff" visible="true">
<created>Wed Jun 30 19:06:50 EDT 2010</created>
<edited>Wed Jun 30 19:06:50 EDT 2010</edited>
<value><point x="11022" y="17470"/></value>
<metadata author="">

</metadata>
</contour>
<contour name="Process 171" class="PointContour" color="#d0ff5f" visible="true">
<created>Thu Jul 01 11:11:11 EDT 2010</created>
<edited>Thu Jul 01 11:11:11 EDT 2010</edited>
<value><point x="11632" y="18786"/></value>
<metadata author="">

</metadata>
</contour>
<contour name="Process 412" class="PointContour" color="#d3bd4b" visible="true">
<created>Thu Jul 01 14:26:16 EDT 2010</created>
<edited>Thu Jul 01 14:26:16 EDT 2010</edited>
<value><point x="12296" y="17774"/></value>
<metadata author="">

</metadata>
</contour>
<contour name="Process 413" class="PointContour" color="#f086bb" visible="true">
<created>Thu Jul 01 14:32:24 EDT 2010</created>
<edited>Thu Jul 01 14:32:24 EDT 2010</edited>
<value><point x="11824" y="19026"/></value>
<metadata author="">

</metadata>
</contour>
<contour name="Process 414" class="PointContour" color="#bd1a87" visible="true">
<created>Thu Jul 08 13:28:44 EDT 2010</created>
<edited>Thu Jul 08 13:28:44 EDT 2010</edited>
<value><point x="11644" y="18118"/></value>
<metadata author="">

</metadata>
</contour>
<contour name="Process 416" class="PointContour" color="#0bfd7c" visible="true">
<created>Tue Jul 13 11:04:33 EDT 2010</created>
<edited>Tue Jul 13 11:04:33 EDT 2010</edited>
<value><point x="12812" y="19126"/></value>
<metadata author="">

</metadata>
</contour>
<contour name="Process 271" class="PointContour" color="#75436a" visible="true">
<created>Wed Jul 14 16:23:41 EDT 2010</created>
<edited>Wed Jul 14 16:23:41 EDT 2010</edited>
<value><point x="11694" y="17442"/></value>
<metadata author="">

</metadata>
</contour>
<contour name="Process 420" class="PointContour" color="#4fe1fe" visible="true">
<created>Wed Nov 24 16:50:21 EST 2010</created>
<edited>Wed Nov 24 16:50:21 EST 2010</edited>
<value><point x="10729" y="17865"/></value>
<metadata author="">

</metadata>
</contour>
<contour name="Process 421" class="PointContour" color="#e61dae" visible="true">
<created>Wed Nov 24 17:04:43 EST 2010</created>
<edited>Wed Nov 24 17:04:43 EST 2010</edited>
<value><point x="10634" y="17796"/></value>
<metadata author="">

</metadata>
</contour>
<contour name="Process 422" class="PointContour" color="#f8e1f2" visible="true">
<created>Wed Nov 24 17:17:40 EST 2010</created>
<edited>Wed Nov 24 17:17:40 EST 2010</edited>
<value><point x="10595" y="17752"/></value>
<metadata author="">

</metadata>
</contour>
<contour name="Process 423" class="PointContour" color="#f36543" visible="true">
<created>Wed Nov 24 17:32:31 EST 2010</created>
<edited>Wed Nov 24 17:32:31 EST 2010</edited>
<value><point x="9609" y="18047"/></value>
<metadata author="">

</metadata>
</contour>
<contour name="Process 423" class="PointContour" color="#f36543" visible="true">
<created>Wed Nov 24 17:33:07 EST 2010</created>
<edited>Wed Nov 24 17:33:07 EST 2010</edited>
<value><point x="8967" y="17819"/></value>
<metadata author="">

</metadata>
</contour>
<contour name="Process 423" class="PointContour" color="#f36543" visible="true">
<created>Wed Nov 24 17:36:49 EST 2010</created>
<edited>Wed Nov 24 17:36:49 EST 2010</edited>
<value><point x="4767" y="18287"/></value>
<metadata author="">

</metadata>
</contour>
<contour name="Process 423" class="PointContour" color="#f36543" visible="true">
<created>Wed Nov 24 18:27:31 EST 2010</created>
<edited>Wed Nov 24 18:27:31 EST 2010</edited>
<value><point x="5121" y="18598"/></value>
<metadata author="">

</metadata>
</contour>
<contour name="Process 426" class="PointContour" color="#a969fa" visible="true">
<created>Wed Nov 24 19:13:17 EST 2010</created>
<edited>Wed Nov 24 19:13:17 EST 2010</edited>
<value><point x="10599" y="18496"/></value>
<metadata author="">

</metadata>
</contour>
<contour name="Process 427" class="PointContour" color="#2e69d9" visible="true">
<created>Wed Nov 24 19:25:01 EST 2010</created>
<edited>Wed Nov 24 19:25:01 EST 2010</edited>
<value><point x="9606" y="18994"/></value>
<metadata author="">

</metadata>
</contour>
<contour name="Process 430" class="PointContour" color="#d6b579" visible="true">
<created>Wed Nov 24 20:09:16 EST 2010</created>
<edited>Wed Nov 24 20:09:16 EST 2010</edited>
<value><point x="9402" y="18785"/></value>
<metadata author="">

</metadata>
</contour>
<contour name="Process 431" class="PointContour" color="#a298f6" visible="true">
<created>Wed Nov 24 20:21:45 EST 2010</created>
<edited>Wed Nov 24 20:21:45 EST 2010</edited>
<value><point x="10384" y="19111"/></value>
<metadata author="">

</metadata>
</contour>
<contour name="Process 441" class="PointContour" color="#d89428" visible="true">
<created>Thu Nov 25 14:40:41 EST 2010</created>
<edited>Thu Nov 25 14:40:41 EST 2010</edited>
<value><point x="11869" y="16735"/></value>
<metadata author="">

</metadata>
</contour>
<contour name="Process 449" class="PointContour" color="#697c74" visible="true">
<created>Fri Nov 26 18:14:36 EST 2010</created>
<edited>Fri Nov 26 18:14:36 EST 2010</edited>
<value><point x="10164" y="21152"/></value>
<metadata author="">

</metadata>
</contour>
<contour name="Process 450" class="PointContour" color="#866c5b" visible="true">
<created>Fri Nov 26 20:59:58 EST 2010</created>
<edited>Fri Nov 26 20:59:58 EST 2010</edited>
<value><point x="11878" y="16776"/></value>
<metadata author="">

</metadata>
</contour>
<contour name="Process 460" class="PointContour" color="#782b43" visible="true">
<created>Fri Dec 03 15:14:35 EST 2010</created>
<edited>Fri Dec 03 15:14:35 EST 2010</edited>
<value><point x="12944" y="17425"/></value>
<metadata author="">

</metadata>
</contour>
<contour name="Process 461" class="PointContour" color="#65d5e9" visible="true">
<created>Fri Dec 03 23:18:23 EST 2010</created>
<edited>Fri Dec 03 23:18:23 EST 2010</edited>
<value><point x="12052" y="16578"/></value>
<metadata author="">

</metadata>
</contour>
<contour name="Process 461" class="PointContour" color="#65d5e9" visible="true">
<created>Fri Dec 03 23:20:41 EST 2010</created>
<edited>Fri Dec 03 23:20:41 EST 2010</edited>
<value><point x="12224" y="16513"/></value>
<metadata author="">

</metadata>
</contour>
<contour name="Process 461" class="PointContour" color="#65d5e9" visible="true">
<created>Fri Dec 03 23:23:07 EST 2010</created>
<edited>Fri Dec 03 23:23:07 EST 2010</edited>
<value><point x="14622" y="14420"/></value>
<metadata author="">

</metadata>
</contour>
<contour name="Process 461" class="PointContour" color="#65d5e9" visible="true">
<created>Fri Dec 03 23:23:25 EST 2010</created>
<edited>Fri Dec 03 23:23:25 EST 2010</edited>
<value><point x="15142" y="14487"/></value>
<metadata author="">

</metadata>
</contour>
<contour name="Process 461" class="PointContour" color="#65d5e9" visible="true">
<created>Fri Dec 03 23:24:06 EST 2010</created>
<edited>Fri Dec 03 23:24:06 EST 2010</edited>
<value><point x="16359" y="13408"/></value>
<metadata author="">

</metadata>
</contour>
<contour name="Process 461" class="PointContour" color="#65d5e9" visible="true">
<created>Fri Dec 03 23:28:30 EST 2010</created>
<edited>Fri Dec 03 23:28:30 EST 2010</edited>
<value><point x="11575" y="16359"/></value>
<metadata author="">

</metadata>
</contour>
<contour name="Process 466" class="PointContour" color="#722e57" visible="true">
<created>Sat Dec 04 00:04:38 EST 2010</created>
<edited>Sat Dec 04 00:04:38 EST 2010</edited>
<value><point x="11496" y="16692"/></value>
<metadata author="">

</metadata>
</contour>
<contour name="Process 467" class="PointContour" color="#a56551" visible="true">
<created>Sat Dec 04 00:13:42 EST 2010</created>
<edited>Sat Dec 04 00:13:42 EST 2010</edited>
<value><point x="12269" y="19825"/></value>
<metadata author="">

</metadata>
</contour>
<contour name="Process 468" class="PointContour" color="#5025db" visible="true">
<created>Sat Dec 04 00:22:16 EST 2010</created>
<edited>Sat Dec 04 00:22:16 EST 2010</edited>
<value><point x="13872" y="16679"/></value>
<metadata author="">

</metadata>
</contour>
<contour name="Process 468" class="PointContour" color="#5025db" visible="true">
<created>Sat Dec 04 00:26:06 EST 2010</created>
<edited>Sat Dec 04 00:26:06 EST 2010</edited>
<value><point x="13073" y="17181"/></value>
<metadata author="">

</metadata>
</contour>
<contour name="Process 469" class="PointContour" color="#7f3a2b" visible="true">
<created>Sat Dec 04 00:28:01 EST 2010</created>
<edited>Sat Dec 04 00:28:01 EST 2010</edited>
<value><point x="11628" y="19590"/></value>
<metadata author="">

</metadata>
</contour>
<contour name="Process 471" class="PointContour" color="#da4772" visible="true">
<created>Sat Dec 04 13:37:42 EST 2010</created>
<edited>Sat Dec 04 13:37:42 EST 2010</edited>
<value><point x="10797" y="18841"/></value>
<metadata author="">

</metadata>
</contour>
<contour name="Process 474" class="PointContour" color="#068f4d" visible="true">
<created>Tue Feb 08 14:09:50 EST 2011</created>
<edited>Tue Feb 08 14:09:50 EST 2011</edited>
<value><point x="11820" y="19642"/></value>
<metadata author="">

</metadata>
</contour>
<contour name="Process 474" class="PointContour" color="#068f4d" visible="true">
<created>Tue Feb 08 14:10:49 EST 2011</created>
<edited>Tue Feb 08 14:10:49 EST 2011</edited>
<value><point x="10075" y="19525"/></value>
<metadata author="">

</metadata>
</contour>
<contour name="Process 478" class="PointContour" color="#4bab49" visible="true">
<created>Tue Feb 08 15:09:43 EST 2011</created>
<edited>Tue Feb 08 15:09:43 EST 2011</edited>
<value><point x="12179" y="19650"/></value>
<metadata author="">

</metadata>
</contour>
<contour name="Process 479" class="PointContour" color="#06e0f4" visible="true">
<created>Tue Feb 08 15:19:43 EST 2011</created>
<edited>Tue Feb 08 15:19:43 EST 2011</edited>
<value><point x="10600" y="19877"/></value>
<metadata author="">

</metadata>
</contour>
<contour name="Process 481" class="PointContour" color="#51749d" visible="true">
<created>Tue Feb 08 15:51:23 EST 2011</created>
<edited>Tue Feb 08 15:51:23 EST 2011</edited>
<value><point x="11704" y="19584"/></value>
<metadata author="">

</metadata>
</contour>
<contour name="Process 483" class="PointContour" color="#3f7313" visible="true">
<created>Tue Feb 08 17:26:53 EST 2011</created>
<edited>Tue Feb 08 17:26:53 EST 2011</edited>
<value><point x="11674" y="19563"/></value>
<metadata author="">

</metadata>
</contour>
<contour name="Process 492" class="PointContour" color="#3725ba" visible="true">
<created>Wed Feb 09 15:36:33 EST 2011</created>
<edited>Wed Feb 09 15:36:33 EST 2011</edited>
<value><point x="12146" y="19548"/></value>
<metadata author="">

</metadata>
</contour>
<contour name="Process 493" class="PointContour" color="#754904" visible="true">
<created>Wed Feb 09 15:42:01 EST 2011</created>
<edited>Wed Feb 09 15:42:01 EST 2011</edited>
<value><point x="11370" y="19765"/></value>
<metadata author="">

</metadata>
</contour>
<contour name="Trail 533" class="PointContour" color="#3e79a5" visible="true">
<created>Mon Feb 14 12:01:46 EST 2011</created>
<edited>Mon Feb 14 12:01:46 EST 2011</edited>
<value><point x="16357" y="17424"/></value>
<metadata author="">

</metadata>
</contour>
<contour name="Trail 533" class="PointContour" color="#3e79a5" visible="true">
<created>Mon Feb 14 12:03:01 EST 2011</created>
<edited>Mon Feb 14 12:03:01 EST 2011</edited>
<value><point x="18697" y="16655"/></value>
<metadata author="">

</metadata>
</contour>
<contour name="Trail 533" class="PointContour" color="#3e79a5" visible="true">
<created>Mon Feb 14 12:03:26 EST 2011</created>
<edited>Mon Feb 14 12:03:26 EST 2011</edited>
<value><point x="19431" y="16773"/></value>
<metadata author="">

</metadata>
</contour>
<contour name="Trail 15" class="PointContour" color="#46ffdc" visible="true">
<created>Thu Feb 17 10:55:38 EST 2011</created>
<edited>Thu Feb 17 10:55:38 EST 2011</edited>
<value><point x="9602" y="15161"/></value>
<metadata author="">

</metadata>
</contour>
<contour name="Trail 12" class="PointContour" color="#ffa568" visible="true">
<created>Thu Mar 10 14:59:25 EST 2011</created>
<edited>Thu Mar 10 14:59:25 EST 2011</edited>
<value><point x="10040" y="13614"/></value>
<metadata author="">

</metadata>
</contour>
<contour name="Trail 25" class="PointContour" color="#448fc2" visible="true">
<created>Thu Mar 10 16:41:05 EST 2011</created>
<edited>Thu Mar 10 16:41:05 EST 2011</edited>
<value><point x="11392" y="20837"/></value>
<metadata author="">

</metadata>
</contour>
<contour name="Trail 25" class="PointContour" color="#448fc2" visible="true">
<created>Thu Mar 10 16:41:56 EST 2011</created>
<edited>Thu Mar 10 16:41:56 EST 2011</edited>
<value><point x="11341" y="21801"/></value>
<metadata author="">

</metadata>
</contour>
<contour name="Trail 127" class="PointContour" color="#ff9009" visible="true">
<created>Sun Mar 13 18:55:27 EDT 2011</created>
<edited>Sun Mar 13 18:55:27 EDT 2011</edited>
<value><point x="13517" y="18264"/></value>
<metadata author="">

</metadata>
</contour>
<contour name="Trail 134" class="PointContour" color="#0954ff" visible="true">
<created>Sun Mar 13 19:50:57 EDT 2011</created>
<edited>Sun Mar 13 19:50:57 EDT 2011</edited>
<value><point x="11937" y="16228"/></value>
<metadata author="">

</metadata>
</contour>
<contour name="Trail 146" class="PointContour" color="#a3c6ff" visible="true">
<created>Mon Mar 14 11:07:54 EDT 2011</created>
<edited>Mon Mar 14 11:07:54 EDT 2011</edited>
<value><point x="13364" y="18179"/></value>
<metadata author="">

</metadata>
</contour>
<contour name="Trail 146" class="PointContour" color="#a3c6ff" visible="true">
<created>Mon Mar 14 11:33:28 EDT 2011</created>
<edited>Mon Mar 14 11:33:28 EDT 2011</edited>
<value><point x="14522" y="18317"/></value>
<metadata author="">

</metadata>
</contour>
<contour name="Trail 187" class="PointContour" color="#afd2ff" visible="true">
<created>Mon Mar 14 11:49:29 EDT 2011</created>
<edited>Mon Mar 14 11:49:29 EDT 2011</edited>
<value><point x="10530" y="18894"/></value>
<metadata author="">

</metadata>
</contour>
</contours>