<!--Last edited: 2011/03/14 19:51:15-->
<contours>
<contour name="Process 420" class="PointContour" color="#4fe1fe" visible="true">
<created>Wed Nov 24 16:51:40 EST 2010</created>
<edited>Wed Nov 24 16:51:40 EST 2010</edited>
<value><point x="9462" y="17850"/></value>
<metadata author="">

</metadata>
</contour>
<contour name="Process 421" class="PointContour" color="#e61dae" visible="true">
<created>Wed Nov 24 17:06:45 EST 2010</created>
<edited>Wed Nov 24 17:06:45 EST 2010</edited>
<value><point x="9310" y="17358"/></value>
<metadata author="">

</metadata>
</contour>
<contour name="Process 422" class="PointContour" color="#f8e1f2" visible="true">
<created>Wed Nov 24 17:23:11 EST 2010</created>
<edited>Wed Nov 24 17:23:11 EST 2010</edited>
<value><point x="7682" y="17213"/></value>
<metadata author="">

</metadata>
</contour>
<contour name="Process 424" class="PointContour" color="#f4ed50" visible="true">
<created>Wed Nov 24 18:04:12 EST 2010</created>
<edited>Wed Nov 24 18:04:12 EST 2010</edited>
<value><point x="9274" y="17595"/></value>
<metadata author="">

</metadata>
</contour>
<contour name="Process 425" class="PointContour" color="#b3923c" visible="true">
<created>Wed Nov 24 18:59:46 EST 2010</created>
<edited>Wed Nov 24 18:59:46 EST 2010</edited>
<value><point x="8196" y="17658"/></value>
<metadata author="">

</metadata>
</contour>
<contour name="Process 426" class="PointContour" color="#a969fa" visible="true">
<created>Wed Nov 24 19:16:01 EST 2010</created>
<edited>Wed Nov 24 19:16:01 EST 2010</edited>
<value><point x="8665" y="20801"/></value>
<metadata author="">

</metadata>
</contour>
<contour name="Process 427" class="PointContour" color="#2e69d9" visible="true">
<created>Wed Nov 24 19:29:06 EST 2010</created>
<edited>Wed Nov 24 19:29:06 EST 2010</edited>
<value><point x="6717" y="21380"/></value>
<metadata author="">

</metadata>
</contour>
<contour name="Process 428" class="PointContour" color="#fd30e1" visible="true">
<created>Wed Nov 24 19:52:37 EST 2010</created>
<edited>Wed Nov 24 19:52:37 EST 2010</edited>
<value><point x="9809" y="19523"/></value>
<metadata author="">

</metadata>
</contour>
<contour name="Process 431" class="PointContour" color="#a298f6" visible="true">
<created>Wed Nov 24 20:26:46 EST 2010</created>
<edited>Wed Nov 24 20:26:46 EST 2010</edited>
<value><point x="6512" y="22287"/></value>
<metadata author="">

</metadata>
</contour>
<contour name="Process 434" class="PointContour" color="#8a9f56" visible="true">
<created>Thu Nov 25 00:03:53 EST 2010</created>
<edited>Thu Nov 25 00:03:53 EST 2010</edited>
<value><point x="10423" y="17267"/></value>
<metadata author="">

</metadata>
</contour>
<contour name="Process 435" class="PointContour" color="#0430ee" visible="true">
<created>Thu Nov 25 00:14:11 EST 2010</created>
<edited>Thu Nov 25 00:14:11 EST 2010</edited>
<value><point x="10006" y="14107"/></value>
<metadata author="">

</metadata>
</contour>
<contour name="Process 435" class="PointContour" color="#0430ee" visible="true">
<created>Thu Nov 25 00:16:34 EST 2010</created>
<edited>Thu Nov 25 00:16:34 EST 2010</edited>
<value><point x="9964" y="13483"/></value>
<metadata author="">

</metadata>
</contour>
<contour name="Process 435" class="PointContour" color="#0430ee" visible="true">
<created>Thu Nov 25 00:20:40 EST 2010</created>
<edited>Thu Nov 25 00:20:40 EST 2010</edited>
<value><point x="8368" y="9204"/></value>
<metadata author="">

</metadata>
</contour>
<contour name="Process 441" class="PointContour" color="#d89428" visible="true">
<created>Thu Nov 25 14:44:22 EST 2010</created>
<edited>Thu Nov 25 14:44:22 EST 2010</edited>
<value><point x="13649" y="15900"/></value>
<metadata author="">

</metadata>
</contour>
<contour name="Process 443" class="PointContour" color="#a38ff2" visible="true">
<created>Thu Nov 25 19:26:45 EST 2010</created>
<edited>Thu Nov 25 19:26:45 EST 2010</edited>
<value><point x="10151" y="17145"/></value>
<metadata author="">

</metadata>
</contour>
<contour name="Process 449" class="PointContour" color="#697c74" visible="true">
<created>Fri Nov 26 18:02:50 EST 2010</created>
<edited>Fri Nov 26 18:02:50 EST 2010</edited>
<value><point x="11436" y="19069"/></value>
<metadata author="">

</metadata>
</contour>
<contour name="Process 450" class="PointContour" color="#866c5b" visible="true">
<created>Fri Nov 26 21:02:23 EST 2010</created>
<edited>Fri Nov 26 21:02:23 EST 2010</edited>
<value><point x="12290" y="16397"/></value>
<metadata author="">

</metadata>
</contour>
<contour name="Process 451" class="PointContour" color="#bcad85" visible="true">
<created>Fri Nov 26 21:14:23 EST 2010</created>
<edited>Fri Nov 26 21:14:23 EST 2010</edited>
<value><point x="15146" y="11918"/></value>
<metadata author="">

</metadata>
</contour>
<contour name="Process 455" class="PointContour" color="#d456a5" visible="true">
<created>Sat Nov 27 12:38:34 EST 2010</created>
<edited>Sat Nov 27 12:38:34 EST 2010</edited>
<value><point x="10447" y="19246"/></value>
<metadata author="">

</metadata>
</contour>
<contour name="Process 456" class="PointContour" color="#cbbd91" visible="true">
<created>Sat Nov 27 12:47:56 EST 2010</created>
<edited>Sat Nov 27 12:47:56 EST 2010</edited>
<value><point x="12451" y="18710"/></value>
<metadata author="">

</metadata>
</contour>
<contour name="Process 457" class="PointContour" color="#f8a74f" visible="true">
<created>Sat Nov 27 12:58:13 EST 2010</created>
<edited>Sat Nov 27 12:58:13 EST 2010</edited>
<value><point x="12575" y="19202"/></value>
<metadata author="">

</metadata>
</contour>
<contour name="Process 458" class="PointContour" color="#10a180" visible="true">
<created>Sat Nov 27 13:08:34 EST 2010</created>
<edited>Sat Nov 27 13:08:34 EST 2010</edited>
<value><point x="12237" y="19174"/></value>
<metadata author="">

</metadata>
</contour>
<contour name="Process 459" class="PointContour" color="#15a084" visible="true">
<created>Sat Nov 27 14:12:47 EST 2010</created>
<edited>Sat Nov 27 14:12:47 EST 2010</edited>
<value><point x="12125" y="20190"/></value>
<metadata author="">

</metadata>
</contour>
<contour name="Process 460" class="PointContour" color="#782b43" visible="true">
<created>Fri Dec 03 15:17:29 EST 2010</created>
<edited>Fri Dec 03 15:17:29 EST 2010</edited>
<value><point x="19267" y="16470"/></value>
<metadata author="">

</metadata>
</contour>
<contour name="Process 465" class="PointContour" color="#ae4a09" visible="true">
<created>Fri Dec 03 23:56:31 EST 2010</created>
<edited>Fri Dec 03 23:56:31 EST 2010</edited>
<value><point x="11629" y="17108"/></value>
<metadata author="">

</metadata>
</contour>
<contour name="Process 466" class="PointContour" color="#722e57" visible="true">
<created>Sat Dec 04 00:05:44 EST 2010</created>
<edited>Sat Dec 04 00:05:44 EST 2010</edited>
<value><point x="10676" y="16605"/></value>
<metadata author="">

</metadata>
</contour>
<contour name="Process 469" class="PointContour" color="#7f3a2b" visible="true">
<created>Sat Dec 04 00:29:02 EST 2010</created>
<edited>Sat Dec 04 00:29:02 EST 2010</edited>
<value><point x="11158" y="20462"/></value>
<metadata author="">

</metadata>
</contour>
<contour name="Process 470" class="PointContour" color="#266149" visible="true">
<created>Sat Dec 04 13:32:03 EST 2010</created>
<edited>Sat Dec 04 13:32:03 EST 2010</edited>
<value><point x="9596" y="17825"/></value>
<metadata author="">

</metadata>
</contour>
<contour name="Process 471" class="PointContour" color="#da4772" visible="true">
<created>Sat Dec 04 13:39:14 EST 2010</created>
<edited>Sat Dec 04 13:39:14 EST 2010</edited>
<value><point x="8695" y="15674"/></value>
<metadata author="">

</metadata>
</contour>
<contour name="Process 473" class="PointContour" color="#811f28" visible="true">
<created>Tue Feb 08 14:02:12 EST 2011</created>
<edited>Tue Feb 08 14:02:12 EST 2011</edited>
<value><point x="13459" y="21538"/></value>
<metadata author="">

</metadata>
</contour>
<contour name="Process 478" class="PointContour" color="#4bab49" visible="true">
<created>Tue Feb 08 15:11:04 EST 2011</created>
<edited>Tue Feb 08 15:11:04 EST 2011</edited>
<value><point x="12778" y="21142"/></value>
<metadata author="">

</metadata>
</contour>
<contour name="Process 478" class="PointContour" color="#4bab49" visible="true">
<created>Tue Feb 08 15:12:03 EST 2011</created>
<edited>Tue Feb 08 15:12:03 EST 2011</edited>
<value><point x="14239" y="21781"/></value>
<metadata author="">

</metadata>
</contour>
<contour name="Process 480" class="PointContour" color="#ace8dd" visible="true">
<created>Tue Feb 08 15:30:13 EST 2011</created>
<edited>Tue Feb 08 15:30:13 EST 2011</edited>
<value><point x="7166" y="20728"/></value>
<metadata author="">

</metadata>
</contour>
<contour name="Process 481" class="PointContour" color="#51749d" visible="true">
<created>Tue Feb 08 15:52:38 EST 2011</created>
<edited>Tue Feb 08 15:52:38 EST 2011</edited>
<value><point x="11088" y="20246"/></value>
<metadata author="">

</metadata>
</contour>
<contour name="Process 482" class="PointContour" color="#965dda" visible="true">
<created>Tue Feb 08 17:23:49 EST 2011</created>
<edited>Tue Feb 08 17:23:49 EST 2011</edited>
<value><point x="16017" y="23205"/></value>
<metadata author="">

</metadata>
</contour>
<contour name="Process 488" class="PointContour" color="#e590b3" visible="true">
<created>Wed Feb 09 10:44:59 EST 2011</created>
<edited>Wed Feb 09 10:44:59 EST 2011</edited>
<value><point x="12948" y="20856"/></value>
<metadata author="">

</metadata>
</contour>
<contour name="Process 526" class="PointContour" color="#8d24e6" visible="true">
<created>Fri Feb 11 17:28:00 EST 2011</created>
<edited>Fri Feb 11 17:28:00 EST 2011</edited>
<value><point x="13656" y="19884"/></value>
<metadata author="">

</metadata>
</contour>
<contour name="Trail 529" class="PointContour" color="#1ca7ed" visible="true">
<created>Mon Feb 14 11:33:50 EST 2011</created>
<edited>Mon Feb 14 11:33:50 EST 2011</edited>
<value><point x="10203" y="18868"/></value>
<metadata author="">

</metadata>
</contour>
<contour name="Trail 530" class="PointContour" color="#d5e631" visible="true">
<created>Mon Feb 14 11:39:00 EST 2011</created>
<edited>Mon Feb 14 11:39:00 EST 2011</edited>
<value><point x="10510" y="19251"/></value>
<metadata author="">

</metadata>
</contour>
<contour name="Trail 532" class="PointContour" color="#fabd81" visible="true">
<created>Mon Feb 14 11:47:35 EST 2011</created>
<edited>Mon Feb 14 11:47:35 EST 2011</edited>
<value><point x="8098" y="18949"/></value>
<metadata author="">

</metadata>
</contour>
<contour name="Trail 534" class="PointContour" color="#001c95" visible="true">
<created>Mon Feb 14 12:10:54 EST 2011</created>
<edited>Mon Feb 14 12:10:54 EST 2011</edited>
<value><point x="12177" y="19127"/></value>
<metadata author="">

</metadata>
</contour>
<contour name="Trail 535" class="PointContour" color="#bcc72b" visible="true">
<created>Mon Feb 14 12:56:15 EST 2011</created>
<edited>Mon Feb 14 12:56:15 EST 2011</edited>
<value><point x="11295" y="19059"/></value>
<metadata author="">

</metadata>
</contour>
<contour name="Trail 65" class="PointContour" color="#e3ff0e" visible="true">
<created>Mon Feb 14 15:25:03 EST 2011</created>
<edited>Mon Feb 14 15:25:03 EST 2011</edited>
<value><point x="11598" y="17983"/></value>
<metadata author="">

</metadata>
</contour>
<contour name="Trail 115" class="PointContour" color="#cbff04" visible="true">
<created>Mon Feb 14 15:35:19 EST 2011</created>
<edited>Mon Feb 14 15:35:19 EST 2011</edited>
<value><point x="13824" y="19770"/></value>
<metadata author="">

</metadata>
</contour>
<contour name="Trail 94" class="PointContour" color="#beff05" visible="true">
<created>Mon Feb 14 15:50:57 EST 2011</created>
<edited>Mon Feb 14 15:50:57 EST 2011</edited>
<value><point x="10066" y="20820"/></value>
<metadata author="">

</metadata>
</contour>
<contour name="Trail 49" class="PointContour" color="#4053cc" visible="true">
<created>Mon Feb 14 15:56:53 EST 2011</created>
<edited>Mon Feb 14 15:56:53 EST 2011</edited>
<value><point x="11121" y="19351"/></value>
<metadata author="">

</metadata>
</contour>
<contour name="Trail 159" class="PointContour" color="#afff08" visible="true">
<created>Mon Feb 14 16:06:45 EST 2011</created>
<edited>Mon Feb 14 16:06:45 EST 2011</edited>
<value><point x="11205" y="18575"/></value>
<metadata author="">

</metadata>
</contour>
<contour name="Trail 159" class="PointContour" color="#afff08" visible="true">
<created>Mon Feb 14 16:07:48 EST 2011</created>
<edited>Mon Feb 14 16:07:48 EST 2011</edited>
<value><point x="11556" y="18569"/></value>
<metadata author="">

</metadata>
</contour>
<contour name="Trail 26" class="PointContour" color="#c21ebd" visible="true">
<created>Tue Feb 15 11:57:31 EST 2011</created>
<edited>Tue Feb 15 11:57:31 EST 2011</edited>
<value><point x="11989" y="18672"/></value>
<metadata author="">

</metadata>
</contour>
<contour name="Trail 38" class="PointContour" color="#f7edc9" visible="true">
<created>Tue Feb 15 12:02:06 EST 2011</created>
<edited>Tue Feb 15 12:02:06 EST 2011</edited>
<value><point x="12287" y="18315"/></value>
<metadata author="">

</metadata>
</contour>
<contour name="Trail 52" class="PointContour" color="#b10aff" visible="true">
<created>Tue Feb 15 12:17:43 EST 2011</created>
<edited>Tue Feb 15 12:17:43 EST 2011</edited>
<value><point x="12378" y="18375"/></value>
<metadata author="">

</metadata>
</contour>
<contour name="Trail 40" class="PointContour" color="#c4f7b5" visible="true">
<created>Tue Feb 15 12:22:38 EST 2011</created>
<edited>Tue Feb 15 12:22:38 EST 2011</edited>
<value><point x="11895" y="18460"/></value>
<metadata author="">

</metadata>
</contour>
<contour name="Trail 45" class="PointContour" color="#80d2ff" visible="true">
<created>Tue Feb 15 12:29:44 EST 2011</created>
<edited>Tue Feb 15 12:29:44 EST 2011</edited>
<value><point x="11471" y="17634"/></value>
<metadata author="">

</metadata>
</contour>
<contour name="Trail 86" class="PointContour" color="#ff067f" visible="true">
<created>Tue Feb 15 14:18:02 EST 2011</created>
<edited>Tue Feb 15 14:18:02 EST 2011</edited>
<value><point x="12610" y="17287"/></value>
<metadata author="">

</metadata>
</contour>
<contour name="Trail 97" class="PointContour" color="#05ff95" visible="true">
<created>Tue Feb 15 14:50:06 EST 2011</created>
<edited>Tue Feb 15 14:50:06 EST 2011</edited>
<value><point x="4123" y="15613"/></value>
<metadata author="">

</metadata>
</contour>
<contour name="Trail 39" class="PointContour" color="#a4f7f2" visible="true">
<created>Tue Feb 15 14:52:53 EST 2011</created>
<edited>Tue Feb 15 14:52:53 EST 2011</edited>
<value><point x="10902" y="18518"/></value>
<metadata author="">

</metadata>
</contour>
<contour name="Trail 205" class="PointContour" color="#0ddcff" visible="true">
<created>Tue Feb 15 15:02:27 EST 2011</created>
<edited>Tue Feb 15 15:02:27 EST 2011</edited>
<value><point x="11641" y="17187"/></value>
<metadata author="">

</metadata>
</contour>
<contour name="Trail 53" class="PointContour" color="#d507ff" visible="true">
<created>Tue Feb 15 17:51:10 EST 2011</created>
<edited>Tue Feb 15 17:51:10 EST 2011</edited>
<value><point x="12152" y="19077"/></value>
<metadata author="">

</metadata>
</contour>
<contour name="Trail 8" class="PointContour" color="#2d23ff" visible="true">
<created>Thu Feb 17 10:12:44 EST 2011</created>
<edited>Thu Feb 17 10:12:44 EST 2011</edited>
<value><point x="12442" y="18667"/></value>
<metadata author="">

</metadata>
</contour>
<contour name="Trail 96" class="PointContour" color="#55ff01" visible="true">
<created>Thu Feb 17 11:16:10 EST 2011</created>
<edited>Thu Feb 17 11:16:10 EST 2011</edited>
<value><point x="9096" y="21081"/></value>
<metadata author="">

</metadata>
</contour>
<contour name="Trail 96" class="PointContour" color="#55ff01" visible="true">
<created>Thu Feb 17 11:17:28 EST 2011</created>
<edited>Thu Feb 17 11:17:28 EST 2011</edited>
<value><point x="6003" y="22208"/></value>
<metadata author="">

</metadata>
</contour>
<contour name="Trail 12" class="PointContour" color="#ffa568" visible="true">
<created>Thu Mar 10 14:17:11 EST 2011</created>
<edited>Thu Mar 10 14:17:11 EST 2011</edited>
<value><point x="13534" y="19178"/></value>
<metadata author="">

</metadata>
</contour>
<contour name="Trail 25" class="PointContour" color="#448fc2" visible="true">
<created>Thu Mar 10 16:52:23 EST 2011</created>
<edited>Thu Mar 10 16:52:23 EST 2011</edited>
<value><point x="11509" y="16731"/></value>
<metadata author="">

</metadata>
</contour>
<contour name="Trail 33" class="PointContour" color="#f70fe0" visible="true">
<created>Sun Mar 13 16:39:59 EDT 2011</created>
<edited>Sun Mar 13 16:39:59 EDT 2011</edited>
<value><point x="12099" y="18366"/></value>
<metadata author="">

</metadata>
</contour>
<contour name="Trail 41" class="PointContour" color="#b2aff7" visible="true">
<created>Sun Mar 13 17:01:27 EDT 2011</created>
<edited>Sun Mar 13 17:01:27 EDT 2011</edited>
<value><point x="11174" y="17656"/></value>
<metadata author="">

</metadata>
</contour>
<contour name="Trail 127" class="PointContour" color="#ff9009" visible="true">
<created>Sun Mar 13 19:11:44 EDT 2011</created>
<edited>Sun Mar 13 19:11:44 EDT 2011</edited>
<value><point x="11569" y="18214"/></value>
<metadata author="">

</metadata>
</contour>
<contour name="Trail 134" class="PointContour" color="#0954ff" visible="true">
<created>Sun Mar 13 19:52:07 EDT 2011</created>
<edited>Sun Mar 13 19:52:07 EDT 2011</edited>
<value><point x="11823" y="14959"/></value>
<metadata author="">

</metadata>
</contour>
<contour name="Trail 187" class="PointContour" color="#afd2ff" visible="true">
<created>Mon Mar 14 11:51:01 EDT 2011</created>
<edited>Mon Mar 14 11:51:01 EDT 2011</edited>
<value><point x="7397" y="18461"/></value>
<metadata author="">

</metadata>
</contour>
<contour name="Trail 187" class="PointContour" color="#afd2ff" visible="true">
<created>Mon Mar 14 11:51:10 EDT 2011</created>
<edited>Mon Mar 14 11:51:10 EDT 2011</edited>
<value><point x="6958" y="18436"/></value>
<metadata author="">

</metadata>
</contour>
</contours>