<!--Last edited: 2011/03/14 19:51:16-->
<contours>
<contour name="Process 420" class="PointContour" color="#4fe1fe" visible="true">
<created>Wed Nov 24 16:51:47 EST 2010</created>
<edited>Wed Nov 24 16:51:47 EST 2010</edited>
<value><point x="9234" y="17959"/></value>
<metadata author="">

</metadata>
</contour>
<contour name="Process 421" class="PointContour" color="#e61dae" visible="true">
<created>Wed Nov 24 17:07:06 EST 2010</created>
<edited>Wed Nov 24 17:07:06 EST 2010</edited>
<value><point x="9210" y="17291"/></value>
<metadata author="">

</metadata>
</contour>
<contour name="Process 422" class="PointContour" color="#f8e1f2" visible="true">
<created>Wed Nov 24 17:23:48 EST 2010</created>
<edited>Wed Nov 24 17:23:48 EST 2010</edited>
<value><point x="7245" y="16937"/></value>
<metadata author="">

</metadata>
</contour>
<contour name="Process 424" class="PointContour" color="#f4ed50" visible="true">
<created>Wed Nov 24 18:04:34 EST 2010</created>
<edited>Wed Nov 24 18:04:34 EST 2010</edited>
<value><point x="8745" y="17708"/></value>
<metadata author="">

</metadata>
</contour>
<contour name="Process 425" class="PointContour" color="#b3923c" visible="true">
<created>Wed Nov 24 19:02:28 EST 2010</created>
<edited>Wed Nov 24 19:02:28 EST 2010</edited>
<value><point x="7774" y="17418"/></value>
<metadata author="">

</metadata>
</contour>
<contour name="Process 426" class="PointContour" color="#a969fa" visible="true">
<created>Wed Nov 24 19:16:30 EST 2010</created>
<edited>Wed Nov 24 19:16:30 EST 2010</edited>
<value><point x="7393" y="20783"/></value>
<metadata author="">

</metadata>
</contour>
<contour name="Process 426" class="PointContour" color="#a969fa" visible="true">
<created>Wed Nov 24 19:16:55 EST 2010</created>
<edited>Wed Nov 24 19:16:55 EST 2010</edited>
<value><point x="7115" y="20856"/></value>
<metadata author="">

</metadata>
</contour>
<contour name="Process 426" class="PointContour" color="#a969fa" visible="true">
<created>Wed Nov 24 19:17:12 EST 2010</created>
<edited>Wed Nov 24 19:17:12 EST 2010</edited>
<value><point x="6834" y="20856"/></value>
<metadata author="">

</metadata>
</contour>
<contour name="Process 427" class="PointContour" color="#2e69d9" visible="true">
<created>Wed Nov 24 19:29:57 EST 2010</created>
<edited>Wed Nov 24 19:29:57 EST 2010</edited>
<value><point x="5684" y="22379"/></value>
<metadata author="">

</metadata>
</contour>
<contour name="Process 428" class="PointContour" color="#fd30e1" visible="true">
<created>Wed Nov 24 19:53:22 EST 2010</created>
<edited>Wed Nov 24 19:53:22 EST 2010</edited>
<value><point x="9621" y="19710"/></value>
<metadata author="">

</metadata>
</contour>
<contour name="Process 431" class="PointContour" color="#a298f6" visible="true">
<created>Wed Nov 24 20:27:31 EST 2010</created>
<edited>Wed Nov 24 20:27:31 EST 2010</edited>
<value><point x="5913" y="22797"/></value>
<metadata author="">

</metadata>
</contour>
<contour name="Process 435" class="PointContour" color="#0430ee" visible="true">
<created>Thu Nov 25 00:14:39 EST 2010</created>
<edited>Thu Nov 25 00:14:39 EST 2010</edited>
<value><point x="9870" y="13620"/></value>
<metadata author="">

</metadata>
</contour>
<contour name="Process 435" class="PointContour" color="#0430ee" visible="true">
<created>Thu Nov 25 00:21:12 EST 2010</created>
<edited>Thu Nov 25 00:21:12 EST 2010</edited>
<value><point x="8406" y="8952"/></value>
<metadata author="">

</metadata>
</contour>
<contour name="Process 441" class="PointContour" color="#d89428" visible="true">
<created>Thu Nov 25 14:46:16 EST 2010</created>
<edited>Thu Nov 25 14:46:16 EST 2010</edited>
<value><point x="15186" y="14637"/></value>
<metadata author="">

</metadata>
</contour>
<contour name="Process 441" class="PointContour" color="#d89428" visible="true">
<created>Thu Nov 25 14:46:24 EST 2010</created>
<edited>Thu Nov 25 14:46:24 EST 2010</edited>
<value><point x="15253" y="14525"/></value>
<metadata author="">

</metadata>
</contour>
<contour name="Process 441" class="PointContour" color="#d89428" visible="true">
<created>Thu Nov 25 14:46:41 EST 2010</created>
<edited>Thu Nov 25 14:46:41 EST 2010</edited>
<value><point x="15329" y="14178"/></value>
<metadata author="">

</metadata>
</contour>
<contour name="Process 441" class="PointContour" color="#d89428" visible="true">
<created>Thu Nov 25 14:47:29 EST 2010</created>
<edited>Thu Nov 25 14:47:29 EST 2010</edited>
<value><point x="15894" y="13375"/></value>
<metadata author="">

</metadata>
</contour>
<contour name="Process 443" class="PointContour" color="#a38ff2" visible="true">
<created>Thu Nov 25 19:26:58 EST 2010</created>
<edited>Thu Nov 25 19:26:58 EST 2010</edited>
<value><point x="9909" y="17028"/></value>
<metadata author="">

</metadata>
</contour>
<contour name="Process 449" class="PointContour" color="#697c74" visible="true">
<created>Fri Nov 26 18:03:24 EST 2010</created>
<edited>Fri Nov 26 18:03:24 EST 2010</edited>
<value><point x="11578" y="18693"/></value>
<metadata author="">

</metadata>
</contour>
<contour name="Process 450" class="PointContour" color="#866c5b" visible="true">
<created>Fri Nov 26 21:02:36 EST 2010</created>
<edited>Fri Nov 26 21:02:36 EST 2010</edited>
<value><point x="12382" y="16444"/></value>
<metadata author="">

</metadata>
</contour>
<contour name="Process 451" class="PointContour" color="#bcad85" visible="true">
<created>Fri Nov 26 21:15:11 EST 2010</created>
<edited>Fri Nov 26 21:15:11 EST 2010</edited>
<value><point x="15538" y="11018"/></value>
<metadata author="">

</metadata>
</contour>
<contour name="Process 455" class="PointContour" color="#d456a5" visible="true">
<created>Sat Nov 27 12:38:55 EST 2010</created>
<edited>Sat Nov 27 12:38:55 EST 2010</edited>
<value><point x="10232" y="19456"/></value>
<metadata author="">

</metadata>
</contour>
<contour name="Process 456" class="PointContour" color="#cbbd91" visible="true">
<created>Sat Nov 27 12:48:09 EST 2010</created>
<edited>Sat Nov 27 12:48:09 EST 2010</edited>
<value><point x="12412" y="18815"/></value>
<metadata author="">

</metadata>
</contour>
<contour name="Process 457" class="PointContour" color="#f8a74f" visible="true">
<created>Sat Nov 27 12:58:37 EST 2010</created>
<edited>Sat Nov 27 12:58:37 EST 2010</edited>
<value><point x="12293" y="19367"/></value>
<metadata author="">

</metadata>
</contour>
<contour name="Process 458" class="PointContour" color="#10a180" visible="true">
<created>Sat Nov 27 13:08:46 EST 2010</created>
<edited>Sat Nov 27 13:08:46 EST 2010</edited>
<value><point x="12376" y="19201"/></value>
<metadata author="">

</metadata>
</contour>
<contour name="Process 459" class="PointContour" color="#15a084" visible="true">
<created>Sat Nov 27 14:13:12 EST 2010</created>
<edited>Sat Nov 27 14:13:12 EST 2010</edited>
<value><point x="12132" y="20338"/></value>
<metadata author="">

</metadata>
</contour>
<contour name="Process 465" class="PointContour" color="#ae4a09" visible="true">
<created>Fri Dec 03 23:56:45 EST 2010</created>
<edited>Fri Dec 03 23:56:45 EST 2010</edited>
<value><point x="11412" y="17099"/></value>
<metadata author="">

</metadata>
</contour>
<contour name="Process 466" class="PointContour" color="#722e57" visible="true">
<created>Sat Dec 04 00:05:54 EST 2010</created>
<edited>Sat Dec 04 00:05:54 EST 2010</edited>
<value><point x="10442" y="16527"/></value>
<metadata author="">

</metadata>
</contour>
<contour name="Process 469" class="PointContour" color="#7f3a2b" visible="true">
<created>Sat Dec 04 00:29:07 EST 2010</created>
<edited>Sat Dec 04 00:29:07 EST 2010</edited>
<value><point x="11157" y="20492"/></value>
<metadata author="">

</metadata>
</contour>
<contour name="Process 470" class="PointContour" color="#266149" visible="true">
<created>Sat Dec 04 13:32:14 EST 2010</created>
<edited>Sat Dec 04 13:32:14 EST 2010</edited>
<value><point x="9351" y="17866"/></value>
<metadata author="">

</metadata>
</contour>
<contour name="Process 471" class="PointContour" color="#da4772" visible="true">
<created>Sat Dec 04 13:39:24 EST 2010</created>
<edited>Sat Dec 04 13:39:24 EST 2010</edited>
<value><point x="8515" y="15301"/></value>
<metadata author="">

</metadata>
</contour>
<contour name="Process 473" class="PointContour" color="#811f28" visible="true">
<created>Tue Feb 08 14:02:35 EST 2011</created>
<edited>Tue Feb 08 14:02:35 EST 2011</edited>
<value><point x="13894" y="21991"/></value>
<metadata author="">

</metadata>
</contour>
<contour name="Process 478" class="PointContour" color="#4bab49" visible="true">
<created>Tue Feb 08 15:12:39 EST 2011</created>
<edited>Tue Feb 08 15:12:39 EST 2011</edited>
<value><point x="15974" y="22397"/></value>
<metadata author="">

</metadata>
</contour>
<contour name="Process 480" class="PointContour" color="#ace8dd" visible="true">
<created>Tue Feb 08 15:30:58 EST 2011</created>
<edited>Tue Feb 08 15:30:58 EST 2011</edited>
<value><point x="6223" y="20421"/></value>
<metadata author="">

</metadata>
</contour>
<contour name="Process 481" class="PointContour" color="#51749d" visible="true">
<created>Tue Feb 08 15:52:52 EST 2011</created>
<edited>Tue Feb 08 15:52:52 EST 2011</edited>
<value><point x="11009" y="20389"/></value>
<metadata author="">

</metadata>
</contour>
<contour name="Process 482" class="PointContour" color="#965dda" visible="true">
<created>Tue Feb 08 17:24:35 EST 2011</created>
<edited>Tue Feb 08 17:24:35 EST 2011</edited>
<value><point x="15941" y="23366"/></value>
<metadata author="">

</metadata>
</contour>
<contour name="Process 488" class="PointContour" color="#e590b3" visible="true">
<created>Wed Feb 09 10:45:19 EST 2011</created>
<edited>Wed Feb 09 10:45:19 EST 2011</edited>
<value><point x="12993" y="21029"/></value>
<metadata author="">

</metadata>
</contour>
<contour name="Process 526" class="PointContour" color="#8d24e6" visible="true">
<created>Fri Feb 11 17:28:16 EST 2011</created>
<edited>Fri Feb 11 17:28:16 EST 2011</edited>
<value><point x="13765" y="19958"/></value>
<metadata author="">

</metadata>
</contour>
<contour name="Trail 529" class="PointContour" color="#1ca7ed" visible="true">
<created>Mon Feb 14 11:34:12 EST 2011</created>
<edited>Mon Feb 14 11:34:12 EST 2011</edited>
<value><point x="9835" y="18779"/></value>
<metadata author="">

</metadata>
</contour>
<contour name="Trail 530" class="PointContour" color="#d5e631" visible="true">
<created>Mon Feb 14 11:39:16 EST 2011</created>
<edited>Mon Feb 14 11:39:16 EST 2011</edited>
<value><point x="10112" y="19428"/></value>
<metadata author="">

</metadata>
</contour>
<contour name="Trail 532" class="PointContour" color="#fabd81" visible="true">
<created>Mon Feb 14 11:47:52 EST 2011</created>
<edited>Mon Feb 14 11:47:52 EST 2011</edited>
<value><point x="7184" y="19501"/></value>
<metadata author="">

</metadata>
</contour>
<contour name="Trail 534" class="PointContour" color="#001c95" visible="true">
<created>Mon Feb 14 12:11:11 EST 2011</created>
<edited>Mon Feb 14 12:11:11 EST 2011</edited>
<value><point x="12234" y="19209"/></value>
<metadata author="">

</metadata>
</contour>
<contour name="Trail 535" class="PointContour" color="#bcc72b" visible="true">
<created>Mon Feb 14 12:56:50 EST 2011</created>
<edited>Mon Feb 14 12:56:50 EST 2011</edited>
<value><point x="11080" y="18394"/></value>
<metadata author="">

</metadata>
</contour>
<contour name="Trail 65" class="PointContour" color="#e3ff0e" visible="true">
<created>Mon Feb 14 15:25:21 EST 2011</created>
<edited>Mon Feb 14 15:25:21 EST 2011</edited>
<value><point x="11515" y="17796"/></value>
<metadata author="">

</metadata>
</contour>
<contour name="Trail 115" class="PointContour" color="#cbff04" visible="true">
<created>Mon Feb 14 15:35:44 EST 2011</created>
<edited>Mon Feb 14 15:35:44 EST 2011</edited>
<value><point x="14643" y="19775"/></value>
<metadata author="">

</metadata>
</contour>
<contour name="Trail 94" class="PointContour" color="#beff05" visible="true">
<created>Mon Feb 14 15:52:18 EST 2011</created>
<edited>Mon Feb 14 15:52:18 EST 2011</edited>
<value><point x="9739" y="20930"/></value>
<metadata author="">

</metadata>
</contour>
<contour name="Trail 49" class="PointContour" color="#4053cc" visible="true">
<created>Mon Feb 14 15:57:18 EST 2011</created>
<edited>Mon Feb 14 15:57:18 EST 2011</edited>
<value><point x="10983" y="19591"/></value>
<metadata author="">

</metadata>
</contour>
<contour name="Trail 26" class="PointContour" color="#c21ebd" visible="true">
<created>Tue Feb 15 11:57:39 EST 2011</created>
<edited>Tue Feb 15 11:57:39 EST 2011</edited>
<value><point x="11807" y="18772"/></value>
<metadata author="">

</metadata>
</contour>
<contour name="Trail 38" class="PointContour" color="#f7edc9" visible="true">
<created>Tue Feb 15 12:02:27 EST 2011</created>
<edited>Tue Feb 15 12:02:27 EST 2011</edited>
<value><point x="12457" y="18172"/></value>
<metadata author="">

</metadata>
</contour>
<contour name="Trail 52" class="PointContour" color="#b10aff" visible="true">
<created>Tue Feb 15 12:17:49 EST 2011</created>
<edited>Tue Feb 15 12:17:49 EST 2011</edited>
<value><point x="12388" y="18233"/></value>
<metadata author="">

</metadata>
</contour>
<contour name="Trail 40" class="PointContour" color="#c4f7b5" visible="true">
<created>Tue Feb 15 12:22:52 EST 2011</created>
<edited>Tue Feb 15 12:22:52 EST 2011</edited>
<value><point x="11874" y="18581"/></value>
<metadata author="">

</metadata>
</contour>
<contour name="Trail 45" class="PointContour" color="#80d2ff" visible="true">
<created>Tue Feb 15 12:29:59 EST 2011</created>
<edited>Tue Feb 15 12:29:59 EST 2011</edited>
<value><point x="11419" y="17415"/></value>
<metadata author="">

</metadata>
</contour>
<contour name="Trail 86" class="PointContour" color="#ff067f" visible="true">
<created>Tue Feb 15 14:18:19 EST 2011</created>
<edited>Tue Feb 15 14:18:19 EST 2011</edited>
<value><point x="13048" y="17326"/></value>
<metadata author="">

</metadata>
</contour>
<contour name="Trail 97" class="PointContour" color="#05ff95" visible="true">
<created>Tue Feb 15 14:50:19 EST 2011</created>
<edited>Tue Feb 15 14:50:19 EST 2011</edited>
<value><point x="3907" y="15402"/></value>
<metadata author="">

</metadata>
</contour>
<contour name="Trail 39" class="PointContour" color="#a4f7f2" visible="true">
<created>Tue Feb 15 14:53:06 EST 2011</created>
<edited>Tue Feb 15 14:53:06 EST 2011</edited>
<value><point x="10731" y="18498"/></value>
<metadata author="">

</metadata>
</contour>
<contour name="Trail 205" class="PointContour" color="#0ddcff" visible="true">
<created>Tue Feb 15 15:02:47 EST 2011</created>
<edited>Tue Feb 15 15:02:47 EST 2011</edited>
<value><point x="11633" y="17081"/></value>
<metadata author="">

</metadata>
</contour>
<contour name="Trail 53" class="PointContour" color="#d507ff" visible="true">
<created>Tue Feb 15 17:51:39 EST 2011</created>
<edited>Tue Feb 15 17:51:39 EST 2011</edited>
<value><point x="12111" y="19176"/></value>
<metadata author="">

</metadata>
</contour>
<contour name="Trail 8" class="PointContour" color="#2d23ff" visible="true">
<created>Thu Feb 17 10:12:54 EST 2011</created>
<edited>Thu Feb 17 10:12:54 EST 2011</edited>
<value><point x="12395" y="18759"/></value>
<metadata author="">

</metadata>
</contour>
<contour name="Trail 8" class="PointContour" color="#2d23ff" visible="true">
<created>Thu Feb 17 10:12:54 EST 2011</created>
<edited>Thu Feb 17 10:12:54 EST 2011</edited>
<value><point x="12395" y="18759"/></value>
<metadata author="">

</metadata>
</contour>
<contour name="Trail 96" class="PointContour" color="#55ff01" synapse="true" visible="true">
<created>Thu Feb 17 11:18:11 EST 2011</created>
<edited>Thu Feb 17 11:18:11 EST 2011</edited>
<value><point x="4903" y="22724"/></value>
<metadata author="">

</metadata>
</contour>
<contour name="Trail 12" class="PointContour" color="#ffa568" visible="true">
<created>Thu Mar 10 14:17:29 EST 2011</created>
<edited>Thu Mar 10 14:17:29 EST 2011</edited>
<value><point x="13730" y="19310"/></value>
<metadata author="">

</metadata>
</contour>
<contour name="Trail 25" class="PointContour" color="#448fc2" visible="true">
<created>Thu Mar 10 16:56:18 EST 2011</created>
<edited>Thu Mar 10 16:56:18 EST 2011</edited>
<value><point x="11614" y="16364"/></value>
<metadata author="">

</metadata>
</contour>
<contour name="Trail 33" class="PointContour" color="#f70fe0" visible="true">
<created>Sun Mar 13 16:40:12 EDT 2011</created>
<edited>Sun Mar 13 16:40:12 EDT 2011</edited>
<value><point x="12573" y="18492"/></value>
<metadata author="">

</metadata>
</contour>
<contour name="Trail 41" class="PointContour" color="#b2aff7" visible="true">
<created>Sun Mar 13 17:01:44 EDT 2011</created>
<edited>Sun Mar 13 17:01:44 EDT 2011</edited>
<value><point x="10715" y="17615"/></value>
<metadata author="">

</metadata>
</contour>
<contour name="Trail 41" class="PointContour" color="#b2aff7" visible="true">
<created>Sun Mar 13 17:01:44 EDT 2011</created>
<edited>Sun Mar 13 17:01:44 EDT 2011</edited>
<value><point x="10730" y="17613"/></value>
<metadata author="">

</metadata>
</contour>
<contour name="Trail 127" class="PointContour" color="#ff9009" visible="true">
<created>Sun Mar 13 19:11:59 EDT 2011</created>
<edited>Sun Mar 13 19:11:59 EDT 2011</edited>
<value><point x="11193" y="18099"/></value>
<metadata author="">

</metadata>
</contour>
<contour name="Trail 134" class="PointContour" color="#0954ff" visible="true">
<created>Sun Mar 13 19:52:20 EDT 2011</created>
<edited>Sun Mar 13 19:52:20 EDT 2011</edited>
<value><point x="11315" y="14841"/></value>
<metadata author="">

</metadata>
</contour>
</contours>