<!--Last edited: 2011/03/14 19:51:16-->
<contours>
<contour name="Process 420" class="PointContour" color="#4fe1fe" visible="true">
<created>Wed Nov 24 16:52:23 EST 2010</created>
<edited>Wed Nov 24 16:52:23 EST 2010</edited>
<value><point x="8642" y="18156"/></value>
<metadata author="">

</metadata>
</contour>
<contour name="Process 421" class="PointContour" color="#e61dae" visible="true">
<created>Wed Nov 24 17:07:50 EST 2010</created>
<edited>Wed Nov 24 17:07:50 EST 2010</edited>
<value><point x="8230" y="17303"/></value>
<metadata author="">

</metadata>
</contour>
<contour name="Process 422" class="PointContour" color="#f8e1f2" visible="true">
<created>Wed Nov 24 17:25:39 EST 2010</created>
<edited>Wed Nov 24 17:25:39 EST 2010</edited>
<value><point x="5943" y="16794"/></value>
<metadata author="">

</metadata>
</contour>
<contour name="Process 424" class="PointContour" color="#f4ed50" visible="true">
<created>Wed Nov 24 18:06:01 EST 2010</created>
<edited>Wed Nov 24 18:06:01 EST 2010</edited>
<value><point x="7723" y="18134"/></value>
<metadata author="">

</metadata>
</contour>
<contour name="Process 425" class="PointContour" color="#b3923c" visible="true">
<created>Wed Nov 24 19:03:52 EST 2010</created>
<edited>Wed Nov 24 19:03:52 EST 2010</edited>
<value><point x="7541" y="16198"/></value>
<metadata author="">

</metadata>
</contour>
<contour name="Process 426" class="PointContour" color="#a969fa" visible="true">
<created>Wed Nov 24 19:19:17 EST 2010</created>
<edited>Wed Nov 24 19:19:17 EST 2010</edited>
<value><point x="4462" y="21748"/></value>
<metadata author="">

</metadata>
</contour>
<contour name="Process 428" class="PointContour" color="#fd30e1" visible="true">
<created>Wed Nov 24 19:53:58 EST 2010</created>
<edited>Wed Nov 24 19:53:58 EST 2010</edited>
<value><point x="8780" y="20337"/></value>
<metadata author="">

</metadata>
</contour>
<contour name="Process 435" class="PointContour" color="#0430ee" visible="true">
<created>Thu Nov 25 00:22:08 EST 2010</created>
<edited>Thu Nov 25 00:22:08 EST 2010</edited>
<value><point x="7886" y="8630"/></value>
<metadata author="">

</metadata>
</contour>
<contour name="Process 443" class="PointContour" color="#a38ff2" visible="true">
<created>Thu Nov 25 19:29:39 EST 2010</created>
<edited>Thu Nov 25 19:29:39 EST 2010</edited>
<value><point x="8934" y="16461"/></value>
<metadata author="">

</metadata>
</contour>
<contour name="Process 449" class="PointContour" color="#697c74" visible="true">
<created>Fri Nov 26 18:04:55 EST 2010</created>
<edited>Fri Nov 26 18:04:55 EST 2010</edited>
<value><point x="12182" y="17685"/></value>
<metadata author="">

</metadata>
</contour>
<contour name="Process 450" class="PointContour" color="#866c5b" visible="true">
<created>Fri Nov 26 21:03:24 EST 2010</created>
<edited>Fri Nov 26 21:03:24 EST 2010</edited>
<value><point x="12683" y="15985"/></value>
<metadata author="">

</metadata>
</contour>
<contour name="Process 455" class="PointContour" color="#d456a5" visible="true">
<created>Sat Nov 27 12:39:56 EST 2010</created>
<edited>Sat Nov 27 12:39:56 EST 2010</edited>
<value><point x="10134" y="19997"/></value>
<metadata author="">

</metadata>
</contour>
<contour name="Process 456" class="PointContour" color="#cbbd91" visible="true">
<created>Sat Nov 27 12:48:51 EST 2010</created>
<edited>Sat Nov 27 12:48:51 EST 2010</edited>
<value><point x="12125" y="18903"/></value>
<metadata author="">

</metadata>
</contour>
<contour name="Process 457" class="PointContour" color="#f8a74f" visible="true">
<created>Sat Nov 27 13:00:08 EST 2010</created>
<edited>Sat Nov 27 13:00:08 EST 2010</edited>
<value><point x="11714" y="19924"/></value>
<metadata author="">

</metadata>
</contour>
<contour name="Process 458" class="PointContour" color="#10a180" visible="true">
<created>Sat Nov 27 13:09:15 EST 2010</created>
<edited>Sat Nov 27 13:09:15 EST 2010</edited>
<value><point x="12720" y="19406"/></value>
<metadata author="">

</metadata>
</contour>
<contour name="Process 459" class="PointContour" color="#15a084" visible="true">
<created>Sat Nov 27 14:17:19 EST 2010</created>
<edited>Sat Nov 27 14:17:19 EST 2010</edited>
<value><point x="11649" y="18244"/></value>
<metadata author="">

</metadata>
</contour>
<contour name="Process 459" class="PointContour" color="#15a084" visible="true">
<created>Sat Nov 27 14:17:33 EST 2010</created>
<edited>Sat Nov 27 14:17:33 EST 2010</edited>
<value><point x="11640" y="17986"/></value>
<metadata author="">

</metadata>
</contour>
<contour name="Process 459" class="PointContour" color="#15a084" visible="true">
<created>Sat Nov 27 14:18:04 EST 2010</created>
<edited>Sat Nov 27 14:18:04 EST 2010</edited>
<value><point x="11343" y="17282"/></value>
<metadata author="">

</metadata>
</contour>
<contour name="Process 465" class="PointContour" color="#ae4a09" visible="true">
<created>Fri Dec 03 23:57:14 EST 2010</created>
<edited>Fri Dec 03 23:57:14 EST 2010</edited>
<value><point x="10964" y="17168"/></value>
<metadata author="">

</metadata>
</contour>
<contour name="Process 466" class="PointContour" color="#722e57" visible="true">
<created>Sat Dec 04 00:06:55 EST 2010</created>
<edited>Sat Dec 04 00:06:55 EST 2010</edited>
<value><point x="9685" y="16153"/></value>
<metadata author="">

</metadata>
</contour>
<contour name="Process 469" class="PointContour" color="#7f3a2b" visible="true">
<created>Sat Dec 04 00:29:33 EST 2010</created>
<edited>Sat Dec 04 00:29:33 EST 2010</edited>
<value><point x="10868" y="20913"/></value>
<metadata author="">

</metadata>
</contour>
<contour name="Process 470" class="PointContour" color="#266149" visible="true">
<created>Sat Dec 04 13:32:45 EST 2010</created>
<edited>Sat Dec 04 13:32:45 EST 2010</edited>
<value><point x="8937" y="18077"/></value>
<metadata author="">

</metadata>
</contour>
<contour name="Process 470" class="PointContour" color="#266149" visible="true">
<created>Sat Dec 04 13:34:51 EST 2010</created>
<edited>Sat Dec 04 13:34:51 EST 2010</edited>
<value><point x="7931" y="21082"/></value>
<metadata author="">

</metadata>
</contour>
<contour name="Process 470" class="PointContour" color="#266149" visible="true">
<created>Sat Dec 04 13:35:37 EST 2010</created>
<edited>Sat Dec 04 13:35:37 EST 2010</edited>
<value><point x="8451" y="22582"/></value>
<metadata author="">

</metadata>
</contour>
<contour name="Process 471" class="PointContour" color="#da4772" visible="true">
<created>Sat Dec 04 13:39:55 EST 2010</created>
<edited>Sat Dec 04 13:39:55 EST 2010</edited>
<value><point x="7773" y="14361"/></value>
<metadata author="">

</metadata>
</contour>
<contour name="Process 478" class="PointContour" color="#4bab49" visible="true">
<created>Tue Feb 08 15:14:28 EST 2011</created>
<edited>Tue Feb 08 15:14:28 EST 2011</edited>
<value><point x="17414" y="23216"/></value>
<metadata author="">

</metadata>
</contour>
<contour name="Process 480" class="PointContour" color="#ace8dd" visible="true">
<created>Tue Feb 08 15:32:27 EST 2011</created>
<edited>Tue Feb 08 15:32:27 EST 2011</edited>
<value><point x="4735" y="20530"/></value>
<metadata author="">

</metadata>
</contour>
<contour name="Process 481" class="PointContour" color="#51749d" visible="true">
<created>Tue Feb 08 15:53:23 EST 2011</created>
<edited>Tue Feb 08 15:53:23 EST 2011</edited>
<value><point x="10800" y="20432"/></value>
<metadata author="">

</metadata>
</contour>
<contour name="Process 488" class="PointContour" color="#e590b3" visible="true">
<created>Wed Feb 09 10:46:40 EST 2011</created>
<edited>Wed Feb 09 10:46:40 EST 2011</edited>
<value><point x="13673" y="21931"/></value>
<metadata author="">

</metadata>
</contour>
<contour name="Process 526" class="PointContour" color="#8d24e6" visible="true">
<created>Fri Feb 11 17:29:37 EST 2011</created>
<edited>Fri Feb 11 17:29:37 EST 2011</edited>
<value><point x="15471" y="21052"/></value>
<metadata author="">

</metadata>
</contour>
<contour name="Trail 529" class="PointContour" color="#1ca7ed" visible="true">
<created>Mon Feb 14 11:35:00 EST 2011</created>
<edited>Mon Feb 14 11:35:00 EST 2011</edited>
<value><point x="8601" y="18346"/></value>
<metadata author="">

</metadata>
</contour>
<contour name="Trail 530" class="PointContour" color="#d5e631" visible="true">
<created>Mon Feb 14 11:39:54 EST 2011</created>
<edited>Mon Feb 14 11:39:54 EST 2011</edited>
<value><point x="9322" y="20243"/></value>
<metadata author="">

</metadata>
</contour>
<contour name="Trail 532" class="PointContour" color="#fabd81" visible="true">
<created>Mon Feb 14 11:48:28 EST 2011</created>
<edited>Mon Feb 14 11:48:28 EST 2011</edited>
<value><point x="6052" y="19248"/></value>
<metadata author="">

</metadata>
</contour>
<contour name="Trail 534" class="PointContour" color="#001c95" visible="true">
<created>Mon Feb 14 12:11:41 EST 2011</created>
<edited>Mon Feb 14 12:11:41 EST 2011</edited>
<value><point x="12570" y="19433"/></value>
<metadata author="">

</metadata>
</contour>
<contour name="Trail 535" class="PointContour" color="#bcc72b" visible="true">
<created>Mon Feb 14 12:57:48 EST 2011</created>
<edited>Mon Feb 14 12:57:48 EST 2011</edited>
<value><point x="10664" y="17227"/></value>
<metadata author="">

</metadata>
</contour>
<contour name="Trail 65" class="PointContour" color="#e3ff0e" visible="true">
<created>Mon Feb 14 15:25:52 EST 2011</created>
<edited>Mon Feb 14 15:25:52 EST 2011</edited>
<value><point x="11343" y="17636"/></value>
<metadata author="">

</metadata>
</contour>
<contour name="Trail 94" class="PointContour" color="#beff05" visible="true">
<created>Mon Feb 14 15:53:39 EST 2011</created>
<edited>Mon Feb 14 15:53:39 EST 2011</edited>
<value><point x="8432" y="22529"/></value>
<metadata author="">

</metadata>
</contour>
<contour name="Trail 49" class="PointContour" color="#4053cc" visible="true">
<created>Mon Feb 14 15:58:16 EST 2011</created>
<edited>Mon Feb 14 15:58:16 EST 2011</edited>
<value><point x="10873" y="20304"/></value>
<metadata author="">

</metadata>
</contour>
<contour name="Trail 26" class="PointContour" color="#c21ebd" visible="true">
<created>Tue Feb 15 11:58:01 EST 2011</created>
<edited>Tue Feb 15 11:58:01 EST 2011</edited>
<value><point x="11399" y="18776"/></value>
<metadata author="">

</metadata>
</contour>
<contour name="Trail 38" class="PointContour" color="#f7edc9" visible="true">
<created>Tue Feb 15 12:15:19 EST 2011</created>
<edited>Tue Feb 15 12:15:19 EST 2011</edited>
<value><point x="17204" y="15098"/></value>
<metadata author="">

</metadata>
</contour>
<contour name="Trail 38" class="PointContour" color="#f7edc9" visible="true">
<created>Tue Feb 15 12:15:19 EST 2011</created>
<edited>Tue Feb 15 12:15:19 EST 2011</edited>
<value><point x="17204" y="15098"/></value>
<metadata author="">

</metadata>
</contour>
<contour name="Trail 52" class="PointContour" color="#b10aff" visible="true">
<created>Tue Feb 15 12:18:05 EST 2011</created>
<edited>Tue Feb 15 12:18:05 EST 2011</edited>
<value><point x="12224" y="18315"/></value>
<metadata author="">

</metadata>
</contour>
<contour name="Trail 40" class="PointContour" color="#c4f7b5" visible="true">
<created>Tue Feb 15 12:23:20 EST 2011</created>
<edited>Tue Feb 15 12:23:20 EST 2011</edited>
<value><point x="11394" y="18702"/></value>
<metadata author="">

</metadata>
</contour>
<contour name="Trail 45" class="PointContour" color="#80d2ff" synapse="true" visible="true">
<created>Tue Feb 15 12:30:50 EST 2011</created>
<edited>Tue Feb 15 12:30:50 EST 2011</edited>
<value><point x="11243" y="17286"/></value>
<metadata author="">

</metadata>
</contour>
<contour name="Trail 45" class="PointContour" color="#80d2ff" visible="true">
<created>Tue Feb 15 12:30:50 EST 2011</created>
<edited>Tue Feb 15 12:30:50 EST 2011</edited>
<value><point x="11243" y="17286"/></value>
<metadata author="">

</metadata>
</contour>
<contour name="Trail 86" class="PointContour" color="#ff067f" visible="true">
<created>Tue Feb 15 14:18:56 EST 2011</created>
<edited>Tue Feb 15 14:18:56 EST 2011</edited>
<value><point x="13605" y="17933"/></value>
<metadata author="">

</metadata>
</contour>
<contour name="Trail 39" class="PointContour" color="#a4f7f2" visible="true">
<created>Tue Feb 15 14:53:39 EST 2011</created>
<edited>Tue Feb 15 14:53:39 EST 2011</edited>
<value><point x="10332" y="18538"/></value>
<metadata author="">

</metadata>
</contour>
<contour name="Trail 205" class="PointContour" color="#0ddcff" visible="true">
<created>Tue Feb 15 15:03:23 EST 2011</created>
<edited>Tue Feb 15 15:03:23 EST 2011</edited>
<value><point x="11566" y="16684"/></value>
<metadata author="">

</metadata>
</contour>
<contour name="Trail 53" class="PointContour" color="#d507ff" visible="true">
<created>Tue Feb 15 17:52:28 EST 2011</created>
<edited>Tue Feb 15 17:52:28 EST 2011</edited>
<value><point x="11630" y="19650"/></value>
<metadata author="">

</metadata>
</contour>
<contour name="Trail 8" class="PointContour" color="#2d23ff" visible="true">
<created>Thu Feb 17 10:13:17 EST 2011</created>
<edited>Thu Feb 17 10:13:17 EST 2011</edited>
<value><point x="12412" y="19017"/></value>
<metadata author="">

</metadata>
</contour>
<contour name="Trail 12" class="PointContour" color="#ffa568" visible="true">
<created>Thu Mar 10 14:18:50 EST 2011</created>
<edited>Thu Mar 10 14:18:50 EST 2011</edited>
<value><point x="14693" y="19789"/></value>
<metadata author="">

</metadata>
</contour>
<contour name="Trail 12" class="PointContour" color="#ffa568" visible="true">
<created>Thu Mar 10 14:18:50 EST 2011</created>
<edited>Thu Mar 10 14:18:50 EST 2011</edited>
<value><point x="14785" y="19794"/></value>
<metadata author="">

</metadata>
</contour>
<contour name="Trail 25" class="PointContour" color="#448fc2" visible="true">
<created>Thu Mar 10 16:57:27 EST 2011</created>
<edited>Thu Mar 10 16:57:27 EST 2011</edited>
<value><point x="12160" y="15384"/></value>
<metadata author="">

</metadata>
</contour>
<contour name="Trail 25" class="PointContour" color="#448fc2" visible="true">
<created>Thu Mar 10 16:57:39 EST 2011</created>
<edited>Thu Mar 10 16:57:39 EST 2011</edited>
<value><point x="12384" y="14857"/></value>
<metadata author="">

</metadata>
</contour>
<contour name="Trail 33" class="PointContour" color="#f70fe0" visible="true">
<created>Sun Mar 13 16:40:40 EDT 2011</created>
<edited>Sun Mar 13 16:40:40 EDT 2011</edited>
<value><point x="12690" y="18750"/></value>
<metadata author="">

</metadata>
</contour>
<contour name="Trail 41" class="PointContour" color="#b2aff7" visible="true">
<created>Sun Mar 13 17:02:41 EDT 2011</created>
<edited>Sun Mar 13 17:02:41 EDT 2011</edited>
<value><point x="10146" y="17672"/></value>
<metadata author="">

</metadata>
</contour>
<contour name="Trail 127" class="PointContour" color="#ff9009" visible="true">
<created>Sun Mar 13 19:12:38 EDT 2011</created>
<edited>Sun Mar 13 19:12:38 EDT 2011</edited>
<value><point x="10152" y="17730"/></value>
<metadata author="">

</metadata>
</contour>
<contour name="Trail 134" class="PointContour" color="#0954ff" visible="true">
<created>Sun Mar 13 19:52:41 EDT 2011</created>
<edited>Sun Mar 13 19:52:41 EDT 2011</edited>
<value><point x="10742" y="14460"/></value>
<metadata author="">

</metadata>
</contour>
</contours>