<!--Last edited: 2011/03/14 19:51:16-->
<contours>
<contour name="Process 420" class="PointContour" color="#4fe1fe" visible="true">
<created>Wed Nov 24 16:52:18 EST 2010</created>
<edited>Wed Nov 24 16:52:18 EST 2010</edited>
<value><point x="8777" y="18068"/></value>
<metadata author="">

</metadata>
</contour>
<contour name="Process 421" class="PointContour" color="#e61dae" visible="true">
<created>Wed Nov 24 17:07:44 EST 2010</created>
<edited>Wed Nov 24 17:07:44 EST 2010</edited>
<value><point x="8436" y="17293"/></value>
<metadata author="">

</metadata>
</contour>
<contour name="Process 422" class="PointContour" color="#f8e1f2" visible="true">
<created>Wed Nov 24 17:25:31 EST 2010</created>
<edited>Wed Nov 24 17:25:31 EST 2010</edited>
<value><point x="6053" y="16898"/></value>
<metadata author="">

</metadata>
</contour>
<contour name="Process 424" class="PointContour" color="#f4ed50" visible="true">
<created>Wed Nov 24 18:05:36 EST 2010</created>
<edited>Wed Nov 24 18:05:36 EST 2010</edited>
<value><point x="8214" y="17966"/></value>
<metadata author="">

</metadata>
</contour>
<contour name="Process 425" class="PointContour" color="#b3923c" visible="true">
<created>Wed Nov 24 19:03:31 EST 2010</created>
<edited>Wed Nov 24 19:03:31 EST 2010</edited>
<value><point x="7649" y="16450"/></value>
<metadata author="">

</metadata>
</contour>
<contour name="Process 426" class="PointContour" color="#a969fa" visible="true">
<created>Wed Nov 24 19:19:05 EST 2010</created>
<edited>Wed Nov 24 19:19:05 EST 2010</edited>
<value><point x="4813" y="21660"/></value>
<metadata author="">

</metadata>
</contour>
<contour name="Process 428" class="PointContour" color="#fd30e1" visible="true">
<created>Wed Nov 24 19:53:46 EST 2010</created>
<edited>Wed Nov 24 19:53:46 EST 2010</edited>
<value><point x="9184" y="20323"/></value>
<metadata author="">

</metadata>
</contour>
<contour name="Process 435" class="PointContour" color="#0430ee" visible="true">
<created>Thu Nov 25 00:21:48 EST 2010</created>
<edited>Thu Nov 25 00:21:48 EST 2010</edited>
<value><point x="8041" y="8702"/></value>
<metadata author="">

</metadata>
</contour>
<contour name="Process 441" class="PointContour" color="#d89428" visible="true">
<created>Thu Nov 25 14:51:48 EST 2010</created>
<edited>Thu Nov 25 14:51:48 EST 2010</edited>
<value><point x="18283" y="10023"/></value>
<metadata author="">

</metadata>
</contour>
<contour name="Process 443" class="PointContour" color="#a38ff2" visible="true">
<created>Thu Nov 25 19:28:25 EST 2010</created>
<edited>Thu Nov 25 19:28:25 EST 2010</edited>
<value><point x="9502" y="17331"/></value>
<metadata author="">

</metadata>
</contour>
<contour name="Process 443" class="PointContour" color="#a38ff2" visible="true">
<created>Thu Nov 25 19:29:25 EST 2010</created>
<edited>Thu Nov 25 19:29:25 EST 2010</edited>
<value><point x="9196" y="16519"/></value>
<metadata author="">

</metadata>
</contour>
<contour name="Process 449" class="PointContour" color="#697c74" visible="true">
<created>Fri Nov 26 18:04:23 EST 2010</created>
<edited>Fri Nov 26 18:04:23 EST 2010</edited>
<value><point x="11820" y="18077"/></value>
<metadata author="">

</metadata>
</contour>
<contour name="Process 449" class="PointContour" color="#697c74" visible="true">
<created>Fri Nov 26 18:04:33 EST 2010</created>
<edited>Fri Nov 26 18:04:33 EST 2010</edited>
<value><point x="12088" y="17739"/></value>
<metadata author="">

</metadata>
</contour>
<contour name="Process 450" class="PointContour" color="#866c5b" visible="true">
<created>Fri Nov 26 21:03:00 EST 2010</created>
<edited>Fri Nov 26 21:03:00 EST 2010</edited>
<value><point x="12604" y="16116"/></value>
<metadata author="">

</metadata>
</contour>
<contour name="Process 451" class="PointContour" color="#bcad85" visible="true">
<created>Fri Nov 26 21:17:25 EST 2010</created>
<edited>Fri Nov 26 21:17:25 EST 2010</edited>
<value><point x="16407" y="8440"/></value>
<metadata author="">

</metadata>
</contour>
<contour name="Process 455" class="PointContour" color="#d456a5" visible="true">
<created>Sat Nov 27 12:39:38 EST 2010</created>
<edited>Sat Nov 27 12:39:38 EST 2010</edited>
<value><point x="10179" y="19743"/></value>
<metadata author="">

</metadata>
</contour>
<contour name="Process 456" class="PointContour" color="#cbbd91" visible="true">
<created>Sat Nov 27 12:48:45 EST 2010</created>
<edited>Sat Nov 27 12:48:45 EST 2010</edited>
<value><point x="12175" y="18876"/></value>
<metadata author="">

</metadata>
</contour>
<contour name="Process 457" class="PointContour" color="#f8a74f" visible="true">
<created>Sat Nov 27 12:59:58 EST 2010</created>
<edited>Sat Nov 27 12:59:58 EST 2010</edited>
<value><point x="11767" y="19800"/></value>
<metadata author="">

</metadata>
</contour>
<contour name="Process 458" class="PointContour" color="#10a180" visible="true">
<created>Sat Nov 27 13:09:03 EST 2010</created>
<edited>Sat Nov 27 13:09:03 EST 2010</edited>
<value><point x="12646" y="19390"/></value>
<metadata author="">

</metadata>
</contour>
<contour name="Process 459" class="PointContour" color="#15a084" visible="true">
<created>Sat Nov 27 14:15:50 EST 2010</created>
<edited>Sat Nov 27 14:15:50 EST 2010</edited>
<value><point x="12278" y="20020"/></value>
<metadata author="">

</metadata>
</contour>
<contour name="Process 459" class="PointContour" color="#15a084" visible="true">
<created>Sat Nov 27 14:16:22 EST 2010</created>
<edited>Sat Nov 27 14:16:22 EST 2010</edited>
<value><point x="12024" y="19413"/></value>
<metadata author="">

</metadata>
</contour>
<contour name="Process 459" class="PointContour" color="#15a084" visible="true">
<created>Sat Nov 27 14:16:28 EST 2010</created>
<edited>Sat Nov 27 14:16:28 EST 2010</edited>
<value><point x="11938" y="19108"/></value>
<metadata author="">

</metadata>
</contour>
<contour name="Process 459" class="PointContour" color="#15a084" visible="true">
<created>Sat Nov 27 14:16:52 EST 2010</created>
<edited>Sat Nov 27 14:16:52 EST 2010</edited>
<value><point x="11871" y="18703"/></value>
<metadata author="">

</metadata>
</contour>
<contour name="Process 465" class="PointContour" color="#ae4a09" visible="true">
<created>Fri Dec 03 23:57:02 EST 2010</created>
<edited>Fri Dec 03 23:57:02 EST 2010</edited>
<value><point x="11091" y="17149"/></value>
<metadata author="">

</metadata>
</contour>
<contour name="Process 466" class="PointContour" color="#722e57" visible="true">
<created>Sat Dec 04 00:06:45 EST 2010</created>
<edited>Sat Dec 04 00:06:45 EST 2010</edited>
<value><point x="9975" y="16256"/></value>
<metadata author="">

</metadata>
</contour>
<contour name="Process 469" class="PointContour" color="#7f3a2b" visible="true">
<created>Sat Dec 04 00:29:27 EST 2010</created>
<edited>Sat Dec 04 00:29:27 EST 2010</edited>
<value><point x="11013" y="20934"/></value>
<metadata author="">

</metadata>
</contour>
<contour name="Process 470" class="PointContour" color="#266149" visible="true">
<created>Sat Dec 04 13:32:39 EST 2010</created>
<edited>Sat Dec 04 13:32:39 EST 2010</edited>
<value><point x="8954" y="18115"/></value>
<metadata author="">

</metadata>
</contour>
<contour name="Process 470" class="PointContour" color="#266149" visible="true">
<created>Sat Dec 04 13:35:00 EST 2010</created>
<edited>Sat Dec 04 13:35:00 EST 2010</edited>
<value><point x="8180" y="21333"/></value>
<metadata author="">

</metadata>
</contour>
<contour name="Process 470" class="PointContour" color="#266149" visible="true">
<created>Sat Dec 04 13:35:28 EST 2010</created>
<edited>Sat Dec 04 13:35:28 EST 2010</edited>
<value><point x="8437" y="22385"/></value>
<metadata author="">

</metadata>
</contour>
<contour name="Process 471" class="PointContour" color="#da4772" visible="true">
<created>Sat Dec 04 13:39:46 EST 2010</created>
<edited>Sat Dec 04 13:39:46 EST 2010</edited>
<value><point x="8209" y="14571"/></value>
<metadata author="">

</metadata>
</contour>
<contour name="Process 473" class="PointContour" color="#811f28" visible="true">
<created>Tue Feb 08 14:03:26 EST 2011</created>
<edited>Tue Feb 08 14:03:26 EST 2011</edited>
<value><point x="13768" y="22876"/></value>
<metadata author="">

</metadata>
</contour>
<contour name="Process 478" class="PointContour" color="#4bab49" visible="true">
<created>Tue Feb 08 15:13:33 EST 2011</created>
<edited>Tue Feb 08 15:13:33 EST 2011</edited>
<value><point x="16150" y="22979"/></value>
<metadata author="">

</metadata>
</contour>
<contour name="Process 478" class="PointContour" color="#4bab49" visible="true">
<created>Tue Feb 08 15:14:11 EST 2011</created>
<edited>Tue Feb 08 15:14:11 EST 2011</edited>
<value><point x="16937" y="22986"/></value>
<metadata author="">

</metadata>
</contour>
<contour name="Process 480" class="PointContour" color="#ace8dd" visible="true">
<created>Tue Feb 08 15:31:30 EST 2011</created>
<edited>Tue Feb 08 15:31:30 EST 2011</edited>
<value><point x="5325" y="20248"/></value>
<metadata author="">

</metadata>
</contour>
<contour name="Process 481" class="PointContour" color="#51749d" visible="true">
<created>Tue Feb 08 15:53:17 EST 2011</created>
<edited>Tue Feb 08 15:53:17 EST 2011</edited>
<value><point x="10830" y="20421"/></value>
<metadata author="">

</metadata>
</contour>
<contour name="Process 488" class="PointContour" color="#e590b3" visible="true">
<created>Wed Feb 09 10:46:27 EST 2011</created>
<edited>Wed Feb 09 10:46:27 EST 2011</edited>
<value><point x="13467" y="21637"/></value>
<metadata author="">

</metadata>
</contour>
<contour name="Process 526" class="PointContour" color="#8d24e6" visible="true">
<created>Fri Feb 11 17:28:56 EST 2011</created>
<edited>Fri Feb 11 17:28:56 EST 2011</edited>
<value><point x="14631" y="21188"/></value>
<metadata author="">

</metadata>
</contour>
<contour name="Process 526" class="PointContour" color="#8d24e6" visible="true">
<created>Fri Feb 11 17:29:03 EST 2011</created>
<edited>Fri Feb 11 17:29:03 EST 2011</edited>
<value><point x="14881" y="21192"/></value>
<metadata author="">

</metadata>
</contour>
<contour name="Trail 529" class="PointContour" color="#1ca7ed" visible="true">
<created>Mon Feb 14 11:34:55 EST 2011</created>
<edited>Mon Feb 14 11:34:55 EST 2011</edited>
<value><point x="8724" y="18288"/></value>
<metadata author="">

</metadata>
</contour>
<contour name="Trail 530" class="PointContour" color="#d5e631" visible="true">
<created>Mon Feb 14 11:39:47 EST 2011</created>
<edited>Mon Feb 14 11:39:47 EST 2011</edited>
<value><point x="9442" y="20096"/></value>
<metadata author="">

</metadata>
</contour>
<contour name="Trail 532" class="PointContour" color="#fabd81" visible="true">
<created>Mon Feb 14 11:48:19 EST 2011</created>
<edited>Mon Feb 14 11:48:19 EST 2011</edited>
<value><point x="6215" y="19314"/></value>
<metadata author="">

</metadata>
</contour>
<contour name="Trail 534" class="PointContour" color="#001c95" visible="true">
<created>Mon Feb 14 12:11:34 EST 2011</created>
<edited>Mon Feb 14 12:11:34 EST 2011</edited>
<value><point x="12485" y="19381"/></value>
<metadata author="">

</metadata>
</contour>
<contour name="Trail 535" class="PointContour" color="#bcc72b" visible="true">
<created>Mon Feb 14 12:57:41 EST 2011</created>
<edited>Mon Feb 14 12:57:41 EST 2011</edited>
<value><point x="10843" y="17349"/></value>
<metadata author="">

</metadata>
</contour>
<contour name="Trail 65" class="PointContour" color="#e3ff0e" visible="true">
<created>Mon Feb 14 15:25:44 EST 2011</created>
<edited>Mon Feb 14 15:25:44 EST 2011</edited>
<value><point x="11321" y="17679"/></value>
<metadata author="">

</metadata>
</contour>
<contour name="Trail 94" class="PointContour" color="#beff05" visible="true">
<created>Mon Feb 14 15:53:28 EST 2011</created>
<edited>Mon Feb 14 15:53:28 EST 2011</edited>
<value><point x="8491" y="22332"/></value>
<metadata author="">

</metadata>
</contour>
<contour name="Trail 49" class="PointContour" color="#4053cc" visible="true">
<created>Mon Feb 14 15:58:04 EST 2011</created>
<edited>Mon Feb 14 15:58:04 EST 2011</edited>
<value><point x="10932" y="20058"/></value>
<metadata author="">

</metadata>
</contour>
<contour name="Trail 26" class="PointContour" color="#c21ebd" visible="true">
<created>Tue Feb 15 11:57:58 EST 2011</created>
<edited>Tue Feb 15 11:57:58 EST 2011</edited>
<value><point x="11444" y="18744"/></value>
<metadata author="">

</metadata>
</contour>
<contour name="Trail 38" class="PointContour" color="#f7edc9" visible="true">
<created>Tue Feb 15 12:15:08 EST 2011</created>
<edited>Tue Feb 15 12:15:08 EST 2011</edited>
<value><point x="16990" y="15235"/></value>
<metadata author="">

</metadata>
</contour>
<contour name="Trail 52" class="PointContour" color="#b10aff" visible="true">
<created>Tue Feb 15 12:18:00 EST 2011</created>
<edited>Tue Feb 15 12:18:00 EST 2011</edited>
<value><point x="12293" y="18311"/></value>
<metadata author="">

</metadata>
</contour>
<contour name="Trail 40" class="PointContour" color="#c4f7b5" visible="true">
<created>Tue Feb 15 12:23:15 EST 2011</created>
<edited>Tue Feb 15 12:23:15 EST 2011</edited>
<value><point x="11462" y="18683"/></value>
<metadata author="">

</metadata>
</contour>
<contour name="Trail 45" class="PointContour" color="#80d2ff" visible="true">
<created>Tue Feb 15 12:30:37 EST 2011</created>
<edited>Tue Feb 15 12:30:37 EST 2011</edited>
<value><point x="11135" y="17173"/></value>
<metadata author="">

</metadata>
</contour>
<contour name="Trail 86" class="PointContour" color="#ff067f" visible="true">
<created>Tue Feb 15 14:18:48 EST 2011</created>
<edited>Tue Feb 15 14:18:48 EST 2011</edited>
<value><point x="13425" y="17798"/></value>
<metadata author="">

</metadata>
</contour>
<contour name="Trail 39" class="PointContour" color="#a4f7f2" visible="true">
<created>Tue Feb 15 14:53:31 EST 2011</created>
<edited>Tue Feb 15 14:53:31 EST 2011</edited>
<value><point x="10410" y="18570"/></value>
<metadata author="">

</metadata>
</contour>
<contour name="Trail 205" class="PointContour" color="#0ddcff" visible="true">
<created>Tue Feb 15 15:03:14 EST 2011</created>
<edited>Tue Feb 15 15:03:14 EST 2011</edited>
<value><point x="11528" y="16915"/></value>
<metadata author="">

</metadata>
</contour>
<contour name="Trail 53" class="PointContour" color="#d507ff" visible="true">
<created>Tue Feb 15 17:52:17 EST 2011</created>
<edited>Tue Feb 15 17:52:17 EST 2011</edited>
<value><point x="11725" y="19578"/></value>
<metadata author="">

</metadata>
</contour>
<contour name="Trail 8" class="PointContour" color="#2d23ff" visible="true">
<created>Thu Feb 17 10:13:12 EST 2011</created>
<edited>Thu Feb 17 10:13:12 EST 2011</edited>
<value><point x="12330" y="19014"/></value>
<metadata author="">

</metadata>
</contour>
<contour name="Trail 12" class="PointContour" color="#ffa568" visible="true">
<created>Thu Mar 10 14:18:38 EST 2011</created>
<edited>Thu Mar 10 14:18:38 EST 2011</edited>
<value><point x="14374" y="19726"/></value>
<metadata author="">

</metadata>
</contour>
<contour name="Trail 25" class="PointContour" color="#448fc2" visible="true">
<created>Thu Mar 10 16:57:09 EST 2011</created>
<edited>Thu Mar 10 16:57:09 EST 2011</edited>
<value><point x="11948" y="15730"/></value>
<metadata author="">

</metadata>
</contour>
<contour name="Trail 33" class="PointContour" color="#f70fe0" visible="true">
<created>Sun Mar 13 16:40:33 EDT 2011</created>
<edited>Sun Mar 13 16:40:33 EDT 2011</edited>
<value><point x="12661" y="18723"/></value>
<metadata author="">

</metadata>
</contour>
<contour name="Trail 41" class="PointContour" color="#b2aff7" visible="true">
<created>Sun Mar 13 17:02:29 EDT 2011</created>
<edited>Sun Mar 13 17:02:29 EDT 2011</edited>
<value><point x="10283" y="17591"/></value>
<metadata author="">

</metadata>
</contour>
<contour name="Trail 127" class="PointContour" color="#ff9009" visible="true">
<created>Sun Mar 13 19:12:29 EDT 2011</created>
<edited>Sun Mar 13 19:12:29 EDT 2011</edited>
<value><point x="10300" y="17668"/></value>
<metadata author="">

</metadata>
</contour>
<contour name="Trail 127" class="PointContour" color="#ff9009" visible="true">
<created>Sun Mar 13 19:12:29 EDT 2011</created>
<edited>Sun Mar 13 19:12:29 EDT 2011</edited>
<value><point x="10300" y="17668"/></value>
<metadata author="">

</metadata>
</contour>
<contour name="Trail 134" class="PointContour" color="#0954ff" visible="true">
<created>Sun Mar 13 19:52:37 EDT 2011</created>
<edited>Sun Mar 13 19:52:37 EDT 2011</edited>
<value><point x="10860" y="14542"/></value>
<metadata author="">

</metadata>
</contour>
</contours>