<!--Last edited: 2011/03/14 19:51:08-->
<contours>
<contour name="Process 437" class="PointContour" color="#e3dc89" visible="true">
<created>Thu Nov 25 01:12:58 EST 2010</created>
<edited>Thu Nov 25 01:12:58 EST 2010</edited>
<value><point x="5979" y="16728"/></value>
<metadata author="">

</metadata>
</contour>
<contour name="Process 438" class="PointContour" color="#d7e318" visible="true">
<created>Thu Nov 25 01:55:49 EST 2010</created>
<edited>Thu Nov 25 01:55:49 EST 2010</edited>
<value><point x="6499" y="15686"/></value>
<metadata author="">

</metadata>
</contour>
<contour name="Process 438" class="PointContour" color="#d7e318" visible="true">
<created>Thu Nov 25 02:01:48 EST 2010</created>
<edited>Thu Nov 25 02:01:48 EST 2010</edited>
<value><point x="6235" y="16740"/></value>
<metadata author="">

</metadata>
</contour>
<contour name="Process 442" class="PointContour" color="#04bb4c" visible="true">
<created>Thu Nov 25 15:28:08 EST 2010</created>
<edited>Thu Nov 25 15:28:08 EST 2010</edited>
<value><point x="6410" y="12879"/></value>
<metadata author="">

</metadata>
</contour>
<contour name="Process 442" class="PointContour" color="#04bb4c" visible="true">
<created>Thu Nov 25 15:30:49 EST 2010</created>
<edited>Thu Nov 25 15:30:49 EST 2010</edited>
<value><point x="5925" y="12748"/></value>
<metadata author="">

</metadata>
</contour>
<contour name="Process 453" class="PointContour" color="#c98e91" visible="true">
<created>Fri Nov 26 22:21:09 EST 2010</created>
<edited>Fri Nov 26 22:21:09 EST 2010</edited>
<value><point x="16854" y="18737"/></value>
<metadata author="">

</metadata>
</contour>
<contour name="Process 454" class="PointContour" color="#d2dc83" visible="true">
<created>Fri Nov 26 22:40:01 EST 2010</created>
<edited>Fri Nov 26 22:40:01 EST 2010</edited>
<value><point x="16063" y="14273"/></value>
<metadata author="">

</metadata>
</contour>
<contour name="Process 476" class="PointContour" color="#3c3865" visible="true">
<created>Tue Feb 08 14:48:53 EST 2011</created>
<edited>Tue Feb 08 14:48:53 EST 2011</edited>
<value><point x="13218" y="17705"/></value>
<metadata author="">

</metadata>
</contour>
<contour name="Process 487" class="PointContour" color="#79a346" visible="true">
<created>Wed Feb 09 10:40:13 EST 2011</created>
<edited>Wed Feb 09 10:40:13 EST 2011</edited>
<value><point x="15144" y="17342"/></value>
<metadata author="">

</metadata>
</contour>
<contour name="Process 489" class="PointContour" color="#267e56" visible="true">
<created>Wed Feb 09 11:38:13 EST 2011</created>
<edited>Wed Feb 09 11:38:13 EST 2011</edited>
<value><point x="8771" y="18917"/></value>
<metadata author="">

</metadata>
</contour>
<contour name="Process 494" class="PointContour" color="#d497eb" visible="true">
<created>Wed Feb 09 17:48:09 EST 2011</created>
<edited>Wed Feb 09 17:48:09 EST 2011</edited>
<value><point x="17458" y="19281"/></value>
<metadata author="">

</metadata>
</contour>
<contour name="Process 501" class="PointContour" color="#f7a896" visible="true">
<created>Thu Feb 10 14:59:40 EST 2011</created>
<edited>Thu Feb 10 14:59:40 EST 2011</edited>
<value><point x="13941" y="12954"/></value>
<metadata author="">

</metadata>
</contour>
<contour name="Process 503" class="PointContour" color="#2350e4" visible="true">
<created>Thu Feb 10 15:49:56 EST 2011</created>
<edited>Thu Feb 10 15:49:56 EST 2011</edited>
<value><point x="10499" y="18456"/></value>
<metadata author="">

</metadata>
</contour>
<contour name="Process 510" class="PointContour" color="#183835" visible="true">
<created>Fri Feb 11 10:13:32 EST 2011</created>
<edited>Fri Feb 11 10:13:32 EST 2011</edited>
<value><point x="13058" y="16889"/></value>
<metadata author="">

</metadata>
</contour>
<contour name="Process 511" class="PointContour" color="#74a57c" visible="true">
<created>Fri Feb 11 11:21:29 EST 2011</created>
<edited>Fri Feb 11 11:21:29 EST 2011</edited>
<value><point x="16707" y="13306"/></value>
<metadata author="">

</metadata>
</contour>
<contour name="Process 512" class="PointContour" color="#8cc43e" visible="true">
<created>Fri Feb 11 11:31:09 EST 2011</created>
<edited>Fri Feb 11 11:31:09 EST 2011</edited>
<value><point x="12802" y="16154"/></value>
<metadata author="">

</metadata>
</contour>
<contour name="Process 514" class="PointContour" color="#31c1d7" visible="true">
<created>Fri Feb 11 13:16:18 EST 2011</created>
<edited>Fri Feb 11 13:16:18 EST 2011</edited>
<value><point x="14383" y="16828"/></value>
<metadata author="">

</metadata>
</contour>
<contour name="Process 518" class="PointContour" color="#773dc2" visible="true">
<created>Fri Feb 11 13:53:36 EST 2011</created>
<edited>Fri Feb 11 13:53:36 EST 2011</edited>
<value><point x="15695" y="17710"/></value>
<metadata author="">

</metadata>
</contour>
<contour name="Process 521" class="PointContour" color="#af93b8" visible="true">
<created>Fri Feb 11 17:01:55 EST 2011</created>
<edited>Fri Feb 11 17:01:55 EST 2011</edited>
<value><point x="14626" y="12833"/></value>
<metadata author="">

</metadata>
</contour>
<contour name="Process 522" class="PointContour" color="#33868d" visible="true">
<created>Fri Feb 11 17:08:58 EST 2011</created>
<edited>Fri Feb 11 17:08:58 EST 2011</edited>
<value><point x="17628" y="10538"/></value>
<metadata author="">

</metadata>
</contour>
<contour name="Process 524" class="PointContour" color="#5f21fc" visible="true">
<created>Fri Feb 11 17:19:21 EST 2011</created>
<edited>Fri Feb 11 17:19:21 EST 2011</edited>
<value><point x="18103" y="18650"/></value>
<metadata author="">

</metadata>
</contour>
<contour name="Process 525" class="PointContour" color="#1529c2" visible="true">
<created>Fri Feb 11 17:24:07 EST 2011</created>
<edited>Fri Feb 11 17:24:07 EST 2011</edited>
<value><point x="9733" y="18816"/></value>
<metadata author="">

</metadata>
</contour>
<contour name="Trail 127" class="PointContour" color="#ff9009" visible="true">
<created>Sun Mar 13 19:07:54 EDT 2011</created>
<edited>Sun Mar 13 19:07:54 EDT 2011</edited>
<value><point x="16363" y="17310"/></value>
<metadata author="">

</metadata>
</contour>
</contours>