<!--Last edited: 2011/03/14 19:51:13-->
<contours>
<contour name="Process 158" class="PointContour" color="#ff7fcd" visible="true">
<created>Wed Jun 09 15:48:40 EDT 2010</created>
<edited>Wed Jun 09 15:48:40 EDT 2010</edited>
<value><point x="11270" y="18050"/></value>
<metadata author="">

</metadata>
</contour>
<contour name="Process 100" class="PointContour" color="#0395ff" visible="true">
<created>Tue Jun 08 14:56:58 EDT 2010</created>
<edited>Tue Jun 08 14:56:58 EDT 2010</edited>
<value><point x="12968" y="18532"/></value>
<metadata author="">

</metadata>
</contour>
<contour name="Process 177" class="PointContour" color="#e0ff0f" visible="true">
<created>Thu Jun 10 10:27:12 EDT 2010</created>
<edited>Thu Jun 10 10:27:12 EDT 2010</edited>
<value><point x="12874" y="18760"/></value>
<metadata author="">

</metadata>
</contour>
<contour name="Process 104" class="PointContour" color="#df03ff" visible="true">
<created>Tue Jun 08 16:09:02 EDT 2010</created>
<edited>Tue Jun 08 16:09:02 EDT 2010</edited>
<value><point x="11974" y="18104"/></value>
<metadata author="">

</metadata>
</contour>
<contour name="Process 106" class="PointContour" color="#ff02af" visible="true">
<created>Tue Jun 08 16:17:51 EDT 2010</created>
<edited>Tue Jun 08 16:17:51 EDT 2010</edited>
<value><point x="11294" y="18764"/></value>
<metadata author="">

</metadata>
</contour>
<contour name="Process 28" class="PointContour" color="#d1a73a" visible="true">
<created>Thu Jun 03 11:20:01 EDT 2010</created>
<edited>Thu Jun 03 11:20:01 EDT 2010</edited>
<value><point x="11630" y="18738"/></value>
<metadata author="">

</metadata>
</contour>
<contour name="Process 153" class="PointContour" color="#f3ff8b" visible="true">
<created>Wed Jun 09 15:32:20 EDT 2010</created>
<edited>Wed Jun 09 15:32:20 EDT 2010</edited>
<value><point x="11414" y="18936"/></value>
<metadata author="">

</metadata>
</contour>
<contour name="Process 135" class="PointContour" color="#c313ff" visible="true">
<created>Wed Jun 09 13:17:38 EDT 2010</created>
<edited>Wed Jun 09 13:17:38 EDT 2010</edited>
<value><point x="12112" y="18448"/></value>
<metadata author="">

</metadata>
</contour>
<contour name="Process 28" class="PointContour" color="#d1a73a" visible="true">
<created>Thu Jun 03 11:20:01 EDT 2010</created>
<edited>Thu Jun 03 11:20:01 EDT 2010</edited>
<value><point x="12364" y="18964"/></value>
<metadata author="">

</metadata>
</contour>
<contour name="Process 135" class="PointContour" color="#c313ff" visible="true">
<created>Wed Jun 09 13:17:38 EDT 2010</created>
<edited>Wed Jun 09 13:17:38 EDT 2010</edited>
<value><point x="12132" y="18456"/></value>
<metadata author="">

</metadata>
</contour>
<contour name="Process 209" class="PointContour" color="#9eff56" visible="true">
<created>Thu Jun 10 13:48:06 EDT 2010</created>
<edited>Thu Jun 10 13:48:06 EDT 2010</edited>
<value><point x="12112" y="18352"/></value>
<metadata author="">

</metadata>
</contour>
<contour name="Process 159" class="PointContour" color="#afff08" visible="true">
<created>Wed Jun 09 15:50:49 EDT 2010</created>
<edited>Wed Jun 09 15:50:49 EDT 2010</edited>
<value><point x="11006" y="18162"/></value>
<metadata author="">

</metadata>
</contour>
<contour name="Process 28" class="PointContour" color="#d1a73a" visible="true">
<created>Thu Jun 03 11:20:01 EDT 2010</created>
<edited>Thu Jun 03 11:20:01 EDT 2010</edited>
<value><point x="12404" y="18976"/></value>
<metadata author="">

</metadata>
</contour>
<contour name="Process 233" class="PointContour" color="#9806d8" visible="true">
<created>Fri Jun 11 11:19:49 EDT 2010</created>
<edited>Fri Jun 11 11:19:49 EDT 2010</edited>
<value><point x="10964" y="19180"/></value>
<metadata author="">

</metadata>
</contour>
<contour name="Process 135" class="PointContour" color="#c313ff" visible="true">
<created>Wed Jun 09 13:17:38 EDT 2010</created>
<edited>Wed Jun 09 13:17:38 EDT 2010</edited>
<value><point x="12000" y="18402"/></value>
<metadata author="">

</metadata>
</contour>
<contour name="Process 2" class="PointContour" color="#ff5107" visible="true">
<created>Wed Jun 02 16:09:02 EDT 2010</created>
<edited>Wed Jun 02 16:09:02 EDT 2010</edited>
<value><point x="12188" y="19270"/></value>
<metadata author="">

</metadata>
</contour>
<contour name="Process 37" class="PointContour" color="#f7daf0" visible="true">
<created>Mon Jun 07 16:39:57 EDT 2010</created>
<edited>Mon Jun 07 16:39:57 EDT 2010</edited>
<value><point x="12206" y="17942"/></value>
<metadata author="">

</metadata>
</contour>
<contour name="Process 204" class="PointContour" color="#e0ff14" visible="true">
<created>Thu Jun 10 13:15:32 EDT 2010</created>
<edited>Thu Jun 10 13:15:32 EDT 2010</edited>
<value><point x="12344" y="18270"/></value>
<metadata author="">

</metadata>
</contour>
<contour name="Process 28" class="PointContour" color="#d1a73a" visible="true">
<created>Thu Jun 03 11:20:01 EDT 2010</created>
<edited>Thu Jun 03 11:20:01 EDT 2010</edited>
<value><point x="12732" y="19076"/></value>
<metadata author="">

</metadata>
</contour>
<contour name="Process 135" class="PointContour" color="#c313ff" visible="true">
<created>Wed Jun 09 13:17:38 EDT 2010</created>
<edited>Wed Jun 09 13:17:38 EDT 2010</edited>
<value><point x="12374" y="18558"/></value>
<metadata author="">

</metadata>
</contour>
<contour name="Process 47" class="PointContour" color="#93cc90" visible="true">
<created>Mon Jun 07 16:58:59 EDT 2010</created>
<edited>Mon Jun 07 16:58:59 EDT 2010</edited>
<value><point x="11896" y="17452"/></value>
<metadata author="">

</metadata>
</contour>
<contour name="Process 28" class="PointContour" color="#d1a73a" visible="true">
<created>Thu Jun 03 11:20:01 EDT 2010</created>
<edited>Thu Jun 03 11:20:01 EDT 2010</edited>
<value><point x="11552" y="18714"/></value>
<metadata author="">

</metadata>
</contour>
<contour name="Process 2" class="PointContour" color="#ff5107" visible="true">
<created>Wed Jun 02 16:11:15 EDT 2010</created>
<edited>Wed Jun 02 16:11:15 EDT 2010</edited>
<value><point x="11276" y="18942"/></value>
<metadata author="">

</metadata>
</contour>
<contour name="Process 28" class="PointContour" color="#d1a73a" visible="true">
<created>Thu Jun 03 11:20:01 EDT 2010</created>
<edited>Thu Jun 03 11:20:01 EDT 2010</edited>
<value><point x="12790" y="19094"/></value>
<metadata author="">

</metadata>
</contour>
<contour name="Process 122" class="PointContour" color="#4b89ff" visible="true">
<created>Tue Jun 08 17:31:08 EDT 2010</created>
<edited>Tue Jun 08 17:31:08 EDT 2010</edited>
<value><point x="11982" y="17488"/></value>
<metadata author="">

</metadata>
</contour>
<contour name="Process 28" class="PointContour" color="#d1a73a" visible="true">
<created>Thu Jun 03 11:20:01 EDT 2010</created>
<edited>Thu Jun 03 11:20:01 EDT 2010</edited>
<value><point x="12306" y="18946"/></value>
<metadata author="">

</metadata>
</contour>
<contour name="Process 28" class="PointContour" color="#d1a73a" visible="true">
<created>Thu Jun 03 11:20:01 EDT 2010</created>
<edited>Thu Jun 03 11:20:01 EDT 2010</edited>
<value><point x="11958" y="18838"/></value>
<metadata author="">

</metadata>
</contour>
<contour name="Process 171" class="PointContour" color="#d0ff5f" visible="true">
<created>Wed Jun 09 16:52:14 EDT 2010</created>
<edited>Wed Jun 09 16:52:14 EDT 2010</edited>
<value><point x="12928" y="18210"/></value>
<metadata author="">

</metadata>
</contour>
<contour name="Process 85" class="PointContour" color="#ff067f" visible="true">
<created>Tue Jun 08 13:31:31 EDT 2010</created>
<edited>Tue Jun 08 13:31:31 EDT 2010</edited>
<value><point x="11368" y="19048"/></value>
<metadata author="">

</metadata>
</contour>
<contour name="Process 28" class="PointContour" color="#d1a73a" visible="true">
<created>Thu Jun 03 11:20:01 EDT 2010</created>
<edited>Thu Jun 03 11:20:01 EDT 2010</edited>
<value><point x="11592" y="18726"/></value>
<metadata author="">

</metadata>
</contour>
<contour name="Process 28" class="PointContour" color="#d1a73a" visible="true">
<created>Thu Jun 03 11:20:01 EDT 2010</created>
<edited>Thu Jun 03 11:20:01 EDT 2010</edited>
<value><point x="12094" y="18880"/></value>
<metadata author="">

</metadata>
</contour>
<contour name="Process 28" class="PointContour" color="#d1a73a" visible="true">
<created>Thu Jun 03 11:20:01 EDT 2010</created>
<edited>Thu Jun 03 11:20:01 EDT 2010</edited>
<value><point x="11998" y="18850"/></value>
<metadata author="">

</metadata>
</contour>
<contour name="Process 35" class="PointContour" color="#f76b06" visible="true">
<created>Mon Jun 07 16:35:35 EDT 2010</created>
<edited>Mon Jun 07 16:35:35 EDT 2010</edited>
<value><point x="12800" y="18738"/></value>
<metadata author="">

</metadata>
</contour>
<contour name="Trail 3" class="PointContour" color="#ffa20c" visible="true">
<created>Wed Jun 02 16:18:22 EDT 2010</created>
<edited>Wed Jun 02 16:18:22 EDT 2010</edited>
<value><point x="12718" y="18532"/></value>
<metadata author="">

</metadata>
</contour>
<contour name="Process 31" class="PointContour" color="#d9d331" visible="true">
<created>Mon Jun 07 16:22:07 EDT 2010</created>
<edited>Mon Jun 07 16:22:07 EDT 2010</edited>
<value><point x="11748" y="18148"/></value>
<metadata author="">

</metadata>
</contour>
<contour name="Process 85" class="PointContour" color="#ff067f" visible="true">
<created>Tue Jun 08 13:32:49 EDT 2010</created>
<edited>Tue Jun 08 13:32:49 EDT 2010</edited>
<value><point x="11182" y="19444"/></value>
<metadata author="">

</metadata>
</contour>
<contour name="Process 28" class="PointContour" color="#d1a73a" visible="true">
<created>Thu Jun 03 11:20:01 EDT 2010</created>
<edited>Thu Jun 03 11:20:01 EDT 2010</edited>
<value><point x="12190" y="18910"/></value>
<metadata author="">

</metadata>
</contour>
<contour name="Process 48" class="PointContour" color="#cc6b6b" visible="true">
<created>Mon Jun 07 17:00:14 EDT 2010</created>
<edited>Mon Jun 07 17:00:14 EDT 2010</edited>
<value><point x="12062" y="18040"/></value>
<metadata author="">

</metadata>
</contour>
<contour name="Process 77" class="PointContour" color="#06dfff" visible="true">
<created>Tue Jun 08 12:42:38 EDT 2010</created>
<edited>Tue Jun 08 12:42:38 EDT 2010</edited>
<value><point x="12278" y="18644"/></value>
<metadata author="">

</metadata>
</contour>
<contour name="Process 28" class="PointContour" color="#d1a73a" visible="true">
<created>Thu Jun 03 11:20:01 EDT 2010</created>
<edited>Thu Jun 03 11:20:01 EDT 2010</edited>
<value><point x="11824" y="18798"/></value>
<metadata author="">

</metadata>
</contour>
<contour name="Process 29" class="PointContour" color="#7aff76" visible="true">
<created>Thu Jun 10 12:38:16 EDT 2010</created>
<edited>Thu Jun 10 12:38:16 EDT 2010</edited>
<value><point x="11410" y="18420"/></value>
<metadata author="">

</metadata>
</contour>
<contour name="Process 85" class="PointContour" color="#ff067f" visible="true">
<created>Tue Jun 08 13:31:37 EDT 2010</created>
<edited>Tue Jun 08 13:31:37 EDT 2010</edited>
<value><point x="11316" y="18890"/></value>
<metadata author="">

</metadata>
</contour>
<contour name="Process 135" class="PointContour" color="#c313ff" visible="true">
<created>Wed Jun 09 13:17:38 EDT 2010</created>
<edited>Wed Jun 09 13:17:38 EDT 2010</edited>
<value><point x="12224" y="18496"/></value>
<metadata author="">

</metadata>
</contour>
<contour name="Process 4" class="PointContour" color="#fff812" visible="true">
<created>Wed Jun 02 16:26:59 EDT 2010</created>
<edited>Wed Jun 02 16:26:59 EDT 2010</edited>
<value><point x="11454" y="18084"/></value>
<metadata author="">

</metadata>
</contour>
<contour name="Process 135" class="PointContour" color="#c313ff" visible="true">
<created>Wed Jun 09 13:17:38 EDT 2010</created>
<edited>Wed Jun 09 13:17:38 EDT 2010</edited>
<value><point x="12524" y="18620"/></value>
<metadata author="">

</metadata>
</contour>
<contour name="Process 120" class="PointContour" color="#06ffad" visible="true">
<created>Tue Jun 08 17:15:25 EDT 2010</created>
<edited>Tue Jun 08 17:15:25 EDT 2010</edited>
<value><point x="11938" y="17758"/></value>
<metadata author="">

</metadata>
</contour>
<contour name="Process 28" class="PointContour" color="#d1a73a" visible="true">
<created>Thu Jun 03 11:20:01 EDT 2010</created>
<edited>Thu Jun 03 11:20:01 EDT 2010</edited>
<value><point x="12770" y="19088"/></value>
<metadata author="">

</metadata>
</contour>
<contour name="Process 28" class="PointContour" color="#d1a73a" visible="true">
<created>Thu Jun 03 11:20:01 EDT 2010</created>
<edited>Thu Jun 03 11:20:01 EDT 2010</edited>
<value><point x="11862" y="18810"/></value>
<metadata author="">

</metadata>
</contour>
<contour name="Process 135" class="PointContour" color="#c313ff" visible="true">
<created>Wed Jun 09 13:17:38 EDT 2010</created>
<edited>Wed Jun 09 13:17:38 EDT 2010</edited>
<value><point x="12356" y="18550"/></value>
<metadata author="">

</metadata>
</contour>
<contour name="Process 28" class="PointContour" color="#d1a73a" visible="true">
<created>Thu Jun 03 11:20:01 EDT 2010</created>
<edited>Thu Jun 03 11:20:01 EDT 2010</edited>
<value><point x="12288" y="18940"/></value>
<metadata author="">

</metadata>
</contour>
<contour name="Process 183" class="PointContour" color="#e166ff" visible="true">
<created>Thu Jun 10 12:41:17 EDT 2010</created>
<edited>Thu Jun 10 12:41:17 EDT 2010</edited>
<value><point x="12222" y="18392"/></value>
<metadata author="">

</metadata>
</contour>
<contour name="Process 2" class="PointContour" color="#ff5107" visible="true">
<created>Wed Jun 02 16:08:45 EDT 2010</created>
<edited>Wed Jun 02 16:08:45 EDT 2010</edited>
<value><point x="11886" y="18544"/></value>
<metadata author="">

</metadata>
</contour>
<contour name="Process 28" class="PointContour" color="#d1a73a" visible="true">
<created>Thu Jun 03 11:20:01 EDT 2010</created>
<edited>Thu Jun 03 11:20:01 EDT 2010</edited>
<value><point x="12654" y="19052"/></value>
<metadata author="">

</metadata>
</contour>
<contour name="Process 135" class="PointContour" color="#c313ff" visible="true">
<created>Wed Jun 09 13:17:38 EDT 2010</created>
<edited>Wed Jun 09 13:17:38 EDT 2010</edited>
<value><point x="12206" y="18488"/></value>
<metadata author="">

</metadata>
</contour>
<contour name="Process 53" class="PointContour" color="#d507ff" visible="true">
<created>Mon Jun 07 17:22:12 EDT 2010</created>
<edited>Mon Jun 07 17:22:12 EDT 2010</edited>
<value><point x="12680" y="18060"/></value>
<metadata author="">

</metadata>
</contour>
<contour name="Process 188" class="PointContour" color="#c5ffa4" visible="true">
<created>Thu Jun 10 12:28:26 EDT 2010</created>
<edited>Thu Jun 10 12:28:26 EDT 2010</edited>
<value><point x="10982" y="18644"/></value>
<metadata author="">

</metadata>
</contour>
<contour name="Process 135" class="PointContour" color="#c313ff" visible="true">
<created>Wed Jun 09 13:17:38 EDT 2010</created>
<edited>Wed Jun 09 13:17:38 EDT 2010</edited>
<value><point x="12598" y="18650"/></value>
<metadata author="">

</metadata>
</contour>
<contour name="Process 135" class="PointContour" color="#c313ff" visible="true">
<created>Wed Jun 09 13:16:34 EDT 2010</created>
<edited>Wed Jun 09 13:16:34 EDT 2010</edited>
<value><point x="12352" y="18558"/></value>
<metadata author="">

</metadata>
</contour>
<contour name="Process 28" class="PointContour" color="#d1a73a" visible="true">
<created>Thu Jun 03 11:20:01 EDT 2010</created>
<edited>Thu Jun 03 11:20:01 EDT 2010</edited>
<value><point x="12326" y="18952"/></value>
<metadata author="">

</metadata>
</contour>
<contour name="Process 28" class="PointContour" color="#d1a73a" visible="true">
<created>Thu Jun 03 11:20:01 EDT 2010</created>
<edited>Thu Jun 03 11:20:01 EDT 2010</edited>
<value><point x="11514" y="18702"/></value>
<metadata author="">

</metadata>
</contour>
<contour name="Process 28" class="PointContour" color="#d1a73a" visible="true">
<created>Thu Jun 03 11:20:01 EDT 2010</created>
<edited>Thu Jun 03 11:20:01 EDT 2010</edited>
<value><point x="11496" y="18698"/></value>
<metadata author="">

</metadata>
</contour>
<contour name="Process 66" class="PointContour" color="#bcff07" visible="true">
<created>Mon Jun 07 17:37:48 EDT 2010</created>
<edited>Mon Jun 07 17:37:48 EDT 2010</edited>
<value><point x="12224" y="18206"/></value>
<metadata author="">

</metadata>
</contour>
<contour name="Process 112" class="PointContour" color="#ffd72d" visible="true">
<created>Tue Jun 08 16:57:07 EDT 2010</created>
<edited>Tue Jun 08 16:57:07 EDT 2010</edited>
<value><point x="11794" y="17830"/></value>
<metadata author="">

</metadata>
</contour>
<contour name="Process 179" class="PointContour" color="#87acff" visible="true">
<created>Thu Jun 10 10:30:35 EDT 2010</created>
<edited>Thu Jun 10 10:30:35 EDT 2010</edited>
<value><point x="11922" y="19270"/></value>
<metadata author="">

</metadata>
</contour>
<contour name="Process 135" class="PointContour" color="#c313ff" visible="true">
<created>Wed Jun 09 13:17:38 EDT 2010</created>
<edited>Wed Jun 09 13:17:38 EDT 2010</edited>
<value><point x="12262" y="18510"/></value>
<metadata author="">

</metadata>
</contour>
<contour name="Process 39" class="PointContour" color="#a4f7f2" visible="true">
<created>Mon Jun 07 16:44:09 EDT 2010</created>
<edited>Mon Jun 07 16:44:09 EDT 2010</edited>
<value><point x="12056" y="17546"/></value>
<metadata author="">

</metadata>
</contour>
<contour name="Process 114" class="PointContour" color="#cbff04" visible="true">
<created>Tue Jun 08 17:01:42 EDT 2010</created>
<edited>Tue Jun 08 17:01:42 EDT 2010</edited>
<value><point x="12238" y="18272"/></value>
<metadata author="">

</metadata>
</contour>
<contour name="Process 28" class="PointContour" color="#d1a73a" visible="true">
<created>Thu Jun 03 11:20:01 EDT 2010</created>
<edited>Thu Jun 03 11:20:01 EDT 2010</edited>
<value><point x="12694" y="19064"/></value>
<metadata author="">

</metadata>
</contour>
<contour name="Process 29" class="PointContour" color="#7aff76" visible="true">
<created>Thu Jun 10 13:21:23 EDT 2010</created>
<edited>Thu Jun 10 13:21:23 EDT 2010</edited>
<value><point x="12506" y="18050"/></value>
<metadata author="">

</metadata>
</contour>
<contour name="Process 261" class="PointContour" color="#f68e0d" visible="true">
<created>Fri Jun 11 13:07:27 EDT 2010</created>
<edited>Fri Jun 11 13:07:27 EDT 2010</edited>
<value><point x="11194" y="19330"/></value>
<metadata author="">

</metadata>
</contour>
<contour name="Process 28" class="PointContour" color="#d1a73a" visible="true">
<created>Thu Jun 03 11:20:01 EDT 2010</created>
<edited>Thu Jun 03 11:20:01 EDT 2010</edited>
<value><point x="12074" y="18874"/></value>
<metadata author="">

</metadata>
</contour>
<contour name="Process 28" class="PointContour" color="#d1a73a" visible="true">
<created>Thu Jun 03 11:20:01 EDT 2010</created>
<edited>Thu Jun 03 11:20:01 EDT 2010</edited>
<value><point x="12056" y="18868"/></value>
<metadata author="">

</metadata>
</contour>
<contour name="Process 85" class="PointContour" color="#ff067f" visible="true">
<created>Tue Jun 08 13:20:14 EDT 2010</created>
<edited>Tue Jun 08 13:20:14 EDT 2010</edited>
<value><point x="12206" y="18616"/></value>
<metadata author="">

</metadata>
</contour>
<contour name="Process 175" class="PointContour" color="#3fcfff" visible="true">
<created>Wed Jun 09 17:16:09 EDT 2010</created>
<edited>Wed Jun 09 17:16:09 EDT 2010</edited>
<value><point x="11902" y="19346"/></value>
<metadata author="">

</metadata>
</contour>
<contour name="Process 153" class="PointContour" color="#f3ff8b" visible="true">
<created>Thu Jun 10 10:37:36 EDT 2010</created>
<edited>Thu Jun 10 10:37:36 EDT 2010</edited>
<value><point x="11762" y="18622"/></value>
<metadata author="">

</metadata>
</contour>
<contour name="Process 135" class="PointContour" color="#c313ff" visible="true">
<created>Wed Jun 09 13:17:38 EDT 2010</created>
<edited>Wed Jun 09 13:17:38 EDT 2010</edited>
<value><point x="12674" y="18682"/></value>
<metadata author="">

</metadata>
</contour>
<contour name="Process 139" class="PointContour" color="#ff6e25" visible="true">
<created>Wed Jun 09 14:56:09 EDT 2010</created>
<edited>Wed Jun 09 14:56:09 EDT 2010</edited>
<value><point x="12046" y="19234"/></value>
<metadata author="">

</metadata>
</contour>
<contour name="Process 114" class="PointContour" color="#cbff04" visible="true">
<created>Tue Jun 08 17:01:15 EDT 2010</created>
<edited>Tue Jun 08 17:01:15 EDT 2010</edited>
<value><point x="12508" y="18292"/></value>
<metadata author="">

</metadata>
</contour>
<contour name="Process 85" class="PointContour" color="#ff067f" visible="true">
<created>Tue Jun 08 13:24:35 EDT 2010</created>
<edited>Tue Jun 08 13:24:35 EDT 2010</edited>
<value><point x="12974" y="18304"/></value>
<metadata author="">

</metadata>
</contour>
<contour name="Process 7" class="PointContour" color="#10fffb" visible="true">
<created>Wed Jun 02 16:52:01 EDT 2010</created>
<edited>Wed Jun 02 16:52:01 EDT 2010</edited>
<value><point x="11906" y="19436"/></value>
<metadata author="">

</metadata>
</contour>
<contour name="Process 189" class="PointContour" color="#ffadba" visible="true">
<created>Thu Jun 10 12:32:27 EDT 2010</created>
<edited>Thu Jun 10 12:32:27 EDT 2010</edited>
<value><point x="11584" y="19038"/></value>
<metadata author="">

</metadata>
</contour>
<contour name="Process 29" class="PointContour" color="#7aff76" visible="true">
<created>Mon Jun 07 16:14:36 EDT 2010</created>
<edited>Mon Jun 07 16:14:36 EDT 2010</edited>
<value><point x="11678" y="18190"/></value>
<metadata author="">

</metadata>
</contour>
<contour name="Process 28" class="PointContour" color="#d1a73a" visible="true">
<created>Thu Jun 03 11:20:01 EDT 2010</created>
<edited>Thu Jun 03 11:20:01 EDT 2010</edited>
<value><point x="12480" y="18998"/></value>
<metadata author="">

</metadata>
</contour>
<contour name="Process 135" class="PointContour" color="#c313ff" visible="true">
<created>Wed Jun 09 13:17:38 EDT 2010</created>
<edited>Wed Jun 09 13:17:38 EDT 2010</edited>
<value><point x="12188" y="18480"/></value>
<metadata author="">

</metadata>
</contour>
<contour name="Process 130" class="PointContour" color="#0bff5b" visible="true">
<created>Fri Jun 11 11:27:42 EDT 2010</created>
<edited>Fri Jun 11 11:27:42 EDT 2010</edited>
<value><point x="11832" y="18422"/></value>
<metadata author="">

</metadata>
</contour>
<contour name="Process 29" class="PointContour" color="#7aff76" visible="true">
<created>Mon Jun 07 16:13:13 EDT 2010</created>
<edited>Mon Jun 07 16:13:13 EDT 2010</edited>
<value><point x="12054" y="17876"/></value>
<metadata author="">

</metadata>
</contour>
<contour name="Process 221" class="PointContour" color="#ff38d2" visible="true">
<created>Thu Jun 10 17:23:33 EDT 2010</created>
<edited>Thu Jun 10 17:23:33 EDT 2010</edited>
<value><point x="12008" y="17752"/></value>
<metadata author="">

</metadata>
</contour>
<contour name="Process 28" class="PointContour" color="#d1a73a" visible="true">
<created>Thu Jun 03 11:20:01 EDT 2010</created>
<edited>Thu Jun 03 11:20:01 EDT 2010</edited>
<value><point x="12578" y="19028"/></value>
<metadata author="">

</metadata>
</contour>
<contour name="Process 28" class="PointContour" color="#d1a73a" visible="true">
<created>Thu Jun 03 11:20:01 EDT 2010</created>
<edited>Thu Jun 03 11:20:01 EDT 2010</edited>
<value><point x="12462" y="18992"/></value>
<metadata author="">

</metadata>
</contour>
<contour name="Process 196" class="PointContour" color="#ff63b3" visible="true">
<created>Thu Jun 10 12:49:21 EDT 2010</created>
<edited>Thu Jun 10 12:49:21 EDT 2010</edited>
<value><point x="11234" y="18912"/></value>
<metadata author="">

</metadata>
</contour>
<contour name="Process 135" class="PointContour" color="#c313ff" visible="true">
<created>Wed Jun 09 13:17:38 EDT 2010</created>
<edited>Wed Jun 09 13:17:38 EDT 2010</edited>
<value><point x="12654" y="18674"/></value>
<metadata author="">

</metadata>
</contour>
<contour name="Process 38" class="PointContour" color="#f7edc9" visible="true">
<created>Mon Jun 07 16:42:14 EDT 2010</created>
<edited>Mon Jun 07 16:42:14 EDT 2010</edited>
<value><point x="12070" y="18106"/></value>
<metadata author="">

</metadata>
</contour>
<contour name="Process 135" class="PointContour" color="#c313ff" visible="true">
<created>Wed Jun 09 13:17:38 EDT 2010</created>
<edited>Wed Jun 09 13:17:38 EDT 2010</edited>
<value><point x="12486" y="18604"/></value>
<metadata author="">

</metadata>
</contour>
<contour name="Process 5" class="PointContour" color="#c2ff00" visible="true">
<created>Wed Jun 02 16:32:48 EDT 2010</created>
<edited>Wed Jun 02 16:32:48 EDT 2010</edited>
<value><point x="11820" y="18224"/></value>
<metadata author="">

</metadata>
</contour>
<contour name="Process 149" class="PointContour" color="#ffada8" visible="true">
<created>Wed Jun 09 15:20:18 EDT 2010</created>
<edited>Wed Jun 09 15:20:18 EDT 2010</edited>
<value><point x="12140" y="18166"/></value>
<metadata author="">

</metadata>
</contour>
<contour name="Process 28" class="PointContour" color="#d1a73a" visible="true">
<created>Thu Jun 03 11:20:01 EDT 2010</created>
<edited>Thu Jun 03 11:20:01 EDT 2010</edited>
<value><point x="11668" y="18750"/></value>
<metadata author="">

</metadata>
</contour>
<contour name="Process 28" class="PointContour" color="#d1a73a" visible="true">
<created>Thu Jun 03 11:27:41 EDT 2010</created>
<edited>Thu Jun 03 11:27:41 EDT 2010</edited>
<value><point x="11598" y="18346"/></value>
<metadata author="">

</metadata>
</contour>
<contour name="Process 28" class="PointContour" color="#d1a73a" visible="true">
<created>Thu Jun 03 11:20:01 EDT 2010</created>
<edited>Thu Jun 03 11:20:01 EDT 2010</edited>
<value><point x="11882" y="18816"/></value>
<metadata author="">

</metadata>
</contour>
<contour name="Process 250" class="PointContour" color="#925b27" visible="true">
<created>Fri Jun 11 12:27:41 EDT 2010</created>
<edited>Fri Jun 11 12:27:41 EDT 2010</edited>
<value><point x="11306" y="17822"/></value>
<metadata author="">

</metadata>
</contour>
<contour name="Process 28" class="PointContour" color="#d1a73a" visible="true">
<created>Thu Jun 03 11:20:01 EDT 2010</created>
<edited>Thu Jun 03 11:20:01 EDT 2010</edited>
<value><point x="12346" y="18958"/></value>
<metadata author="">

</metadata>
</contour>
<contour name="Process 137" class="PointContour" color="#32ff05" visible="true">
<created>Wed Jun 09 14:49:28 EDT 2010</created>
<edited>Wed Jun 09 14:49:28 EDT 2010</edited>
<value><point x="12008" y="19424"/></value>
<metadata author="">

</metadata>
</contour>
<contour name="Process 135" class="PointContour" color="#c313ff" visible="true">
<created>Wed Jun 09 13:17:38 EDT 2010</created>
<edited>Wed Jun 09 13:17:38 EDT 2010</edited>
<value><point x="11944" y="18378"/></value>
<metadata author="">

</metadata>
</contour>
<contour name="Process 46" class="PointContour" color="#9372cc" visible="true">
<created>Mon Jun 07 16:57:07 EDT 2010</created>
<edited>Mon Jun 07 16:57:07 EDT 2010</edited>
<value><point x="12036" y="17806"/></value>
<metadata author="">

</metadata>
</contour>
<contour name="Process 135" class="PointContour" color="#c313ff" visible="true">
<created>Wed Jun 09 13:17:38 EDT 2010</created>
<edited>Wed Jun 09 13:17:38 EDT 2010</edited>
<value><point x="12618" y="18658"/></value>
<metadata author="">

</metadata>
</contour>
<contour name="Process 198" class="PointContour" color="#d480ff" visible="true">
<created>Thu Jun 10 12:52:49 EDT 2010</created>
<edited>Thu Jun 10 12:52:49 EDT 2010</edited>
<value><point x="12828" y="17800"/></value>
<metadata author="">

</metadata>
</contour>
<contour name="Process 9" class="PointContour" color="#ab0bff" visible="true">
<created>Wed Jun 02 17:09:08 EDT 2010</created>
<edited>Wed Jun 02 17:09:08 EDT 2010</edited>
<value><point x="11250" y="18350"/></value>
<metadata author="">

</metadata>
</contour>
<contour name="Process 28" class="PointContour" color="#d1a73a" visible="true">
<created>Thu Jun 03 11:20:01 EDT 2010</created>
<edited>Thu Jun 03 11:20:01 EDT 2010</edited>
<value><point x="12210" y="18916"/></value>
<metadata author="">

</metadata>
</contour>
<contour name="Process 237" class="PointContour" color="#62a80d" visible="true">
<created>Fri Jun 11 11:22:29 EDT 2010</created>
<edited>Fri Jun 11 11:22:29 EDT 2010</edited>
<value><point x="12064" y="17704"/></value>
<metadata author="">

</metadata>
</contour>
<contour name="Process 218" class="PointContour" color="#d0ff2e" visible="true">
<created>Thu Jun 10 15:00:29 EDT 2010</created>
<edited>Thu Jun 10 15:00:29 EDT 2010</edited>
<value><point x="12750" y="18290"/></value>
<metadata author="">

</metadata>
</contour>
<contour name="Process 153" class="PointContour" color="#f3ff8b" visible="true">
<created>Wed Jun 09 15:27:30 EDT 2010</created>
<edited>Wed Jun 09 15:27:30 EDT 2010</edited>
<value><point x="12846" y="17484"/></value>
<metadata author="">

</metadata>
</contour>
<contour name="Process 28" class="PointContour" color="#d1a73a" visible="true">
<created>Thu Jun 03 11:20:01 EDT 2010</created>
<edited>Thu Jun 03 11:20:01 EDT 2010</edited>
<value><point x="12616" y="19040"/></value>
<metadata author="">

</metadata>
</contour>
<contour name="Process 28" class="PointContour" color="#d1a73a" visible="true">
<created>Thu Jun 03 11:20:01 EDT 2010</created>
<edited>Thu Jun 03 11:20:01 EDT 2010</edited>
<value><point x="11746" y="18774"/></value>
<metadata author="">

</metadata>
</contour>
<contour name="Process 256" class="PointContour" color="#df60ef" visible="true">
<created>Fri Jun 11 13:02:14 EDT 2010</created>
<edited>Fri Jun 11 13:02:14 EDT 2010</edited>
<value><point x="12202" y="18034"/></value>
<metadata author="">

</metadata>
</contour>
<contour name="Process 49" class="PointContour" color="#4053cc" visible="true">
<created>Mon Jun 07 17:01:30 EDT 2010</created>
<edited>Mon Jun 07 17:01:30 EDT 2010</edited>
<value><point x="11982" y="17816"/></value>
<metadata author="">

</metadata>
</contour>
<contour name="Process 184" class="PointContour" color="#e5ff1d" visible="true">
<created>Thu Jun 10 12:23:46 EDT 2010</created>
<edited>Thu Jun 10 12:23:46 EDT 2010</edited>
<value><point x="11306" y="18988"/></value>
<metadata author="">

</metadata>
</contour>
<contour name="Process 135" class="PointContour" color="#c313ff" visible="true">
<created>Wed Jun 09 13:17:38 EDT 2010</created>
<edited>Wed Jun 09 13:17:38 EDT 2010</edited>
<value><point x="12300" y="18526"/></value>
<metadata author="">

</metadata>
</contour>
<contour name="Process 26" class="PointContour" color="#c21ebd" visible="true">
<created>Thu Jun 03 10:33:50 EDT 2010</created>
<edited>Thu Jun 03 10:33:50 EDT 2010</edited>
<value><point x="12472" y="18320"/></value>
<metadata author="">

</metadata>
</contour>
<contour name="Process 28" class="PointContour" color="#d1a73a" visible="true">
<created>Thu Jun 03 11:20:01 EDT 2010</created>
<edited>Thu Jun 03 11:20:01 EDT 2010</edited>
<value><point x="11688" y="18756"/></value>
<metadata author="">

</metadata>
</contour>
<contour name="Process 104" class="PointContour" color="#df03ff" visible="true">
<created>Tue Jun 08 16:09:21 EDT 2010</created>
<edited>Tue Jun 08 16:09:21 EDT 2010</edited>
<value><point x="11390" y="17628"/></value>
<metadata author="">

</metadata>
</contour>
<contour name="Process 28" class="PointContour" color="#d1a73a" visible="true">
<created>Thu Jun 03 11:20:01 EDT 2010</created>
<edited>Thu Jun 03 11:20:01 EDT 2010</edited>
<value><point x="12712" y="19070"/></value>
<metadata author="">

</metadata>
</contour>
<contour name="Process 10" class="PointContour" color="#ff17f0" visible="true">
<created>Wed Jun 02 17:11:12 EDT 2010</created>
<edited>Wed Jun 02 17:11:12 EDT 2010</edited>
<value><point x="11824" y="18006"/></value>
<metadata author="">

</metadata>
</contour>
<contour name="Process 135" class="PointContour" color="#c313ff" visible="true">
<created>Wed Jun 09 13:17:38 EDT 2010</created>
<edited>Wed Jun 09 13:17:38 EDT 2010</edited>
<value><point x="12244" y="18502"/></value>
<metadata author="">

</metadata>
</contour>
<contour name="Process 44" class="PointContour" color="#ddf72a" visible="true">
<created>Mon Jun 07 16:53:19 EDT 2010</created>
<edited>Mon Jun 07 16:53:19 EDT 2010</edited>
<value><point x="11988" y="17714"/></value>
<metadata author="">

</metadata>
</contour>
<contour name="Process 82" class="PointContour" color="#cc05ff" visible="true">
<created>Fri Jun 11 11:16:57 EDT 2010</created>
<edited>Fri Jun 11 11:16:57 EDT 2010</edited>
<value><point x="11878" y="19376"/></value>
<metadata author="">

</metadata>
</contour>
<contour name="Process 224" class="PointContour" color="#d8f3f1" visible="true">
<created>Fri Jun 11 11:12:50 EDT 2010</created>
<edited>Fri Jun 11 11:12:50 EDT 2010</edited>
<value><point x="12406" y="19338"/></value>
<metadata author="">

</metadata>
</contour>
<contour name="Process 28" class="PointContour" color="#d1a73a" visible="true">
<created>Thu Jun 03 11:20:01 EDT 2010</created>
<edited>Thu Jun 03 11:20:01 EDT 2010</edited>
<value><point x="11572" y="18720"/></value>
<metadata author="">

</metadata>
</contour>
<contour name="Process 232" class="PointContour" color="#1a995e" visible="true">
<created>Fri Jun 11 11:19:18 EDT 2010</created>
<edited>Fri Jun 11 11:19:18 EDT 2010</edited>
<value><point x="11580" y="19380"/></value>
<metadata author="">

</metadata>
</contour>
<contour name="Process 187" class="PointContour" color="#afd2ff" visible="true">
<created>Thu Jun 10 12:27:51 EDT 2010</created>
<edited>Thu Jun 10 12:27:51 EDT 2010</edited>
<value><point x="11188" y="18956"/></value>
<metadata author="">

</metadata>
</contour>
<contour name="Process 264" class="PointContour" color="#df3e16" visible="true">
<created>Fri Jun 11 13:14:14 EDT 2010</created>
<edited>Fri Jun 11 13:14:14 EDT 2010</edited>
<value><point x="12654" y="17636"/></value>
<metadata author="">

</metadata>
</contour>
<contour name="Process 72" class="PointContour" color="#ffcd08" visible="true">
<created>Tue Jun 08 12:18:22 EDT 2010</created>
<edited>Tue Jun 08 12:18:22 EDT 2010</edited>
<value><point x="12904" y="18362"/></value>
<metadata author="">

</metadata>
</contour>
<contour name="Trail 3" class="PointContour" color="#ffa20c" visible="true">
<created>Wed Jun 09 15:39:07 EDT 2010</created>
<edited>Wed Jun 09 15:39:07 EDT 2010</edited>
<value><point x="11734" y="19338"/></value>
<metadata author="">

</metadata>
</contour>
<contour name="Process 28" class="PointContour" color="#d1a73a" visible="true">
<created>Thu Jun 03 11:20:01 EDT 2010</created>
<edited>Thu Jun 03 11:20:01 EDT 2010</edited>
<value><point x="12500" y="19004"/></value>
<metadata author="">

</metadata>
</contour>
<contour name="Trail 3" class="PointContour" color="#ffa20c" visible="true">
<created>Wed Jun 02 16:25:41 EDT 2010</created>
<edited>Wed Jun 02 16:25:41 EDT 2010</edited>
<value><point x="12228" y="18628"/></value>
<metadata author="">

</metadata>
</contour>
<contour name="Process 28" class="PointContour" color="#d1a73a" visible="true">
<created>Thu Jun 03 11:20:01 EDT 2010</created>
<edited>Thu Jun 03 11:20:01 EDT 2010</edited>
<value><point x="12248" y="18928"/></value>
<metadata author="">

</metadata>
</contour>
<contour name="Process 29" class="PointContour" color="#7aff76" visible="true">
<created>Mon Jun 07 16:09:33 EDT 2010</created>
<edited>Mon Jun 07 16:09:33 EDT 2010</edited>
<value><point x="12222" y="17560"/></value>
<metadata author="">

</metadata>
</contour>
<contour name="Process 28" class="PointContour" color="#d1a73a" visible="true">
<created>Thu Jun 03 11:20:01 EDT 2010</created>
<edited>Thu Jun 03 11:20:01 EDT 2010</edited>
<value><point x="12848" y="19112"/></value>
<metadata author="">

</metadata>
</contour>
<contour name="Process 85" class="PointContour" color="#ff067f" visible="true">
<created>Tue Jun 08 13:17:59 EDT 2010</created>
<edited>Tue Jun 08 13:17:59 EDT 2010</edited>
<value><point x="11552" y="19164"/></value>
<metadata author="">

</metadata>
</contour>
<contour name="Process 28" class="PointContour" color="#d1a73a" visible="true">
<created>Thu Jun 03 11:20:01 EDT 2010</created>
<edited>Thu Jun 03 11:20:01 EDT 2010</edited>
<value><point x="12268" y="18934"/></value>
<metadata author="">

</metadata>
</contour>
<contour name="Process 28" class="PointContour" color="#d1a73a" visible="true">
<created>Thu Jun 03 11:20:01 EDT 2010</created>
<edited>Thu Jun 03 11:20:01 EDT 2010</edited>
<value><point x="12828" y="19106"/></value>
<metadata author="">

</metadata>
</contour>
<contour name="Process 28" class="PointContour" color="#d1a73a" visible="true">
<created>Thu Jun 03 11:20:01 EDT 2010</created>
<edited>Thu Jun 03 11:20:01 EDT 2010</edited>
<value><point x="12132" y="18892"/></value>
<metadata author="">

</metadata>
</contour>
<contour name="Process 28" class="PointContour" color="#d1a73a" visible="true">
<created>Thu Jun 03 11:20:01 EDT 2010</created>
<edited>Thu Jun 03 11:20:01 EDT 2010</edited>
<value><point x="11784" y="18786"/></value>
<metadata author="">

</metadata>
</contour>
<contour name="Process 169" class="PointContour" color="#e3ff10" visible="true">
<created>Wed Jun 09 16:31:49 EDT 2010</created>
<edited>Wed Jun 09 16:31:49 EDT 2010</edited>
<value><point x="12332" y="18676"/></value>
<metadata author="">

</metadata>
</contour>
<contour name="Process 135" class="PointContour" color="#c313ff" visible="true">
<created>Wed Jun 09 13:17:38 EDT 2010</created>
<edited>Wed Jun 09 13:17:38 EDT 2010</edited>
<value><point x="12468" y="18596"/></value>
<metadata author="">

</metadata>
</contour>
<contour name="Process 41" class="PointContour" color="#b2aff7" visible="true">
<created>Mon Jun 07 16:48:43 EDT 2010</created>
<edited>Mon Jun 07 16:48:43 EDT 2010</edited>
<value><point x="12962" y="17488"/></value>
<metadata author="">

</metadata>
</contour>
<contour name="Process 28" class="PointContour" color="#d1a73a" visible="true">
<created>Thu Jun 03 11:20:01 EDT 2010</created>
<edited>Thu Jun 03 11:20:01 EDT 2010</edited>
<value><point x="11940" y="18834"/></value>
<metadata author="">

</metadata>
</contour>
<contour name="Process 28" class="PointContour" color="#d1a73a" visible="true">
<created>Thu Jun 03 11:20:01 EDT 2010</created>
<edited>Thu Jun 03 11:20:01 EDT 2010</edited>
<value><point x="12016" y="18856"/></value>
<metadata author="">

</metadata>
</contour>
<contour name="Process 135" class="PointContour" color="#c313ff" visible="true">
<created>Wed Jun 09 13:17:38 EDT 2010</created>
<edited>Wed Jun 09 13:17:38 EDT 2010</edited>
<value><point x="12280" y="18518"/></value>
<metadata author="">

</metadata>
</contour>
<contour name="Process 28" class="PointContour" color="#d1a73a" visible="true">
<created>Thu Jun 03 11:20:01 EDT 2010</created>
<edited>Thu Jun 03 11:20:01 EDT 2010</edited>
<value><point x="12636" y="19046"/></value>
<metadata author="">

</metadata>
</contour>
<contour name="Process 172" class="PointContour" color="#ffbd63" visible="true">
<created>Wed Jun 09 17:02:36 EDT 2010</created>
<edited>Wed Jun 09 17:02:36 EDT 2010</edited>
<value><point x="12632" y="19458"/></value>
<metadata author="">

</metadata>
</contour>
<contour name="Process 28" class="PointContour" color="#d1a73a" visible="true">
<created>Thu Jun 03 11:20:01 EDT 2010</created>
<edited>Thu Jun 03 11:20:01 EDT 2010</edited>
<value><point x="12172" y="18904"/></value>
<metadata author="">

</metadata>
</contour>
<contour name="Process 160" class="PointContour" color="#5ecaff" visible="true">
<created>Wed Jun 09 16:04:01 EDT 2010</created>
<edited>Wed Jun 09 16:04:01 EDT 2010</edited>
<value><point x="12368" y="18316"/></value>
<metadata author="">

</metadata>
</contour>
<contour name="Process 135" class="PointContour" color="#c313ff" visible="true">
<created>Wed Jun 09 13:17:38 EDT 2010</created>
<edited>Wed Jun 09 13:17:38 EDT 2010</edited>
<value><point x="12506" y="18612"/></value>
<metadata author="">

</metadata>
</contour>
<contour name="Process 51" class="PointContour" color="#8906ff" visible="true">
<created>Mon Jun 07 17:19:21 EDT 2010</created>
<edited>Mon Jun 07 17:19:21 EDT 2010</edited>
<value><point x="12244" y="18094"/></value>
<metadata author="">

</metadata>
</contour>
<contour name="Process 59" class="PointContour" color="#ff0340" visible="true">
<created>Mon Jun 07 17:29:35 EDT 2010</created>
<edited>Mon Jun 07 17:29:35 EDT 2010</edited>
<value><point x="12918" y="18748"/></value>
<metadata author="">

</metadata>
</contour>
<contour name="Process 105" class="PointContour" color="#ff0be6" visible="true">
<created>Tue Jun 08 16:16:23 EDT 2010</created>
<edited>Tue Jun 08 16:16:23 EDT 2010</edited>
<value><point x="11216" y="18682"/></value>
<metadata author="">

</metadata>
</contour>
<contour name="Process 199" class="PointContour" color="#abff17" visible="true">
<created>Thu Jun 10 12:53:43 EDT 2010</created>
<edited>Thu Jun 10 12:53:43 EDT 2010</edited>
<value><point x="12776" y="17770"/></value>
<metadata author="">

</metadata>
</contour>
<contour name="Process 28" class="PointContour" color="#d1a73a" visible="true">
<created>Thu Jun 03 11:20:01 EDT 2010</created>
<edited>Thu Jun 03 11:20:01 EDT 2010</edited>
<value><point x="11842" y="18804"/></value>
<metadata author="">

</metadata>
</contour>
<contour name="Process 135" class="PointContour" color="#c313ff" visible="true">
<created>Wed Jun 09 13:17:38 EDT 2010</created>
<edited>Wed Jun 09 13:17:38 EDT 2010</edited>
<value><point x="12636" y="18666"/></value>
<metadata author="">

</metadata>
</contour>
<contour name="Process 135" class="PointContour" color="#c313ff" visible="true">
<created>Wed Jun 09 13:17:38 EDT 2010</created>
<edited>Wed Jun 09 13:17:38 EDT 2010</edited>
<value><point x="12318" y="18534"/></value>
<metadata author="">

</metadata>
</contour>
<contour name="Process 180" class="PointContour" color="#cd67ff" visible="true">
<created>Thu Jun 10 10:32:18 EDT 2010</created>
<edited>Thu Jun 10 10:32:18 EDT 2010</edited>
<value><point x="11512" y="19434"/></value>
<metadata author="">

</metadata>
</contour>
<contour name="Process 135" class="PointContour" color="#c313ff" visible="true">
<created>Wed Jun 09 13:17:38 EDT 2010</created>
<edited>Wed Jun 09 13:17:38 EDT 2010</edited>
<value><point x="12056" y="18426"/></value>
<metadata author="">

</metadata>
</contour>
<contour name="Process 135" class="PointContour" color="#c313ff" visible="true">
<created>Wed Jun 09 13:17:38 EDT 2010</created>
<edited>Wed Jun 09 13:17:38 EDT 2010</edited>
<value><point x="12562" y="18634"/></value>
<metadata author="">

</metadata>
</contour>
<contour name="Process 186" class="PointContour" color="#ff431a" visible="true">
<created>Thu Jun 10 12:26:53 EDT 2010</created>
<edited>Thu Jun 10 12:26:53 EDT 2010</edited>
<value><point x="11288" y="18674"/></value>
<metadata author="">

</metadata>
</contour>
<contour name="Process 200" class="PointContour" color="#8e1fff" visible="true">
<created>Thu Jun 10 13:02:04 EDT 2010</created>
<edited>Thu Jun 10 13:02:04 EDT 2010</edited>
<value><point x="11254" y="18782"/></value>
<metadata author="">

</metadata>
</contour>
<contour name="Process 28" class="PointContour" color="#d1a73a" visible="true">
<created>Thu Jun 03 11:20:01 EDT 2010</created>
<edited>Thu Jun 03 11:20:01 EDT 2010</edited>
<value><point x="12810" y="19100"/></value>
<metadata author="">

</metadata>
</contour>
<contour name="Process 200" class="PointContour" color="#8e1fff" visible="true">
<created>Thu Jun 10 13:06:51 EDT 2010</created>
<edited>Thu Jun 10 13:06:51 EDT 2010</edited>
<value><point x="11648" y="18222"/></value>
<metadata author="">

</metadata>
</contour>
<contour name="Process 135" class="PointContour" color="#c313ff" visible="true">
<created>Wed Jun 09 13:17:38 EDT 2010</created>
<edited>Wed Jun 09 13:17:38 EDT 2010</edited>
<value><point x="12038" y="18418"/></value>
<metadata author="">

</metadata>
</contour>
<contour name="Process 28" class="PointContour" color="#d1a73a" visible="true">
<created>Thu Jun 03 11:20:01 EDT 2010</created>
<edited>Thu Jun 03 11:20:01 EDT 2010</edited>
<value><point x="12442" y="18986"/></value>
<metadata author="">

</metadata>
</contour>
<contour name="Process 135" class="PointContour" color="#c313ff" visible="true">
<created>Wed Jun 09 13:17:38 EDT 2010</created>
<edited>Wed Jun 09 13:17:38 EDT 2010</edited>
<value><point x="12150" y="18464"/></value>
<metadata author="">

</metadata>
</contour>
<contour name="Process 135" class="PointContour" color="#c313ff" visible="true">
<created>Wed Jun 09 13:17:38 EDT 2010</created>
<edited>Wed Jun 09 13:17:38 EDT 2010</edited>
<value><point x="12394" y="18564"/></value>
<metadata author="">

</metadata>
</contour>
<contour name="Process 153" class="PointContour" color="#f3ff8b" visible="true">
<created>Wed Jun 09 15:28:24 EDT 2010</created>
<edited>Wed Jun 09 15:28:24 EDT 2010</edited>
<value><point x="12268" y="18242"/></value>
<metadata author="">

</metadata>
</contour>
<contour name="Process 135" class="PointContour" color="#c313ff" visible="true">
<created>Wed Jun 09 13:17:38 EDT 2010</created>
<edited>Wed Jun 09 13:17:38 EDT 2010</edited>
<value><point x="11926" y="18370"/></value>
<metadata author="">

</metadata>
</contour>
<contour name="Process 87" class="PointContour" color="#ff0b2f" visible="true">
<created>Tue Jun 08 13:37:39 EDT 2010</created>
<edited>Tue Jun 08 13:37:39 EDT 2010</edited>
<value><point x="12286" y="19362"/></value>
<metadata author="">

</metadata>
</contour>
<contour name="Process 69" class="PointContour" color="#03ffda" visible="true">
<created>Mon Jun 07 17:45:14 EDT 2010</created>
<edited>Mon Jun 07 17:45:14 EDT 2010</edited>
<value><point x="11936" y="17446"/></value>
<metadata author="">

</metadata>
</contour>
<contour name="Process 8" class="PointContour" color="#2d23ff" visible="true">
<created>Wed Jun 02 17:05:25 EDT 2010</created>
<edited>Wed Jun 02 17:05:25 EDT 2010</edited>
<value><point x="12386" y="18274"/></value>
<metadata author="">

</metadata>
</contour>
<contour name="Process 28" class="PointContour" color="#d1a73a" visible="true">
<created>Thu Jun 03 11:20:01 EDT 2010</created>
<edited>Thu Jun 03 11:20:01 EDT 2010</edited>
<value><point x="11900" y="18822"/></value>
<metadata author="">

</metadata>
</contour>
<contour name="Process 40" class="PointContour" color="#c4f7b5" visible="true">
<created>Mon Jun 07 16:46:32 EDT 2010</created>
<edited>Mon Jun 07 16:46:32 EDT 2010</edited>
<value><point x="12520" y="18320"/></value>
<metadata author="">

</metadata>
</contour>
<contour name="Process 166" class="PointContour" color="#c0ff58" visible="true">
<created>Wed Jun 09 16:17:56 EDT 2010</created>
<edited>Wed Jun 09 16:17:56 EDT 2010</edited>
<value><point x="12472" y="18714"/></value>
<metadata author="">

</metadata>
</contour>
<contour name="Process 28" class="PointContour" color="#d1a73a" visible="true">
<created>Thu Jun 03 11:20:01 EDT 2010</created>
<edited>Thu Jun 03 11:20:01 EDT 2010</edited>
<value><point x="12752" y="19082"/></value>
<metadata author="">

</metadata>
</contour>
<contour name="Process 240" class="PointContour" color="#b3011e" visible="true">
<created>Fri Jun 11 11:23:44 EDT 2010</created>
<edited>Fri Jun 11 11:23:44 EDT 2010</edited>
<value><point x="11500" y="19370"/></value>
<metadata author="">

</metadata>
</contour>
<contour name="Trail 11" class="PointContour" color="#ff6a83" visible="true">
<created>Wed Jun 02 17:16:14 EDT 2010</created>
<edited>Wed Jun 02 17:16:14 EDT 2010</edited>
<value><point x="12948" y="17820"/></value>
<metadata author="">

</metadata>
</contour>
<contour name="Process 135" class="PointContour" color="#c313ff" visible="true">
<created>Wed Jun 09 13:17:38 EDT 2010</created>
<edited>Wed Jun 09 13:17:38 EDT 2010</edited>
<value><point x="12094" y="18440"/></value>
<metadata author="">

</metadata>
</contour>
<contour name="Process 231" class="PointContour" color="#cfc613" visible="true">
<created>Fri Jun 11 11:18:46 EDT 2010</created>
<edited>Fri Jun 11 11:18:46 EDT 2010</edited>
<value><point x="11038" y="19244"/></value>
<metadata author="">

</metadata>
</contour>
<contour name="Process 200" class="PointContour" color="#8e1fff" visible="true">
<created>Thu Jun 10 13:00:27 EDT 2010</created>
<edited>Thu Jun 10 13:00:27 EDT 2010</edited>
<value><point x="12292" y="18012"/></value>
<metadata author="">

</metadata>
</contour>
<contour name="Process 171" class="PointContour" color="#d0ff5f" visible="true">
<created>Wed Jun 09 16:51:43 EDT 2010</created>
<edited>Wed Jun 09 16:51:43 EDT 2010</edited>
<value><point x="12368" y="18410"/></value>
<metadata author="">

</metadata>
</contour>
<contour name="Process 28" class="PointContour" color="#d1a73a" visible="true">
<created>Thu Jun 03 11:20:01 EDT 2010</created>
<edited>Thu Jun 03 11:20:01 EDT 2010</edited>
<value><point x="12230" y="18922"/></value>
<metadata author="">

</metadata>
</contour>
<contour name="Process 197" class="PointContour" color="#ff63b3" visible="true">
<created>Thu Jun 10 12:51:55 EDT 2010</created>
<edited>Thu Jun 10 12:51:55 EDT 2010</edited>
<value><point x="12804" y="17694"/></value>
<metadata author="">

</metadata>
</contour>
<contour name="Process 28" class="PointContour" color="#d1a73a" visible="true">
<created>Thu Jun 03 11:20:01 EDT 2010</created>
<edited>Thu Jun 03 11:20:01 EDT 2010</edited>
<value><point x="12674" y="19058"/></value>
<metadata author="">

</metadata>
</contour>
<contour name="Process 116" class="PointContour" color="#a1ff02" visible="true">
<created>Tue Jun 08 17:07:10 EDT 2010</created>
<edited>Tue Jun 08 17:07:10 EDT 2010</edited>
<value><point x="11412" y="18998"/></value>
<metadata author="">

</metadata>
</contour>
<contour name="Process 85" class="PointContour" color="#ff067f" visible="true">
<created>Tue Jun 08 13:31:09 EDT 2010</created>
<edited>Tue Jun 08 13:31:09 EDT 2010</edited>
<value><point x="11124" y="18674"/></value>
<metadata author="">

</metadata>
</contour>
<contour name="Process 4" class="PointContour" color="#fff812" visible="true">
<created>Wed Jun 02 16:27:24 EDT 2010</created>
<edited>Wed Jun 02 16:27:24 EDT 2010</edited>
<value><point x="11106" y="17618"/></value>
<metadata author="">

</metadata>
</contour>
<contour name="Process 249" class="PointContour" color="#58eb11" visible="true">
<created>Fri Jun 11 12:26:07 EDT 2010</created>
<edited>Fri Jun 11 12:26:07 EDT 2010</edited>
<value><point x="11384" y="17904"/></value>
<metadata author="">

</metadata>
</contour>
<contour name="Process 33" class="PointContour" color="#f70fe0" visible="true">
<created>Mon Jun 07 16:29:43 EDT 2010</created>
<edited>Mon Jun 07 16:29:43 EDT 2010</edited>
<value><point x="11110" y="17682"/></value>
<metadata author="">

</metadata>
</contour>
<contour name="Process 28" class="PointContour" color="#d1a73a" visible="true">
<created>Thu Jun 03 11:20:01 EDT 2010</created>
<edited>Thu Jun 03 11:20:01 EDT 2010</edited>
<value><point x="11610" y="18732"/></value>
<metadata author="">

</metadata>
</contour>
<contour name="Process 101" class="PointContour" color="#036bff" visible="true">
<created>Wed Jun 09 16:05:23 EDT 2010</created>
<edited>Wed Jun 09 16:05:23 EDT 2010</edited>
<value><point x="12478" y="18362"/></value>
<metadata author="">

</metadata>
</contour>
<contour name="Process 135" class="PointContour" color="#c313ff" visible="true">
<created>Wed Jun 09 13:17:38 EDT 2010</created>
<edited>Wed Jun 09 13:17:38 EDT 2010</edited>
<value><point x="12692" y="18690"/></value>
<metadata author="">

</metadata>
</contour>
<contour name="Process 28" class="PointContour" color="#d1a73a" visible="true">
<created>Thu Jun 03 11:20:01 EDT 2010</created>
<edited>Thu Jun 03 11:20:01 EDT 2010</edited>
<value><point x="12036" y="18862"/></value>
<metadata author="">

</metadata>
</contour>
<contour name="Process 28" class="PointContour" color="#d1a73a" visible="true">
<created>Thu Jun 03 11:20:01 EDT 2010</created>
<edited>Thu Jun 03 11:20:01 EDT 2010</edited>
<value><point x="12422" y="18980"/></value>
<metadata author="">

</metadata>
</contour>
<contour name="Process 135" class="PointContour" color="#c313ff" visible="true">
<created>Wed Jun 09 13:17:38 EDT 2010</created>
<edited>Wed Jun 09 13:17:38 EDT 2010</edited>
<value><point x="12542" y="18628"/></value>
<metadata author="">

</metadata>
</contour>
<contour name="Process 28" class="PointContour" color="#d1a73a" visible="true">
<created>Thu Jun 03 11:20:46 EDT 2010</created>
<edited>Thu Jun 03 11:20:46 EDT 2010</edited>
<value><point x="11792" y="19394"/></value>
<metadata author="">

</metadata>
</contour>
<contour name="Process 62" class="PointContour" color="#ff9c0d" visible="true">
<created>Mon Jun 07 17:33:08 EDT 2010</created>
<edited>Mon Jun 07 17:33:08 EDT 2010</edited>
<value><point x="11146" y="19462"/></value>
<metadata author="">

</metadata>
</contour>
<contour name="Process 235" class="PointContour" color="#a91e38" visible="true">
<created>Fri Jun 11 11:20:39 EDT 2010</created>
<edited>Fri Jun 11 11:20:39 EDT 2010</edited>
<value><point x="11144" y="17872"/></value>
<metadata author="">

</metadata>
</contour>
<contour name="Process 117" class="PointContour" color="#78ff04" visible="true">
<created>Tue Jun 08 17:34:32 EDT 2010</created>
<edited>Tue Jun 08 17:34:32 EDT 2010</edited>
<value><point x="11218" y="18394"/></value>
<metadata author="">

</metadata>
</contour>
<contour name="Process 28" class="PointContour" color="#d1a73a" visible="true">
<created>Thu Jun 03 11:20:01 EDT 2010</created>
<edited>Thu Jun 03 11:20:01 EDT 2010</edited>
<value><point x="12558" y="19022"/></value>
<metadata author="">

</metadata>
</contour>
<contour name="Process 265" class="PointContour" color="#277b12" visible="true">
<created>Fri Jun 11 13:14:47 EDT 2010</created>
<edited>Fri Jun 11 13:14:47 EDT 2010</edited>
<value><point x="11558" y="18388"/></value>
<metadata author="">

</metadata>
</contour>
<contour name="Process 16" class="PointContour" color="#ff70a8" visible="true">
<created>Wed Jun 02 17:29:15 EDT 2010</created>
<edited>Wed Jun 02 17:29:15 EDT 2010</edited>
<value><point x="11674" y="17942"/></value>
<metadata author="">

</metadata>
</contour>
<contour name="Process 135" class="PointContour" color="#c313ff" visible="true">
<created>Wed Jun 09 13:17:38 EDT 2010</created>
<edited>Wed Jun 09 13:17:38 EDT 2010</edited>
<value><point x="12338" y="18542"/></value>
<metadata author="">

</metadata>
</contour>
<contour name="Process 28" class="PointContour" color="#d1a73a" visible="true">
<created>Thu Jun 03 11:20:01 EDT 2010</created>
<edited>Thu Jun 03 11:20:01 EDT 2010</edited>
<value><point x="11534" y="18708"/></value>
<metadata author="">

</metadata>
</contour>
<contour name="Process 247" class="PointContour" color="#e5d61b" visible="true">
<created>Fri Jun 11 11:29:44 EDT 2010</created>
<edited>Fri Jun 11 11:29:44 EDT 2010</edited>
<value><point x="12104" y="17854"/></value>
<metadata author="">

</metadata>
</contour>
<contour name="Process 104" class="PointContour" color="#df03ff" visible="true">
<created>Tue Jun 08 16:11:44 EDT 2010</created>
<edited>Tue Jun 08 16:11:44 EDT 2010</edited>
<value><point x="12488" y="18458"/></value>
<metadata author="">

</metadata>
</contour>
<contour name="Process 28" class="PointContour" color="#d1a73a" visible="true">
<created>Thu Jun 03 11:25:58 EDT 2010</created>
<edited>Thu Jun 03 11:25:58 EDT 2010</edited>
<value><point x="11470" y="19034"/></value>
<metadata author="">

</metadata>
</contour>
<contour name="Process 190" class="PointContour" color="#ffadba" visible="true">
<created>Thu Jun 10 12:34:21 EDT 2010</created>
<edited>Thu Jun 10 12:34:21 EDT 2010</edited>
<value><point x="11056" y="18086"/></value>
<metadata author="">

</metadata>
</contour>
<contour name="Process 104" class="PointContour" color="#df03ff" visible="true">
<created>Wed Jun 09 16:34:14 EDT 2010</created>
<edited>Wed Jun 09 16:34:14 EDT 2010</edited>
<value><point x="11974" y="18628"/></value>
<metadata author="">

</metadata>
</contour>
<contour name="Process 28" class="PointContour" color="#d1a73a" visible="true">
<created>Thu Jun 03 11:20:01 EDT 2010</created>
<edited>Thu Jun 03 11:20:01 EDT 2010</edited>
<value><point x="11978" y="18844"/></value>
<metadata author="">

</metadata>
</contour>
<contour name="Process 2" class="PointContour" color="#ff5107" visible="true">
<created>Wed Jun 02 16:12:54 EDT 2010</created>
<edited>Wed Jun 02 16:12:54 EDT 2010</edited>
<value><point x="11750" y="18586"/></value>
<metadata author="">

</metadata>
</contour>
<contour name="Process 28" class="PointContour" color="#d1a73a" visible="true">
<created>Thu Jun 03 11:20:01 EDT 2010</created>
<edited>Thu Jun 03 11:20:01 EDT 2010</edited>
<value><point x="12114" y="18886"/></value>
<metadata author="">

</metadata>
</contour>
<contour name="Process 28" class="PointContour" color="#d1a73a" visible="true">
<created>Thu Jun 03 11:20:01 EDT 2010</created>
<edited>Thu Jun 03 11:20:01 EDT 2010</edited>
<value><point x="11920" y="18828"/></value>
<metadata author="">

</metadata>
</contour>
<contour name="Process 227" class="PointContour" color="#98c6a9" visible="true">
<created>Fri Jun 11 11:14:57 EDT 2010</created>
<edited>Fri Jun 11 11:14:57 EDT 2010</edited>
<value><point x="12124" y="19392"/></value>
<metadata author="">

</metadata>
</contour>
<contour name="Process 135" class="PointContour" color="#c313ff" visible="true">
<created>Wed Jun 09 13:17:38 EDT 2010</created>
<edited>Wed Jun 09 13:17:38 EDT 2010</edited>
<value><point x="11964" y="18386"/></value>
<metadata author="">

</metadata>
</contour>
<contour name="Process 135" class="PointContour" color="#c313ff" visible="true">
<created>Wed Jun 09 13:17:38 EDT 2010</created>
<edited>Wed Jun 09 13:17:38 EDT 2010</edited>
<value><point x="12168" y="18472"/></value>
<metadata author="">

</metadata>
</contour>
<contour name="Process 262" class="PointContour" color="#2028b1" visible="true">
<created>Fri Jun 11 13:07:55 EDT 2010</created>
<edited>Fri Jun 11 13:07:55 EDT 2010</edited>
<value><point x="11610" y="18484"/></value>
<metadata author="">

</metadata>
</contour>
<contour name="Process 243" class="PointContour" color="#4ba48d" visible="true">
<created>Fri Jun 11 11:25:46 EDT 2010</created>
<edited>Fri Jun 11 11:25:46 EDT 2010</edited>
<value><point x="12736" y="17836"/></value>
<metadata author="">

</metadata>
</contour>
<contour name="Process 135" class="PointContour" color="#c313ff" visible="true">
<created>Wed Jun 09 13:17:38 EDT 2010</created>
<edited>Wed Jun 09 13:17:38 EDT 2010</edited>
<value><point x="12076" y="18432"/></value>
<metadata author="">

</metadata>
</contour>
<contour name="Process 135" class="PointContour" color="#c313ff" visible="true">
<created>Wed Jun 09 13:17:38 EDT 2010</created>
<edited>Wed Jun 09 13:17:38 EDT 2010</edited>
<value><point x="12580" y="18642"/></value>
<metadata author="">

</metadata>
</contour>
<contour name="Process 175" class="PointContour" color="#3fcfff" visible="true">
<created>Wed Jun 09 17:13:06 EDT 2010</created>
<edited>Wed Jun 09 17:13:06 EDT 2010</edited>
<value><point x="12620" y="19386"/></value>
<metadata author="">

</metadata>
</contour>
<contour name="Process 7" class="PointContour" color="#10fffb" visible="true">
<created>Wed Jun 02 16:50:04 EDT 2010</created>
<edited>Wed Jun 02 16:50:04 EDT 2010</edited>
<value><point x="11324" y="19358"/></value>
<metadata author="">

</metadata>
</contour>
<contour name="Process 52" class="PointContour" color="#b10aff" visible="true">
<created>Mon Jun 07 17:20:54 EDT 2010</created>
<edited>Mon Jun 07 17:20:54 EDT 2010</edited>
<value><point x="12176" y="18076"/></value>
<metadata author="">

</metadata>
</contour>
<contour name="Process 28" class="PointContour" color="#d1a73a" visible="true">
<created>Thu Jun 03 11:20:01 EDT 2010</created>
<edited>Thu Jun 03 11:20:01 EDT 2010</edited>
<value><point x="11804" y="18792"/></value>
<metadata author="">

</metadata>
</contour>
<contour name="Process 205" class="PointContour" color="#0ddcff" visible="true">
<created>Thu Jun 10 13:17:19 EDT 2010</created>
<edited>Thu Jun 10 13:17:19 EDT 2010</edited>
<value><point x="12422" y="18340"/></value>
<metadata author="">

</metadata>
</contour>
<contour name="Process 28" class="PointContour" color="#d1a73a" visible="true">
<created>Thu Jun 03 11:20:01 EDT 2010</created>
<edited>Thu Jun 03 11:20:01 EDT 2010</edited>
<value><point x="12152" y="18898"/></value>
<metadata author="">

</metadata>
</contour>
<contour name="Process 28" class="PointContour" color="#d1a73a" visible="true">
<created>Thu Jun 03 11:20:01 EDT 2010</created>
<edited>Thu Jun 03 11:20:01 EDT 2010</edited>
<value><point x="12520" y="19010"/></value>
<metadata author="">

</metadata>
</contour>
<contour name="Process 135" class="PointContour" color="#c313ff" visible="true">
<created>Wed Jun 09 13:17:38 EDT 2010</created>
<edited>Wed Jun 09 13:17:38 EDT 2010</edited>
<value><point x="11908" y="18364"/></value>
<metadata author="">

</metadata>
</contour>
<contour name="Process 76" class="PointContour" color="#08ffdd" visible="true">
<created>Tue Jun 08 12:39:21 EDT 2010</created>
<edited>Tue Jun 08 12:39:21 EDT 2010</edited>
<value><point x="12854" y="18454"/></value>
<metadata author="">

</metadata>
</contour>
<contour name="Process 28" class="PointContour" color="#d1a73a" visible="true">
<created>Thu Jun 03 11:20:01 EDT 2010</created>
<edited>Thu Jun 03 11:20:01 EDT 2010</edited>
<value><point x="11726" y="18768"/></value>
<metadata author="">

</metadata>
</contour>
<contour name="Process 7" class="PointContour" color="#10fffb" visible="true">
<created>Wed Jun 02 16:50:33 EDT 2010</created>
<edited>Wed Jun 02 16:50:33 EDT 2010</edited>
<value><point x="11118" y="19456"/></value>
<metadata author="">

</metadata>
</contour>
<contour name="Process 176" class="PointContour" color="#ff0000" visible="true">
<created>Thu Jun 10 10:25:38 EDT 2010</created>
<edited>Thu Jun 10 10:25:38 EDT 2010</edited>
<value><point x="12742" y="18784"/></value>
<metadata author="">

</metadata>
</contour>
<contour name="Process 137" class="PointContour" color="#32ff05" visible="true">
<created>Wed Jun 09 16:11:43 EDT 2010</created>
<edited>Wed Jun 09 16:11:43 EDT 2010</edited>
<value><point x="12092" y="19296"/></value>
<metadata author="">

</metadata>
</contour>
<contour name="Process 135" class="PointContour" color="#c313ff" visible="true">
<created>Wed Jun 09 13:17:38 EDT 2010</created>
<edited>Wed Jun 09 13:17:38 EDT 2010</edited>
<value><point x="12412" y="18572"/></value>
<metadata author="">

</metadata>
</contour>
<contour name="Process 28" class="PointContour" color="#d1a73a" visible="true">
<created>Thu Jun 03 11:20:01 EDT 2010</created>
<edited>Thu Jun 03 11:20:01 EDT 2010</edited>
<value><point x="11766" y="18780"/></value>
<metadata author="">

</metadata>
</contour>
<contour name="Process 123" class="PointContour" color="#966dff" visible="true">
<created>Tue Jun 08 17:32:41 EDT 2010</created>
<edited>Tue Jun 08 17:32:41 EDT 2010</edited>
<value><point x="11122" y="18328"/></value>
<metadata author="">

</metadata>
</contour>
<contour name="Process 135" class="PointContour" color="#c313ff" visible="true">
<created>Wed Jun 09 13:17:38 EDT 2010</created>
<edited>Wed Jun 09 13:17:38 EDT 2010</edited>
<value><point x="12430" y="18580"/></value>
<metadata author="">

</metadata>
</contour>
<contour name="Process 171" class="PointContour" color="#d0ff5f" visible="true">
<created>Wed Jun 09 16:48:18 EDT 2010</created>
<edited>Wed Jun 09 16:48:18 EDT 2010</edited>
<value><point x="12164" y="17828"/></value>
<metadata author="">

</metadata>
</contour>
<contour name="Process 28" class="PointContour" color="#d1a73a" visible="true">
<created>Thu Jun 03 11:20:01 EDT 2010</created>
<edited>Thu Jun 03 11:20:01 EDT 2010</edited>
<value><point x="11650" y="18744"/></value>
<metadata author="">

</metadata>
</contour>
<contour name="Process 135" class="PointContour" color="#c313ff" visible="true">
<created>Wed Jun 09 13:17:38 EDT 2010</created>
<edited>Wed Jun 09 13:17:38 EDT 2010</edited>
<value><point x="12020" y="18410"/></value>
<metadata author="">

</metadata>
</contour>
<contour name="Process 29" class="PointContour" color="#7aff76" visible="true">
<created>Mon Jun 07 16:13:55 EDT 2010</created>
<edited>Mon Jun 07 16:13:55 EDT 2010</edited>
<value><point x="11746" y="18212"/></value>
<metadata author="">

</metadata>
</contour>
<contour name="Process 92" class="PointContour" color="#ffd909" visible="true">
<created>Tue Jun 08 14:13:04 EDT 2010</created>
<edited>Tue Jun 08 14:13:04 EDT 2010</edited>
<value><point x="12034" y="19330"/></value>
<metadata author="">

</metadata>
</contour>
<contour name="Process 135" class="PointContour" color="#c313ff" visible="true">
<created>Wed Jun 09 13:17:38 EDT 2010</created>
<edited>Wed Jun 09 13:17:38 EDT 2010</edited>
<value><point x="11982" y="18394"/></value>
<metadata author="">

</metadata>
</contour>
<contour name="Process 171" class="PointContour" color="#d0ff5f" visible="true">
<created>Wed Jun 09 16:53:50 EDT 2010</created>
<edited>Wed Jun 09 16:53:50 EDT 2010</edited>
<value><point x="12380" y="17994"/></value>
<metadata author="">

</metadata>
</contour>
<contour name="Process 60" class="PointContour" color="#ff4e01" visible="true">
<created>Mon Jun 07 17:31:18 EDT 2010</created>
<edited>Mon Jun 07 17:31:18 EDT 2010</edited>
<value><point x="11662" y="17542"/></value>
<metadata author="">

</metadata>
</contour>
<contour name="Process 28" class="PointContour" color="#d1a73a" visible="true">
<created>Thu Jun 03 11:26:55 EDT 2010</created>
<edited>Thu Jun 03 11:26:55 EDT 2010</edited>
<value><point x="11184" y="18894"/></value>
<metadata author="">

</metadata>
</contour>
<contour name="Process 207" class="PointContour" color="#c2ff4a" visible="true">
<created>Thu Jun 10 13:20:16 EDT 2010</created>
<edited>Thu Jun 10 13:20:16 EDT 2010</edited>
<value><point x="12444" y="18156"/></value>
<metadata author="">

</metadata>
</contour>
<contour name="Process 28" class="PointContour" color="#d1a73a" visible="true">
<created>Thu Jun 03 11:20:01 EDT 2010</created>
<edited>Thu Jun 03 11:20:01 EDT 2010</edited>
<value><point x="12538" y="19016"/></value>
<metadata author="">

</metadata>
</contour>
<contour name="Process 28" class="PointContour" color="#d1a73a" visible="true">
<created>Thu Jun 03 11:20:01 EDT 2010</created>
<edited>Thu Jun 03 11:20:01 EDT 2010</edited>
<value><point x="12384" y="18970"/></value>
<metadata author="">

</metadata>
</contour>
<contour name="Process 135" class="PointContour" color="#c313ff" visible="true">
<created>Wed Jun 09 13:17:38 EDT 2010</created>
<edited>Wed Jun 09 13:17:38 EDT 2010</edited>
<value><point x="12450" y="18588"/></value>
<metadata author="">

</metadata>
</contour>
<contour name="Process 222" class="PointContour" color="#ff38d2" visible="true">
<created>Thu Jun 10 17:24:24 EDT 2010</created>
<edited>Thu Jun 10 17:24:24 EDT 2010</edited>
<value><point x="11490" y="17896"/></value>
<metadata author="">

</metadata>
</contour>
<contour name="Process 175" class="PointContour" color="#3fcfff" visible="true">
<created>Wed Jun 09 17:11:57 EDT 2010</created>
<edited>Wed Jun 09 17:11:57 EDT 2010</edited>
<value><point x="12050" y="18634"/></value>
<metadata author="">

</metadata>
</contour>
<contour name="Process 28" class="PointContour" color="#d1a73a" visible="true">
<created>Thu Jun 03 11:20:01 EDT 2010</created>
<edited>Thu Jun 03 11:20:01 EDT 2010</edited>
<value><point x="12596" y="19034"/></value>
<metadata author="">

</metadata>
</contour>
<contour name="Process 266" class="PointContour" color="#761a25" visible="true">
<created>Fri Jun 11 14:15:41 EDT 2010</created>
<edited>Fri Jun 11 14:15:41 EDT 2010</edited>
<value><point x="12570" y="18442"/></value>
<metadata author="">

</metadata>
</contour>
<contour name="Process 263" class="PointContour" color="#22bc67" visible="true">
<created>Fri Jun 11 13:12:39 EDT 2010</created>
<edited>Fri Jun 11 13:12:39 EDT 2010</edited>
<value><point x="11774" y="19344"/></value>
<metadata author="">

</metadata>
</contour>
<contour name="Process 102" class="PointContour" color="#7706ff" visible="true">
<created>Tue Jun 08 16:04:13 EDT 2010</created>
<edited>Tue Jun 08 16:04:13 EDT 2010</edited>
<value><point x="12174" y="17448"/></value>
<metadata author="">

</metadata>
</contour>
<contour name="Process 1" class="PointContour" color="#ff0000" visible="true">
<created>Wed Jun 02 15:59:57 EDT 2010</created>
<edited>Wed Jun 02 15:59:57 EDT 2010</edited>
<value><point x="12384" y="17604"/></value>
<metadata author="">

</metadata>
</contour>
<contour name="Process 28" class="PointContour" color="#d1a73a" visible="true">
<created>Thu Jun 03 11:20:01 EDT 2010</created>
<edited>Thu Jun 03 11:20:01 EDT 2010</edited>
<value><point x="11708" y="18762"/></value>
<metadata author="">

</metadata>
</contour>
<contour name="Process 268" class="PointContour" color="#c92afa" visible="true">
<created>Fri Jun 11 16:11:32 EDT 2010</created>
<edited>Fri Jun 11 16:11:32 EDT 2010</edited>
<value><point x="12496" y="19354"/></value>
<metadata author="">

</metadata>
</contour>
<contour name="Process 272" class="PointContour" color="#864f91" visible="true">
<created>Fri Jun 11 16:58:36 EDT 2010</created>
<edited>Fri Jun 11 16:58:36 EDT 2010</edited>
<value><point x="11630" y="17594"/></value>
<metadata author="">

</metadata>
</contour>
<contour name="Process 273" class="PointContour" color="#a69f8c" visible="true">
<created>Fri Jun 11 16:59:29 EDT 2010</created>
<edited>Fri Jun 11 16:59:29 EDT 2010</edited>
<value><point x="12566" y="19404"/></value>
<metadata author="">

</metadata>
</contour>
<contour name="Process 279" class="PointContour" color="#37a347" visible="true">
<created>Mon Jun 14 12:37:54 EDT 2010</created>
<edited>Mon Jun 14 12:37:54 EDT 2010</edited>
<value><point x="12400" y="19430"/></value>
<metadata author="">

</metadata>
</contour>
<contour name="Process 200" class="PointContour" color="#8e1fff" visible="true">
<created>Mon Jun 14 12:39:23 EDT 2010</created>
<edited>Mon Jun 14 12:39:23 EDT 2010</edited>
<value><point x="11118" y="17974"/></value>
<metadata author="">

</metadata>
</contour>
<contour name="Process 282" class="PointContour" color="#92391c" visible="true">
<created>Mon Jun 14 12:43:25 EDT 2010</created>
<edited>Mon Jun 14 12:43:25 EDT 2010</edited>
<value><point x="11854" y="18646"/></value>
<metadata author="">

</metadata>
</contour>
<contour name="Process 284" class="PointContour" color="#42cb4e" visible="true">
<created>Mon Jun 14 12:51:21 EDT 2010</created>
<edited>Mon Jun 14 12:51:21 EDT 2010</edited>
<value><point x="11010" y="19024"/></value>
<metadata author="">

</metadata>
</contour>
<contour name="Process 301" class="PointContour" color="#ee987c" visible="true">
<created>Tue Jun 15 13:23:20 EDT 2010</created>
<edited>Tue Jun 15 13:23:20 EDT 2010</edited>
<value><point x="12220" y="18154"/></value>
<metadata author="">

</metadata>
</contour>
<contour name="Process 307" class="PointContour" color="#bc7f1e" visible="true">
<created>Tue Jun 15 14:37:10 EDT 2010</created>
<edited>Tue Jun 15 14:37:10 EDT 2010</edited>
<value><point x="12552" y="17522"/></value>
<metadata author="">

</metadata>
</contour>
<contour name="Process 309" class="PointContour" color="#ec9472" visible="true">
<created>Tue Jun 15 14:44:01 EDT 2010</created>
<edited>Tue Jun 15 14:44:01 EDT 2010</edited>
<value><point x="11252" y="19160"/></value>
<metadata author="">

</metadata>
</contour>
<contour name="Process 310" class="PointContour" color="#8b6602" visible="true">
<created>Tue Jun 15 14:45:12 EDT 2010</created>
<edited>Tue Jun 15 14:45:12 EDT 2010</edited>
<value><point x="11344" y="18600"/></value>
<metadata author="">

</metadata>
</contour>
<contour name="Process 310" class="PointContour" color="#8b6602" visible="true">
<created>Tue Jun 15 14:45:38 EDT 2010</created>
<edited>Tue Jun 15 14:45:38 EDT 2010</edited>
<value><point x="11368" y="18874"/></value>
<metadata author="">

</metadata>
</contour>
<contour name="Process 311" class="PointContour" color="#0b7893" visible="true">
<created>Tue Jun 15 14:47:51 EDT 2010</created>
<edited>Tue Jun 15 14:47:51 EDT 2010</edited>
<value><point x="11852" y="19314"/></value>
<metadata author="">

</metadata>
</contour>
<contour name="Process 314" class="PointContour" color="#847d85" visible="true">
<created>Tue Jun 15 14:56:50 EDT 2010</created>
<edited>Tue Jun 15 14:56:50 EDT 2010</edited>
<value><point x="10962" y="18936"/></value>
<metadata author="">

</metadata>
</contour>
<contour name="Process 314" class="PointContour" color="#847d85" visible="true">
<created>Tue Jun 15 14:57:32 EDT 2010</created>
<edited>Tue Jun 15 14:57:32 EDT 2010</edited>
<value><point x="11194" y="19036"/></value>
<metadata author="">

</metadata>
</contour>
<contour name="Process 314" class="PointContour" color="#847d85" visible="true">
<created>Tue Jun 15 14:57:51 EDT 2010</created>
<edited>Tue Jun 15 14:57:51 EDT 2010</edited>
<value><point x="11014" y="19062"/></value>
<metadata author="">

</metadata>
</contour>
<contour name="Process 316" class="PointContour" color="#d12438" visible="true">
<created>Tue Jun 15 14:59:44 EDT 2010</created>
<edited>Tue Jun 15 14:59:44 EDT 2010</edited>
<value><point x="11330" y="18522"/></value>
<metadata author="">

</metadata>
</contour>
<contour name="Process 316" class="PointContour" color="#d12438" visible="true">
<created>Tue Jun 15 15:00:38 EDT 2010</created>
<edited>Tue Jun 15 15:00:38 EDT 2010</edited>
<value><point x="12388" y="18718"/></value>
<metadata author="">

</metadata>
</contour>
<contour name="Process 270" class="PointContour" color="#a20df4" visible="true">
<created>Tue Jun 15 15:02:14 EDT 2010</created>
<edited>Tue Jun 15 15:02:14 EDT 2010</edited>
<value><point x="12274" y="17822"/></value>
<metadata author="">

</metadata>
</contour>
<contour name="Process 270" class="PointContour" color="#a20df4" visible="true">
<created>Tue Jun 15 15:02:14 EDT 2010</created>
<edited>Tue Jun 15 15:02:14 EDT 2010</edited>
<value><point x="12292" y="17826"/></value>
<metadata author="">

</metadata>
</contour>
<contour name="Process 270" class="PointContour" color="#a20df4" visible="true">
<created>Tue Jun 15 15:02:14 EDT 2010</created>
<edited>Tue Jun 15 15:02:14 EDT 2010</edited>
<value><point x="12312" y="17832"/></value>
<metadata author="">

</metadata>
</contour>
<contour name="Process 270" class="PointContour" color="#a20df4" visible="true">
<created>Tue Jun 15 15:02:14 EDT 2010</created>
<edited>Tue Jun 15 15:02:14 EDT 2010</edited>
<value><point x="12332" y="17838"/></value>
<metadata author="">

</metadata>
</contour>
<contour name="Process 270" class="PointContour" color="#a20df4" visible="true">
<created>Tue Jun 15 15:02:14 EDT 2010</created>
<edited>Tue Jun 15 15:02:14 EDT 2010</edited>
<value><point x="12352" y="17844"/></value>
<metadata author="">

</metadata>
</contour>
<contour name="Process 270" class="PointContour" color="#a20df4" visible="true">
<created>Tue Jun 15 15:02:14 EDT 2010</created>
<edited>Tue Jun 15 15:02:14 EDT 2010</edited>
<value><point x="12372" y="17850"/></value>
<metadata author="">

</metadata>
</contour>
<contour name="Process 270" class="PointContour" color="#a20df4" visible="true">
<created>Tue Jun 15 15:02:14 EDT 2010</created>
<edited>Tue Jun 15 15:02:14 EDT 2010</edited>
<value><point x="12392" y="17856"/></value>
<metadata author="">

</metadata>
</contour>
<contour name="Process 270" class="PointContour" color="#a20df4" visible="true">
<created>Tue Jun 15 15:02:14 EDT 2010</created>
<edited>Tue Jun 15 15:02:14 EDT 2010</edited>
<value><point x="12412" y="17862"/></value>
<metadata author="">

</metadata>
</contour>
<contour name="Process 270" class="PointContour" color="#a20df4" visible="true">
<created>Tue Jun 15 15:02:14 EDT 2010</created>
<edited>Tue Jun 15 15:02:14 EDT 2010</edited>
<value><point x="12432" y="17868"/></value>
<metadata author="">

</metadata>
</contour>
<contour name="Process 270" class="PointContour" color="#a20df4" visible="true">
<created>Tue Jun 15 15:02:14 EDT 2010</created>
<edited>Tue Jun 15 15:02:14 EDT 2010</edited>
<value><point x="12450" y="17874"/></value>
<metadata author="">

</metadata>
</contour>
<contour name="Process 270" class="PointContour" color="#a20df4" visible="true">
<created>Tue Jun 15 15:02:14 EDT 2010</created>
<edited>Tue Jun 15 15:02:14 EDT 2010</edited>
<value><point x="12470" y="17880"/></value>
<metadata author="">

</metadata>
</contour>
<contour name="Process 270" class="PointContour" color="#a20df4" visible="true">
<created>Tue Jun 15 15:02:14 EDT 2010</created>
<edited>Tue Jun 15 15:02:14 EDT 2010</edited>
<value><point x="12490" y="17884"/></value>
<metadata author="">

</metadata>
</contour>
<contour name="Process 270" class="PointContour" color="#a20df4" visible="true">
<created>Tue Jun 15 15:02:14 EDT 2010</created>
<edited>Tue Jun 15 15:02:14 EDT 2010</edited>
<value><point x="12510" y="17890"/></value>
<metadata author="">

</metadata>
</contour>
<contour name="Process 270" class="PointContour" color="#a20df4" visible="true">
<created>Tue Jun 15 15:02:14 EDT 2010</created>
<edited>Tue Jun 15 15:02:14 EDT 2010</edited>
<value><point x="12530" y="17896"/></value>
<metadata author="">

</metadata>
</contour>
<contour name="Process 270" class="PointContour" color="#a20df4" visible="true">
<created>Tue Jun 15 15:02:14 EDT 2010</created>
<edited>Tue Jun 15 15:02:14 EDT 2010</edited>
<value><point x="12550" y="17902"/></value>
<metadata author="">

</metadata>
</contour>
<contour name="Process 270" class="PointContour" color="#a20df4" visible="true">
<created>Tue Jun 15 15:02:14 EDT 2010</created>
<edited>Tue Jun 15 15:02:14 EDT 2010</edited>
<value><point x="12570" y="17908"/></value>
<metadata author="">

</metadata>
</contour>
<contour name="Process 270" class="PointContour" color="#a20df4" visible="true">
<created>Tue Jun 15 15:02:14 EDT 2010</created>
<edited>Tue Jun 15 15:02:14 EDT 2010</edited>
<value><point x="12590" y="17914"/></value>
<metadata author="">

</metadata>
</contour>
<contour name="Process 270" class="PointContour" color="#a20df4" visible="true">
<created>Tue Jun 15 15:02:14 EDT 2010</created>
<edited>Tue Jun 15 15:02:14 EDT 2010</edited>
<value><point x="12608" y="17920"/></value>
<metadata author="">

</metadata>
</contour>
<contour name="Process 270" class="PointContour" color="#a20df4" visible="true">
<created>Tue Jun 15 15:02:14 EDT 2010</created>
<edited>Tue Jun 15 15:02:14 EDT 2010</edited>
<value><point x="12628" y="17926"/></value>
<metadata author="">

</metadata>
</contour>
<contour name="Process 270" class="PointContour" color="#a20df4" visible="true">
<created>Tue Jun 15 15:02:14 EDT 2010</created>
<edited>Tue Jun 15 15:02:14 EDT 2010</edited>
<value><point x="12648" y="17932"/></value>
<metadata author="">

</metadata>
</contour>
<contour name="Process 270" class="PointContour" color="#a20df4" visible="true">
<created>Tue Jun 15 15:02:14 EDT 2010</created>
<edited>Tue Jun 15 15:02:14 EDT 2010</edited>
<value><point x="12668" y="17938"/></value>
<metadata author="">

</metadata>
</contour>
<contour name="Process 270" class="PointContour" color="#a20df4" visible="true">
<created>Tue Jun 15 15:02:14 EDT 2010</created>
<edited>Tue Jun 15 15:02:14 EDT 2010</edited>
<value><point x="12688" y="17944"/></value>
<metadata author="">

</metadata>
</contour>
<contour name="Process 270" class="PointContour" color="#a20df4" visible="true">
<created>Tue Jun 15 15:02:14 EDT 2010</created>
<edited>Tue Jun 15 15:02:14 EDT 2010</edited>
<value><point x="12708" y="17948"/></value>
<metadata author="">

</metadata>
</contour>
<contour name="Process 270" class="PointContour" color="#a20df4" visible="true">
<created>Tue Jun 15 15:02:14 EDT 2010</created>
<edited>Tue Jun 15 15:02:14 EDT 2010</edited>
<value><point x="12728" y="17954"/></value>
<metadata author="">

</metadata>
</contour>
<contour name="Process 270" class="PointContour" color="#a20df4" visible="true">
<created>Tue Jun 15 15:02:14 EDT 2010</created>
<edited>Tue Jun 15 15:02:14 EDT 2010</edited>
<value><point x="12748" y="17960"/></value>
<metadata author="">

</metadata>
</contour>
<contour name="Process 270" class="PointContour" color="#a20df4" visible="true">
<created>Tue Jun 15 15:02:14 EDT 2010</created>
<edited>Tue Jun 15 15:02:14 EDT 2010</edited>
<value><point x="12766" y="17966"/></value>
<metadata author="">

</metadata>
</contour>
<contour name="Process 270" class="PointContour" color="#a20df4" visible="true">
<created>Tue Jun 15 15:02:14 EDT 2010</created>
<edited>Tue Jun 15 15:02:14 EDT 2010</edited>
<value><point x="12786" y="17972"/></value>
<metadata author="">

</metadata>
</contour>
<contour name="Process 270" class="PointContour" color="#a20df4" visible="true">
<created>Tue Jun 15 15:02:14 EDT 2010</created>
<edited>Tue Jun 15 15:02:14 EDT 2010</edited>
<value><point x="12806" y="17978"/></value>
<metadata author="">

</metadata>
</contour>
<contour name="Process 270" class="PointContour" color="#a20df4" visible="true">
<created>Tue Jun 15 15:02:14 EDT 2010</created>
<edited>Tue Jun 15 15:02:14 EDT 2010</edited>
<value><point x="12826" y="17984"/></value>
<metadata author="">

</metadata>
</contour>
<contour name="Process 270" class="PointContour" color="#a20df4" visible="true">
<created>Tue Jun 15 15:02:14 EDT 2010</created>
<edited>Tue Jun 15 15:02:14 EDT 2010</edited>
<value><point x="12846" y="17990"/></value>
<metadata author="">

</metadata>
</contour>
<contour name="Process 270" class="PointContour" color="#a20df4" visible="true">
<created>Tue Jun 15 15:02:14 EDT 2010</created>
<edited>Tue Jun 15 15:02:14 EDT 2010</edited>
<value><point x="12866" y="17996"/></value>
<metadata author="">

</metadata>
</contour>
<contour name="Process 270" class="PointContour" color="#a20df4" visible="true">
<created>Tue Jun 15 15:02:14 EDT 2010</created>
<edited>Tue Jun 15 15:02:14 EDT 2010</edited>
<value><point x="12886" y="18002"/></value>
<metadata author="">

</metadata>
</contour>
<contour name="Process 270" class="PointContour" color="#a20df4" visible="true">
<created>Tue Jun 15 15:03:32 EDT 2010</created>
<edited>Tue Jun 15 15:03:32 EDT 2010</edited>
<value><point x="11748" y="17474"/></value>
<metadata author="">

</metadata>
</contour>
<contour name="Process 262" class="PointContour" color="#2028b1" visible="true">
<created>Tue Jun 15 15:04:37 EDT 2010</created>
<edited>Tue Jun 15 15:04:37 EDT 2010</edited>
<value><point x="11792" y="18368"/></value>
<metadata author="">

</metadata>
</contour>
<contour name="Process 262" class="PointContour" color="#2028b1" visible="true">
<created>Tue Jun 15 15:04:50 EDT 2010</created>
<edited>Tue Jun 15 15:04:50 EDT 2010</edited>
<value><point x="12106" y="17968"/></value>
<metadata author="">

</metadata>
</contour>
<contour name="Process 262" class="PointContour" color="#2028b1" visible="true">
<created>Tue Jun 15 15:05:23 EDT 2010</created>
<edited>Tue Jun 15 15:05:23 EDT 2010</edited>
<value><point x="11886" y="17588"/></value>
<metadata author="">

</metadata>
</contour>
<contour name="Process 262" class="PointContour" color="#2028b1" visible="true">
<created>Tue Jun 15 15:05:59 EDT 2010</created>
<edited>Tue Jun 15 15:05:59 EDT 2010</edited>
<value><point x="12478" y="17754"/></value>
<metadata author="">

</metadata>
</contour>
<contour name="Process 262" class="PointContour" color="#2028b1" visible="true">
<created>Tue Jun 15 15:06:10 EDT 2010</created>
<edited>Tue Jun 15 15:06:10 EDT 2010</edited>
<value><point x="12700" y="17480"/></value>
<metadata author="">

</metadata>
</contour>
<contour name="Process 319" class="PointContour" color="#953310" visible="true">
<created>Tue Jun 15 15:10:16 EDT 2010</created>
<edited>Tue Jun 15 15:10:16 EDT 2010</edited>
<value><point x="11046" y="18858"/></value>
<metadata author="">

</metadata>
</contour>
<contour name="Process 320" class="PointContour" color="#c7c120" visible="true">
<created>Tue Jun 15 15:11:52 EDT 2010</created>
<edited>Tue Jun 15 15:11:52 EDT 2010</edited>
<value><point x="11760" y="17700"/></value>
<metadata author="">

</metadata>
</contour>
<contour name="Process 325" class="PointContour" color="#8ea0f3" visible="true">
<created>Tue Jun 15 16:40:47 EDT 2010</created>
<edited>Tue Jun 15 16:40:47 EDT 2010</edited>
<value><point x="11574" y="17560"/></value>
<metadata author="">

</metadata>
</contour>
<contour name="Process 326" class="PointContour" color="#cff756" visible="true">
<created>Tue Jun 15 16:41:40 EDT 2010</created>
<edited>Tue Jun 15 16:41:40 EDT 2010</edited>
<value><point x="11184" y="17670"/></value>
<metadata author="">

</metadata>
</contour>
<contour name="Process 327" class="PointContour" color="#27a346" visible="true">
<created>Tue Jun 15 16:42:01 EDT 2010</created>
<edited>Tue Jun 15 16:42:01 EDT 2010</edited>
<value><point x="11082" y="17502"/></value>
<metadata author="">

</metadata>
</contour>
<contour name="Process 329" class="PointContour" color="#e17912" visible="true">
<created>Tue Jun 15 16:45:54 EDT 2010</created>
<edited>Tue Jun 15 16:45:54 EDT 2010</edited>
<value><point x="12890" y="17634"/></value>
<metadata author="">

</metadata>
</contour>
<contour name="Process 171" class="PointContour" color="#d0ff5f" visible="true">
<created>Tue Jun 15 16:57:38 EDT 2010</created>
<edited>Tue Jun 15 16:57:38 EDT 2010</edited>
<value><point x="11412" y="17832"/></value>
<metadata author="">

</metadata>
</contour>
<contour name="Process 171" class="PointContour" color="#d0ff5f" visible="true">
<created>Tue Jun 15 17:42:51 EDT 2010</created>
<edited>Tue Jun 15 17:42:51 EDT 2010</edited>
<value><point x="11328" y="18194"/></value>
<metadata author="">

</metadata>
</contour>
<contour name="Process 348" class="PointContour" color="#5105c9" visible="true">
<created>Tue Jun 15 17:44:42 EDT 2010</created>
<edited>Tue Jun 15 17:44:42 EDT 2010</edited>
<value><point x="12308" y="18126"/></value>
<metadata author="">

</metadata>
</contour>
<contour name="Process 171" class="PointContour" color="#d0ff5f" visible="true">
<created>Tue Jun 15 17:46:13 EDT 2010</created>
<edited>Tue Jun 15 17:46:13 EDT 2010</edited>
<value><point x="12126" y="18622"/></value>
<metadata author="">

</metadata>
</contour>
<contour name="Process 248" class="PointContour" color="#959f5d" visible="true">
<created>Wed Jun 23 10:01:35 EDT 2010</created>
<edited>Wed Jun 23 10:01:35 EDT 2010</edited>
<value><point x="11706" y="18556"/></value>
<metadata author="">

</metadata>
</contour>
<contour name="Process 362" class="PointContour" color="#821322" visible="true">
<created>Wed Jun 23 11:42:07 EDT 2010</created>
<edited>Wed Jun 23 11:42:07 EDT 2010</edited>
<value><point x="11740" y="18500"/></value>
<metadata author="">

</metadata>
</contour>
<contour name="Process 363" class="PointContour" color="#70971f" visible="true">
<created>Wed Jun 23 11:42:42 EDT 2010</created>
<edited>Wed Jun 23 11:42:42 EDT 2010</edited>
<value><point x="11260" y="19062"/></value>
<metadata author="">

</metadata>
</contour>
<contour name="Process 363" class="PointContour" color="#70971f" visible="true">
<created>Wed Jun 23 11:43:29 EDT 2010</created>
<edited>Wed Jun 23 11:43:29 EDT 2010</edited>
<value><point x="11666" y="19418"/></value>
<metadata author="">

</metadata>
</contour>
<contour name="Process 364" class="PointContour" color="#5609f9" visible="true">
<created>Wed Jun 23 11:45:46 EDT 2010</created>
<edited>Wed Jun 23 11:45:46 EDT 2010</edited>
<value><point x="11314" y="19088"/></value>
<metadata author="">

</metadata>
</contour>
<contour name="Process 171" class="PointContour" color="#d0ff5f" visible="true">
<created>Wed Jun 23 12:15:10 EDT 2010</created>
<edited>Wed Jun 23 12:15:10 EDT 2010</edited>
<value><point x="11164" y="17990"/></value>
<metadata author="">

</metadata>
</contour>
<contour name="Process 396" class="PointContour" color="#750587" visible="true">
<created>Wed Jun 30 10:59:24 EDT 2010</created>
<edited>Wed Jun 30 10:59:24 EDT 2010</edited>
<value><point x="12284" y="19252"/></value>
<metadata author="">

</metadata>
</contour>
<contour name="Process 255" class="PointContour" color="#b84826" visible="true">
<created>Wed Jun 30 12:15:18 EDT 2010</created>
<edited>Wed Jun 30 12:15:18 EDT 2010</edited>
<value><point x="11178" y="17552"/></value>
<metadata author="">

</metadata>
</contour>
<contour name="Process 235" class="PointContour" color="#a91e38" visible="true">
<created>Wed Jun 30 17:11:10 EDT 2010</created>
<edited>Wed Jun 30 17:11:10 EDT 2010</edited>
<value><point x="10994" y="17984"/></value>
<metadata author="">

</metadata>
</contour>
<contour name="Process 401" class="PointContour" color="#73d3a6" visible="true">
<created>Thu Jul 01 11:02:14 EDT 2010</created>
<edited>Thu Jul 01 11:02:14 EDT 2010</edited>
<value><point x="11346" y="17972"/></value>
<metadata author="">

</metadata>
</contour>
<contour name="Process 402" class="PointContour" color="#09953b" visible="true">
<created>Thu Jul 01 11:05:28 EDT 2010</created>
<edited>Thu Jul 01 11:05:28 EDT 2010</edited>
<value><point x="11130" y="18806"/></value>
<metadata author="">

</metadata>
</contour>
<contour name="Process 403" class="PointContour" color="#5bb4fb" visible="true">
<created>Thu Jul 01 11:06:34 EDT 2010</created>
<edited>Thu Jul 01 11:06:34 EDT 2010</edited>
<value><point x="12926" y="18656"/></value>
<metadata author="">

</metadata>
</contour>
<contour name="Process 404" class="PointContour" color="#97ac2c" visible="true">
<created>Thu Jul 01 11:07:42 EDT 2010</created>
<edited>Thu Jul 01 11:07:42 EDT 2010</edited>
<value><point x="12802" y="18466"/></value>
<metadata author="">

</metadata>
</contour>
<contour name="Process 407" class="PointContour" color="#5cd6fd" visible="true">
<created>Thu Jul 01 11:21:45 EDT 2010</created>
<edited>Thu Jul 01 11:21:45 EDT 2010</edited>
<value><point x="11128" y="19186"/></value>
<metadata author="">

</metadata>
</contour>
<contour name="Process 411" class="PointContour" color="#f2f651" visible="true">
<created>Thu Jul 01 14:22:05 EDT 2010</created>
<edited>Thu Jul 01 14:22:05 EDT 2010</edited>
<value><point x="11962" y="19300"/></value>
<metadata author="">

</metadata>
</contour>
<contour name="Process 413" class="PointContour" color="#f086bb" visible="true">
<created>Thu Jul 01 14:31:57 EDT 2010</created>
<edited>Thu Jul 01 14:31:57 EDT 2010</edited>
<value><point x="11538" y="19322"/></value>
<metadata author="">

</metadata>
</contour>
<contour name="Process 171" class="PointContour" color="#d0ff5f" visible="true">
<created>Wed Jul 14 12:21:41 EDT 2010</created>
<edited>Wed Jul 14 12:21:41 EDT 2010</edited>
<value><point x="12072" y="17508"/></value>
<metadata author="">

</metadata>
</contour>
<contour name="Process 248" class="PointContour" color="#959f5d" visible="true">
<created>Wed Jul 14 16:14:00 EDT 2010</created>
<edited>Wed Jul 14 16:14:00 EDT 2010</edited>
<value><point x="10992" y="17454"/></value>
<metadata author="">

</metadata>
</contour>
<contour name="Process 259" class="PointContour" color="#a33eef" visible="true">
<created>Wed Jul 14 16:16:57 EDT 2010</created>
<edited>Wed Jul 14 16:16:57 EDT 2010</edited>
<value><point x="11516" y="17496"/></value>
<metadata author="">

</metadata>
</contour>
<contour name="Process 419" class="PointContour" color="#9b68ba" visible="true">
<created>Thu Jul 15 13:15:20 EDT 2010</created>
<edited>Thu Jul 15 13:15:20 EDT 2010</edited>
<value><point x="11102" y="17736"/></value>
<metadata author="">

</metadata>
</contour>
<contour name="Process 430" class="PointContour" color="#d6b579" visible="true">
<created>Wed Nov 24 20:11:53 EST 2010</created>
<edited>Wed Nov 24 20:11:53 EST 2010</edited>
<value><point x="8693" y="18227"/></value>
<metadata author="">

</metadata>
</contour>
<contour name="Process 431" class="PointContour" color="#a298f6" visible="true">
<created>Wed Nov 24 20:20:38 EST 2010</created>
<edited>Wed Nov 24 20:20:38 EST 2010</edited>
<value><point x="10777" y="18155"/></value>
<metadata author="">

</metadata>
</contour>
<contour name="Process 440" class="PointContour" color="#dc71ad" visible="true">
<created>Thu Nov 25 14:22:44 EST 2010</created>
<edited>Thu Nov 25 14:22:44 EST 2010</edited>
<value><point x="11536" y="17024"/></value>
<metadata author="">

</metadata>
</contour>
<contour name="Process 442" class="PointContour" color="#04bb4c" visible="true">
<created>Thu Nov 25 15:14:25 EST 2010</created>
<edited>Thu Nov 25 15:14:25 EST 2010</edited>
<value><point x="11041" y="17212"/></value>
<metadata author="">

</metadata>
</contour>
<contour name="Process 446" class="PointContour" color="#717cf8" visible="true">
<created>Fri Nov 26 16:49:26 EST 2010</created>
<edited>Fri Nov 26 16:49:26 EST 2010</edited>
<value><point x="12326" y="17402"/></value>
<metadata author="">

</metadata>
</contour>
<contour name="Process 462" class="PointContour" color="#e156ab" visible="true">
<created>Fri Dec 03 23:29:33 EST 2010</created>
<edited>Fri Dec 03 23:29:33 EST 2010</edited>
<value><point x="12108" y="17286"/></value>
<metadata author="">

</metadata>
</contour>
<contour name="Process 466" class="PointContour" color="#722e57" visible="true">
<created>Sat Dec 04 00:03:59 EST 2010</created>
<edited>Sat Dec 04 00:03:59 EST 2010</edited>
<value><point x="12357" y="17346"/></value>
<metadata author="">

</metadata>
</contour>
<contour name="Process 467" class="PointContour" color="#a56551" visible="true">
<created>Sat Dec 04 00:14:18 EST 2010</created>
<edited>Sat Dec 04 00:14:18 EST 2010</edited>
<value><point x="12243" y="20394"/></value>
<metadata author="">

</metadata>
</contour>
<contour name="Process 468" class="PointContour" color="#5025db" visible="true">
<created>Sat Dec 04 00:23:49 EST 2010</created>
<edited>Sat Dec 04 00:23:49 EST 2010</edited>
<value><point x="16218" y="15915"/></value>
<metadata author="">

</metadata>
</contour>
<contour name="Process 474" class="PointContour" color="#068f4d" visible="true">
<created>Tue Feb 08 14:14:36 EST 2011</created>
<edited>Tue Feb 08 14:14:36 EST 2011</edited>
<value><point x="7769" y="19169"/></value>
<metadata author="">

</metadata>
</contour>
<contour name="Process 475" class="PointContour" color="#5a9bb6" visible="true">
<created>Tue Feb 08 14:16:52 EST 2011</created>
<edited>Tue Feb 08 14:16:52 EST 2011</edited>
<value><point x="11572" y="19546"/></value>
<metadata author="">

</metadata>
</contour>
<contour name="Process 475" class="PointContour" color="#5a9bb6" visible="true">
<created>Tue Feb 08 14:17:09 EST 2011</created>
<edited>Tue Feb 08 14:17:09 EST 2011</edited>
<value><point x="11338" y="19674"/></value>
<metadata author="">

</metadata>
</contour>
<contour name="Process 475" class="PointContour" color="#5a9bb6" visible="true">
<created>Tue Feb 08 14:18:53 EST 2011</created>
<edited>Tue Feb 08 14:18:53 EST 2011</edited>
<value><point x="9951" y="21080"/></value>
<metadata author="">

</metadata>
</contour>
<contour name="Process 477" class="PointContour" color="#0146e8" visible="true">
<created>Tue Feb 08 14:54:00 EST 2011</created>
<edited>Tue Feb 08 14:54:00 EST 2011</edited>
<value><point x="11983" y="19891"/></value>
<metadata author="">

</metadata>
</contour>
<contour name="Process 477" class="PointContour" color="#0146e8" visible="true">
<created>Tue Feb 08 14:54:14 EST 2011</created>
<edited>Tue Feb 08 14:54:14 EST 2011</edited>
<value><point x="11929" y="20359"/></value>
<metadata author="">

</metadata>
</contour>
<contour name="Process 489" class="PointContour" color="#267e56" visible="true">
<created>Wed Feb 09 11:40:18 EST 2011</created>
<edited>Wed Feb 09 11:40:18 EST 2011</edited>
<value><point x="12659" y="19684"/></value>
<metadata author="">

</metadata>
</contour>
<contour name="Process 491" class="PointContour" color="#a4ddcc" visible="true">
<created>Wed Feb 09 12:00:17 EST 2011</created>
<edited>Wed Feb 09 12:00:17 EST 2011</edited>
<value><point x="12410" y="19709"/></value>
<metadata author="">

</metadata>
</contour>
<contour name="Process 492" class="PointContour" color="#3725ba" visible="true">
<created>Wed Feb 09 15:36:59 EST 2011</created>
<edited>Wed Feb 09 15:36:59 EST 2011</edited>
<value><point x="12784" y="19728"/></value>
<metadata author="">

</metadata>
</contour>
<contour name="Process 513" class="PointContour" color="#123cee" visible="true">
<created>Fri Feb 11 12:22:35 EST 2011</created>
<edited>Fri Feb 11 12:22:35 EST 2011</edited>
<value><point x="10075" y="20104"/></value>
<metadata author="">

</metadata>
</contour>
<contour name="Process 513" class="PointContour" color="#123cee" visible="true">
<created>Fri Feb 11 12:23:28 EST 2011</created>
<edited>Fri Feb 11 12:23:28 EST 2011</edited>
<value><point x="8525" y="21401"/></value>
<metadata author="">

</metadata>
</contour>
<contour name="Trail 15" class="PointContour" color="#46ffdc" visible="true">
<created>Thu Feb 17 10:56:09 EST 2011</created>
<edited>Thu Feb 17 10:56:09 EST 2011</edited>
<value><point x="9532" y="15071"/></value>
<metadata author="">

</metadata>
</contour>
<contour name="Trail 12" class="PointContour" color="#ffa568" visible="true">
<created>Thu Mar 10 14:58:26 EST 2011</created>
<edited>Thu Mar 10 14:58:26 EST 2011</edited>
<value><point x="10527" y="15729"/></value>
<metadata author="">

</metadata>
</contour>
<contour name="Trail 12" class="PointContour" color="#ffa568" visible="true">
<created>Thu Mar 10 14:58:43 EST 2011</created>
<edited>Thu Mar 10 14:58:43 EST 2011</edited>
<value><point x="10480" y="15271"/></value>
<metadata author="">

</metadata>
</contour>
<contour name="Trail 12" class="PointContour" color="#ffa568" visible="true">
<created>Thu Mar 10 15:00:22 EST 2011</created>
<edited>Thu Mar 10 15:00:22 EST 2011</edited>
<value><point x="9150" y="12390"/></value>
<metadata author="">

</metadata>
</contour>
<contour name="Trail 127" class="PointContour" color="#ff9009" visible="true">
<created>Sun Mar 13 18:55:58 EDT 2011</created>
<edited>Sun Mar 13 18:55:58 EDT 2011</edited>
<value><point x="14108" y="18262"/></value>
<metadata author="">

</metadata>
</contour>
<contour name="Trail 146" class="PointContour" color="#a3c6ff" visible="true">
<created>Mon Mar 14 11:34:16 EDT 2011</created>
<edited>Mon Mar 14 11:34:16 EDT 2011</edited>
<value><point x="17984" y="18279"/></value>
<metadata author="">

</metadata>
</contour>
</contours>