<!--Last edited: 2011/03/14 19:51:16-->
<contours>
<contour name="Process 420" class="PointContour" color="#4fe1fe" visible="true">
<created>Wed Nov 24 16:51:48 EST 2010</created>
<edited>Wed Nov 24 16:51:48 EST 2010</edited>
<value><point x="9225" y="17958"/></value>
<metadata author="">

</metadata>
</contour>
<contour name="Process 421" class="PointContour" color="#e61dae" visible="true">
<created>Wed Nov 24 17:07:07 EST 2010</created>
<edited>Wed Nov 24 17:07:07 EST 2010</edited>
<value><point x="9201" y="17290"/></value>
<metadata author="">

</metadata>
</contour>
<contour name="Process 422" class="PointContour" color="#f8e1f2" visible="true">
<created>Wed Nov 24 17:23:49 EST 2010</created>
<edited>Wed Nov 24 17:23:49 EST 2010</edited>
<value><point x="7243" y="16937"/></value>
<metadata author="">

</metadata>
</contour>
<contour name="Process 424" class="PointContour" color="#f4ed50" visible="true">
<created>Wed Nov 24 18:04:36 EST 2010</created>
<edited>Wed Nov 24 18:04:36 EST 2010</edited>
<value><point x="8724" y="17737"/></value>
<metadata author="">

</metadata>
</contour>
<contour name="Process 425" class="PointContour" color="#b3923c" visible="true">
<created>Wed Nov 24 19:02:31 EST 2010</created>
<edited>Wed Nov 24 19:02:31 EST 2010</edited>
<value><point x="7742" y="17331"/></value>
<metadata author="">

</metadata>
</contour>
<contour name="Process 426" class="PointContour" color="#a969fa" visible="true">
<created>Wed Nov 24 19:16:39 EST 2010</created>
<edited>Wed Nov 24 19:16:39 EST 2010</edited>
<value><point x="7252" y="20808"/></value>
<metadata author="">

</metadata>
</contour>
<contour name="Process 426" class="PointContour" color="#a969fa" visible="true">
<created>Wed Nov 24 19:17:15 EST 2010</created>
<edited>Wed Nov 24 19:17:15 EST 2010</edited>
<value><point x="6654" y="20847"/></value>
<metadata author="">

</metadata>
</contour>
<contour name="Process 427" class="PointContour" color="#2e69d9" visible="true">
<created>Wed Nov 24 19:30:01 EST 2010</created>
<edited>Wed Nov 24 19:30:01 EST 2010</edited>
<value><point x="5604" y="22444"/></value>
<metadata author="">

</metadata>
</contour>
<contour name="Process 428" class="PointContour" color="#fd30e1" visible="true">
<created>Wed Nov 24 19:53:23 EST 2010</created>
<edited>Wed Nov 24 19:53:23 EST 2010</edited>
<value><point x="9616" y="19719"/></value>
<metadata author="">

</metadata>
</contour>
<contour name="Process 431" class="PointContour" color="#a298f6" visible="true">
<created>Wed Nov 24 20:27:33 EST 2010</created>
<edited>Wed Nov 24 20:27:33 EST 2010</edited>
<value><point x="5826" y="22885"/></value>
<metadata author="">

</metadata>
</contour>
<contour name="Process 435" class="PointContour" color="#0430ee" visible="true">
<created>Thu Nov 25 00:14:41 EST 2010</created>
<edited>Thu Nov 25 00:14:41 EST 2010</edited>
<value><point x="9874" y="13595"/></value>
<metadata author="">

</metadata>
</contour>
<contour name="Process 435" class="PointContour" color="#0430ee" visible="true">
<created>Thu Nov 25 00:21:14 EST 2010</created>
<edited>Thu Nov 25 00:21:14 EST 2010</edited>
<value><point x="8392" y="8929"/></value>
<metadata author="">

</metadata>
</contour>
<contour name="Process 441" class="PointContour" color="#d89428" visible="true">
<created>Thu Nov 25 14:46:19 EST 2010</created>
<edited>Thu Nov 25 14:46:19 EST 2010</edited>
<value><point x="15213" y="14589"/></value>
<metadata author="">

</metadata>
</contour>
<contour name="Process 441" class="PointContour" color="#d89428" visible="true">
<created>Thu Nov 25 14:47:30 EST 2010</created>
<edited>Thu Nov 25 14:47:30 EST 2010</edited>
<value><point x="15914" y="13344"/></value>
<metadata author="">

</metadata>
</contour>
<contour name="Process 443" class="PointContour" color="#a38ff2" visible="true">
<created>Thu Nov 25 19:26:59 EST 2010</created>
<edited>Thu Nov 25 19:26:59 EST 2010</edited>
<value><point x="9879" y="17004"/></value>
<metadata author="">

</metadata>
</contour>
<contour name="Process 449" class="PointContour" color="#697c74" visible="true">
<created>Fri Nov 26 18:03:27 EST 2010</created>
<edited>Fri Nov 26 18:03:27 EST 2010</edited>
<value><point x="11562" y="18731"/></value>
<metadata author="">

</metadata>
</contour>
<contour name="Process 450" class="PointContour" color="#866c5b" visible="true">
<created>Fri Nov 26 21:02:37 EST 2010</created>
<edited>Fri Nov 26 21:02:37 EST 2010</edited>
<value><point x="12403" y="16438"/></value>
<metadata author="">

</metadata>
</contour>
<contour name="Process 451" class="PointContour" color="#bcad85" visible="true">
<created>Fri Nov 26 21:15:14 EST 2010</created>
<edited>Fri Nov 26 21:15:14 EST 2010</edited>
<value><point x="15537" y="10923"/></value>
<metadata author="">

</metadata>
</contour>
<contour name="Process 455" class="PointContour" color="#d456a5" visible="true">
<created>Sat Nov 27 12:38:56 EST 2010</created>
<edited>Sat Nov 27 12:38:56 EST 2010</edited>
<value><point x="10219" y="19427"/></value>
<metadata author="">

</metadata>
</contour>
<contour name="Process 456" class="PointContour" color="#cbbd91" visible="true">
<created>Sat Nov 27 12:48:11 EST 2010</created>
<edited>Sat Nov 27 12:48:11 EST 2010</edited>
<value><point x="12395" y="18813"/></value>
<metadata author="">

</metadata>
</contour>
<contour name="Process 457" class="PointContour" color="#f8a74f" visible="true">
<created>Sat Nov 27 12:58:38 EST 2010</created>
<edited>Sat Nov 27 12:58:38 EST 2010</edited>
<value><point x="12292" y="19375"/></value>
<metadata author="">

</metadata>
</contour>
<contour name="Process 458" class="PointContour" color="#10a180" visible="true">
<created>Sat Nov 27 13:08:46 EST 2010</created>
<edited>Sat Nov 27 13:08:46 EST 2010</edited>
<value><point x="12408" y="19202"/></value>
<metadata author="">

</metadata>
</contour>
<contour name="Process 459" class="PointContour" color="#15a084" visible="true">
<created>Sat Nov 27 14:13:14 EST 2010</created>
<edited>Sat Nov 27 14:13:14 EST 2010</edited>
<value><point x="12090" y="20367"/></value>
<metadata author="">

</metadata>
</contour>
<contour name="Process 465" class="PointContour" color="#ae4a09" visible="true">
<created>Fri Dec 03 23:56:46 EST 2010</created>
<edited>Fri Dec 03 23:56:46 EST 2010</edited>
<value><point x="11390" y="17094"/></value>
<metadata author="">

</metadata>
</contour>
<contour name="Process 466" class="PointContour" color="#722e57" visible="true">
<created>Sat Dec 04 00:05:54 EST 2010</created>
<edited>Sat Dec 04 00:05:54 EST 2010</edited>
<value><point x="10442" y="16527"/></value>
<metadata author="">

</metadata>
</contour>
<contour name="Process 469" class="PointContour" color="#7f3a2b" visible="true">
<created>Sat Dec 04 00:29:09 EST 2010</created>
<edited>Sat Dec 04 00:29:09 EST 2010</edited>
<value><point x="11126" y="20576"/></value>
<metadata author="">

</metadata>
</contour>
<contour name="Process 470" class="PointContour" color="#266149" visible="true">
<created>Sat Dec 04 13:32:15 EST 2010</created>
<edited>Sat Dec 04 13:32:15 EST 2010</edited>
<value><point x="9340" y="17867"/></value>
<metadata author="">

</metadata>
</contour>
<contour name="Process 471" class="PointContour" color="#da4772" visible="true">
<created>Sat Dec 04 13:39:25 EST 2010</created>
<edited>Sat Dec 04 13:39:25 EST 2010</edited>
<value><point x="8521" y="15256"/></value>
<metadata author="">

</metadata>
</contour>
<contour name="Process 473" class="PointContour" color="#811f28" visible="true">
<created>Tue Feb 08 14:02:41 EST 2011</created>
<edited>Tue Feb 08 14:02:41 EST 2011</edited>
<value><point x="13914" y="22027"/></value>
<metadata author="">

</metadata>
</contour>
<contour name="Process 478" class="PointContour" color="#4bab49" visible="true">
<created>Tue Feb 08 15:12:41 EST 2011</created>
<edited>Tue Feb 08 15:12:41 EST 2011</edited>
<value><point x="16009" y="22432"/></value>
<metadata author="">

</metadata>
</contour>
<contour name="Process 480" class="PointContour" color="#ace8dd" visible="true">
<created>Tue Feb 08 15:30:59 EST 2011</created>
<edited>Tue Feb 08 15:30:59 EST 2011</edited>
<value><point x="6198" y="20408"/></value>
<metadata author="">

</metadata>
</contour>
<contour name="Process 481" class="PointContour" color="#51749d" visible="true">
<created>Tue Feb 08 15:52:53 EST 2011</created>
<edited>Tue Feb 08 15:52:53 EST 2011</edited>
<value><point x="11044" y="20402"/></value>
<metadata author="">

</metadata>
</contour>
<contour name="Process 482" class="PointContour" color="#965dda" visible="true">
<created>Tue Feb 08 17:24:37 EST 2011</created>
<edited>Tue Feb 08 17:24:37 EST 2011</edited>
<value><point x="15889" y="23358"/></value>
<metadata author="">

</metadata>
</contour>
<contour name="Process 488" class="PointContour" color="#e590b3" visible="true">
<created>Wed Feb 09 10:45:30 EST 2011</created>
<edited>Wed Feb 09 10:45:30 EST 2011</edited>
<value><point x="13021" y="21072"/></value>
<metadata author="">

</metadata>
</contour>
<contour name="Process 526" class="PointContour" color="#8d24e6" visible="true">
<created>Fri Feb 11 17:28:16 EST 2011</created>
<edited>Fri Feb 11 17:28:16 EST 2011</edited>
<value><point x="13765" y="19958"/></value>
<metadata author="">

</metadata>
</contour>
<contour name="Trail 529" class="PointContour" color="#1ca7ed" visible="true">
<created>Mon Feb 14 11:34:13 EST 2011</created>
<edited>Mon Feb 14 11:34:13 EST 2011</edited>
<value><point x="9823" y="18781"/></value>
<metadata author="">

</metadata>
</contour>
<contour name="Trail 530" class="PointContour" color="#d5e631" visible="true">
<created>Mon Feb 14 11:39:17 EST 2011</created>
<edited>Mon Feb 14 11:39:17 EST 2011</edited>
<value><point x="10108" y="19436"/></value>
<metadata author="">

</metadata>
</contour>
<contour name="Trail 532" class="PointContour" color="#fabd81" visible="true">
<created>Mon Feb 14 11:47:52 EST 2011</created>
<edited>Mon Feb 14 11:47:52 EST 2011</edited>
<value><point x="7184" y="19501"/></value>
<metadata author="">

</metadata>
</contour>
<contour name="Trail 534" class="PointContour" color="#001c95" visible="true">
<created>Mon Feb 14 12:11:12 EST 2011</created>
<edited>Mon Feb 14 12:11:12 EST 2011</edited>
<value><point x="12338" y="19244"/></value>
<metadata author="">

</metadata>
</contour>
<contour name="Trail 535" class="PointContour" color="#bcc72b" visible="true">
<created>Mon Feb 14 12:56:51 EST 2011</created>
<edited>Mon Feb 14 12:56:51 EST 2011</edited>
<value><point x="11072" y="18388"/></value>
<metadata author="">

</metadata>
</contour>
<contour name="Trail 65" class="PointContour" color="#e3ff0e" visible="true">
<created>Mon Feb 14 15:25:22 EST 2011</created>
<edited>Mon Feb 14 15:25:22 EST 2011</edited>
<value><point x="11503" y="17747"/></value>
<metadata author="">

</metadata>
</contour>
<contour name="Trail 115" class="PointContour" color="#cbff04" visible="true">
<created>Mon Feb 14 15:36:00 EST 2011</created>
<edited>Mon Feb 14 15:36:00 EST 2011</edited>
<value><point x="14837" y="19856"/></value>
<metadata author="">

</metadata>
</contour>
<contour name="Trail 94" class="PointContour" color="#beff05" visible="true">
<created>Mon Feb 14 15:52:21 EST 2011</created>
<edited>Mon Feb 14 15:52:21 EST 2011</edited>
<value><point x="9709" y="20948"/></value>
<metadata author="">

</metadata>
</contour>
<contour name="Trail 49" class="PointContour" color="#4053cc" visible="true">
<created>Mon Feb 14 15:57:19 EST 2011</created>
<edited>Mon Feb 14 15:57:19 EST 2011</edited>
<value><point x="10985" y="19591"/></value>
<metadata author="">

</metadata>
</contour>
<contour name="Trail 26" class="PointContour" color="#c21ebd" visible="true">
<created>Tue Feb 15 11:57:41 EST 2011</created>
<edited>Tue Feb 15 11:57:41 EST 2011</edited>
<value><point x="11787" y="18718"/></value>
<metadata author="">

</metadata>
</contour>
<contour name="Trail 38" class="PointContour" color="#f7edc9" visible="true">
<created>Tue Feb 15 12:02:28 EST 2011</created>
<edited>Tue Feb 15 12:02:28 EST 2011</edited>
<value><point x="12461" y="18163"/></value>
<metadata author="">

</metadata>
</contour>
<contour name="Trail 52" class="PointContour" color="#b10aff" visible="true">
<created>Tue Feb 15 12:17:49 EST 2011</created>
<edited>Tue Feb 15 12:17:49 EST 2011</edited>
<value><point x="12388" y="18233"/></value>
<metadata author="">

</metadata>
</contour>
<contour name="Trail 40" class="PointContour" color="#c4f7b5" visible="true">
<created>Tue Feb 15 12:22:54 EST 2011</created>
<edited>Tue Feb 15 12:22:54 EST 2011</edited>
<value><point x="11871" y="18580"/></value>
<metadata author="">

</metadata>
</contour>
<contour name="Trail 45" class="PointContour" color="#80d2ff" visible="true">
<created>Tue Feb 15 12:30:02 EST 2011</created>
<edited>Tue Feb 15 12:30:02 EST 2011</edited>
<value><point x="11391" y="17358"/></value>
<metadata author="">

</metadata>
</contour>
<contour name="Trail 86" class="PointContour" color="#ff067f" visible="true">
<created>Tue Feb 15 14:18:24 EST 2011</created>
<edited>Tue Feb 15 14:18:24 EST 2011</edited>
<value><point x="13179" y="17390"/></value>
<metadata author="">

</metadata>
</contour>
<contour name="Trail 97" class="PointContour" color="#05ff95" visible="true">
<created>Tue Feb 15 14:50:20 EST 2011</created>
<edited>Tue Feb 15 14:50:20 EST 2011</edited>
<value><point x="3907" y="15402"/></value>
<metadata author="">

</metadata>
</contour>
<contour name="Trail 39" class="PointContour" color="#a4f7f2" visible="true">
<created>Tue Feb 15 14:53:07 EST 2011</created>
<edited>Tue Feb 15 14:53:07 EST 2011</edited>
<value><point x="10730" y="18505"/></value>
<metadata author="">

</metadata>
</contour>
<contour name="Trail 205" class="PointContour" color="#0ddcff" visible="true">
<created>Tue Feb 15 15:02:48 EST 2011</created>
<edited>Tue Feb 15 15:02:48 EST 2011</edited>
<value><point x="11621" y="17070"/></value>
<metadata author="">

</metadata>
</contour>
<contour name="Trail 53" class="PointContour" color="#d507ff" visible="true">
<created>Tue Feb 15 17:51:40 EST 2011</created>
<edited>Tue Feb 15 17:51:40 EST 2011</edited>
<value><point x="12092" y="19172"/></value>
<metadata author="">

</metadata>
</contour>
<contour name="Trail 8" class="PointContour" color="#2d23ff" visible="true">
<created>Thu Feb 17 10:12:55 EST 2011</created>
<edited>Thu Feb 17 10:12:55 EST 2011</edited>
<value><point x="12373" y="18776"/></value>
<metadata author="">

</metadata>
</contour>
<contour name="Trail 96" class="PointContour" color="#55ff01" visible="true">
<created>Thu Feb 17 11:18:18 EST 2011</created>
<edited>Thu Feb 17 11:18:18 EST 2011</edited>
<value><point x="4859" y="22714"/></value>
<metadata author="">

</metadata>
</contour>
<contour name="Trail 12" class="PointContour" color="#ffa568" visible="true">
<created>Thu Mar 10 14:17:32 EST 2011</created>
<edited>Thu Mar 10 14:17:32 EST 2011</edited>
<value><point x="13821" y="19359"/></value>
<metadata author="">

</metadata>
</contour>
<contour name="Trail 25" class="PointContour" color="#448fc2" visible="true">
<created>Thu Mar 10 16:56:20 EST 2011</created>
<edited>Thu Mar 10 16:56:20 EST 2011</edited>
<value><point x="11627" y="16303"/></value>
<metadata author="">

</metadata>
</contour>
<contour name="Trail 33" class="PointContour" color="#f70fe0" visible="true">
<created>Sun Mar 13 16:40:14 EDT 2011</created>
<edited>Sun Mar 13 16:40:14 EDT 2011</edited>
<value><point x="12609" y="18477"/></value>
<metadata author="">

</metadata>
</contour>
<contour name="Trail 41" class="PointContour" color="#b2aff7" visible="true">
<created>Sun Mar 13 17:01:45 EDT 2011</created>
<edited>Sun Mar 13 17:01:45 EDT 2011</edited>
<value><point x="10696" y="17570"/></value>
<metadata author="">

</metadata>
</contour>
<contour name="Trail 127" class="PointContour" color="#ff9009" visible="true">
<created>Sun Mar 13 19:12:00 EDT 2011</created>
<edited>Sun Mar 13 19:12:00 EDT 2011</edited>
<value><point x="11137" y="18071"/></value>
<metadata author="">

</metadata>
</contour>
<contour name="Trail 134" class="PointContour" color="#0954ff" visible="true">
<created>Sun Mar 13 19:52:22 EDT 2011</created>
<edited>Sun Mar 13 19:52:22 EDT 2011</edited>
<value><point x="11348" y="14827"/></value>
<metadata author="">

</metadata>
</contour>
</contours>