<!--Last edited: 2011/03/14 19:51:15-->
<contours>
<contour name="Process 420" class="PointContour" color="#4fe1fe" visible="true">
<created>Wed Nov 24 16:51:23 EST 2010</created>
<edited>Wed Nov 24 16:51:23 EST 2010</edited>
<value><point x="9927" y="17583"/></value>
<metadata author="">

</metadata>
</contour>
<contour name="Process 421" class="PointContour" color="#e61dae" visible="true">
<created>Wed Nov 24 17:06:13 EST 2010</created>
<edited>Wed Nov 24 17:06:13 EST 2010</edited>
<value><point x="9455" y="17354"/></value>
<metadata author="">

</metadata>
</contour>
<contour name="Process 422" class="PointContour" color="#f8e1f2" visible="true">
<created>Wed Nov 24 17:22:44 EST 2010</created>
<edited>Wed Nov 24 17:22:44 EST 2010</edited>
<value><point x="8105" y="17416"/></value>
<metadata author="">

</metadata>
</contour>
<contour name="Process 424" class="PointContour" color="#f4ed50" visible="true">
<created>Wed Nov 24 18:03:36 EST 2010</created>
<edited>Wed Nov 24 18:03:36 EST 2010</edited>
<value><point x="9722" y="17474"/></value>
<metadata author="">

</metadata>
</contour>
<contour name="Process 425" class="PointContour" color="#b3923c" visible="true">
<created>Wed Nov 24 18:58:56 EST 2010</created>
<edited>Wed Nov 24 18:58:56 EST 2010</edited>
<value><point x="8688" y="18099"/></value>
<metadata author="">

</metadata>
</contour>
<contour name="Process 426" class="PointContour" color="#a969fa" visible="true">
<created>Wed Nov 24 19:15:24 EST 2010</created>
<edited>Wed Nov 24 19:15:24 EST 2010</edited>
<value><point x="9478" y="20345"/></value>
<metadata author="">

</metadata>
</contour>
<contour name="Process 427" class="PointContour" color="#2e69d9" visible="true">
<created>Wed Nov 24 19:28:16 EST 2010</created>
<edited>Wed Nov 24 19:28:16 EST 2010</edited>
<value><point x="7405" y="20827"/></value>
<metadata author="">

</metadata>
</contour>
<contour name="Process 428" class="PointContour" color="#fd30e1" visible="true">
<created>Wed Nov 24 19:52:21 EST 2010</created>
<edited>Wed Nov 24 19:52:21 EST 2010</edited>
<value><point x="9857" y="18990"/></value>
<metadata author="">

</metadata>
</contour>
<contour name="Process 431" class="PointContour" color="#a298f6" visible="true">
<created>Wed Nov 24 20:23:05 EST 2010</created>
<edited>Wed Nov 24 20:23:05 EST 2010</edited>
<value><point x="9897" y="20256"/></value>
<metadata author="">

</metadata>
</contour>
<contour name="Process 434" class="PointContour" color="#8a9f56" visible="true">
<created>Thu Nov 25 00:03:23 EST 2010</created>
<edited>Thu Nov 25 00:03:23 EST 2010</edited>
<value><point x="10444" y="17839"/></value>
<metadata author="">

</metadata>
</contour>
<contour name="Process 435" class="PointContour" color="#0430ee" visible="true">
<created>Thu Nov 25 00:13:25 EST 2010</created>
<edited>Thu Nov 25 00:13:25 EST 2010</edited>
<value><point x="10066" y="14573"/></value>
<metadata author="">

</metadata>
</contour>
<contour name="Process 435" class="PointContour" color="#0430ee" visible="true">
<created>Thu Nov 25 00:18:58 EST 2010</created>
<edited>Thu Nov 25 00:18:58 EST 2010</edited>
<value><point x="8603" y="10735"/></value>
<metadata author="">

</metadata>
</contour>
<contour name="Process 435" class="PointContour" color="#0430ee" visible="true">
<created>Thu Nov 25 00:19:47 EST 2010</created>
<edited>Thu Nov 25 00:19:47 EST 2010</edited>
<value><point x="8505" y="9577"/></value>
<metadata author="">

</metadata>
</contour>
<contour name="Process 441" class="PointContour" color="#d89428" visible="true">
<created>Thu Nov 25 14:44:01 EST 2010</created>
<edited>Thu Nov 25 14:44:01 EST 2010</edited>
<value><point x="13308" y="16098"/></value>
<metadata author="">

</metadata>
</contour>
<contour name="Process 443" class="PointContour" color="#a38ff2" visible="true">
<created>Thu Nov 25 19:26:28 EST 2010</created>
<edited>Thu Nov 25 19:26:28 EST 2010</edited>
<value><point x="10246" y="17090"/></value>
<metadata author="">

</metadata>
</contour>
<contour name="Process 449" class="PointContour" color="#697c74" visible="true">
<created>Fri Nov 26 18:02:22 EST 2010</created>
<edited>Fri Nov 26 18:02:22 EST 2010</edited>
<value><point x="11259" y="19336"/></value>
<metadata author="">

</metadata>
</contour>
<contour name="Process 450" class="PointContour" color="#866c5b" visible="true">
<created>Fri Nov 26 21:02:09 EST 2010</created>
<edited>Fri Nov 26 21:02:09 EST 2010</edited>
<value><point x="12356" y="16534"/></value>
<metadata author="">

</metadata>
</contour>
<contour name="Process 451" class="PointContour" color="#bcad85" visible="true">
<created>Fri Nov 26 21:12:17 EST 2010</created>
<edited>Fri Nov 26 21:12:17 EST 2010</edited>
<value><point x="13088" y="14482"/></value>
<metadata author="">

</metadata>
</contour>
<contour name="Process 451" class="PointContour" color="#bcad85" visible="true">
<created>Fri Nov 26 21:12:48 EST 2010</created>
<edited>Fri Nov 26 21:12:48 EST 2010</edited>
<value><point x="13736" y="13758"/></value>
<metadata author="">

</metadata>
</contour>
<contour name="Process 451" class="PointContour" color="#bcad85" visible="true">
<created>Fri Nov 26 21:13:35 EST 2010</created>
<edited>Fri Nov 26 21:13:35 EST 2010</edited>
<value><point x="14446" y="12524"/></value>
<metadata author="">

</metadata>
</contour>
<contour name="Process 455" class="PointContour" color="#d456a5" visible="true">
<created>Sat Nov 27 12:38:08 EST 2010</created>
<edited>Sat Nov 27 12:38:08 EST 2010</edited>
<value><point x="10678" y="19014"/></value>
<metadata author="">

</metadata>
</contour>
<contour name="Process 456" class="PointContour" color="#cbbd91" visible="true">
<created>Sat Nov 27 12:47:36 EST 2010</created>
<edited>Sat Nov 27 12:47:36 EST 2010</edited>
<value><point x="12473" y="18738"/></value>
<metadata author="">

</metadata>
</contour>
<contour name="Process 457" class="PointContour" color="#f8a74f" visible="true">
<created>Sat Nov 27 12:57:47 EST 2010</created>
<edited>Sat Nov 27 12:57:47 EST 2010</edited>
<value><point x="12579" y="19014"/></value>
<metadata author="">

</metadata>
</contour>
<contour name="Process 458" class="PointContour" color="#10a180" visible="true">
<created>Sat Nov 27 13:08:09 EST 2010</created>
<edited>Sat Nov 27 13:08:09 EST 2010</edited>
<value><point x="12117" y="19057"/></value>
<metadata author="">

</metadata>
</contour>
<contour name="Process 459" class="PointContour" color="#15a084" visible="true">
<created>Sat Nov 27 14:12:11 EST 2010</created>
<edited>Sat Nov 27 14:12:11 EST 2010</edited>
<value><point x="11485" y="19455"/></value>
<metadata author="">

</metadata>
</contour>
<contour name="Process 460" class="PointContour" color="#782b43" visible="true">
<created>Fri Dec 03 15:16:12 EST 2010</created>
<edited>Fri Dec 03 15:16:12 EST 2010</edited>
<value><point x="16258" y="16795"/></value>
<metadata author="">

</metadata>
</contour>
<contour name="Process 460" class="PointContour" color="#782b43" visible="true">
<created>Fri Dec 03 15:16:23 EST 2010</created>
<edited>Fri Dec 03 15:16:23 EST 2010</edited>
<value><point x="16808" y="16490"/></value>
<metadata author="">

</metadata>
</contour>
<contour name="Process 465" class="PointContour" color="#ae4a09" visible="true">
<created>Fri Dec 03 23:56:14 EST 2010</created>
<edited>Fri Dec 03 23:56:14 EST 2010</edited>
<value><point x="11911" y="17052"/></value>
<metadata author="">

</metadata>
</contour>
<contour name="Process 466" class="PointContour" color="#722e57" visible="true">
<created>Sat Dec 04 00:05:25 EST 2010</created>
<edited>Sat Dec 04 00:05:25 EST 2010</edited>
<value><point x="10751" y="16598"/></value>
<metadata author="">

</metadata>
</contour>
<contour name="Process 469" class="PointContour" color="#7f3a2b" visible="true">
<created>Sat Dec 04 00:28:52 EST 2010</created>
<edited>Sat Dec 04 00:28:52 EST 2010</edited>
<value><point x="11272" y="20415"/></value>
<metadata author="">

</metadata>
</contour>
<contour name="Process 470" class="PointContour" color="#266149" visible="true">
<created>Sat Dec 04 13:31:48 EST 2010</created>
<edited>Sat Dec 04 13:31:48 EST 2010</edited>
<value><point x="9915" y="17673"/></value>
<metadata author="">

</metadata>
</contour>
<contour name="Process 471" class="PointContour" color="#da4772" visible="true">
<created>Sat Dec 04 13:38:49 EST 2010</created>
<edited>Sat Dec 04 13:38:49 EST 2010</edited>
<value><point x="9166" y="16626"/></value>
<metadata author="">

</metadata>
</contour>
<contour name="Process 473" class="PointContour" color="#811f28" visible="true">
<created>Tue Feb 08 14:01:27 EST 2011</created>
<edited>Tue Feb 08 14:01:27 EST 2011</edited>
<value><point x="13028" y="21040"/></value>
<metadata author="">

</metadata>
</contour>
<contour name="Process 478" class="PointContour" color="#4bab49" visible="true">
<created>Tue Feb 08 15:10:43 EST 2011</created>
<edited>Tue Feb 08 15:10:43 EST 2011</edited>
<value><point x="12783" y="20682"/></value>
<metadata author="">

</metadata>
</contour>
<contour name="Process 480" class="PointContour" color="#ace8dd" visible="true">
<created>Tue Feb 08 15:29:20 EST 2011</created>
<edited>Tue Feb 08 15:29:20 EST 2011</edited>
<value><point x="9213" y="20488"/></value>
<metadata author="">

</metadata>
</contour>
<contour name="Process 481" class="PointContour" color="#51749d" visible="true">
<created>Tue Feb 08 15:52:20 EST 2011</created>
<edited>Tue Feb 08 15:52:20 EST 2011</edited>
<value><point x="11227" y="20149"/></value>
<metadata author="">

</metadata>
</contour>
<contour name="Process 482" class="PointContour" color="#965dda" visible="true">
<created>Tue Feb 08 17:23:12 EST 2011</created>
<edited>Tue Feb 08 17:23:12 EST 2011</edited>
<value><point x="15642" y="22784"/></value>
<metadata author="">

</metadata>
</contour>
<contour name="Process 482" class="PointContour" color="#965dda" visible="true">
<created>Tue Feb 08 17:23:22 EST 2011</created>
<edited>Tue Feb 08 17:23:22 EST 2011</edited>
<value><point x="15794" y="23009"/></value>
<metadata author="">

</metadata>
</contour>
<contour name="Process 488" class="PointContour" color="#e590b3" visible="true">
<created>Wed Feb 09 10:44:38 EST 2011</created>
<edited>Wed Feb 09 10:44:38 EST 2011</edited>
<value><point x="12857" y="20736"/></value>
<metadata author="">

</metadata>
</contour>
<contour name="Process 493" class="PointContour" color="#754904" visible="true">
<created>Wed Feb 09 15:45:35 EST 2011</created>
<edited>Wed Feb 09 15:45:35 EST 2011</edited>
<value><point x="9980" y="21570"/></value>
<metadata author="">

</metadata>
</contour>
<contour name="Process 493" class="PointContour" color="#754904" visible="true">
<created>Wed Feb 09 15:46:05 EST 2011</created>
<edited>Wed Feb 09 15:46:05 EST 2011</edited>
<value><point x="9701" y="21899"/></value>
<metadata author="">

</metadata>
</contour>
<contour name="Process 526" class="PointContour" color="#8d24e6" visible="true">
<created>Fri Feb 11 17:27:32 EST 2011</created>
<edited>Fri Feb 11 17:27:32 EST 2011</edited>
<value><point x="13291" y="19567"/></value>
<metadata author="">

</metadata>
</contour>
<contour name="Trail 527" class="PointContour" color="#453b96" visible="true">
<created>Mon Feb 14 10:53:49 EST 2011</created>
<edited>Mon Feb 14 10:53:49 EST 2011</edited>
<value><point x="14766" y="19349"/></value>
<metadata author="">

</metadata>
</contour>
<contour name="Trail 527" class="PointContour" color="#453b96" visible="true">
<created>Mon Feb 14 11:19:48 EST 2011</created>
<edited>Mon Feb 14 11:19:48 EST 2011</edited>
<value><point x="16848" y="19917"/></value>
<metadata author="">

</metadata>
</contour>
<contour name="Trail 527" class="PointContour" color="#453b96" visible="true">
<created>Mon Feb 14 11:19:48 EST 2011</created>
<edited>Mon Feb 14 11:19:48 EST 2011</edited>
<value><point x="16848" y="19917"/></value>
<metadata author="">

</metadata>
</contour>
<contour name="Trail 529" class="PointContour" color="#1ca7ed" visible="true">
<created>Mon Feb 14 11:33:10 EST 2011</created>
<edited>Mon Feb 14 11:33:10 EST 2011</edited>
<value><point x="10525" y="18894"/></value>
<metadata author="">

</metadata>
</contour>
<contour name="Trail 530" class="PointContour" color="#d5e631" visible="true">
<created>Mon Feb 14 11:38:48 EST 2011</created>
<edited>Mon Feb 14 11:38:48 EST 2011</edited>
<value><point x="10737" y="19105"/></value>
<metadata author="">

</metadata>
</contour>
<contour name="Trail 532" class="PointContour" color="#fabd81" visible="true">
<created>Mon Feb 14 11:46:56 EST 2011</created>
<edited>Mon Feb 14 11:46:56 EST 2011</edited>
<value><point x="10238" y="19414"/></value>
<metadata author="">

</metadata>
</contour>
<contour name="Trail 534" class="PointContour" color="#001c95" visible="true">
<created>Mon Feb 14 12:10:34 EST 2011</created>
<edited>Mon Feb 14 12:10:34 EST 2011</edited>
<value><point x="12082" y="18993"/></value>
<metadata author="">

</metadata>
</contour>
<contour name="Trail 535" class="PointContour" color="#bcc72b" visible="true">
<created>Mon Feb 14 12:55:30 EST 2011</created>
<edited>Mon Feb 14 12:55:30 EST 2011</edited>
<value><point x="11415" y="19388"/></value>
<metadata author="">

</metadata>
</contour>
<contour name="Trail 65" class="PointContour" color="#e3ff0e" visible="true">
<created>Mon Feb 14 15:24:36 EST 2011</created>
<edited>Mon Feb 14 15:24:36 EST 2011</edited>
<value><point x="11811" y="18323"/></value>
<metadata author="">

</metadata>
</contour>
<contour name="Trail 115" class="PointContour" color="#cbff04" visible="true">
<created>Mon Feb 14 15:34:51 EST 2011</created>
<edited>Mon Feb 14 15:34:51 EST 2011</edited>
<value><point x="13014" y="19387"/></value>
<metadata author="">

</metadata>
</contour>
<contour name="Trail 94" class="PointContour" color="#beff05" visible="true">
<created>Mon Feb 14 15:50:20 EST 2011</created>
<edited>Mon Feb 14 15:50:20 EST 2011</edited>
<value><point x="10446" y="19910"/></value>
<metadata author="">

</metadata>
</contour>
<contour name="Trail 49" class="PointContour" color="#4053cc" visible="true">
<created>Mon Feb 14 15:56:31 EST 2011</created>
<edited>Mon Feb 14 15:56:31 EST 2011</edited>
<value><point x="11406" y="18946"/></value>
<metadata author="">

</metadata>
</contour>
<contour name="Trail 159" class="PointContour" color="#afff08" visible="true">
<created>Mon Feb 14 16:05:22 EST 2011</created>
<edited>Mon Feb 14 16:05:22 EST 2011</edited>
<value><point x="11066" y="18461"/></value>
<metadata author="">

</metadata>
</contour>
<contour name="Trail 26" class="PointContour" color="#c21ebd" visible="true">
<created>Tue Feb 15 11:57:17 EST 2011</created>
<edited>Tue Feb 15 11:57:17 EST 2011</edited>
<value><point x="12086" y="18565"/></value>
<metadata author="">

</metadata>
</contour>
<contour name="Trail 38" class="PointContour" color="#f7edc9" visible="true">
<created>Tue Feb 15 12:01:54 EST 2011</created>
<edited>Tue Feb 15 12:01:54 EST 2011</edited>
<value><point x="12182" y="18353"/></value>
<metadata author="">

</metadata>
</contour>
<contour name="Trail 52" class="PointContour" color="#b10aff" visible="true">
<created>Tue Feb 15 12:17:30 EST 2011</created>
<edited>Tue Feb 15 12:17:30 EST 2011</edited>
<value><point x="12219" y="18387"/></value>
<metadata author="">

</metadata>
</contour>
<contour name="Trail 40" class="PointContour" color="#c4f7b5" visible="true">
<created>Tue Feb 15 12:22:21 EST 2011</created>
<edited>Tue Feb 15 12:22:21 EST 2011</edited>
<value><point x="12094" y="18344"/></value>
<metadata author="">

</metadata>
</contour>
<contour name="Trail 45" class="PointContour" color="#80d2ff" visible="true">
<created>Tue Feb 15 12:29:05 EST 2011</created>
<edited>Tue Feb 15 12:29:05 EST 2011</edited>
<value><point x="11449" y="17826"/></value>
<metadata author="">

</metadata>
</contour>
<contour name="Trail 86" class="PointContour" color="#ff067f" visible="true">
<created>Tue Feb 15 14:17:48 EST 2011</created>
<edited>Tue Feb 15 14:17:48 EST 2011</edited>
<value><point x="12373" y="17405"/></value>
<metadata author="">

</metadata>
</contour>
<contour name="Trail 97" class="PointContour" color="#05ff95" visible="true">
<created>Tue Feb 15 14:48:31 EST 2011</created>
<edited>Tue Feb 15 14:48:31 EST 2011</edited>
<value><point x="7728" y="17175"/></value>
<metadata author="">

</metadata>
</contour>
<contour name="Trail 97" class="PointContour" color="#05ff95" visible="true">
<created>Tue Feb 15 14:48:40 EST 2011</created>
<edited>Tue Feb 15 14:48:40 EST 2011</edited>
<value><point x="7070" y="17003"/></value>
<metadata author="">

</metadata>
</contour>
<contour name="Trail 97" class="PointContour" color="#05ff95" visible="true">
<created>Tue Feb 15 14:49:47 EST 2011</created>
<edited>Tue Feb 15 14:49:47 EST 2011</edited>
<value><point x="4376" y="16189"/></value>
<metadata author="">

</metadata>
</contour>
<contour name="Trail 39" class="PointContour" color="#a4f7f2" visible="true">
<created>Tue Feb 15 14:52:34 EST 2011</created>
<edited>Tue Feb 15 14:52:34 EST 2011</edited>
<value><point x="11058" y="18448"/></value>
<metadata author="">

</metadata>
</contour>
<contour name="Trail 205" class="PointContour" color="#0ddcff" visible="true">
<created>Tue Feb 15 15:02:04 EST 2011</created>
<edited>Tue Feb 15 15:02:04 EST 2011</edited>
<value><point x="11681" y="17261"/></value>
<metadata author="">

</metadata>
</contour>
<contour name="Trail 53" class="PointContour" color="#d507ff" visible="true">
<created>Tue Feb 15 16:23:53 EST 2011</created>
<edited>Tue Feb 15 16:23:53 EST 2011</edited>
<value><point x="12266" y="18833"/></value>
<metadata author="">

</metadata>
</contour>
<contour name="Trail 8" class="PointContour" color="#2d23ff" visible="true">
<created>Thu Feb 17 10:12:29 EST 2011</created>
<edited>Thu Feb 17 10:12:29 EST 2011</edited>
<value><point x="12286" y="18446"/></value>
<metadata author="">

</metadata>
</contour>
<contour name="Trail 15" class="PointContour" color="#46ffdc" visible="true">
<created>Thu Feb 17 10:19:45 EST 2011</created>
<edited>Thu Feb 17 10:19:45 EST 2011</edited>
<value><point x="10639" y="17336"/></value>
<metadata author="">

</metadata>
</contour>
<contour name="Trail 15" class="PointContour" color="#46ffdc" visible="true">
<created>Thu Feb 17 10:54:17 EST 2011</created>
<edited>Thu Feb 17 10:54:17 EST 2011</edited>
<value><point x="10139" y="16679"/></value>
<metadata author="">

</metadata>
</contour>
<contour name="Trail 96" class="PointContour" color="#55ff01" visible="true">
<created>Thu Feb 17 11:15:42 EST 2011</created>
<edited>Thu Feb 17 11:15:42 EST 2011</edited>
<value><point x="10017" y="20468"/></value>
<metadata author="">

</metadata>
</contour>
<contour name="Trail 12" class="PointContour" color="#ffa568" visible="true">
<created>Thu Mar 10 14:16:38 EST 2011</created>
<edited>Thu Mar 10 14:16:38 EST 2011</edited>
<value><point x="13285" y="18883"/></value>
<metadata author="">

</metadata>
</contour>
<contour name="Trail 25" class="PointContour" color="#448fc2" visible="true">
<created>Thu Mar 10 16:51:34 EST 2011</created>
<edited>Thu Mar 10 16:51:34 EST 2011</edited>
<value><point x="11311" y="16962"/></value>
<metadata author="">

</metadata>
</contour>
<contour name="Trail 33" class="PointContour" color="#f70fe0" visible="true">
<created>Sun Mar 13 16:39:47 EDT 2011</created>
<edited>Sun Mar 13 16:39:47 EDT 2011</edited>
<value><point x="12024" y="18218"/></value>
<metadata author="">

</metadata>
</contour>
<contour name="Trail 41" class="PointContour" color="#b2aff7" visible="true">
<created>Sun Mar 13 16:55:36 EDT 2011</created>
<edited>Sun Mar 13 16:55:36 EDT 2011</edited>
<value><point x="11364" y="17819"/></value>
<metadata author="">

</metadata>
</contour>
<contour name="Trail 127" class="PointContour" color="#ff9009" visible="true">
<created>Sun Mar 13 19:11:21 EDT 2011</created>
<edited>Sun Mar 13 19:11:21 EDT 2011</edited>
<value><point x="11927" y="18296"/></value>
<metadata author="">

</metadata>
</contour>
<contour name="Trail 134" class="PointContour" color="#0954ff" visible="true">
<created>Sun Mar 13 22:08:44 EDT 2011</created>
<edited>Sun Mar 13 22:08:44 EDT 2011</edited>
<value><point x="13110" y="21784"/></value>
<metadata author="">

</metadata>
</contour>
<contour name="Trail 134" class="PointContour" color="#0954ff" visible="true">
<created>Sun Mar 13 22:09:07 EDT 2011</created>
<edited>Sun Mar 13 22:09:07 EDT 2011</edited>
<value><point x="13302" y="23090"/></value>
<metadata author="">

</metadata>
</contour>
<contour name="Trail 134" class="PointContour" color="#0954ff" visible="true">
<created>Sun Mar 13 22:09:07 EDT 2011</created>
<edited>Sun Mar 13 22:09:07 EDT 2011</edited>
<value><point x="13302" y="23090"/></value>
<metadata author="">

</metadata>
</contour>
<contour name="Trail 187" class="PointContour" color="#afd2ff" visible="true">
<created>Mon Mar 14 11:50:40 EDT 2011</created>
<edited>Mon Mar 14 11:50:40 EDT 2011</edited>
<value><point x="8106" y="18620"/></value>
<metadata author="">

</metadata>
</contour>
<contour name="Trail 187" class="PointContour" color="#afd2ff" visible="true">
<created>Mon Mar 14 11:51:37 EDT 2011</created>
<edited>Mon Mar 14 11:51:37 EDT 2011</edited>
<value><point x="6369" y="18393"/></value>
<metadata author="">

</metadata>
</contour>
</contours>