<!--Last edited: 2011/03/14 19:51:13-->
<contours>
<contour name="Process 2" class="PointContour" color="#ff5107" visible="true">
<created>Wed Jun 02 16:08:46 EDT 2010</created>
<edited>Wed Jun 02 16:08:46 EDT 2010</edited>
<value><point x="12016" y="18532"/></value>
<metadata author="">

</metadata>
</contour>
<contour name="Process 262" class="PointContour" color="#2028b1" visible="true">
<created>Fri Jun 11 13:08:05 EDT 2010</created>
<edited>Fri Jun 11 13:08:05 EDT 2010</edited>
<value><point x="11196" y="18852"/></value>
<metadata author="">

</metadata>
</contour>
<contour name="Process 28" class="PointContour" color="#d1a73a" visible="true">
<created>Thu Jun 03 11:33:02 EDT 2010</created>
<edited>Thu Jun 03 11:33:02 EDT 2010</edited>
<value><point x="12716" y="19010"/></value>
<metadata author="">

</metadata>
</contour>
<contour name="Process 175" class="PointContour" color="#3fcfff" visible="true">
<created>Wed Jun 09 17:13:44 EDT 2010</created>
<edited>Wed Jun 09 17:13:44 EDT 2010</edited>
<value><point x="12564" y="19246"/></value>
<metadata author="">

</metadata>
</contour>
<contour name="Process 85" class="PointContour" color="#ff067f" visible="true">
<created>Tue Jun 08 13:31:59 EDT 2010</created>
<edited>Tue Jun 08 13:31:59 EDT 2010</edited>
<value><point x="12040" y="19436"/></value>
<metadata author="">

</metadata>
</contour>
<contour name="Process 85" class="PointContour" color="#ff067f" visible="true">
<created>Tue Jun 08 13:18:02 EDT 2010</created>
<edited>Tue Jun 08 13:18:02 EDT 2010</edited>
<value><point x="11384" y="19208"/></value>
<metadata author="">

</metadata>
</contour>
<contour name="Process 175" class="PointContour" color="#3fcfff" visible="true">
<created>Wed Jun 09 17:13:44 EDT 2010</created>
<edited>Wed Jun 09 17:13:44 EDT 2010</edited>
<value><point x="12876" y="19334"/></value>
<metadata author="">

</metadata>
</contour>
<contour name="Process 200" class="PointContour" color="#8e1fff" visible="true">
<created>Thu Jun 10 13:00:57 EDT 2010</created>
<edited>Thu Jun 10 13:00:57 EDT 2010</edited>
<value><point x="11316" y="18676"/></value>
<metadata author="">

</metadata>
</contour>
<contour name="Process 200" class="PointContour" color="#8e1fff" visible="true">
<created>Thu Jun 10 13:00:57 EDT 2010</created>
<edited>Thu Jun 10 13:00:57 EDT 2010</edited>
<value><point x="12182" y="18116"/></value>
<metadata author="">

</metadata>
</contour>
<contour name="Process 72" class="PointContour" color="#ffcd08" visible="true">
<created>Tue Jun 08 12:18:32 EDT 2010</created>
<edited>Tue Jun 08 12:18:32 EDT 2010</edited>
<value><point x="12968" y="18442"/></value>
<metadata author="">

</metadata>
</contour>
<contour name="Process 200" class="PointContour" color="#8e1fff" visible="true">
<created>Thu Jun 10 13:00:57 EDT 2010</created>
<edited>Thu Jun 10 13:00:57 EDT 2010</edited>
<value><point x="11604" y="18490"/></value>
<metadata author="">

</metadata>
</contour>
<contour name="Process 251" class="PointContour" color="#67a063" visible="true">
<created>Fri Jun 11 12:28:29 EDT 2010</created>
<edited>Fri Jun 11 12:28:29 EDT 2010</edited>
<value><point x="10966" y="17606"/></value>
<metadata author="">

</metadata>
</contour>
<contour name="Process 200" class="PointContour" color="#8e1fff" visible="true">
<created>Thu Jun 10 13:00:57 EDT 2010</created>
<edited>Thu Jun 10 13:00:57 EDT 2010</edited>
<value><point x="11724" y="18412"/></value>
<metadata author="">

</metadata>
</contour>
<contour name="Process 49" class="PointContour" color="#4053cc" visible="true">
<created>Mon Jun 07 17:01:37 EDT 2010</created>
<edited>Mon Jun 07 17:01:37 EDT 2010</edited>
<value><point x="12024" y="17702"/></value>
<metadata author="">

</metadata>
</contour>
<contour name="Process 51" class="PointContour" color="#8906ff" visible="true">
<created>Mon Jun 07 17:19:26 EDT 2010</created>
<edited>Mon Jun 07 17:19:26 EDT 2010</edited>
<value><point x="12322" y="18084"/></value>
<metadata author="">

</metadata>
</contour>
<contour name="Process 200" class="PointContour" color="#8e1fff" visible="true">
<created>Thu Jun 10 13:01:21 EDT 2010</created>
<edited>Thu Jun 10 13:01:21 EDT 2010</edited>
<value><point x="12902" y="17768"/></value>
<metadata author="">

</metadata>
</contour>
<contour name="Process 200" class="PointContour" color="#8e1fff" visible="true">
<created>Thu Jun 10 13:00:57 EDT 2010</created>
<edited>Thu Jun 10 13:00:57 EDT 2010</edited>
<value><point x="11298" y="18688"/></value>
<metadata author="">

</metadata>
</contour>
<contour name="Process 200" class="PointContour" color="#8e1fff" visible="true">
<created>Thu Jun 10 13:00:57 EDT 2010</created>
<edited>Thu Jun 10 13:00:57 EDT 2010</edited>
<value><point x="11400" y="18622"/></value>
<metadata author="">

</metadata>
</contour>
<contour name="Process 200" class="PointContour" color="#8e1fff" visible="true">
<created>Thu Jun 10 13:00:57 EDT 2010</created>
<edited>Thu Jun 10 13:00:57 EDT 2010</edited>
<value><point x="11860" y="18324"/></value>
<metadata author="">

</metadata>
</contour>
<contour name="Process 153" class="PointContour" color="#f3ff8b" visible="true">
<created>Wed Jun 09 15:32:10 EDT 2010</created>
<edited>Wed Jun 09 15:32:10 EDT 2010</edited>
<value><point x="11478" y="18852"/></value>
<metadata author="">

</metadata>
</contour>
<contour name="Process 26" class="PointContour" color="#c21ebd" visible="true">
<created>Thu Jun 03 10:33:54 EDT 2010</created>
<edited>Thu Jun 03 10:33:54 EDT 2010</edited>
<value><point x="12502" y="18326"/></value>
<metadata author="">

</metadata>
</contour>
<contour name="Process 225" class="PointContour" color="#ef6a33" visible="true">
<created>Fri Jun 11 11:13:52 EDT 2010</created>
<edited>Fri Jun 11 11:13:52 EDT 2010</edited>
<value><point x="12816" y="18610"/></value>
<metadata author="">

</metadata>
</contour>
<contour name="Process 153" class="PointContour" color="#f3ff8b" visible="true">
<created>Wed Jun 09 15:27:54 EDT 2010</created>
<edited>Wed Jun 09 15:27:54 EDT 2010</edited>
<value><point x="12808" y="17512"/></value>
<metadata author="">

</metadata>
</contour>
<contour name="Process 209" class="PointContour" color="#9eff56" visible="true">
<created>Thu Jun 10 13:48:19 EDT 2010</created>
<edited>Thu Jun 10 13:48:19 EDT 2010</edited>
<value><point x="11952" y="18108"/></value>
<metadata author="">

</metadata>
</contour>
<contour name="Process 28" class="PointContour" color="#d1a73a" visible="true">
<created>Wed Jun 09 16:18:36 EDT 2010</created>
<edited>Wed Jun 09 16:18:36 EDT 2010</edited>
<value><point x="12218" y="18838"/></value>
<metadata author="">

</metadata>
</contour>
<contour name="Process 106" class="PointContour" color="#ff02af" visible="true">
<created>Tue Jun 08 16:18:06 EDT 2010</created>
<edited>Tue Jun 08 16:18:06 EDT 2010</edited>
<value><point x="11440" y="18442"/></value>
<metadata author="">

</metadata>
</contour>
<contour name="Process 66" class="PointContour" color="#bcff07" visible="true">
<created>Mon Jun 07 17:37:51 EDT 2010</created>
<edited>Mon Jun 07 17:37:51 EDT 2010</edited>
<value><point x="12260" y="18170"/></value>
<metadata author="">

</metadata>
</contour>
<contour name="Process 31" class="PointContour" color="#d9d331" visible="true">
<created>Mon Jun 07 16:22:14 EDT 2010</created>
<edited>Mon Jun 07 16:22:14 EDT 2010</edited>
<value><point x="11764" y="18154"/></value>
<metadata author="">

</metadata>
</contour>
<contour name="Process 200" class="PointContour" color="#8e1fff" visible="true">
<created>Thu Jun 10 13:00:57 EDT 2010</created>
<edited>Thu Jun 10 13:00:57 EDT 2010</edited>
<value><point x="11502" y="18556"/></value>
<metadata author="">

</metadata>
</contour>
<contour name="Process 187" class="PointContour" color="#afd2ff" visible="true">
<created>Thu Jun 10 12:27:57 EDT 2010</created>
<edited>Thu Jun 10 12:27:57 EDT 2010</edited>
<value><point x="11206" y="18984"/></value>
<metadata author="">

</metadata>
</contour>
<contour name="Process 200" class="PointContour" color="#8e1fff" visible="true">
<created>Thu Jun 10 13:00:57 EDT 2010</created>
<edited>Thu Jun 10 13:00:57 EDT 2010</edited>
<value><point x="11332" y="18666"/></value>
<metadata author="">

</metadata>
</contour>
<contour name="Process 224" class="PointContour" color="#d8f3f1" visible="true">
<created>Fri Jun 11 11:12:40 EDT 2010</created>
<edited>Fri Jun 11 11:12:40 EDT 2010</edited>
<value><point x="12226" y="19046"/></value>
<metadata author="">

</metadata>
</contour>
<contour name="Process 248" class="PointContour" color="#959f5d" visible="true">
<created>Fri Jun 11 12:23:18 EDT 2010</created>
<edited>Fri Jun 11 12:23:18 EDT 2010</edited>
<value><point x="11642" y="18688"/></value>
<metadata author="">

</metadata>
</contour>
<contour name="Process 248" class="PointContour" color="#959f5d" visible="true">
<created>Fri Jun 11 12:23:18 EDT 2010</created>
<edited>Fri Jun 11 12:23:18 EDT 2010</edited>
<value><point x="11622" y="18630"/></value>
<metadata author="">

</metadata>
</contour>
<contour name="Process 175" class="PointContour" color="#3fcfff" visible="true">
<created>Wed Jun 09 17:13:44 EDT 2010</created>
<edited>Wed Jun 09 17:13:44 EDT 2010</edited>
<value><point x="12368" y="19190"/></value>
<metadata author="">

</metadata>
</contour>
<contour name="Process 259" class="PointContour" color="#a33eef" visible="true">
<created>Fri Jun 11 13:04:49 EDT 2010</created>
<edited>Fri Jun 11 13:04:49 EDT 2010</edited>
<value><point x="11188" y="17806"/></value>
<metadata author="">

</metadata>
</contour>
<contour name="Process 175" class="PointContour" color="#3fcfff" visible="true">
<created>Wed Jun 09 17:13:44 EDT 2010</created>
<edited>Wed Jun 09 17:13:44 EDT 2010</edited>
<value><point x="12388" y="19196"/></value>
<metadata author="">

</metadata>
</contour>
<contour name="Process 200" class="PointContour" color="#8e1fff" visible="true">
<created>Thu Jun 10 13:00:57 EDT 2010</created>
<edited>Thu Jun 10 13:00:57 EDT 2010</edited>
<value><point x="11962" y="18258"/></value>
<metadata author="">

</metadata>
</contour>
<contour name="Process 200" class="PointContour" color="#8e1fff" visible="true">
<created>Thu Jun 10 13:00:57 EDT 2010</created>
<edited>Thu Jun 10 13:00:57 EDT 2010</edited>
<value><point x="12114" y="18160"/></value>
<metadata author="">

</metadata>
</contour>
<contour name="Process 85" class="PointContour" color="#ff067f" visible="true">
<created>Tue Jun 08 13:20:29 EDT 2010</created>
<edited>Tue Jun 08 13:20:29 EDT 2010</edited>
<value><point x="12166" y="18570"/></value>
<metadata author="">

</metadata>
</contour>
<contour name="Process 166" class="PointContour" color="#c0ff58" visible="true">
<created>Wed Jun 09 16:17:59 EDT 2010</created>
<edited>Wed Jun 09 16:17:59 EDT 2010</edited>
<value><point x="12466" y="18680"/></value>
<metadata author="">

</metadata>
</contour>
<contour name="Process 29" class="PointContour" color="#7aff76" visible="true">
<created>Mon Jun 07 16:14:42 EDT 2010</created>
<edited>Mon Jun 07 16:14:42 EDT 2010</edited>
<value><point x="11616" y="18188"/></value>
<metadata author="">

</metadata>
</contour>
<contour name="Process 1" class="PointContour" color="#ff0000" visible="true">
<created>Wed Jun 02 15:59:57 EDT 2010</created>
<edited>Wed Jun 02 15:59:57 EDT 2010</edited>
<value><point x="12492" y="17604"/></value>
<metadata author="">

</metadata>
</contour>
<contour name="Process 266" class="PointContour" color="#761a25" visible="true">
<created>Fri Jun 11 14:15:09 EDT 2010</created>
<edited>Fri Jun 11 14:15:09 EDT 2010</edited>
<value><point x="12900" y="18364"/></value>
<metadata author="">

</metadata>
</contour>
<contour name="Process 59" class="PointContour" color="#ff0340" visible="true">
<created>Mon Jun 07 17:29:40 EDT 2010</created>
<edited>Mon Jun 07 17:29:40 EDT 2010</edited>
<value><point x="12954" y="18826"/></value>
<metadata author="">

</metadata>
</contour>
<contour name="Process 175" class="PointContour" color="#3fcfff" visible="true">
<created>Wed Jun 09 17:13:44 EDT 2010</created>
<edited>Wed Jun 09 17:13:44 EDT 2010</edited>
<value><point x="12408" y="19202"/></value>
<metadata author="">

</metadata>
</contour>
<contour name="Process 177" class="PointContour" color="#e0ff0f" visible="true">
<created>Thu Jun 10 10:27:18 EDT 2010</created>
<edited>Thu Jun 10 10:27:18 EDT 2010</edited>
<value><point x="12886" y="18822"/></value>
<metadata author="">

</metadata>
</contour>
<contour name="Process 205" class="PointContour" color="#0ddcff" visible="true">
<created>Thu Jun 10 13:17:26 EDT 2010</created>
<edited>Thu Jun 10 13:17:26 EDT 2010</edited>
<value><point x="12454" y="18360"/></value>
<metadata author="">

</metadata>
</contour>
<contour name="Process 200" class="PointContour" color="#8e1fff" visible="true">
<created>Thu Jun 10 13:00:57 EDT 2010</created>
<edited>Thu Jun 10 13:00:57 EDT 2010</edited>
<value><point x="11452" y="18588"/></value>
<metadata author="">

</metadata>
</contour>
<contour name="Process 5" class="PointContour" color="#c2ff00" visible="true">
<created>Wed Jun 02 16:32:50 EDT 2010</created>
<edited>Wed Jun 02 16:32:50 EDT 2010</edited>
<value><point x="11822" y="18234"/></value>
<metadata author="">

</metadata>
</contour>
<contour name="Process 261" class="PointContour" color="#f68e0d" visible="true">
<created>Fri Jun 11 13:06:13 EDT 2010</created>
<edited>Fri Jun 11 13:06:13 EDT 2010</edited>
<value><point x="11340" y="18988"/></value>
<metadata author="">

</metadata>
</contour>
<contour name="Process 28" class="PointContour" color="#d1a73a" visible="true">
<created>Thu Jun 03 11:23:49 EDT 2010</created>
<edited>Thu Jun 03 11:23:49 EDT 2010</edited>
<value><point x="12116" y="18510"/></value>
<metadata author="">

</metadata>
</contour>
<contour name="Process 175" class="PointContour" color="#3fcfff" visible="true">
<created>Wed Jun 09 17:13:44 EDT 2010</created>
<edited>Wed Jun 09 17:13:44 EDT 2010</edited>
<value><point x="12934" y="19352"/></value>
<metadata author="">

</metadata>
</contour>
<contour name="Process 248" class="PointContour" color="#959f5d" visible="true">
<created>Fri Jun 11 12:23:18 EDT 2010</created>
<edited>Fri Jun 11 12:23:18 EDT 2010</edited>
<value><point x="11710" y="18876"/></value>
<metadata author="">

</metadata>
</contour>
<contour name="Process 38" class="PointContour" color="#f7edc9" visible="true">
<created>Mon Jun 07 16:42:19 EDT 2010</created>
<edited>Mon Jun 07 16:42:19 EDT 2010</edited>
<value><point x="12002" y="18056"/></value>
<metadata author="">

</metadata>
</contour>
<contour name="Process 175" class="PointContour" color="#3fcfff" visible="true">
<created>Wed Jun 09 17:13:44 EDT 2010</created>
<edited>Wed Jun 09 17:13:44 EDT 2010</edited>
<value><point x="12680" y="19280"/></value>
<metadata author="">

</metadata>
</contour>
<contour name="Process 248" class="PointContour" color="#959f5d" visible="true">
<created>Fri Jun 11 12:23:18 EDT 2010</created>
<edited>Fri Jun 11 12:23:18 EDT 2010</edited>
<value><point x="11704" y="18856"/></value>
<metadata author="">

</metadata>
</contour>
<contour name="Process 248" class="PointContour" color="#959f5d" visible="true">
<created>Fri Jun 11 12:23:18 EDT 2010</created>
<edited>Fri Jun 11 12:23:18 EDT 2010</edited>
<value><point x="11690" y="18820"/></value>
<metadata author="">

</metadata>
</contour>
<contour name="Process 200" class="PointContour" color="#8e1fff" visible="true">
<created>Thu Jun 10 13:00:57 EDT 2010</created>
<edited>Thu Jun 10 13:00:57 EDT 2010</edited>
<value><point x="12012" y="18226"/></value>
<metadata author="">

</metadata>
</contour>
<contour name="Process 234" class="PointContour" color="#0fdca8" visible="true">
<created>Fri Jun 11 11:20:14 EDT 2010</created>
<edited>Fri Jun 11 11:20:14 EDT 2010</edited>
<value><point x="10950" y="18906"/></value>
<metadata author="">

</metadata>
</contour>
<contour name="Process 200" class="PointContour" color="#8e1fff" visible="true">
<created>Thu Jun 10 13:04:40 EDT 2010</created>
<edited>Thu Jun 10 13:04:40 EDT 2010</edited>
<value><point x="12132" y="18470"/></value>
<metadata author="">

</metadata>
</contour>
<contour name="Process 200" class="PointContour" color="#8e1fff" visible="true">
<created>Thu Jun 10 13:00:57 EDT 2010</created>
<edited>Thu Jun 10 13:00:57 EDT 2010</edited>
<value><point x="11928" y="18280"/></value>
<metadata author="">

</metadata>
</contour>
<contour name="Process 200" class="PointContour" color="#8e1fff" visible="true">
<created>Thu Jun 10 13:00:57 EDT 2010</created>
<edited>Thu Jun 10 13:00:57 EDT 2010</edited>
<value><point x="11638" y="18468"/></value>
<metadata author="">

</metadata>
</contour>
<contour name="Process 200" class="PointContour" color="#8e1fff" visible="true">
<created>Thu Jun 10 13:00:57 EDT 2010</created>
<edited>Thu Jun 10 13:00:57 EDT 2010</edited>
<value><point x="12098" y="18170"/></value>
<metadata author="">

</metadata>
</contour>
<contour name="Process 200" class="PointContour" color="#8e1fff" visible="true">
<created>Thu Jun 10 13:00:57 EDT 2010</created>
<edited>Thu Jun 10 13:00:57 EDT 2010</edited>
<value><point x="12216" y="18094"/></value>
<metadata author="">

</metadata>
</contour>
<contour name="Process 200" class="PointContour" color="#8e1fff" visible="true">
<created>Thu Jun 10 13:00:57 EDT 2010</created>
<edited>Thu Jun 10 13:00:57 EDT 2010</edited>
<value><point x="11350" y="18654"/></value>
<metadata author="">

</metadata>
</contour>
<contour name="Process 200" class="PointContour" color="#8e1fff" visible="true">
<created>Thu Jun 10 13:00:57 EDT 2010</created>
<edited>Thu Jun 10 13:00:57 EDT 2010</edited>
<value><point x="11876" y="18314"/></value>
<metadata author="">

</metadata>
</contour>
<contour name="Process 200" class="PointContour" color="#8e1fff" visible="true">
<created>Thu Jun 10 13:00:57 EDT 2010</created>
<edited>Thu Jun 10 13:00:57 EDT 2010</edited>
<value><point x="11418" y="18610"/></value>
<metadata author="">

</metadata>
</contour>
<contour name="Process 101" class="PointContour" color="#036bff" visible="true">
<created>Wed Jun 09 16:05:29 EDT 2010</created>
<edited>Wed Jun 09 16:05:29 EDT 2010</edited>
<value><point x="12496" y="18374"/></value>
<metadata author="">

</metadata>
</contour>
<contour name="Process 200" class="PointContour" color="#8e1fff" visible="true">
<created>Thu Jun 10 13:00:57 EDT 2010</created>
<edited>Thu Jun 10 13:00:57 EDT 2010</edited>
<value><point x="11672" y="18446"/></value>
<metadata author="">

</metadata>
</contour>
<contour name="Process 248" class="PointContour" color="#959f5d" visible="true">
<created>Fri Jun 11 12:23:18 EDT 2010</created>
<edited>Fri Jun 11 12:23:18 EDT 2010</edited>
<value><point x="11630" y="18650"/></value>
<metadata author="">

</metadata>
</contour>
<contour name="Process 200" class="PointContour" color="#8e1fff" visible="true">
<created>Thu Jun 10 13:03:57 EDT 2010</created>
<edited>Thu Jun 10 13:03:57 EDT 2010</edited>
<value><point x="12274" y="18596"/></value>
<metadata author="">

</metadata>
</contour>
<contour name="Process 4" class="PointContour" color="#fff812" visible="true">
<created>Wed Jun 02 16:27:39 EDT 2010</created>
<edited>Wed Jun 02 16:27:39 EDT 2010</edited>
<value><point x="11132" y="17738"/></value>
<metadata author="">

</metadata>
</contour>
<contour name="Process 175" class="PointContour" color="#3fcfff" visible="true">
<created>Wed Jun 09 17:13:44 EDT 2010</created>
<edited>Wed Jun 09 17:13:44 EDT 2010</edited>
<value><point x="12524" y="19234"/></value>
<metadata author="">

</metadata>
</contour>
<contour name="Process 200" class="PointContour" color="#8e1fff" visible="true">
<created>Thu Jun 10 13:00:57 EDT 2010</created>
<edited>Thu Jun 10 13:00:57 EDT 2010</edited>
<value><point x="11706" y="18424"/></value>
<metadata author="">

</metadata>
</contour>
<contour name="Process 200" class="PointContour" color="#8e1fff" visible="true">
<created>Thu Jun 10 13:00:57 EDT 2010</created>
<edited>Thu Jun 10 13:00:57 EDT 2010</edited>
<value><point x="11774" y="18380"/></value>
<metadata author="">

</metadata>
</contour>
<contour name="Process 28" class="PointContour" color="#d1a73a" visible="true">
<created>Thu Jun 03 11:26:18 EDT 2010</created>
<edited>Thu Jun 03 11:26:18 EDT 2010</edited>
<value><point x="11424" y="19038"/></value>
<metadata author="">

</metadata>
</contour>
<contour name="Process 175" class="PointContour" color="#3fcfff" visible="true">
<created>Wed Jun 09 17:13:44 EDT 2010</created>
<edited>Wed Jun 09 17:13:44 EDT 2010</edited>
<value><point x="12642" y="19268"/></value>
<metadata author="">

</metadata>
</contour>
<contour name="Process 237" class="PointContour" color="#62a80d" visible="true">
<created>Fri Jun 11 11:22:20 EDT 2010</created>
<edited>Fri Jun 11 11:22:20 EDT 2010</edited>
<value><point x="12150" y="17936"/></value>
<metadata author="">

</metadata>
</contour>
<contour name="Process 248" class="PointContour" color="#959f5d" visible="true">
<created>Fri Jun 11 12:23:18 EDT 2010</created>
<edited>Fri Jun 11 12:23:18 EDT 2010</edited>
<value><point x="11650" y="18706"/></value>
<metadata author="">

</metadata>
</contour>
<contour name="Process 160" class="PointContour" color="#5ecaff" visible="true">
<created>Wed Jun 09 16:04:07 EDT 2010</created>
<edited>Wed Jun 09 16:04:07 EDT 2010</edited>
<value><point x="12420" y="18362"/></value>
<metadata author="">

</metadata>
</contour>
<contour name="Process 175" class="PointContour" color="#3fcfff" visible="true">
<created>Wed Jun 09 17:13:44 EDT 2010</created>
<edited>Wed Jun 09 17:13:44 EDT 2010</edited>
<value><point x="12798" y="19312"/></value>
<metadata author="">

</metadata>
</contour>
<contour name="Process 200" class="PointContour" color="#8e1fff" visible="true">
<created>Thu Jun 10 13:00:57 EDT 2010</created>
<edited>Thu Jun 10 13:00:57 EDT 2010</edited>
<value><point x="11826" y="18346"/></value>
<metadata author="">

</metadata>
</contour>
<contour name="Process 104" class="PointContour" color="#df03ff" visible="true">
<created>Tue Jun 08 16:09:04 EDT 2010</created>
<edited>Tue Jun 08 16:09:04 EDT 2010</edited>
<value><point x="11850" y="17708"/></value>
<metadata author="">

</metadata>
</contour>
<contour name="Process 200" class="PointContour" color="#8e1fff" visible="true">
<created>Thu Jun 10 13:00:57 EDT 2010</created>
<edited>Thu Jun 10 13:00:57 EDT 2010</edited>
<value><point x="11282" y="18698"/></value>
<metadata author="">

</metadata>
</contour>
<contour name="Process 200" class="PointContour" color="#8e1fff" visible="true">
<created>Thu Jun 10 13:00:57 EDT 2010</created>
<edited>Thu Jun 10 13:00:57 EDT 2010</edited>
<value><point x="11536" y="18534"/></value>
<metadata author="">

</metadata>
</contour>
<contour name="Process 199" class="PointContour" color="#abff17" visible="true">
<created>Thu Jun 10 12:54:57 EDT 2010</created>
<edited>Thu Jun 10 12:54:57 EDT 2010</edited>
<value><point x="11400" y="18724"/></value>
<metadata author="">

</metadata>
</contour>
<contour name="Process 248" class="PointContour" color="#959f5d" visible="true">
<created>Fri Jun 11 12:23:18 EDT 2010</created>
<edited>Fri Jun 11 12:23:18 EDT 2010</edited>
<value><point x="11696" y="18838"/></value>
<metadata author="">

</metadata>
</contour>
<contour name="Process 241" class="PointContour" color="#7fd7ee" visible="true">
<created>Fri Jun 11 11:24:27 EDT 2010</created>
<edited>Fri Jun 11 11:24:27 EDT 2010</edited>
<value><point x="11536" y="19470"/></value>
<metadata author="">

</metadata>
</contour>
<contour name="Process 248" class="PointContour" color="#959f5d" visible="true">
<created>Fri Jun 11 12:23:18 EDT 2010</created>
<edited>Fri Jun 11 12:23:18 EDT 2010</edited>
<value><point x="11730" y="18932"/></value>
<metadata author="">

</metadata>
</contour>
<contour name="Process 200" class="PointContour" color="#8e1fff" visible="true">
<created>Thu Jun 10 13:00:57 EDT 2010</created>
<edited>Thu Jun 10 13:00:57 EDT 2010</edited>
<value><point x="11842" y="18336"/></value>
<metadata author="">

</metadata>
</contour>
<contour name="Process 248" class="PointContour" color="#959f5d" visible="true">
<created>Fri Jun 11 12:23:18 EDT 2010</created>
<edited>Fri Jun 11 12:23:18 EDT 2010</edited>
<value><point x="11670" y="18762"/></value>
<metadata author="">

</metadata>
</contour>
<contour name="Process 175" class="PointContour" color="#3fcfff" visible="true">
<created>Wed Jun 09 17:13:44 EDT 2010</created>
<edited>Wed Jun 09 17:13:44 EDT 2010</edited>
<value><point x="12816" y="19318"/></value>
<metadata author="">

</metadata>
</contour>
<contour name="Process 239" class="PointContour" color="#cba916" visible="true">
<created>Fri Jun 11 11:23:21 EDT 2010</created>
<edited>Fri Jun 11 11:23:21 EDT 2010</edited>
<value><point x="11460" y="19440"/></value>
<metadata author="">

</metadata>
</contour>
<contour name="Process 28" class="PointContour" color="#d1a73a" visible="true">
<created>Thu Jun 03 11:27:49 EDT 2010</created>
<edited>Thu Jun 03 11:27:49 EDT 2010</edited>
<value><point x="11576" y="18256"/></value>
<metadata author="">

</metadata>
</contour>
<contour name="Process 175" class="PointContour" color="#3fcfff" visible="true">
<created>Wed Jun 09 17:13:44 EDT 2010</created>
<edited>Wed Jun 09 17:13:44 EDT 2010</edited>
<value><point x="12894" y="19340"/></value>
<metadata author="">

</metadata>
</contour>
<contour name="Process 200" class="PointContour" color="#8e1fff" visible="true">
<created>Thu Jun 10 13:00:57 EDT 2010</created>
<edited>Thu Jun 10 13:00:57 EDT 2010</edited>
<value><point x="12148" y="18138"/></value>
<metadata author="">

</metadata>
</contour>
<contour name="Process 248" class="PointContour" color="#959f5d" visible="true">
<created>Fri Jun 11 12:25:00 EDT 2010</created>
<edited>Fri Jun 11 12:25:00 EDT 2010</edited>
<value><point x="11954" y="19412"/></value>
<metadata author="">

</metadata>
</contour>
<contour name="Process 189" class="PointContour" color="#ffadba" visible="true">
<created>Thu Jun 10 12:32:40 EDT 2010</created>
<edited>Thu Jun 10 12:32:40 EDT 2010</edited>
<value><point x="11898" y="19160"/></value>
<metadata author="">

</metadata>
</contour>
<contour name="Process 200" class="PointContour" color="#8e1fff" visible="true">
<created>Thu Jun 10 13:00:57 EDT 2010</created>
<edited>Thu Jun 10 13:00:57 EDT 2010</edited>
<value><point x="11656" y="18456"/></value>
<metadata author="">

</metadata>
</contour>
<contour name="Process 199" class="PointContour" color="#abff17" visible="true">
<created>Thu Jun 10 12:53:56 EDT 2010</created>
<edited>Thu Jun 10 12:53:56 EDT 2010</edited>
<value><point x="12302" y="17914"/></value>
<metadata author="">

</metadata>
</contour>
<contour name="Process 39" class="PointContour" color="#a4f7f2" visible="true">
<created>Mon Jun 07 16:44:17 EDT 2010</created>
<edited>Mon Jun 07 16:44:17 EDT 2010</edited>
<value><point x="12108" y="17484"/></value>
<metadata author="">

</metadata>
</contour>
<contour name="Process 104" class="PointContour" color="#df03ff" visible="true">
<created>Tue Jun 08 16:09:33 EDT 2010</created>
<edited>Tue Jun 08 16:09:33 EDT 2010</edited>
<value><point x="11544" y="17556"/></value>
<metadata author="">

</metadata>
</contour>
<contour name="Process 181" class="PointContour" color="#ffcd17" visible="true">
<created>Thu Jun 10 10:34:20 EDT 2010</created>
<edited>Thu Jun 10 10:34:20 EDT 2010</edited>
<value><point x="11522" y="18198"/></value>
<metadata author="">

</metadata>
</contour>
<contour name="Process 259" class="PointContour" color="#a33eef" visible="true">
<created>Fri Jun 11 13:04:39 EDT 2010</created>
<edited>Fri Jun 11 13:04:39 EDT 2010</edited>
<value><point x="11406" y="17586"/></value>
<metadata author="">

</metadata>
</contour>
<contour name="Process 29" class="PointContour" color="#7aff76" visible="true">
<created>Mon Jun 07 16:13:17 EDT 2010</created>
<edited>Mon Jun 07 16:13:17 EDT 2010</edited>
<value><point x="12130" y="17824"/></value>
<metadata author="">

</metadata>
</contour>
<contour name="Process 28" class="PointContour" color="#d1a73a" visible="true">
<created>Thu Jun 03 11:21:11 EDT 2010</created>
<edited>Thu Jun 03 11:21:11 EDT 2010</edited>
<value><point x="12368" y="19424"/></value>
<metadata author="">

</metadata>
</contour>
<contour name="Process 197" class="PointContour" color="#ff63b3" visible="true">
<created>Thu Jun 10 12:52:04 EDT 2010</created>
<edited>Thu Jun 10 12:52:04 EDT 2010</edited>
<value><point x="12590" y="17794"/></value>
<metadata author="">

</metadata>
</contour>
<contour name="Process 77" class="PointContour" color="#06dfff" visible="true">
<created>Tue Jun 08 12:42:51 EDT 2010</created>
<edited>Tue Jun 08 12:42:51 EDT 2010</edited>
<value><point x="12304" y="18628"/></value>
<metadata author="">

</metadata>
</contour>
<contour name="Process 248" class="PointContour" color="#959f5d" visible="true">
<created>Fri Jun 11 12:23:18 EDT 2010</created>
<edited>Fri Jun 11 12:23:18 EDT 2010</edited>
<value><point x="11716" y="18894"/></value>
<metadata author="">

</metadata>
</contour>
<contour name="Process 29" class="PointContour" color="#7aff76" visible="true">
<created>Mon Jun 07 16:14:10 EDT 2010</created>
<edited>Mon Jun 07 16:14:10 EDT 2010</edited>
<value><point x="11730" y="18206"/></value>
<metadata author="">

</metadata>
</contour>
<contour name="Process 82" class="PointContour" color="#cc05ff" visible="true">
<created>Fri Jun 11 11:16:47 EDT 2010</created>
<edited>Fri Jun 11 11:16:47 EDT 2010</edited>
<value><point x="11844" y="19418"/></value>
<metadata author="">

</metadata>
</contour>
<contour name="Process 100" class="PointContour" color="#0395ff" visible="true">
<created>Tue Jun 08 14:57:07 EDT 2010</created>
<edited>Tue Jun 08 14:57:07 EDT 2010</edited>
<value><point x="12972" y="18478"/></value>
<metadata author="">

</metadata>
</contour>
<contour name="Trail 3" class="PointContour" color="#ffa20c" visible="true">
<created>Wed Jun 09 15:39:11 EDT 2010</created>
<edited>Wed Jun 09 15:39:11 EDT 2010</edited>
<value><point x="11718" y="19380"/></value>
<metadata author="">

</metadata>
</contour>
<contour name="Process 175" class="PointContour" color="#3fcfff" visible="true">
<created>Wed Jun 09 17:13:44 EDT 2010</created>
<edited>Wed Jun 09 17:13:44 EDT 2010</edited>
<value><point x="12466" y="19218"/></value>
<metadata author="">

</metadata>
</contour>
<contour name="Process 29" class="PointContour" color="#7aff76" visible="true">
<created>Thu Jun 10 12:38:20 EDT 2010</created>
<edited>Thu Jun 10 12:38:20 EDT 2010</edited>
<value><point x="11390" y="18358"/></value>
<metadata author="">

</metadata>
</contour>
<contour name="Process 87" class="PointContour" color="#ff0b2f" visible="true">
<created>Tue Jun 08 13:37:44 EDT 2010</created>
<edited>Tue Jun 08 13:37:44 EDT 2010</edited>
<value><point x="12204" y="19396"/></value>
<metadata author="">

</metadata>
</contour>
<contour name="Process 231" class="PointContour" color="#cfc613" visible="true">
<created>Fri Jun 11 11:18:30 EDT 2010</created>
<edited>Fri Jun 11 11:18:30 EDT 2010</edited>
<value><point x="11068" y="19132"/></value>
<metadata author="">

</metadata>
</contour>
<contour name="Process 153" class="PointContour" color="#f3ff8b" visible="true">
<created>Wed Jun 09 15:28:28 EDT 2010</created>
<edited>Wed Jun 09 15:28:28 EDT 2010</edited>
<value><point x="12250" y="18216"/></value>
<metadata author="">

</metadata>
</contour>
<contour name="Process 7" class="PointContour" color="#10fffb" visible="true">
<created>Wed Jun 02 16:53:37 EDT 2010</created>
<edited>Wed Jun 02 16:53:37 EDT 2010</edited>
<value><point x="11998" y="19448"/></value>
<metadata author="">

</metadata>
</contour>
<contour name="Process 48" class="PointContour" color="#cc6b6b" visible="true">
<created>Mon Jun 07 17:00:22 EDT 2010</created>
<edited>Mon Jun 07 17:00:22 EDT 2010</edited>
<value><point x="12044" y="18090"/></value>
<metadata author="">

</metadata>
</contour>
<contour name="Process 260" class="PointContour" color="#50b5ce" visible="true">
<created>Fri Jun 11 13:05:30 EDT 2010</created>
<edited>Fri Jun 11 13:05:30 EDT 2010</edited>
<value><point x="11324" y="18848"/></value>
<metadata author="">

</metadata>
</contour>
<contour name="Process 257" class="PointContour" color="#49d8b4" visible="true">
<created>Fri Jun 11 13:03:38 EDT 2010</created>
<edited>Fri Jun 11 13:03:38 EDT 2010</edited>
<value><point x="12570" y="17442"/></value>
<metadata author="">

</metadata>
</contour>
<contour name="Process 29" class="PointContour" color="#7aff76" visible="true">
<created>Mon Jun 07 16:09:43 EDT 2010</created>
<edited>Mon Jun 07 16:09:43 EDT 2010</edited>
<value><point x="12190" y="17514"/></value>
<metadata author="">

</metadata>
</contour>
<contour name="Process 200" class="PointContour" color="#8e1fff" visible="true">
<created>Thu Jun 10 13:00:57 EDT 2010</created>
<edited>Thu Jun 10 13:00:57 EDT 2010</edited>
<value><point x="11434" y="18600"/></value>
<metadata author="">

</metadata>
</contour>
<contour name="Process 200" class="PointContour" color="#8e1fff" visible="true">
<created>Thu Jun 10 13:00:57 EDT 2010</created>
<edited>Thu Jun 10 13:00:57 EDT 2010</edited>
<value><point x="11554" y="18522"/></value>
<metadata author="">

</metadata>
</contour>
<contour name="Process 200" class="PointContour" color="#8e1fff" visible="true">
<created>Thu Jun 10 13:00:57 EDT 2010</created>
<edited>Thu Jun 10 13:00:57 EDT 2010</edited>
<value><point x="11808" y="18358"/></value>
<metadata author="">

</metadata>
</contour>
<contour name="Process 248" class="PointContour" color="#959f5d" visible="true">
<created>Fri Jun 11 12:23:18 EDT 2010</created>
<edited>Fri Jun 11 12:23:18 EDT 2010</edited>
<value><point x="11662" y="18744"/></value>
<metadata author="">

</metadata>
</contour>
<contour name="Process 175" class="PointContour" color="#3fcfff" visible="true">
<created>Wed Jun 09 17:13:44 EDT 2010</created>
<edited>Wed Jun 09 17:13:44 EDT 2010</edited>
<value><point x="12582" y="19252"/></value>
<metadata author="">

</metadata>
</contour>
<contour name="Process 248" class="PointContour" color="#959f5d" visible="true">
<created>Fri Jun 11 12:23:18 EDT 2010</created>
<edited>Fri Jun 11 12:23:18 EDT 2010</edited>
<value><point x="11610" y="18594"/></value>
<metadata author="">

</metadata>
</contour>
<contour name="Process 104" class="PointContour" color="#df03ff" visible="true">
<created>Tue Jun 08 16:11:51 EDT 2010</created>
<edited>Tue Jun 08 16:11:51 EDT 2010</edited>
<value><point x="12660" y="18492"/></value>
<metadata author="">

</metadata>
</contour>
<contour name="Process 250" class="PointContour" color="#925b27" visible="true">
<created>Fri Jun 11 12:27:36 EDT 2010</created>
<edited>Fri Jun 11 12:27:36 EDT 2010</edited>
<value><point x="11454" y="17850"/></value>
<metadata author="">

</metadata>
</contour>
<contour name="Process 243" class="PointContour" color="#4ba48d" visible="true">
<created>Fri Jun 11 11:25:40 EDT 2010</created>
<edited>Fri Jun 11 11:25:40 EDT 2010</edited>
<value><point x="12406" y="17808"/></value>
<metadata author="">

</metadata>
</contour>
<contour name="Process 198" class="PointContour" color="#d480ff" visible="true">
<created>Thu Jun 10 12:52:55 EDT 2010</created>
<edited>Thu Jun 10 12:52:55 EDT 2010</edited>
<value><point x="12662" y="17804"/></value>
<metadata author="">

</metadata>
</contour>
<contour name="Process 179" class="PointContour" color="#87acff" visible="true">
<created>Thu Jun 10 10:30:43 EDT 2010</created>
<edited>Thu Jun 10 10:30:43 EDT 2010</edited>
<value><point x="12042" y="19098"/></value>
<metadata author="">

</metadata>
</contour>
<contour name="Process 199" class="PointContour" color="#abff17" visible="true">
<created>Thu Jun 10 12:53:51 EDT 2010</created>
<edited>Thu Jun 10 12:53:51 EDT 2010</edited>
<value><point x="12478" y="17866"/></value>
<metadata author="">

</metadata>
</contour>
<contour name="Process 28" class="PointContour" color="#d1a73a" visible="true">
<created>Thu Jun 03 11:23:03 EDT 2010</created>
<edited>Thu Jun 03 11:23:03 EDT 2010</edited>
<value><point x="12128" y="19260"/></value>
<metadata author="">

</metadata>
</contour>
<contour name="Process 230" class="PointContour" color="#52bdd5" visible="true">
<created>Fri Jun 11 11:18:10 EDT 2010</created>
<edited>Fri Jun 11 11:18:10 EDT 2010</edited>
<value><point x="11086" y="18818"/></value>
<metadata author="">

</metadata>
</contour>
<contour name="Process 200" class="PointContour" color="#8e1fff" visible="true">
<created>Thu Jun 10 13:00:57 EDT 2010</created>
<edited>Thu Jun 10 13:00:57 EDT 2010</edited>
<value><point x="12132" y="18148"/></value>
<metadata author="">

</metadata>
</contour>
<contour name="Process 40" class="PointContour" color="#c4f7b5" visible="true">
<created>Mon Jun 07 16:46:39 EDT 2010</created>
<edited>Mon Jun 07 16:46:39 EDT 2010</edited>
<value><point x="12536" y="18342"/></value>
<metadata author="">

</metadata>
</contour>
<contour name="Process 175" class="PointContour" color="#3fcfff" visible="true">
<created>Wed Jun 09 17:13:44 EDT 2010</created>
<edited>Wed Jun 09 17:13:44 EDT 2010</edited>
<value><point x="12504" y="19230"/></value>
<metadata author="">

</metadata>
</contour>
<contour name="Process 200" class="PointContour" color="#8e1fff" visible="true">
<created>Thu Jun 10 13:00:57 EDT 2010</created>
<edited>Thu Jun 10 13:00:57 EDT 2010</edited>
<value><point x="11690" y="18434"/></value>
<metadata author="">

</metadata>
</contour>
<contour name="Process 200" class="PointContour" color="#8e1fff" visible="true">
<created>Thu Jun 10 13:00:57 EDT 2010</created>
<edited>Thu Jun 10 13:00:57 EDT 2010</edited>
<value><point x="11792" y="18368"/></value>
<metadata author="">

</metadata>
</contour>
<contour name="Process 227" class="PointContour" color="#98c6a9" visible="true">
<created>Fri Jun 11 11:14:50 EDT 2010</created>
<edited>Fri Jun 11 11:14:50 EDT 2010</edited>
<value><point x="11840" y="19334"/></value>
<metadata author="">

</metadata>
</contour>
<contour name="Process 28" class="PointContour" color="#d1a73a" visible="true">
<created>Thu Jun 03 11:27:05 EDT 2010</created>
<edited>Thu Jun 03 11:27:05 EDT 2010</edited>
<value><point x="11292" y="18900"/></value>
<metadata author="">

</metadata>
</contour>
<contour name="Process 200" class="PointContour" color="#8e1fff" visible="true">
<created>Thu Jun 10 13:00:57 EDT 2010</created>
<edited>Thu Jun 10 13:00:57 EDT 2010</edited>
<value><point x="11570" y="18512"/></value>
<metadata author="">

</metadata>
</contour>
<contour name="Process 175" class="PointContour" color="#3fcfff" visible="true">
<created>Wed Jun 09 17:13:44 EDT 2010</created>
<edited>Wed Jun 09 17:13:44 EDT 2010</edited>
<value><point x="12602" y="19258"/></value>
<metadata author="">

</metadata>
</contour>
<contour name="Process 175" class="PointContour" color="#3fcfff" visible="true">
<created>Wed Jun 09 17:13:44 EDT 2010</created>
<edited>Wed Jun 09 17:13:44 EDT 2010</edited>
<value><point x="12720" y="19290"/></value>
<metadata author="">

</metadata>
</contour>
<contour name="Process 252" class="PointContour" color="#c5ccaa" visible="true">
<created>Fri Jun 11 12:50:43 EDT 2010</created>
<edited>Fri Jun 11 12:50:43 EDT 2010</edited>
<value><point x="12892" y="18422"/></value>
<metadata author="">

</metadata>
</contour>
<contour name="Process 28" class="PointContour" color="#d1a73a" visible="true">
<created>Wed Jun 09 16:18:39 EDT 2010</created>
<edited>Wed Jun 09 16:18:39 EDT 2010</edited>
<value><point x="12252" y="18736"/></value>
<metadata author="">

</metadata>
</contour>
<contour name="Process 200" class="PointContour" color="#8e1fff" visible="true">
<created>Thu Jun 10 13:00:57 EDT 2010</created>
<edited>Thu Jun 10 13:00:57 EDT 2010</edited>
<value><point x="11588" y="18500"/></value>
<metadata author="">

</metadata>
</contour>
<contour name="Process 248" class="PointContour" color="#959f5d" visible="true">
<created>Fri Jun 11 12:23:18 EDT 2010</created>
<edited>Fri Jun 11 12:23:18 EDT 2010</edited>
<value><point x="11724" y="18914"/></value>
<metadata author="">

</metadata>
</contour>
<contour name="Process 248" class="PointContour" color="#959f5d" visible="true">
<created>Fri Jun 11 12:23:18 EDT 2010</created>
<edited>Fri Jun 11 12:23:18 EDT 2010</edited>
<value><point x="11656" y="18724"/></value>
<metadata author="">

</metadata>
</contour>
<contour name="Process 200" class="PointContour" color="#8e1fff" visible="true">
<created>Thu Jun 10 13:00:57 EDT 2010</created>
<edited>Thu Jun 10 13:00:57 EDT 2010</edited>
<value><point x="11910" y="18292"/></value>
<metadata author="">

</metadata>
</contour>
<contour name="Process 248" class="PointContour" color="#959f5d" visible="true">
<created>Fri Jun 11 12:23:18 EDT 2010</created>
<edited>Fri Jun 11 12:23:18 EDT 2010</edited>
<value><point x="11676" y="18782"/></value>
<metadata author="">

</metadata>
</contour>
<contour name="Process 221" class="PointContour" color="#ff38d2" visible="true">
<created>Thu Jun 10 17:23:39 EDT 2010</created>
<edited>Thu Jun 10 17:23:39 EDT 2010</edited>
<value><point x="12074" y="17694"/></value>
<metadata author="">

</metadata>
</contour>
<contour name="Process 130" class="PointContour" color="#0bff5b" visible="true">
<created>Fri Jun 11 11:27:36 EDT 2010</created>
<edited>Fri Jun 11 11:27:36 EDT 2010</edited>
<value><point x="11894" y="18434"/></value>
<metadata author="">

</metadata>
</contour>
<contour name="Process 171" class="PointContour" color="#d0ff5f" visible="true">
<created>Wed Jun 09 16:52:27 EDT 2010</created>
<edited>Wed Jun 09 16:52:27 EDT 2010</edited>
<value><point x="12922" y="17944"/></value>
<metadata author="">

</metadata>
</contour>
<contour name="Process 37" class="PointContour" color="#f7daf0" visible="true">
<created>Mon Jun 07 16:40:08 EDT 2010</created>
<edited>Mon Jun 07 16:40:08 EDT 2010</edited>
<value><point x="12218" y="17946"/></value>
<metadata author="">

</metadata>
</contour>
<contour name="Process 171" class="PointContour" color="#d0ff5f" visible="true">
<created>Wed Jun 09 16:48:35 EDT 2010</created>
<edited>Wed Jun 09 16:48:35 EDT 2010</edited>
<value><point x="12160" y="17680"/></value>
<metadata author="">

</metadata>
</contour>
<contour name="Process 200" class="PointContour" color="#8e1fff" visible="true">
<created>Thu Jun 10 13:00:57 EDT 2010</created>
<edited>Thu Jun 10 13:00:57 EDT 2010</edited>
<value><point x="12046" y="18204"/></value>
<metadata author="">

</metadata>
</contour>
<contour name="Process 87" class="PointContour" color="#ff0b2f" visible="true">
<created>Tue Jun 08 13:37:57 EDT 2010</created>
<edited>Tue Jun 08 13:37:57 EDT 2010</edited>
<value><point x="11786" y="19454"/></value>
<metadata author="">

</metadata>
</contour>
<contour name="Process 112" class="PointContour" color="#ffd72d" visible="true">
<created>Tue Jun 08 16:57:14 EDT 2010</created>
<edited>Tue Jun 08 16:57:14 EDT 2010</edited>
<value><point x="11684" y="17746"/></value>
<metadata author="">

</metadata>
</contour>
<contour name="Process 200" class="PointContour" color="#8e1fff" visible="true">
<created>Thu Jun 10 13:00:57 EDT 2010</created>
<edited>Thu Jun 10 13:00:57 EDT 2010</edited>
<value><point x="11520" y="18544"/></value>
<metadata author="">

</metadata>
</contour>
<contour name="Process 200" class="PointContour" color="#8e1fff" visible="true">
<created>Thu Jun 10 13:00:57 EDT 2010</created>
<edited>Thu Jun 10 13:00:57 EDT 2010</edited>
<value><point x="12030" y="18214"/></value>
<metadata author="">

</metadata>
</contour>
<contour name="Process 8" class="PointContour" color="#2d23ff" visible="true">
<created>Wed Jun 02 17:05:28 EDT 2010</created>
<edited>Wed Jun 02 17:05:28 EDT 2010</edited>
<value><point x="12416" y="18256"/></value>
<metadata author="">

</metadata>
</contour>
<contour name="Process 249" class="PointContour" color="#58eb11" visible="true">
<created>Fri Jun 11 12:25:43 EDT 2010</created>
<edited>Fri Jun 11 12:25:43 EDT 2010</edited>
<value><point x="11602" y="18074"/></value>
<metadata author="">

</metadata>
</contour>
<contour name="Process 200" class="PointContour" color="#8e1fff" visible="true">
<created>Thu Jun 10 13:00:57 EDT 2010</created>
<edited>Thu Jun 10 13:00:57 EDT 2010</edited>
<value><point x="11944" y="18270"/></value>
<metadata author="">

</metadata>
</contour>
<contour name="Process 248" class="PointContour" color="#959f5d" visible="true">
<created>Fri Jun 11 12:23:18 EDT 2010</created>
<edited>Fri Jun 11 12:23:18 EDT 2010</edited>
<value><point x="11684" y="18800"/></value>
<metadata author="">

</metadata>
</contour>
<contour name="Process 233" class="PointContour" color="#9806d8" visible="true">
<created>Fri Jun 11 11:19:44 EDT 2010</created>
<edited>Fri Jun 11 11:19:44 EDT 2010</edited>
<value><point x="11030" y="19036"/></value>
<metadata author="">

</metadata>
</contour>
<contour name="Process 183" class="PointContour" color="#e166ff" visible="true">
<created>Thu Jun 10 12:41:26 EDT 2010</created>
<edited>Thu Jun 10 12:41:26 EDT 2010</edited>
<value><point x="11998" y="18106"/></value>
<metadata author="">

</metadata>
</contour>
<contour name="Process 1" class="PointContour" color="#ff0000" visible="true">
<created>Wed Jun 02 16:01:13 EDT 2010</created>
<edited>Wed Jun 02 16:01:13 EDT 2010</edited>
<value><point x="12748" y="17524"/></value>
<metadata author="">

</metadata>
</contour>
<contour name="Process 200" class="PointContour" color="#8e1fff" visible="true">
<created>Thu Jun 10 13:00:57 EDT 2010</created>
<edited>Thu Jun 10 13:00:57 EDT 2010</edited>
<value><point x="12080" y="18182"/></value>
<metadata author="">

</metadata>
</contour>
<contour name="Process 92" class="PointContour" color="#ffd909" visible="true">
<created>Tue Jun 08 14:13:14 EDT 2010</created>
<edited>Tue Jun 08 14:13:14 EDT 2010</edited>
<value><point x="12118" y="19142"/></value>
<metadata author="">

</metadata>
</contour>
<contour name="Process 135" class="PointContour" color="#c313ff" visible="true">
<created>Wed Jun 09 13:17:01 EDT 2010</created>
<edited>Wed Jun 09 13:17:01 EDT 2010</edited>
<value><point x="12534" y="18566"/></value>
<metadata author="">

</metadata>
</contour>
<contour name="Process 235" class="PointContour" color="#a91e38" visible="true">
<created>Fri Jun 11 11:20:35 EDT 2010</created>
<edited>Fri Jun 11 11:20:35 EDT 2010</edited>
<value><point x="11418" y="17904"/></value>
<metadata author="">

</metadata>
</contour>
<contour name="Process 16" class="PointContour" color="#ff70a8" visible="true">
<created>Wed Jun 02 17:29:15 EDT 2010</created>
<edited>Wed Jun 02 17:29:15 EDT 2010</edited>
<value><point x="11670" y="17940"/></value>
<metadata author="">

</metadata>
</contour>
<contour name="Process 244" class="PointContour" color="#a681da" visible="true">
<created>Fri Jun 11 11:26:15 EDT 2010</created>
<edited>Fri Jun 11 11:26:15 EDT 2010</edited>
<value><point x="11844" y="18584"/></value>
<metadata author="">

</metadata>
</contour>
<contour name="Process 175" class="PointContour" color="#3fcfff" visible="true">
<created>Wed Jun 09 17:13:44 EDT 2010</created>
<edited>Wed Jun 09 17:13:44 EDT 2010</edited>
<value><point x="12700" y="19284"/></value>
<metadata author="">

</metadata>
</contour>
<contour name="Process 28" class="PointContour" color="#d1a73a" visible="true">
<created>Thu Jun 03 11:25:05 EDT 2010</created>
<edited>Thu Jun 03 11:25:05 EDT 2010</edited>
<value><point x="11936" y="19238"/></value>
<metadata author="">

</metadata>
</contour>
<contour name="Process 52" class="PointContour" color="#b10aff" visible="true">
<created>Mon Jun 07 17:20:58 EDT 2010</created>
<edited>Mon Jun 07 17:20:58 EDT 2010</edited>
<value><point x="12196" y="18040"/></value>
<metadata author="">

</metadata>
</contour>
<contour name="Process 175" class="PointContour" color="#3fcfff" visible="true">
<created>Wed Jun 09 17:16:23 EDT 2010</created>
<edited>Wed Jun 09 17:16:23 EDT 2010</edited>
<value><point x="12086" y="19242"/></value>
<metadata author="">

</metadata>
</contour>
<contour name="Process 222" class="PointContour" color="#ff38d2" visible="true">
<created>Thu Jun 10 17:24:53 EDT 2010</created>
<edited>Thu Jun 10 17:24:53 EDT 2010</edited>
<value><point x="11800" y="18556"/></value>
<metadata author="">

</metadata>
</contour>
<contour name="Process 139" class="PointContour" color="#ff6e25" visible="true">
<created>Wed Jun 09 14:56:36 EDT 2010</created>
<edited>Wed Jun 09 14:56:36 EDT 2010</edited>
<value><point x="12460" y="19020"/></value>
<metadata author="">

</metadata>
</contour>
<contour name="Process 4" class="PointContour" color="#fff812" visible="true">
<created>Wed Jun 02 16:27:01 EDT 2010</created>
<edited>Wed Jun 02 16:27:01 EDT 2010</edited>
<value><point x="11368" y="18012"/></value>
<metadata author="">

</metadata>
</contour>
<contour name="Process 153" class="PointContour" color="#f3ff8b" visible="true">
<created>Thu Jun 10 10:37:46 EDT 2010</created>
<edited>Thu Jun 10 10:37:46 EDT 2010</edited>
<value><point x="11766" y="18704"/></value>
<metadata author="">

</metadata>
</contour>
<contour name="Process 200" class="PointContour" color="#8e1fff" visible="true">
<created>Thu Jun 10 13:00:57 EDT 2010</created>
<edited>Thu Jun 10 13:00:57 EDT 2010</edited>
<value><point x="11894" y="18302"/></value>
<metadata author="">

</metadata>
</contour>
<contour name="Process 158" class="PointContour" color="#ff7fcd" visible="true">
<created>Wed Jun 09 15:48:44 EDT 2010</created>
<edited>Wed Jun 09 15:48:44 EDT 2010</edited>
<value><point x="11286" y="18056"/></value>
<metadata author="">

</metadata>
</contour>
<contour name="Process 228" class="PointContour" color="#725977" visible="true">
<created>Fri Jun 11 11:16:17 EDT 2010</created>
<edited>Fri Jun 11 11:16:17 EDT 2010</edited>
<value><point x="11762" y="19318"/></value>
<metadata author="">

</metadata>
</contour>
<contour name="Process 175" class="PointContour" color="#3fcfff" visible="true">
<created>Wed Jun 09 17:13:44 EDT 2010</created>
<edited>Wed Jun 09 17:13:44 EDT 2010</edited>
<value><point x="12738" y="19296"/></value>
<metadata author="">

</metadata>
</contour>
<contour name="Process 114" class="PointContour" color="#cbff04" visible="true">
<created>Tue Jun 08 17:01:21 EDT 2010</created>
<edited>Tue Jun 08 17:01:21 EDT 2010</edited>
<value><point x="12538" y="18270"/></value>
<metadata author="">

</metadata>
</contour>
<contour name="Process 200" class="PointContour" color="#8e1fff" visible="true">
<created>Thu Jun 10 13:00:57 EDT 2010</created>
<edited>Thu Jun 10 13:00:57 EDT 2010</edited>
<value><point x="11622" y="18478"/></value>
<metadata author="">

</metadata>
</contour>
<contour name="Trail 11" class="PointContour" color="#ff6a83" visible="true">
<created>Wed Jun 02 17:16:39 EDT 2010</created>
<edited>Wed Jun 02 17:16:39 EDT 2010</edited>
<value><point x="12872" y="17452"/></value>
<metadata author="">

</metadata>
</contour>
<contour name="Process 175" class="PointContour" color="#3fcfff" visible="true">
<created>Wed Jun 09 17:13:44 EDT 2010</created>
<edited>Wed Jun 09 17:13:44 EDT 2010</edited>
<value><point x="12486" y="19224"/></value>
<metadata author="">

</metadata>
</contour>
<contour name="Process 175" class="PointContour" color="#3fcfff" visible="true">
<created>Wed Jun 09 17:13:44 EDT 2010</created>
<edited>Wed Jun 09 17:13:44 EDT 2010</edited>
<value><point x="12856" y="19330"/></value>
<metadata author="">

</metadata>
</contour>
<contour name="Process 248" class="PointContour" color="#959f5d" visible="true">
<created>Fri Jun 11 12:23:18 EDT 2010</created>
<edited>Fri Jun 11 12:23:18 EDT 2010</edited>
<value><point x="11636" y="18668"/></value>
<metadata author="">

</metadata>
</contour>
<contour name="Process 248" class="PointContour" color="#959f5d" visible="true">
<created>Fri Jun 11 12:23:18 EDT 2010</created>
<edited>Fri Jun 11 12:23:18 EDT 2010</edited>
<value><point x="11616" y="18612"/></value>
<metadata author="">

</metadata>
</contour>
<contour name="Process 238" class="PointContour" color="#39ca5e" visible="true">
<created>Fri Jun 11 11:23:02 EDT 2010</created>
<edited>Fri Jun 11 11:23:02 EDT 2010</edited>
<value><point x="10988" y="17998"/></value>
<metadata author="">

</metadata>
</contour>
<contour name="Process 33" class="PointContour" color="#f70fe0" visible="true">
<created>Mon Jun 07 16:29:49 EDT 2010</created>
<edited>Mon Jun 07 16:29:49 EDT 2010</edited>
<value><point x="11100" y="17740"/></value>
<metadata author="">

</metadata>
</contour>
<contour name="Process 200" class="PointContour" color="#8e1fff" visible="true">
<created>Thu Jun 10 13:00:57 EDT 2010</created>
<edited>Thu Jun 10 13:00:57 EDT 2010</edited>
<value><point x="11486" y="18566"/></value>
<metadata author="">

</metadata>
</contour>
<contour name="Process 37" class="PointContour" color="#f7daf0" visible="true">
<created>Mon Jun 07 16:40:17 EDT 2010</created>
<edited>Mon Jun 07 16:40:17 EDT 2010</edited>
<value><point x="12120" y="18004"/></value>
<metadata author="">

</metadata>
</contour>
<contour name="Process 200" class="PointContour" color="#8e1fff" visible="true">
<created>Thu Jun 10 13:00:57 EDT 2010</created>
<edited>Thu Jun 10 13:00:57 EDT 2010</edited>
<value><point x="12200" y="18104"/></value>
<metadata author="">

</metadata>
</contour>
<contour name="Process 116" class="PointContour" color="#a1ff02" visible="true">
<created>Tue Jun 08 17:07:17 EDT 2010</created>
<edited>Tue Jun 08 17:07:17 EDT 2010</edited>
<value><point x="11432" y="19002"/></value>
<metadata author="">

</metadata>
</contour>
<contour name="Process 169" class="PointContour" color="#e3ff10" visible="true">
<created>Wed Jun 09 16:31:53 EDT 2010</created>
<edited>Wed Jun 09 16:31:53 EDT 2010</edited>
<value><point x="12330" y="18672"/></value>
<metadata author="">

</metadata>
</contour>
<contour name="Process 35" class="PointContour" color="#f76b06" visible="true">
<created>Mon Jun 07 16:35:47 EDT 2010</created>
<edited>Mon Jun 07 16:35:47 EDT 2010</edited>
<value><point x="12878" y="18732"/></value>
<metadata author="">

</metadata>
</contour>
<contour name="Process 254" class="PointContour" color="#69289d" visible="true">
<created>Fri Jun 11 12:51:19 EDT 2010</created>
<edited>Fri Jun 11 12:51:19 EDT 2010</edited>
<value><point x="12948" y="17448"/></value>
<metadata author="">

</metadata>
</contour>
<contour name="Process 9" class="PointContour" color="#ab0bff" visible="true">
<created>Wed Jun 02 17:09:21 EDT 2010</created>
<edited>Wed Jun 02 17:09:21 EDT 2010</edited>
<value><point x="11054" y="18268"/></value>
<metadata author="">

</metadata>
</contour>
<contour name="Process 232" class="PointContour" color="#1a995e" visible="true">
<created>Fri Jun 11 11:19:13 EDT 2010</created>
<edited>Fri Jun 11 11:19:13 EDT 2010</edited>
<value><point x="11606" y="19320"/></value>
<metadata author="">

</metadata>
</contour>
<contour name="Process 149" class="PointContour" color="#ffada8" visible="true">
<created>Wed Jun 09 15:20:23 EDT 2010</created>
<edited>Wed Jun 09 15:20:23 EDT 2010</edited>
<value><point x="12034" y="17898"/></value>
<metadata author="">

</metadata>
</contour>
<contour name="Trail 3" class="PointContour" color="#ffa20c" visible="true">
<created>Wed Jun 02 16:18:25 EDT 2010</created>
<edited>Wed Jun 02 16:18:25 EDT 2010</edited>
<value><point x="12882" y="18530"/></value>
<metadata author="">

</metadata>
</contour>
<contour name="Process 120" class="PointContour" color="#06ffad" visible="true">
<created>Tue Jun 08 17:15:36 EDT 2010</created>
<edited>Tue Jun 08 17:15:36 EDT 2010</edited>
<value><point x="12028" y="17586"/></value>
<metadata author="">

</metadata>
</contour>
<contour name="Process 242" class="PointContour" color="#33ba58" visible="true">
<created>Fri Jun 11 11:24:44 EDT 2010</created>
<edited>Fri Jun 11 11:24:44 EDT 2010</edited>
<value><point x="12568" y="17730"/></value>
<metadata author="">

</metadata>
</contour>
<contour name="Process 176" class="PointContour" color="#ff0000" visible="true">
<created>Thu Jun 10 10:26:02 EDT 2010</created>
<edited>Thu Jun 10 10:26:02 EDT 2010</edited>
<value><point x="12610" y="18796"/></value>
<metadata author="">

</metadata>
</contour>
<contour name="Process 175" class="PointContour" color="#3fcfff" visible="true">
<created>Wed Jun 09 17:13:44 EDT 2010</created>
<edited>Wed Jun 09 17:13:44 EDT 2010</edited>
<value><point x="12350" y="19186"/></value>
<metadata author="">

</metadata>
</contour>
<contour name="Process 200" class="PointContour" color="#8e1fff" visible="true">
<created>Thu Jun 10 13:00:57 EDT 2010</created>
<edited>Thu Jun 10 13:00:57 EDT 2010</edited>
<value><point x="11758" y="18390"/></value>
<metadata author="">

</metadata>
</contour>
<contour name="Process 207" class="PointContour" color="#c2ff4a" visible="true">
<created>Thu Jun 10 13:20:26 EDT 2010</created>
<edited>Thu Jun 10 13:20:26 EDT 2010</edited>
<value><point x="12610" y="17876"/></value>
<metadata author="">

</metadata>
</contour>
<contour name="Process 1" class="PointContour" color="#ff0000" visible="true">
<created>Wed Jun 02 16:01:25 EDT 2010</created>
<edited>Wed Jun 02 16:01:25 EDT 2010</edited>
<value><point x="12978" y="17584"/></value>
<metadata author="">

</metadata>
</contour>
<contour name="Process 104" class="PointContour" color="#df03ff" visible="true">
<created>Wed Jun 09 16:34:20 EDT 2010</created>
<edited>Wed Jun 09 16:34:20 EDT 2010</edited>
<value><point x="11916" y="18656"/></value>
<metadata author="">

</metadata>
</contour>
<contour name="Process 200" class="PointContour" color="#8e1fff" visible="true">
<created>Thu Jun 10 13:00:57 EDT 2010</created>
<edited>Thu Jun 10 13:00:57 EDT 2010</edited>
<value><point x="11384" y="18632"/></value>
<metadata author="">

</metadata>
</contour>
<contour name="Process 175" class="PointContour" color="#3fcfff" visible="true">
<created>Wed Jun 09 17:13:44 EDT 2010</created>
<edited>Wed Jun 09 17:13:44 EDT 2010</edited>
<value><point x="12426" y="19208"/></value>
<metadata author="">

</metadata>
</contour>
<contour name="Process 196" class="PointContour" color="#ff63b3" visible="true">
<created>Thu Jun 10 12:49:33 EDT 2010</created>
<edited>Thu Jun 10 12:49:33 EDT 2010</edited>
<value><point x="11580" y="18932"/></value>
<metadata author="">

</metadata>
</contour>
<contour name="Process 44" class="PointContour" color="#ddf72a" visible="true">
<created>Mon Jun 07 16:53:26 EDT 2010</created>
<edited>Mon Jun 07 16:53:26 EDT 2010</edited>
<value><point x="12080" y="17576"/></value>
<metadata author="">

</metadata>
</contour>
<contour name="Process 200" class="PointContour" color="#8e1fff" visible="true">
<created>Thu Jun 10 13:00:57 EDT 2010</created>
<edited>Thu Jun 10 13:00:57 EDT 2010</edited>
<value><point x="11978" y="18248"/></value>
<metadata author="">

</metadata>
</contour>
<contour name="Process 175" class="PointContour" color="#3fcfff" visible="true">
<created>Wed Jun 09 17:13:44 EDT 2010</created>
<edited>Wed Jun 09 17:13:44 EDT 2010</edited>
<value><point x="12544" y="19240"/></value>
<metadata author="">

</metadata>
</contour>
<contour name="Process 175" class="PointContour" color="#3fcfff" visible="true">
<created>Wed Jun 09 17:13:44 EDT 2010</created>
<edited>Wed Jun 09 17:13:44 EDT 2010</edited>
<value><point x="12836" y="19324"/></value>
<metadata author="">

</metadata>
</contour>
<contour name="Process 259" class="PointContour" color="#a33eef" visible="true">
<created>Fri Jun 11 13:04:56 EDT 2010</created>
<edited>Fri Jun 11 13:04:56 EDT 2010</edited>
<value><point x="10978" y="17940"/></value>
<metadata author="">

</metadata>
</contour>
<contour name="Process 175" class="PointContour" color="#3fcfff" visible="true">
<created>Wed Jun 09 17:13:44 EDT 2010</created>
<edited>Wed Jun 09 17:13:44 EDT 2010</edited>
<value><point x="12446" y="19212"/></value>
<metadata author="">

</metadata>
</contour>
<contour name="Process 159" class="PointContour" color="#afff08" visible="true">
<created>Wed Jun 09 15:50:55 EDT 2010</created>
<edited>Wed Jun 09 15:50:55 EDT 2010</edited>
<value><point x="11042" y="18194"/></value>
<metadata author="">

</metadata>
</contour>
<contour name="Process 105" class="PointContour" color="#ff0be6" visible="true">
<created>Tue Jun 08 16:16:27 EDT 2010</created>
<edited>Tue Jun 08 16:16:27 EDT 2010</edited>
<value><point x="11292" y="18570"/></value>
<metadata author="">

</metadata>
</contour>
<contour name="Process 175" class="PointContour" color="#3fcfff" visible="true">
<created>Wed Jun 09 17:13:44 EDT 2010</created>
<edited>Wed Jun 09 17:13:44 EDT 2010</edited>
<value><point x="12778" y="19308"/></value>
<metadata author="">

</metadata>
</contour>
<contour name="Process 186" class="PointContour" color="#ff431a" visible="true">
<created>Thu Jun 10 12:27:01 EDT 2010</created>
<edited>Thu Jun 10 12:27:01 EDT 2010</edited>
<value><point x="11246" y="18376"/></value>
<metadata author="">

</metadata>
</contour>
<contour name="Process 200" class="PointContour" color="#8e1fff" visible="true">
<created>Thu Jun 10 13:00:57 EDT 2010</created>
<edited>Thu Jun 10 13:00:57 EDT 2010</edited>
<value><point x="11366" y="18644"/></value>
<metadata author="">

</metadata>
</contour>
<contour name="Process 265" class="PointContour" color="#277b12" visible="true">
<created>Fri Jun 11 13:15:00 EDT 2010</created>
<edited>Fri Jun 11 13:15:00 EDT 2010</edited>
<value><point x="12008" y="18396"/></value>
<metadata author="">

</metadata>
</contour>
<contour name="Process 175" class="PointContour" color="#3fcfff" visible="true">
<created>Wed Jun 09 17:13:44 EDT 2010</created>
<edited>Wed Jun 09 17:13:44 EDT 2010</edited>
<value><point x="12758" y="19302"/></value>
<metadata author="">

</metadata>
</contour>
<contour name="Process 180" class="PointContour" color="#cd67ff" visible="true">
<created>Thu Jun 10 10:32:22 EDT 2010</created>
<edited>Thu Jun 10 10:32:22 EDT 2010</edited>
<value><point x="11620" y="19402"/></value>
<metadata author="">

</metadata>
</contour>
<contour name="Process 7" class="PointContour" color="#10fffb" visible="true">
<created>Wed Jun 02 16:50:06 EDT 2010</created>
<edited>Wed Jun 02 16:50:06 EDT 2010</edited>
<value><point x="11308" y="19404"/></value>
<metadata author="">

</metadata>
</contour>
<contour name="Process 240" class="PointContour" color="#b3011e" visible="true">
<created>Fri Jun 11 11:23:37 EDT 2010</created>
<edited>Fri Jun 11 11:23:37 EDT 2010</edited>
<value><point x="11432" y="19346"/></value>
<metadata author="">

</metadata>
</contour>
<contour name="Process 123" class="PointContour" color="#966dff" visible="true">
<created>Tue Jun 08 17:32:49 EDT 2010</created>
<edited>Tue Jun 08 17:32:49 EDT 2010</edited>
<value><point x="11004" y="18232"/></value>
<metadata author="">

</metadata>
</contour>
<contour name="Process 247" class="PointContour" color="#e5d61b" visible="true">
<created>Fri Jun 11 11:29:11 EDT 2010</created>
<edited>Fri Jun 11 11:29:11 EDT 2010</edited>
<value><point x="12092" y="17936"/></value>
<metadata author="">

</metadata>
</contour>
<contour name="Process 204" class="PointContour" color="#e0ff14" visible="true">
<created>Thu Jun 10 13:15:41 EDT 2010</created>
<edited>Thu Jun 10 13:15:41 EDT 2010</edited>
<value><point x="12366" y="18356"/></value>
<metadata author="">

</metadata>
</contour>
<contour name="Process 188" class="PointContour" color="#c5ffa4" visible="true">
<created>Thu Jun 10 12:28:35 EDT 2010</created>
<edited>Thu Jun 10 12:28:35 EDT 2010</edited>
<value><point x="11144" y="18806"/></value>
<metadata author="">

</metadata>
</contour>
<contour name="Process 46" class="PointContour" color="#9372cc" visible="true">
<created>Mon Jun 07 16:57:13 EDT 2010</created>
<edited>Mon Jun 07 16:57:13 EDT 2010</edited>
<value><point x="12062" y="17814"/></value>
<metadata author="">

</metadata>
</contour>
<contour name="Process 2" class="PointContour" color="#ff5107" visible="true">
<created>Wed Jun 02 16:09:08 EDT 2010</created>
<edited>Wed Jun 02 16:09:08 EDT 2010</edited>
<value><point x="12104" y="19008"/></value>
<metadata author="">

</metadata>
</contour>
<contour name="Process 60" class="PointContour" color="#ff4e01" visible="true">
<created>Mon Jun 07 17:31:24 EDT 2010</created>
<edited>Mon Jun 07 17:31:24 EDT 2010</edited>
<value><point x="11510" y="17674"/></value>
<metadata author="">

</metadata>
</contour>
<contour name="Process 53" class="PointContour" color="#d507ff" visible="true">
<created>Mon Jun 07 17:22:15 EDT 2010</created>
<edited>Mon Jun 07 17:22:15 EDT 2010</edited>
<value><point x="12758" y="17966"/></value>
<metadata author="">

</metadata>
</contour>
<contour name="Process 171" class="PointContour" color="#d0ff5f" visible="true">
<created>Wed Jun 09 16:51:52 EDT 2010</created>
<edited>Wed Jun 09 16:51:52 EDT 2010</edited>
<value><point x="12382" y="18426"/></value>
<metadata author="">

</metadata>
</contour>
<contour name="Process 175" class="PointContour" color="#3fcfff" visible="true">
<created>Wed Jun 09 17:13:44 EDT 2010</created>
<edited>Wed Jun 09 17:13:44 EDT 2010</edited>
<value><point x="12660" y="19274"/></value>
<metadata author="">

</metadata>
</contour>
<contour name="Process 181" class="PointContour" color="#ffcd17" visible="true">
<created>Thu Jun 10 10:32:52 EDT 2010</created>
<edited>Thu Jun 10 10:32:52 EDT 2010</edited>
<value><point x="11526" y="18740"/></value>
<metadata author="">

</metadata>
</contour>
<contour name="Process 248" class="PointContour" color="#959f5d" visible="true">
<created>Fri Jun 11 12:23:03 EDT 2010</created>
<edited>Fri Jun 11 12:23:03 EDT 2010</edited>
<value><point x="11096" y="17546"/></value>
<metadata author="">

</metadata>
</contour>
<contour name="Process 200" class="PointContour" color="#8e1fff" visible="true">
<created>Thu Jun 10 13:00:57 EDT 2010</created>
<edited>Thu Jun 10 13:00:57 EDT 2010</edited>
<value><point x="12166" y="18126"/></value>
<metadata author="">

</metadata>
</contour>
<contour name="Process 175" class="PointContour" color="#3fcfff" visible="true">
<created>Wed Jun 09 17:13:44 EDT 2010</created>
<edited>Wed Jun 09 17:13:44 EDT 2010</edited>
<value><point x="12622" y="19262"/></value>
<metadata author="">

</metadata>
</contour>
<contour name="Process 175" class="PointContour" color="#3fcfff" visible="true">
<created>Wed Jun 09 17:13:44 EDT 2010</created>
<edited>Wed Jun 09 17:13:44 EDT 2010</edited>
<value><point x="12914" y="19346"/></value>
<metadata author="">

</metadata>
</contour>
<contour name="Process 184" class="PointContour" color="#e5ff1d" visible="true">
<created>Thu Jun 10 12:24:01 EDT 2010</created>
<edited>Thu Jun 10 12:24:01 EDT 2010</edited>
<value><point x="11282" y="18948"/></value>
<metadata author="">

</metadata>
</contour>
<contour name="Process 218" class="PointContour" color="#d0ff2e" visible="true">
<created>Thu Jun 10 15:00:31 EDT 2010</created>
<edited>Thu Jun 10 15:00:31 EDT 2010</edited>
<value><point x="12758" y="18184"/></value>
<metadata author="">

</metadata>
</contour>
<contour name="Process 10" class="PointContour" color="#ff17f0" visible="true">
<created>Wed Jun 02 17:11:14 EDT 2010</created>
<edited>Wed Jun 02 17:11:14 EDT 2010</edited>
<value><point x="11846" y="18012"/></value>
<metadata author="">

</metadata>
</contour>
<contour name="Process 200" class="PointContour" color="#8e1fff" visible="true">
<created>Thu Jun 10 13:00:57 EDT 2010</created>
<edited>Thu Jun 10 13:00:57 EDT 2010</edited>
<value><point x="11996" y="18236"/></value>
<metadata author="">

</metadata>
</contour>
<contour name="Process 117" class="PointContour" color="#78ff04" visible="true">
<created>Tue Jun 08 17:34:36 EDT 2010</created>
<edited>Tue Jun 08 17:34:36 EDT 2010</edited>
<value><point x="11124" y="18306"/></value>
<metadata author="">

</metadata>
</contour>
<contour name="Process 47" class="PointContour" color="#93cc90" visible="true">
<created>Mon Jun 07 16:59:04 EDT 2010</created>
<edited>Mon Jun 07 16:59:04 EDT 2010</edited>
<value><point x="11940" y="17434"/></value>
<metadata author="">

</metadata>
</contour>
<contour name="Process 199" class="PointContour" color="#abff17" visible="true">
<created>Thu Jun 10 12:54:28 EDT 2010</created>
<edited>Thu Jun 10 12:54:28 EDT 2010</edited>
<value><point x="11800" y="18190"/></value>
<metadata author="">

</metadata>
</contour>
<contour name="Process 175" class="PointContour" color="#3fcfff" visible="true">
<created>Wed Jun 09 17:12:02 EDT 2010</created>
<edited>Wed Jun 09 17:12:02 EDT 2010</edited>
<value><point x="12092" y="18672"/></value>
<metadata author="">

</metadata>
</contour>
<contour name="Process 200" class="PointContour" color="#8e1fff" visible="true">
<created>Thu Jun 10 13:00:57 EDT 2010</created>
<edited>Thu Jun 10 13:00:57 EDT 2010</edited>
<value><point x="12064" y="18192"/></value>
<metadata author="">

</metadata>
</contour>
<contour name="Process 200" class="PointContour" color="#8e1fff" visible="true">
<created>Thu Jun 10 13:00:57 EDT 2010</created>
<edited>Thu Jun 10 13:00:57 EDT 2010</edited>
<value><point x="11468" y="18578"/></value>
<metadata author="">

</metadata>
</contour>
<contour name="Process 76" class="PointContour" color="#08ffdd" visible="true">
<created>Tue Jun 08 12:39:25 EDT 2010</created>
<edited>Tue Jun 08 12:39:25 EDT 2010</edited>
<value><point x="12924" y="18462"/></value>
<metadata author="">

</metadata>
</contour>
<contour name="Process 114" class="PointContour" color="#cbff04" visible="true">
<created>Tue Jun 08 17:01:51 EDT 2010</created>
<edited>Tue Jun 08 17:01:51 EDT 2010</edited>
<value><point x="12092" y="18072"/></value>
<metadata author="">

</metadata>
</contour>
<contour name="Process 256" class="PointContour" color="#df60ef" visible="true">
<created>Fri Jun 11 13:02:08 EDT 2010</created>
<edited>Fri Jun 11 13:02:08 EDT 2010</edited>
<value><point x="12244" y="17984"/></value>
<metadata author="">

</metadata>
</contour>
<contour name="Process 190" class="PointContour" color="#ffadba" visible="true">
<created>Thu Jun 10 12:34:22 EDT 2010</created>
<edited>Thu Jun 10 12:34:22 EDT 2010</edited>
<value><point x="11100" y="18090"/></value>
<metadata author="">

</metadata>
</contour>
<contour name="Process 200" class="PointContour" color="#8e1fff" visible="true">
<created>Thu Jun 10 13:00:57 EDT 2010</created>
<edited>Thu Jun 10 13:00:57 EDT 2010</edited>
<value><point x="11740" y="18402"/></value>
<metadata author="">

</metadata>
</contour>
<contour name="Process 263" class="PointContour" color="#22bc67" visible="true">
<created>Fri Jun 11 13:12:45 EDT 2010</created>
<edited>Fri Jun 11 13:12:45 EDT 2010</edited>
<value><point x="11796" y="19370"/></value>
<metadata author="">

</metadata>
</contour>
<contour name="Process 268" class="PointContour" color="#c92afa" visible="true">
<created>Fri Jun 11 16:11:19 EDT 2010</created>
<edited>Fri Jun 11 16:11:19 EDT 2010</edited>
<value><point x="12496" y="19112"/></value>
<metadata author="">

</metadata>
</contour>
<contour name="Process 272" class="PointContour" color="#864f91" visible="true">
<created>Fri Jun 11 16:58:49 EDT 2010</created>
<edited>Fri Jun 11 16:58:49 EDT 2010</edited>
<value><point x="11606" y="17724"/></value>
<metadata author="">

</metadata>
</contour>
<contour name="Process 273" class="PointContour" color="#a69f8c" visible="true">
<created>Fri Jun 11 16:59:26 EDT 2010</created>
<edited>Fri Jun 11 16:59:26 EDT 2010</edited>
<value><point x="12458" y="19434"/></value>
<metadata author="">

</metadata>
</contour>
<contour name="Process 200" class="PointContour" color="#8e1fff" visible="true">
<created>Mon Jun 14 12:39:45 EDT 2010</created>
<edited>Mon Jun 14 12:39:45 EDT 2010</edited>
<value><point x="11258" y="18010"/></value>
<metadata author="">

</metadata>
</contour>
<contour name="Process 281" class="PointContour" color="#ced192" visible="true">
<created>Mon Jun 14 12:42:15 EDT 2010</created>
<edited>Mon Jun 14 12:42:15 EDT 2010</edited>
<value><point x="11946" y="18798"/></value>
<metadata author="">

</metadata>
</contour>
<contour name="Process 282" class="PointContour" color="#92391c" visible="true">
<created>Mon Jun 14 12:43:50 EDT 2010</created>
<edited>Mon Jun 14 12:43:50 EDT 2010</edited>
<value><point x="12638" y="18856"/></value>
<metadata author="">

</metadata>
</contour>
<contour name="Process 284" class="PointContour" color="#42cb4e" visible="true">
<created>Mon Jun 14 12:51:28 EDT 2010</created>
<edited>Mon Jun 14 12:51:28 EDT 2010</edited>
<value><point x="10990" y="18970"/></value>
<metadata author="">

</metadata>
</contour>
<contour name="Process 301" class="PointContour" color="#ee987c" visible="true">
<created>Tue Jun 15 13:23:31 EDT 2010</created>
<edited>Tue Jun 15 13:23:31 EDT 2010</edited>
<value><point x="12282" y="18134"/></value>
<metadata author="">

</metadata>
</contour>
<contour name="Process 307" class="PointContour" color="#bc7f1e" visible="true">
<created>Tue Jun 15 14:37:04 EDT 2010</created>
<edited>Tue Jun 15 14:37:04 EDT 2010</edited>
<value><point x="12326" y="17492"/></value>
<metadata author="">

</metadata>
</contour>
<contour name="Process 309" class="PointContour" color="#ec9472" visible="true">
<created>Tue Jun 15 14:44:22 EDT 2010</created>
<edited>Tue Jun 15 14:44:22 EDT 2010</edited>
<value><point x="11172" y="19114"/></value>
<metadata author="">

</metadata>
</contour>
<contour name="Process 311" class="PointContour" color="#0b7893" visible="true">
<created>Tue Jun 15 14:47:59 EDT 2010</created>
<edited>Tue Jun 15 14:47:59 EDT 2010</edited>
<value><point x="12012" y="19302"/></value>
<metadata author="">

</metadata>
</contour>
<contour name="Process 315" class="PointContour" color="#e8b752" visible="true">
<created>Tue Jun 15 14:58:52 EDT 2010</created>
<edited>Tue Jun 15 14:58:52 EDT 2010</edited>
<value><point x="11034" y="18678"/></value>
<metadata author="">

</metadata>
</contour>
<contour name="Process 316" class="PointContour" color="#d12438" visible="true">
<created>Tue Jun 15 14:59:52 EDT 2010</created>
<edited>Tue Jun 15 14:59:52 EDT 2010</edited>
<value><point x="11036" y="18486"/></value>
<metadata author="">

</metadata>
</contour>
<contour name="Process 320" class="PointContour" color="#c7c120" visible="true">
<created>Tue Jun 15 15:11:45 EDT 2010</created>
<edited>Tue Jun 15 15:11:45 EDT 2010</edited>
<value><point x="11658" y="17546"/></value>
<metadata author="">

</metadata>
</contour>
<contour name="Process 329" class="PointContour" color="#e17912" visible="true">
<created>Tue Jun 15 16:45:46 EDT 2010</created>
<edited>Tue Jun 15 16:45:46 EDT 2010</edited>
<value><point x="12778" y="17722"/></value>
<metadata author="">

</metadata>
</contour>
<contour name="Process 171" class="PointContour" color="#d0ff5f" visible="true">
<created>Tue Jun 15 17:42:37 EDT 2010</created>
<edited>Tue Jun 15 17:42:37 EDT 2010</edited>
<value><point x="11280" y="18256"/></value>
<metadata author="">

</metadata>
</contour>
<contour name="Process 348" class="PointContour" color="#5105c9" visible="true">
<created>Tue Jun 15 17:44:48 EDT 2010</created>
<edited>Tue Jun 15 17:44:48 EDT 2010</edited>
<value><point x="12404" y="18106"/></value>
<metadata author="">

</metadata>
</contour>
<contour name="Process 361" class="PointContour" color="#886a44" visible="true">
<created>Wed Jun 23 10:06:18 EDT 2010</created>
<edited>Wed Jun 23 10:06:18 EDT 2010</edited>
<value><point x="12458" y="18866"/></value>
<metadata author="">

</metadata>
</contour>
<contour name="Process 361" class="PointContour" color="#886a44" visible="true">
<created>Wed Jun 23 10:06:29 EDT 2010</created>
<edited>Wed Jun 23 10:06:29 EDT 2010</edited>
<value><point x="12698" y="18716"/></value>
<metadata author="">

</metadata>
</contour>
<contour name="Process 362" class="PointContour" color="#821322" visible="true">
<created>Wed Jun 23 11:41:24 EDT 2010</created>
<edited>Wed Jun 23 11:41:24 EDT 2010</edited>
<value><point x="11750" y="18626"/></value>
<metadata author="">

</metadata>
</contour>
<contour name="Process 363" class="PointContour" color="#70971f" visible="true">
<created>Wed Jun 23 11:42:56 EDT 2010</created>
<edited>Wed Jun 23 11:42:56 EDT 2010</edited>
<value><point x="11108" y="19042"/></value>
<metadata author="">

</metadata>
</contour>
<contour name="Process 363" class="PointContour" color="#70971f" visible="true">
<created>Wed Jun 23 11:43:39 EDT 2010</created>
<edited>Wed Jun 23 11:43:39 EDT 2010</edited>
<value><point x="11710" y="19324"/></value>
<metadata author="">

</metadata>
</contour>
<contour name="Process 363" class="PointContour" color="#70971f" visible="true">
<created>Wed Jun 23 11:44:12 EDT 2010</created>
<edited>Wed Jun 23 11:44:12 EDT 2010</edited>
<value><point x="11756" y="19416"/></value>
<metadata author="">

</metadata>
</contour>
<contour name="Process 364" class="PointContour" color="#5609f9" visible="true">
<created>Wed Jun 23 11:44:54 EDT 2010</created>
<edited>Wed Jun 23 11:44:54 EDT 2010</edited>
<value><point x="11040" y="19326"/></value>
<metadata author="">

</metadata>
</contour>
<contour name="Process 364" class="PointContour" color="#5609f9" visible="true">
<created>Wed Jun 23 11:45:59 EDT 2010</created>
<edited>Wed Jun 23 11:45:59 EDT 2010</edited>
<value><point x="11372" y="18810"/></value>
<metadata author="">

</metadata>
</contour>
<contour name="Process 231" class="PointContour" color="#cfc613" visible="true">
<created>Wed Jun 23 11:47:18 EDT 2010</created>
<edited>Wed Jun 23 11:47:18 EDT 2010</edited>
<value><point x="11234" y="19104"/></value>
<metadata author="">

</metadata>
</contour>
<contour name="Process 366" class="PointContour" color="#4ca9f6" visible="true">
<created>Wed Jun 23 11:48:07 EDT 2010</created>
<edited>Wed Jun 23 11:48:07 EDT 2010</edited>
<value><point x="11078" y="18958"/></value>
<metadata author="">

</metadata>
</contour>
<contour name="Process 377" class="PointContour" color="#0a11fd" visible="true">
<created>Wed Jun 23 12:18:29 EDT 2010</created>
<edited>Wed Jun 23 12:18:29 EDT 2010</edited>
<value><point x="11650" y="18238"/></value>
<metadata author="">

</metadata>
</contour>
<contour name="Process 396" class="PointContour" color="#750587" visible="true">
<created>Wed Jun 30 10:59:34 EDT 2010</created>
<edited>Wed Jun 30 10:59:34 EDT 2010</edited>
<value><point x="12320" y="18988"/></value>
<metadata author="">

</metadata>
</contour>
<contour name="Process 255" class="PointContour" color="#b84826" visible="true">
<created>Wed Jun 30 12:15:35 EDT 2010</created>
<edited>Wed Jun 30 12:15:35 EDT 2010</edited>
<value><point x="11048" y="17694"/></value>
<metadata author="">

</metadata>
</contour>
<contour name="Process 397" class="PointContour" color="#24d322" visible="true">
<created>Thu Jul 01 10:56:18 EDT 2010</created>
<edited>Thu Jul 01 10:56:18 EDT 2010</edited>
<value><point x="12340" y="17980"/></value>
<metadata author="">

</metadata>
</contour>
<contour name="Process 200" class="PointContour" color="#8e1fff" visible="true">
<created>Thu Jul 01 10:56:53 EDT 2010</created>
<edited>Thu Jul 01 10:56:53 EDT 2010</edited>
<value><point x="12480" y="18140"/></value>
<metadata author="">

</metadata>
</contour>
<contour name="Process 200" class="PointContour" color="#8e1fff" visible="true">
<created>Thu Jul 01 10:57:11 EDT 2010</created>
<edited>Thu Jul 01 10:57:11 EDT 2010</edited>
<value><point x="12422" y="17970"/></value>
<metadata author="">

</metadata>
</contour>
<contour name="Process 398" class="PointContour" color="#8e3ec0" visible="true">
<created>Thu Jul 01 10:58:20 EDT 2010</created>
<edited>Thu Jul 01 10:58:20 EDT 2010</edited>
<value><point x="12770" y="17618"/></value>
<metadata author="">

</metadata>
</contour>
<contour name="Process 398" class="PointContour" color="#8e3ec0" visible="true">
<created>Thu Jul 01 10:58:38 EDT 2010</created>
<edited>Thu Jul 01 10:58:38 EDT 2010</edited>
<value><point x="12980" y="17520"/></value>
<metadata author="">

</metadata>
</contour>
<contour name="Process 399" class="PointContour" color="#c631f2" visible="true">
<created>Thu Jul 01 10:59:19 EDT 2010</created>
<edited>Thu Jul 01 10:59:19 EDT 2010</edited>
<value><point x="12220" y="19240"/></value>
<metadata author="">

</metadata>
</contour>
<contour name="Process 400" class="PointContour" color="#1c79a0" visible="true">
<created>Thu Jul 01 11:00:08 EDT 2010</created>
<edited>Thu Jul 01 11:00:08 EDT 2010</edited>
<value><point x="11484" y="19020"/></value>
<metadata author="">

</metadata>
</contour>
<contour name="Process 407" class="PointContour" color="#5cd6fd" visible="true">
<created>Thu Jul 01 11:23:18 EDT 2010</created>
<edited>Thu Jul 01 11:23:18 EDT 2010</edited>
<value><point x="11004" y="18872"/></value>
<metadata author="">

</metadata>
</contour>
<contour name="Process 407" class="PointContour" color="#5cd6fd" visible="true">
<created>Thu Jul 01 11:27:25 EDT 2010</created>
<edited>Thu Jul 01 11:27:25 EDT 2010</edited>
<value><point x="11136" y="19218"/></value>
<metadata author="">

</metadata>
</contour>
<contour name="Process 411" class="PointContour" color="#f2f651" visible="true">
<created>Thu Jul 01 14:22:14 EDT 2010</created>
<edited>Thu Jul 01 14:22:14 EDT 2010</edited>
<value><point x="12036" y="19222"/></value>
<metadata author="">

</metadata>
</contour>
<contour name="Process 413" class="PointContour" color="#f086bb" visible="true">
<created>Thu Jul 01 14:31:52 EDT 2010</created>
<edited>Thu Jul 01 14:31:52 EDT 2010</edited>
<value><point x="11504" y="19330"/></value>
<metadata author="">

</metadata>
</contour>
<contour name="Process 209" class="PointContour" color="#9eff56" visible="true">
<created>Wed Jul 14 12:37:10 EDT 2010</created>
<edited>Wed Jul 14 12:37:10 EDT 2010</edited>
<value><point x="11628" y="17632"/></value>
<metadata author="">

</metadata>
</contour>
<contour name="Process 209" class="PointContour" color="#9eff56" visible="true">
<created>Wed Jul 14 12:37:22 EDT 2010</created>
<edited>Wed Jul 14 12:37:22 EDT 2010</edited>
<value><point x="11470" y="17468"/></value>
<metadata author="">

</metadata>
</contour>
<contour name="Process 270" class="PointContour" color="#a20df4" visible="true">
<created>Wed Jul 14 16:22:35 EDT 2010</created>
<edited>Wed Jul 14 16:22:35 EDT 2010</edited>
<value><point x="11664" y="17434"/></value>
<metadata author="">

</metadata>
</contour>
<contour name="Process 419" class="PointContour" color="#9b68ba" visible="true">
<created>Thu Jul 15 13:15:33 EDT 2010</created>
<edited>Thu Jul 15 13:15:33 EDT 2010</edited>
<value><point x="11300" y="17560"/></value>
<metadata author="">

</metadata>
</contour>
<contour name="Process 419" class="PointContour" color="#9b68ba" visible="true">
<created>Thu Jul 15 13:15:53 EDT 2010</created>
<edited>Thu Jul 15 13:15:53 EDT 2010</edited>
<value><point x="11146" y="17882"/></value>
<metadata author="">

</metadata>
</contour>
<contour name="Process 430" class="PointContour" color="#d6b579" visible="true">
<created>Wed Nov 24 20:12:01 EST 2010</created>
<edited>Wed Nov 24 20:12:01 EST 2010</edited>
<value><point x="8652" y="18166"/></value>
<metadata author="">

</metadata>
</contour>
<contour name="Process 440" class="PointContour" color="#dc71ad" visible="true">
<created>Thu Nov 25 14:22:54 EST 2010</created>
<edited>Thu Nov 25 14:22:54 EST 2010</edited>
<value><point x="11669" y="16954"/></value>
<metadata author="">

</metadata>
</contour>
<contour name="Process 442" class="PointContour" color="#04bb4c" visible="true">
<created>Thu Nov 25 15:14:33 EST 2010</created>
<edited>Thu Nov 25 15:14:33 EST 2010</edited>
<value><point x="11055" y="17141"/></value>
<metadata author="">

</metadata>
</contour>
<contour name="Process 444" class="PointContour" color="#b8aa00" visible="true">
<created>Thu Nov 25 19:43:08 EST 2010</created>
<edited>Thu Nov 25 19:43:08 EST 2010</edited>
<value><point x="12345" y="17165"/></value>
<metadata author="">

</metadata>
</contour>
<contour name="Process 446" class="PointContour" color="#717cf8" visible="true">
<created>Fri Nov 26 16:49:33 EST 2010</created>
<edited>Fri Nov 26 16:49:33 EST 2010</edited>
<value><point x="12234" y="17332"/></value>
<metadata author="">

</metadata>
</contour>
<contour name="Process 447" class="PointContour" color="#7a48fe" visible="true">
<created>Fri Nov 26 17:40:37 EST 2010</created>
<edited>Fri Nov 26 17:40:37 EST 2010</edited>
<value><point x="12189" y="17135"/></value>
<metadata author="">

</metadata>
</contour>
<contour name="Process 452" class="PointContour" color="#0612e3" visible="true">
<created>Fri Nov 26 21:30:45 EST 2010</created>
<edited>Fri Nov 26 21:30:45 EST 2010</edited>
<value><point x="11973" y="17371"/></value>
<metadata author="">

</metadata>
</contour>
<contour name="Process 462" class="PointContour" color="#e156ab" visible="true">
<created>Fri Dec 03 23:29:56 EST 2010</created>
<edited>Fri Dec 03 23:29:56 EST 2010</edited>
<value><point x="12271" y="17295"/></value>
<metadata author="">

</metadata>
</contour>
<contour name="Process 467" class="PointContour" color="#a56551" visible="true">
<created>Sat Dec 04 00:14:23 EST 2010</created>
<edited>Sat Dec 04 00:14:23 EST 2010</edited>
<value><point x="12270" y="20379"/></value>
<metadata author="">

</metadata>
</contour>
<contour name="Process 468" class="PointContour" color="#5025db" visible="true">
<created>Sat Dec 04 00:23:57 EST 2010</created>
<edited>Sat Dec 04 00:23:57 EST 2010</edited>
<value><point x="16413" y="15915"/></value>
<metadata author="">

</metadata>
</contour>
<contour name="Process 474" class="PointContour" color="#068f4d" visible="true">
<created>Tue Feb 08 14:14:52 EST 2011</created>
<edited>Tue Feb 08 14:14:52 EST 2011</edited>
<value><point x="7570" y="19125"/></value>
<metadata author="">

</metadata>
</contour>
<contour name="Process 475" class="PointContour" color="#5a9bb6" visible="true">
<created>Tue Feb 08 14:19:00 EST 2011</created>
<edited>Tue Feb 08 14:19:00 EST 2011</edited>
<value><point x="9781" y="21193"/></value>
<metadata author="">

</metadata>
</contour>
<contour name="Process 477" class="PointContour" color="#0146e8" visible="true">
<created>Tue Feb 08 14:54:35 EST 2011</created>
<edited>Tue Feb 08 14:54:35 EST 2011</edited>
<value><point x="11980" y="20792"/></value>
<metadata author="">

</metadata>
</contour>
<contour name="Process 484" class="PointContour" color="#cc7eb3" visible="true">
<created>Tue Feb 08 17:28:45 EST 2011</created>
<edited>Tue Feb 08 17:28:45 EST 2011</edited>
<value><point x="12650" y="19507"/></value>
<metadata author="">

</metadata>
</contour>
<contour name="Process 485" class="PointContour" color="#76b447" visible="true">
<created>Tue Feb 08 17:30:14 EST 2011</created>
<edited>Tue Feb 08 17:30:14 EST 2011</edited>
<value><point x="12503" y="19507"/></value>
<metadata author="">

</metadata>
</contour>
<contour name="Process 489" class="PointContour" color="#267e56" visible="true">
<created>Wed Feb 09 11:40:25 EST 2011</created>
<edited>Wed Feb 09 11:40:25 EST 2011</edited>
<value><point x="12846" y="19712"/></value>
<metadata author="">

</metadata>
</contour>
<contour name="Process 491" class="PointContour" color="#a4ddcc" visible="true">
<created>Wed Feb 09 12:00:25 EST 2011</created>
<edited>Wed Feb 09 12:00:25 EST 2011</edited>
<value><point x="12568" y="19903"/></value>
<metadata author="">

</metadata>
</contour>
<contour name="Process 492" class="PointContour" color="#3725ba" visible="true">
<created>Wed Feb 09 15:37:07 EST 2011</created>
<edited>Wed Feb 09 15:37:07 EST 2011</edited>
<value><point x="13285" y="19787"/></value>
<metadata author="">

</metadata>
</contour>
<contour name="Process 513" class="PointContour" color="#123cee" visible="true">
<created>Fri Feb 11 12:22:15 EST 2011</created>
<edited>Fri Feb 11 12:22:15 EST 2011</edited>
<value><point x="10334" y="19895"/></value>
<metadata author="">

</metadata>
</contour>
<contour name="Process 513" class="PointContour" color="#123cee" visible="true">
<created>Fri Feb 11 12:23:00 EST 2011</created>
<edited>Fri Feb 11 12:23:00 EST 2011</edited>
<value><point x="9325" y="20850"/></value>
<metadata author="">

</metadata>
</contour>
<contour name="Process 513" class="PointContour" color="#123cee" visible="true">
<created>Fri Feb 11 12:23:35 EST 2011</created>
<edited>Fri Feb 11 12:23:35 EST 2011</edited>
<value><point x="8353" y="21533"/></value>
<metadata author="">

</metadata>
</contour>
<contour name="Trail 12" class="PointContour" color="#ffa568" visible="true">
<created>Thu Mar 10 15:00:32 EST 2011</created>
<edited>Thu Mar 10 15:00:32 EST 2011</edited>
<value><point x="9019" y="12248"/></value>
<metadata author="">

</metadata>
</contour>
<contour name="Trail 41" class="PointContour" color="#b2aff7" visible="true">
<created>Sun Mar 13 17:13:58 EDT 2011</created>
<edited>Sun Mar 13 17:13:58 EDT 2011</edited>
<value><point x="13042" y="17405"/></value>
<metadata author="">

</metadata>
</contour>
<contour name="Trail 41" class="PointContour" color="#b2aff7" visible="true">
<created>Sun Mar 13 17:13:58 EDT 2011</created>
<edited>Sun Mar 13 17:13:58 EDT 2011</edited>
<value><point x="13042" y="17405"/></value>
<metadata author="">

</metadata>
</contour>
<contour name="Trail 127" class="PointContour" color="#ff9009" visible="true">
<created>Sun Mar 13 18:56:23 EDT 2011</created>
<edited>Sun Mar 13 18:56:23 EDT 2011</edited>
<value><point x="14121" y="18284"/></value>
<metadata author="">

</metadata>
</contour>
<contour name="Trail 146" class="PointContour" color="#a3c6ff" visible="true">
<created>Mon Mar 14 11:34:23 EDT 2011</created>
<edited>Mon Mar 14 11:34:23 EDT 2011</edited>
<value><point x="18323" y="18290"/></value>
<metadata author="">

</metadata>
</contour>
</contours>