<!--Last edited: 2011/03/14 19:51:16-->
<contours>
<contour name="Process 420" class="PointContour" color="#4fe1fe" visible="true">
<created>Wed Nov 24 16:52:41 EST 2010</created>
<edited>Wed Nov 24 16:52:41 EST 2010</edited>
<value><point x="8195" y="18446"/></value>
<metadata author="">

</metadata>
</contour>
<contour name="Process 421" class="PointContour" color="#e61dae" visible="true">
<created>Wed Nov 24 17:08:40 EST 2010</created>
<edited>Wed Nov 24 17:08:40 EST 2010</edited>
<value><point x="7720" y="17352"/></value>
<metadata author="">

</metadata>
</contour>
<contour name="Process 422" class="PointContour" color="#f8e1f2" visible="true">
<created>Wed Nov 24 17:26:31 EST 2010</created>
<edited>Wed Nov 24 17:26:31 EST 2010</edited>
<value><point x="5268" y="16746"/></value>
<metadata author="">

</metadata>
</contour>
<contour name="Process 424" class="PointContour" color="#f4ed50" visible="true">
<created>Wed Nov 24 18:06:54 EST 2010</created>
<edited>Wed Nov 24 18:06:54 EST 2010</edited>
<value><point x="6980" y="17797"/></value>
<metadata author="">

</metadata>
</contour>
<contour name="Process 425" class="PointContour" color="#b3923c" visible="true">
<created>Wed Nov 24 19:04:47 EST 2010</created>
<edited>Wed Nov 24 19:04:47 EST 2010</edited>
<value><point x="7172" y="15572"/></value>
<metadata author="">

</metadata>
</contour>
<contour name="Process 426" class="PointContour" color="#a969fa" visible="true">
<created>Wed Nov 24 19:20:10 EST 2010</created>
<edited>Wed Nov 24 19:20:10 EST 2010</edited>
<value><point x="3415" y="22350"/></value>
<metadata author="">

</metadata>
</contour>
<contour name="Process 428" class="PointContour" color="#fd30e1" visible="true">
<created>Wed Nov 24 19:54:38 EST 2010</created>
<edited>Wed Nov 24 19:54:38 EST 2010</edited>
<value><point x="8684" y="20712"/></value>
<metadata author="">

</metadata>
</contour>
<contour name="Process 435" class="PointContour" color="#0430ee" visible="true">
<created>Thu Nov 25 00:23:16 EST 2010</created>
<edited>Thu Nov 25 00:23:16 EST 2010</edited>
<value><point x="7044" y="8092"/></value>
<metadata author="">

</metadata>
</contour>
<contour name="Process 443" class="PointContour" color="#a38ff2" visible="true">
<created>Thu Nov 25 19:31:51 EST 2010</created>
<edited>Thu Nov 25 19:31:51 EST 2010</edited>
<value><point x="8690" y="15078"/></value>
<metadata author="">

</metadata>
</contour>
<contour name="Process 450" class="PointContour" color="#866c5b" visible="true">
<created>Fri Nov 26 21:04:17 EST 2010</created>
<edited>Fri Nov 26 21:04:17 EST 2010</edited>
<value><point x="13335" y="15236"/></value>
<metadata author="">

</metadata>
</contour>
<contour name="Process 455" class="PointContour" color="#d456a5" visible="true">
<created>Sat Nov 27 12:41:03 EST 2010</created>
<edited>Sat Nov 27 12:41:03 EST 2010</edited>
<value><point x="9186" y="20688"/></value>
<metadata author="">

</metadata>
</contour>
<contour name="Process 456" class="PointContour" color="#cbbd91" visible="true">
<created>Sat Nov 27 12:49:39 EST 2010</created>
<edited>Sat Nov 27 12:49:39 EST 2010</edited>
<value><point x="11571" y="18799"/></value>
<metadata author="">

</metadata>
</contour>
<contour name="Process 457" class="PointContour" color="#f8a74f" visible="true">
<created>Sat Nov 27 13:00:56 EST 2010</created>
<edited>Sat Nov 27 13:00:56 EST 2010</edited>
<value><point x="11480" y="19658"/></value>
<metadata author="">

</metadata>
</contour>
<contour name="Process 458" class="PointContour" color="#10a180" visible="true">
<created>Sat Nov 27 13:09:47 EST 2010</created>
<edited>Sat Nov 27 13:09:47 EST 2010</edited>
<value><point x="13057" y="19550"/></value>
<metadata author="">

</metadata>
</contour>
<contour name="Process 459" class="PointContour" color="#15a084" visible="true">
<created>Sat Nov 27 14:19:11 EST 2010</created>
<edited>Sat Nov 27 14:19:11 EST 2010</edited>
<value><point x="10923" y="16900"/></value>
<metadata author="">

</metadata>
</contour>
<contour name="Process 465" class="PointContour" color="#ae4a09" visible="true">
<created>Fri Dec 03 23:57:38 EST 2010</created>
<edited>Fri Dec 03 23:57:38 EST 2010</edited>
<value><point x="10680" y="16836"/></value>
<metadata author="">

</metadata>
</contour>
<contour name="Process 466" class="PointContour" color="#722e57" visible="true">
<created>Sat Dec 04 00:08:17 EST 2010</created>
<edited>Sat Dec 04 00:08:17 EST 2010</edited>
<value><point x="8608" y="15382"/></value>
<metadata author="">

</metadata>
</contour>
<contour name="Process 469" class="PointContour" color="#7f3a2b" visible="true">
<created>Sat Dec 04 00:29:50 EST 2010</created>
<edited>Sat Dec 04 00:29:50 EST 2010</edited>
<value><point x="10420" y="21208"/></value>
<metadata author="">

</metadata>
</contour>
<contour name="Process 470" class="PointContour" color="#266149" visible="true">
<created>Sat Dec 04 13:33:13 EST 2010</created>
<edited>Sat Dec 04 13:33:13 EST 2010</edited>
<value><point x="8375" y="18376"/></value>
<metadata author="">

</metadata>
</contour>
<contour name="Process 470" class="PointContour" color="#266149" visible="true">
<created>Sat Dec 04 13:34:25 EST 2010</created>
<edited>Sat Dec 04 13:34:25 EST 2010</edited>
<value><point x="7592" y="20274"/></value>
<metadata author="">

</metadata>
</contour>
<contour name="Process 470" class="PointContour" color="#266149" visible="true">
<created>Sat Dec 04 13:36:04 EST 2010</created>
<edited>Sat Dec 04 13:36:04 EST 2010</edited>
<value><point x="8047" y="23304"/></value>
<metadata author="">

</metadata>
</contour>
<contour name="Process 471" class="PointContour" color="#da4772" visible="true">
<created>Sat Dec 04 13:40:28 EST 2010</created>
<edited>Sat Dec 04 13:40:28 EST 2010</edited>
<value><point x="6680" y="13485"/></value>
<metadata author="">

</metadata>
</contour>
<contour name="Process 480" class="PointContour" color="#ace8dd" visible="true">
<created>Tue Feb 08 15:33:20 EST 2011</created>
<edited>Tue Feb 08 15:33:20 EST 2011</edited>
<value><point x="3281" y="20865"/></value>
<metadata author="">

</metadata>
</contour>
<contour name="Process 481" class="PointContour" color="#51749d" visible="true">
<created>Tue Feb 08 15:53:50 EST 2011</created>
<edited>Tue Feb 08 15:53:50 EST 2011</edited>
<value><point x="10522" y="20826"/></value>
<metadata author="">

</metadata>
</contour>
<contour name="Process 526" class="PointContour" color="#8d24e6" visible="true">
<created>Fri Feb 11 17:30:25 EST 2011</created>
<edited>Fri Feb 11 17:30:25 EST 2011</edited>
<value><point x="16474" y="20647"/></value>
<metadata author="">

</metadata>
</contour>
<contour name="Trail 529" class="PointContour" color="#1ca7ed" visible="true">
<created>Mon Feb 14 11:35:23 EST 2011</created>
<edited>Mon Feb 14 11:35:23 EST 2011</edited>
<value><point x="7606" y="18401"/></value>
<metadata author="">

</metadata>
</contour>
<contour name="Trail 530" class="PointContour" color="#d5e631" visible="true">
<created>Mon Feb 14 11:40:12 EST 2011</created>
<edited>Mon Feb 14 11:40:12 EST 2011</edited>
<value><point x="8535" y="20039"/></value>
<metadata author="">

</metadata>
</contour>
<contour name="Trail 530" class="PointContour" color="#d5e631" visible="true">
<created>Mon Feb 14 11:40:54 EST 2011</created>
<edited>Mon Feb 14 11:40:54 EST 2011</edited>
<value><point x="7680" y="19123"/></value>
<metadata author="">

</metadata>
</contour>
<contour name="Trail 532" class="PointContour" color="#fabd81" visible="true">
<created>Mon Feb 14 11:49:00 EST 2011</created>
<edited>Mon Feb 14 11:49:00 EST 2011</edited>
<value><point x="5159" y="18988"/></value>
<metadata author="">

</metadata>
</contour>
<contour name="Trail 532" class="PointContour" color="#fabd81" visible="true">
<created>Mon Feb 14 11:49:36 EST 2011</created>
<edited>Mon Feb 14 11:49:36 EST 2011</edited>
<value><point x="4174" y="19255"/></value>
<metadata author="">

</metadata>
</contour>
<contour name="Trail 532" class="PointContour" color="#fabd81" visible="true">
<created>Mon Feb 14 11:50:02 EST 2011</created>
<edited>Mon Feb 14 11:50:02 EST 2011</edited>
<value><point x="3663" y="19598"/></value>
<metadata author="">

</metadata>
</contour>
<contour name="Trail 534" class="PointContour" color="#001c95" visible="true">
<created>Mon Feb 14 12:12:17 EST 2011</created>
<edited>Mon Feb 14 12:12:17 EST 2011</edited>
<value><point x="12538" y="19579"/></value>
<metadata author="">

</metadata>
</contour>
<contour name="Trail 535" class="PointContour" color="#bcc72b" visible="true">
<created>Mon Feb 14 12:58:30 EST 2011</created>
<edited>Mon Feb 14 12:58:30 EST 2011</edited>
<value><point x="11015" y="16187"/></value>
<metadata author="">

</metadata>
</contour>
<contour name="Trail 65" class="PointContour" color="#e3ff0e" visible="true">
<created>Mon Feb 14 15:26:48 EST 2011</created>
<edited>Mon Feb 14 15:26:48 EST 2011</edited>
<value><point x="11261" y="17158"/></value>
<metadata author="">

</metadata>
</contour>
<contour name="Trail 49" class="PointContour" color="#4053cc" visible="true">
<created>Mon Feb 14 15:59:17 EST 2011</created>
<edited>Mon Feb 14 15:59:17 EST 2011</edited>
<value><point x="10587" y="20578"/></value>
<metadata author="">

</metadata>
</contour>
<contour name="Trail 26" class="PointContour" color="#c21ebd" visible="true">
<created>Tue Feb 15 11:58:29 EST 2011</created>
<edited>Tue Feb 15 11:58:29 EST 2011</edited>
<value><point x="11061" y="19147"/></value>
<metadata author="">

</metadata>
</contour>
<contour name="Trail 38" class="PointContour" color="#f7edc9" visible="true">
<created>Tue Feb 15 12:16:01 EST 2011</created>
<edited>Tue Feb 15 12:16:01 EST 2011</edited>
<value><point x="17880" y="14612"/></value>
<metadata author="">

</metadata>
</contour>
<contour name="Trail 52" class="PointContour" color="#b10aff" visible="true">
<created>Tue Feb 15 12:18:22 EST 2011</created>
<edited>Tue Feb 15 12:18:22 EST 2011</edited>
<value><point x="12204" y="18332"/></value>
<metadata author="">

</metadata>
</contour>
<contour name="Trail 40" class="PointContour" color="#c4f7b5" visible="true">
<created>Tue Feb 15 12:23:51 EST 2011</created>
<edited>Tue Feb 15 12:23:51 EST 2011</edited>
<value><point x="10646" y="18352"/></value>
<metadata author="">

</metadata>
</contour>
<contour name="Trail 40" class="PointContour" color="#c4f7b5" visible="true">
<created>Tue Feb 15 12:23:51 EST 2011</created>
<edited>Tue Feb 15 12:23:51 EST 2011</edited>
<value><point x="10646" y="18352"/></value>
<metadata author="">

</metadata>
</contour>
<contour name="Trail 45" class="PointContour" color="#80d2ff" visible="true">
<created>Tue Feb 15 12:31:30 EST 2011</created>
<edited>Tue Feb 15 12:31:30 EST 2011</edited>
<value><point x="11222" y="17134"/></value>
<metadata author="">

</metadata>
</contour>
<contour name="Trail 86" class="PointContour" color="#ff067f" visible="true">
<created>Tue Feb 15 14:19:41 EST 2011</created>
<edited>Tue Feb 15 14:19:41 EST 2011</edited>
<value><point x="15096" y="18114"/></value>
<metadata author="">

</metadata>
</contour>
<contour name="Trail 39" class="PointContour" color="#a4f7f2" visible="true">
<created>Tue Feb 15 14:54:08 EST 2011</created>
<edited>Tue Feb 15 14:54:08 EST 2011</edited>
<value><point x="9487" y="18385"/></value>
<metadata author="">

</metadata>
</contour>
<contour name="Trail 205" class="PointContour" color="#0ddcff" visible="true">
<created>Tue Feb 15 15:04:03 EST 2011</created>
<edited>Tue Feb 15 15:04:03 EST 2011</edited>
<value><point x="11404" y="16163"/></value>
<metadata author="">

</metadata>
</contour>
<contour name="Trail 205" class="PointContour" color="#0ddcff" visible="true">
<created>Tue Feb 15 15:04:12 EST 2011</created>
<edited>Tue Feb 15 15:04:12 EST 2011</edited>
<value><point x="11197" y="16329"/></value>
<metadata author="">

</metadata>
</contour>
<contour name="Trail 53" class="PointContour" color="#d507ff" visible="true">
<created>Tue Feb 15 17:53:10 EST 2011</created>
<edited>Tue Feb 15 17:53:10 EST 2011</edited>
<value><point x="11129" y="19971"/></value>
<metadata author="">

</metadata>
</contour>
<contour name="Trail 8" class="PointContour" color="#2d23ff" visible="true">
<created>Thu Feb 17 10:13:34 EST 2011</created>
<edited>Thu Feb 17 10:13:34 EST 2011</edited>
<value><point x="12316" y="19020"/></value>
<metadata author="">

</metadata>
</contour>
<contour name="Trail 12" class="PointContour" color="#ffa568" visible="true">
<created>Thu Mar 10 14:23:03 EST 2011</created>
<edited>Thu Mar 10 14:23:03 EST 2011</edited>
<value><point x="15721" y="20444"/></value>
<metadata author="">

</metadata>
</contour>
<contour name="Trail 25" class="PointContour" color="#448fc2" visible="true">
<created>Thu Mar 10 16:58:40 EST 2011</created>
<edited>Thu Mar 10 16:58:40 EST 2011</edited>
<value><point x="12897" y="14037"/></value>
<metadata author="">

</metadata>
</contour>
<contour name="Trail 33" class="PointContour" color="#f70fe0" visible="true">
<created>Sun Mar 13 16:41:03 EDT 2011</created>
<edited>Sun Mar 13 16:41:03 EDT 2011</edited>
<value><point x="12982" y="19008"/></value>
<metadata author="">

</metadata>
</contour>
<contour name="Trail 41" class="PointContour" color="#b2aff7" visible="true">
<created>Sun Mar 13 17:03:21 EDT 2011</created>
<edited>Sun Mar 13 17:03:21 EDT 2011</edited>
<value><point x="9786" y="18125"/></value>
<metadata author="">

</metadata>
</contour>
<contour name="Trail 127" class="PointContour" color="#ff9009" visible="true">
<created>Sun Mar 13 19:13:26 EDT 2011</created>
<edited>Sun Mar 13 19:13:26 EDT 2011</edited>
<value><point x="8890" y="18023"/></value>
<metadata author="">

</metadata>
</contour>
<contour name="Trail 134" class="PointContour" color="#0954ff" visible="true">
<created>Sun Mar 13 19:53:00 EDT 2011</created>
<edited>Sun Mar 13 19:53:00 EDT 2011</edited>
<value><point x="10261" y="13975"/></value>
<metadata author="">

</metadata>
</contour>
</contours>