<!--Last edited: 2011/03/14 19:51:09-->
<contours>
<contour name="Process 437" class="PointContour" color="#e3dc89" visible="true">
<created>Thu Nov 25 01:12:48 EST 2010</created>
<edited>Thu Nov 25 01:12:48 EST 2010</edited>
<value><point x="6013" y="16795"/></value>
<metadata author="">

</metadata>
</contour>
<contour name="Process 438" class="PointContour" color="#d7e318" visible="true">
<created>Thu Nov 25 01:55:44 EST 2010</created>
<edited>Thu Nov 25 01:55:44 EST 2010</edited>
<value><point x="6338" y="15836"/></value>
<metadata author="">

</metadata>
</contour>
<contour name="Process 438" class="PointContour" color="#d7e318" visible="true">
<created>Thu Nov 25 01:56:13 EST 2010</created>
<edited>Thu Nov 25 01:56:13 EST 2010</edited>
<value><point x="6537" y="15689"/></value>
<metadata author="">

</metadata>
</contour>
<contour name="Process 438" class="PointContour" color="#d7e318" visible="true">
<created>Thu Nov 25 02:01:39 EST 2010</created>
<edited>Thu Nov 25 02:01:39 EST 2010</edited>
<value><point x="6284" y="16789"/></value>
<metadata author="">

</metadata>
</contour>
<contour name="Process 442" class="PointContour" color="#04bb4c" visible="true">
<created>Thu Nov 25 15:28:00 EST 2010</created>
<edited>Thu Nov 25 15:28:00 EST 2010</edited>
<value><point x="6527" y="12913"/></value>
<metadata author="">

</metadata>
</contour>
<contour name="Process 442" class="PointContour" color="#04bb4c" visible="true">
<created>Thu Nov 25 15:30:56 EST 2010</created>
<edited>Thu Nov 25 15:30:56 EST 2010</edited>
<value><point x="5902" y="12650"/></value>
<metadata author="">

</metadata>
</contour>
<contour name="Process 453" class="PointContour" color="#c98e91" visible="true">
<created>Fri Nov 26 22:21:03 EST 2010</created>
<edited>Fri Nov 26 22:21:03 EST 2010</edited>
<value><point x="16874" y="18695"/></value>
<metadata author="">

</metadata>
</contour>
<contour name="Process 454" class="PointContour" color="#d2dc83" visible="true">
<created>Fri Nov 26 22:39:55 EST 2010</created>
<edited>Fri Nov 26 22:39:55 EST 2010</edited>
<value><point x="16011" y="14343"/></value>
<metadata author="">

</metadata>
</contour>
<contour name="Process 476" class="PointContour" color="#3c3865" visible="true">
<created>Tue Feb 08 14:48:47 EST 2011</created>
<edited>Tue Feb 08 14:48:47 EST 2011</edited>
<value><point x="13153" y="17718"/></value>
<metadata author="">

</metadata>
</contour>
<contour name="Process 487" class="PointContour" color="#79a346" visible="true">
<created>Wed Feb 09 10:40:07 EST 2011</created>
<edited>Wed Feb 09 10:40:07 EST 2011</edited>
<value><point x="15038" y="17412"/></value>
<metadata author="">

</metadata>
</contour>
<contour name="Process 489" class="PointContour" color="#267e56" visible="true">
<created>Wed Feb 09 11:38:10 EST 2011</created>
<edited>Wed Feb 09 11:38:10 EST 2011</edited>
<value><point x="8794" y="18891"/></value>
<metadata author="">

</metadata>
</contour>
<contour name="Process 494" class="PointContour" color="#d497eb" visible="true">
<created>Wed Feb 09 17:48:05 EST 2011</created>
<edited>Wed Feb 09 17:48:05 EST 2011</edited>
<value><point x="17347" y="19298"/></value>
<metadata author="">

</metadata>
</contour>
<contour name="Process 501" class="PointContour" color="#f7a896" visible="true">
<created>Thu Feb 10 14:59:37 EST 2011</created>
<edited>Thu Feb 10 14:59:37 EST 2011</edited>
<value><point x="13914" y="13005"/></value>
<metadata author="">

</metadata>
</contour>
<contour name="Process 503" class="PointContour" color="#2350e4" visible="true">
<created>Thu Feb 10 15:49:51 EST 2011</created>
<edited>Thu Feb 10 15:49:51 EST 2011</edited>
<value><point x="10569" y="18456"/></value>
<metadata author="">

</metadata>
</contour>
<contour name="Process 510" class="PointContour" color="#183835" visible="true">
<created>Fri Feb 11 10:13:32 EST 2011</created>
<edited>Fri Feb 11 10:13:32 EST 2011</edited>
<value><point x="13047" y="16885"/></value>
<metadata author="">

</metadata>
</contour>
<contour name="Process 511" class="PointContour" color="#74a57c" visible="true">
<created>Fri Feb 11 11:21:25 EST 2011</created>
<edited>Fri Feb 11 11:21:25 EST 2011</edited>
<value><point x="16502" y="13470"/></value>
<metadata author="">

</metadata>
</contour>
<contour name="Process 512" class="PointContour" color="#8cc43e" visible="true">
<created>Fri Feb 11 11:31:08 EST 2011</created>
<edited>Fri Feb 11 11:31:08 EST 2011</edited>
<value><point x="12803" y="16178"/></value>
<metadata author="">

</metadata>
</contour>
<contour name="Process 514" class="PointContour" color="#31c1d7" visible="true">
<created>Fri Feb 11 13:16:17 EST 2011</created>
<edited>Fri Feb 11 13:16:17 EST 2011</edited>
<value><point x="14394" y="16837"/></value>
<metadata author="">

</metadata>
</contour>
<contour name="Process 518" class="PointContour" color="#773dc2" visible="true">
<created>Fri Feb 11 13:53:33 EST 2011</created>
<edited>Fri Feb 11 13:53:33 EST 2011</edited>
<value><point x="15600" y="17696"/></value>
<metadata author="">

</metadata>
</contour>
<contour name="Process 521" class="PointContour" color="#af93b8" visible="true">
<created>Fri Feb 11 17:01:50 EST 2011</created>
<edited>Fri Feb 11 17:01:50 EST 2011</edited>
<value><point x="14592" y="12907"/></value>
<metadata author="">

</metadata>
</contour>
<contour name="Process 522" class="PointContour" color="#33868d" visible="true">
<created>Fri Feb 11 17:08:55 EST 2011</created>
<edited>Fri Feb 11 17:08:55 EST 2011</edited>
<value><point x="17547" y="10684"/></value>
<metadata author="">

</metadata>
</contour>
<contour name="Process 524" class="PointContour" color="#5f21fc" visible="true">
<created>Fri Feb 11 17:19:18 EST 2011</created>
<edited>Fri Feb 11 17:19:18 EST 2011</edited>
<value><point x="17976" y="18654"/></value>
<metadata author="">

</metadata>
</contour>
<contour name="Process 525" class="PointContour" color="#1529c2" visible="true">
<created>Fri Feb 11 17:24:06 EST 2011</created>
<edited>Fri Feb 11 17:24:06 EST 2011</edited>
<value><point x="9743" y="18813"/></value>
<metadata author="">

</metadata>
</contour>
<contour name="Trail 127" class="PointContour" color="#ff9009" visible="true">
<created>Sun Mar 13 19:07:48 EDT 2011</created>
<edited>Sun Mar 13 19:07:48 EDT 2011</edited>
<value><point x="16321" y="17377"/></value>
<metadata author="">

</metadata>
</contour>
</contours>