<!--Last edited: 2011/03/14 19:51:15-->
<contours>
<contour name="Process 420" class="PointContour" color="#4fe1fe" visible="true">
<created>Wed Nov 24 16:50:51 EST 2010</created>
<edited>Wed Nov 24 16:50:51 EST 2010</edited>
<value><point x="10570" y="17727"/></value>
<metadata author="">

</metadata>
</contour>
<contour name="Process 421" class="PointContour" color="#e61dae" visible="true">
<created>Wed Nov 24 17:05:41 EST 2010</created>
<edited>Wed Nov 24 17:05:41 EST 2010</edited>
<value><point x="9979" y="17600"/></value>
<metadata author="">

</metadata>
</contour>
<contour name="Process 422" class="PointContour" color="#f8e1f2" visible="true">
<created>Wed Nov 24 17:19:02 EST 2010</created>
<edited>Wed Nov 24 17:19:02 EST 2010</edited>
<value><point x="9548" y="17664"/></value>
<metadata author="">

</metadata>
</contour>
<contour name="Process 424" class="PointContour" color="#f4ed50" visible="true">
<created>Wed Nov 24 18:02:15 EST 2010</created>
<edited>Wed Nov 24 18:02:15 EST 2010</edited>
<value><point x="10588" y="17680"/></value>
<metadata author="">

</metadata>
</contour>
<contour name="Process 425" class="PointContour" color="#b3923c" visible="true">
<created>Wed Nov 24 18:58:00 EST 2010</created>
<edited>Wed Nov 24 18:58:00 EST 2010</edited>
<value><point x="9924" y="17920"/></value>
<metadata author="">

</metadata>
</contour>
<contour name="Process 426" class="PointContour" color="#a969fa" visible="true">
<created>Wed Nov 24 19:14:39 EST 2010</created>
<edited>Wed Nov 24 19:14:39 EST 2010</edited>
<value><point x="9989" y="20002"/></value>
<metadata author="">

</metadata>
</contour>
<contour name="Process 427" class="PointContour" color="#2e69d9" visible="true">
<created>Wed Nov 24 19:26:28 EST 2010</created>
<edited>Wed Nov 24 19:26:28 EST 2010</edited>
<value><point x="9303" y="20193"/></value>
<metadata author="">

</metadata>
</contour>
<contour name="Process 428" class="PointContour" color="#fd30e1" visible="true">
<created>Wed Nov 24 19:51:43 EST 2010</created>
<edited>Wed Nov 24 19:51:43 EST 2010</edited>
<value><point x="10258" y="18333"/></value>
<metadata author="">

</metadata>
</contour>
<contour name="Process 429" class="PointContour" color="#bffe24" visible="true">
<created>Wed Nov 24 20:02:40 EST 2010</created>
<edited>Wed Nov 24 20:02:40 EST 2010</edited>
<value><point x="8234" y="17464"/></value>
<metadata author="">

</metadata>
</contour>
<contour name="Process 429" class="PointContour" color="#bffe24" visible="true">
<created>Wed Nov 24 20:03:54 EST 2010</created>
<edited>Wed Nov 24 20:03:54 EST 2010</edited>
<value><point x="6650" y="17690"/></value>
<metadata author="">

</metadata>
</contour>
<contour name="Process 431" class="PointContour" color="#a298f6" visible="true">
<created>Wed Nov 24 20:22:28 EST 2010</created>
<edited>Wed Nov 24 20:22:28 EST 2010</edited>
<value><point x="10187" y="19761"/></value>
<metadata author="">

</metadata>
</contour>
<contour name="Process 432" class="PointContour" color="#350959" visible="true">
<created>Wed Nov 24 23:38:05 EST 2010</created>
<edited>Wed Nov 24 23:38:05 EST 2010</edited>
<value><point x="9331" y="20831"/></value>
<metadata author="">

</metadata>
</contour>
<contour name="Process 433" class="PointContour" color="#60ae73" visible="true">
<created>Wed Nov 24 23:48:09 EST 2010</created>
<edited>Wed Nov 24 23:48:09 EST 2010</edited>
<value><point x="10134" y="19599"/></value>
<metadata author="">

</metadata>
</contour>
<contour name="Process 433" class="PointContour" color="#60ae73" visible="true">
<created>Wed Nov 24 23:48:22 EST 2010</created>
<edited>Wed Nov 24 23:48:22 EST 2010</edited>
<value><point x="10082" y="19936"/></value>
<metadata author="">

</metadata>
</contour>
<contour name="Process 433" class="PointContour" color="#60ae73" visible="true">
<created>Wed Nov 24 23:49:07 EST 2010</created>
<edited>Wed Nov 24 23:49:07 EST 2010</edited>
<value><point x="9784" y="20826"/></value>
<metadata author="">

</metadata>
</contour>
<contour name="Process 434" class="PointContour" color="#8a9f56" visible="true">
<created>Thu Nov 25 00:02:07 EST 2010</created>
<edited>Thu Nov 25 00:02:07 EST 2010</edited>
<value><point x="10702" y="18638"/></value>
<metadata author="">

</metadata>
</contour>
<contour name="Process 435" class="PointContour" color="#0430ee" visible="true">
<created>Thu Nov 25 00:10:47 EST 2010</created>
<edited>Thu Nov 25 00:10:47 EST 2010</edited>
<value><point x="10255" y="17593"/></value>
<metadata author="">

</metadata>
</contour>
<contour name="Process 435" class="PointContour" color="#0430ee" visible="true">
<created>Thu Nov 25 00:11:11 EST 2010</created>
<edited>Thu Nov 25 00:11:11 EST 2010</edited>
<value><point x="10328" y="17068"/></value>
<metadata author="">

</metadata>
</contour>
<contour name="Process 435" class="PointContour" color="#0430ee" visible="true">
<created>Thu Nov 25 00:11:49 EST 2010</created>
<edited>Thu Nov 25 00:11:49 EST 2010</edited>
<value><point x="10101" y="16325"/></value>
<metadata author="">

</metadata>
</contour>
<contour name="Process 441" class="PointContour" color="#d89428" visible="true">
<created>Thu Nov 25 14:41:48 EST 2010</created>
<edited>Thu Nov 25 14:41:48 EST 2010</edited>
<value><point x="12914" y="16268"/></value>
<metadata author="">

</metadata>
</contour>
<contour name="Process 441" class="PointContour" color="#d89428" visible="true">
<created>Thu Nov 25 14:43:18 EST 2010</created>
<edited>Thu Nov 25 14:43:18 EST 2010</edited>
<value><point x="13067" y="16217"/></value>
<metadata author="">

</metadata>
</contour>
<contour name="Process 443" class="PointContour" color="#a38ff2" visible="true">
<created>Thu Nov 25 19:25:41 EST 2010</created>
<edited>Thu Nov 25 19:25:41 EST 2010</edited>
<value><point x="11072" y="17137"/></value>
<metadata author="">

</metadata>
</contour>
<contour name="Process 449" class="PointContour" color="#697c74" visible="true">
<created>Fri Nov 26 18:00:18 EST 2010</created>
<edited>Fri Nov 26 18:00:18 EST 2010</edited>
<value><point x="11156" y="18375"/></value>
<metadata author="">

</metadata>
</contour>
<contour name="Process 449" class="PointContour" color="#697c74" visible="true">
<created>Fri Nov 26 18:11:29 EST 2010</created>
<edited>Fri Nov 26 18:11:29 EST 2010</edited>
<value><point x="10997" y="20317"/></value>
<metadata author="">

</metadata>
</contour>
<contour name="Process 450" class="PointContour" color="#866c5b" visible="true">
<created>Fri Nov 26 21:01:24 EST 2010</created>
<edited>Fri Nov 26 21:01:24 EST 2010</edited>
<value><point x="12094" y="16818"/></value>
<metadata author="">

</metadata>
</contour>
<contour name="Process 451" class="PointContour" color="#bcad85" visible="true">
<created>Fri Nov 26 21:11:02 EST 2010</created>
<edited>Fri Nov 26 21:11:02 EST 2010</edited>
<value><point x="12707" y="16474"/></value>
<metadata author="">

</metadata>
</contour>
<contour name="Process 455" class="PointContour" color="#d456a5" visible="true">
<created>Sat Nov 27 12:37:21 EST 2010</created>
<edited>Sat Nov 27 12:37:21 EST 2010</edited>
<value><point x="11032" y="18507"/></value>
<metadata author="">

</metadata>
</contour>
<contour name="Process 456" class="PointContour" color="#cbbd91" visible="true">
<created>Sat Nov 27 12:47:04 EST 2010</created>
<edited>Sat Nov 27 12:47:04 EST 2010</edited>
<value><point x="12663" y="18777"/></value>
<metadata author="">

</metadata>
</contour>
<contour name="Process 457" class="PointContour" color="#f8a74f" visible="true">
<created>Sat Nov 27 12:57:17 EST 2010</created>
<edited>Sat Nov 27 12:57:17 EST 2010</edited>
<value><point x="12649" y="18876"/></value>
<metadata author="">

</metadata>
</contour>
<contour name="Process 458" class="PointContour" color="#10a180" visible="true">
<created>Sat Nov 27 13:07:20 EST 2010</created>
<edited>Sat Nov 27 13:07:20 EST 2010</edited>
<value><point x="11928" y="18878"/></value>
<metadata author="">

</metadata>
</contour>
<contour name="Process 459" class="PointContour" color="#15a084" visible="true">
<created>Sat Nov 27 14:11:32 EST 2010</created>
<edited>Sat Nov 27 14:11:32 EST 2010</edited>
<value><point x="11449" y="19294"/></value>
<metadata author="">

</metadata>
</contour>
<contour name="Process 460" class="PointContour" color="#782b43" visible="true">
<created>Fri Dec 03 15:15:11 EST 2010</created>
<edited>Fri Dec 03 15:15:11 EST 2010</edited>
<value><point x="14574" y="17064"/></value>
<metadata author="">

</metadata>
</contour>
<contour name="Process 461" class="PointContour" color="#65d5e9" visible="true">
<created>Fri Dec 03 23:25:07 EST 2010</created>
<edited>Fri Dec 03 23:25:07 EST 2010</edited>
<value><point x="18003" y="12259"/></value>
<metadata author="">

</metadata>
</contour>
<contour name="Process 465" class="PointContour" color="#ae4a09" visible="true">
<created>Fri Dec 03 23:55:18 EST 2010</created>
<edited>Fri Dec 03 23:55:18 EST 2010</edited>
<value><point x="12336" y="17309"/></value>
<metadata author="">

</metadata>
</contour>
<contour name="Process 466" class="PointContour" color="#722e57" visible="true">
<created>Sat Dec 04 00:04:58 EST 2010</created>
<edited>Sat Dec 04 00:04:58 EST 2010</edited>
<value><point x="11275" y="16771"/></value>
<metadata author="">

</metadata>
</contour>
<contour name="Process 469" class="PointContour" color="#7f3a2b" visible="true">
<created>Sat Dec 04 00:28:25 EST 2010</created>
<edited>Sat Dec 04 00:28:25 EST 2010</edited>
<value><point x="11452" y="19995"/></value>
<metadata author="">

</metadata>
</contour>
<contour name="Process 470" class="PointContour" color="#266149" visible="true">
<created>Sat Dec 04 13:31:21 EST 2010</created>
<edited>Sat Dec 04 13:31:21 EST 2010</edited>
<value><point x="10826" y="18321"/></value>
<metadata author="">

</metadata>
</contour>
<contour name="Process 471" class="PointContour" color="#da4772" visible="true">
<created>Sat Dec 04 13:38:14 EST 2010</created>
<edited>Sat Dec 04 13:38:14 EST 2010</edited>
<value><point x="9977" y="17832"/></value>
<metadata author="">

</metadata>
</contour>
<contour name="Process 472" class="PointContour" color="#83f028" visible="true">
<created>Sat Dec 04 13:47:52 EST 2010</created>
<edited>Sat Dec 04 13:47:52 EST 2010</edited>
<value><point x="6453" y="16454"/></value>
<metadata author="">

</metadata>
</contour>
<contour name="Process 472" class="PointContour" color="#83f028" visible="true">
<created>Sat Dec 04 13:48:10 EST 2010</created>
<edited>Sat Dec 04 13:48:10 EST 2010</edited>
<value><point x="5970" y="15926"/></value>
<metadata author="">

</metadata>
</contour>
<contour name="Process 473" class="PointContour" color="#811f28" visible="true">
<created>Tue Feb 08 14:00:16 EST 2011</created>
<edited>Tue Feb 08 14:00:16 EST 2011</edited>
<value><point x="12755" y="19944"/></value>
<metadata author="">

</metadata>
</contour>
<contour name="Process 478" class="PointContour" color="#4bab49" visible="true">
<created>Tue Feb 08 15:10:14 EST 2011</created>
<edited>Tue Feb 08 15:10:14 EST 2011</edited>
<value><point x="12548" y="19912"/></value>
<metadata author="">

</metadata>
</contour>
<contour name="Process 480" class="PointContour" color="#ace8dd" visible="true">
<created>Tue Feb 08 15:28:33 EST 2011</created>
<edited>Tue Feb 08 15:28:33 EST 2011</edited>
<value><point x="10262" y="19889"/></value>
<metadata author="">

</metadata>
</contour>
<contour name="Process 481" class="PointContour" color="#51749d" visible="true">
<created>Tue Feb 08 15:51:52 EST 2011</created>
<edited>Tue Feb 08 15:51:52 EST 2011</edited>
<value><point x="11369" y="19963"/></value>
<metadata author="">

</metadata>
</contour>
<contour name="Process 482" class="PointContour" color="#965dda" visible="true">
<created>Tue Feb 08 16:43:57 EST 2011</created>
<edited>Tue Feb 08 16:43:57 EST 2011</edited>
<value><point x="13179" y="20056"/></value>
<metadata author="">

</metadata>
</contour>
<contour name="Process 488" class="PointContour" color="#e590b3" visible="true">
<created>Wed Feb 09 10:43:40 EST 2011</created>
<edited>Wed Feb 09 10:43:40 EST 2011</edited>
<value><point x="12640" y="19905"/></value>
<metadata author="">

</metadata>
</contour>
<contour name="Process 493" class="PointContour" color="#754904" visible="true">
<created>Wed Feb 09 15:43:12 EST 2011</created>
<edited>Wed Feb 09 15:43:12 EST 2011</edited>
<value><point x="10795" y="20491"/></value>
<metadata author="">

</metadata>
</contour>
<contour name="Process 493" class="PointContour" color="#754904" visible="true">
<created>Wed Feb 09 15:44:41 EST 2011</created>
<edited>Wed Feb 09 15:44:41 EST 2011</edited>
<value><point x="10402" y="20836"/></value>
<metadata author="">

</metadata>
</contour>
<contour name="Process 526" class="PointContour" color="#8d24e6" visible="true">
<created>Fri Feb 11 17:26:57 EST 2011</created>
<edited>Fri Feb 11 17:26:57 EST 2011</edited>
<value><point x="12563" y="19003"/></value>
<metadata author="">

</metadata>
</contour>
<contour name="Trail 527" class="PointContour" color="#453b96" visible="true">
<created>Mon Feb 14 10:52:56 EST 2011</created>
<edited>Mon Feb 14 10:52:56 EST 2011</edited>
<value><point x="12655" y="18824"/></value>
<metadata author="">

</metadata>
</contour>
<contour name="Trail 528" class="PointContour" color="#2405d0" visible="true">
<created>Mon Feb 14 11:32:02 EST 2011</created>
<edited>Mon Feb 14 11:32:02 EST 2011</edited>
<value><point x="11697" y="19206"/></value>
<metadata author="">

</metadata>
</contour>
<contour name="Trail 529" class="PointContour" color="#1ca7ed" visible="true">
<created>Mon Feb 14 11:32:45 EST 2011</created>
<edited>Mon Feb 14 11:32:45 EST 2011</edited>
<value><point x="11537" y="19187"/></value>
<metadata author="">

</metadata>
</contour>
<contour name="Trail 530" class="PointContour" color="#d5e631" visible="true">
<created>Mon Feb 14 11:38:18 EST 2011</created>
<edited>Mon Feb 14 11:38:18 EST 2011</edited>
<value><point x="11490" y="19220"/></value>
<metadata author="">

</metadata>
</contour>
<contour name="Trail 531" class="PointContour" color="#34704e" visible="true">
<created>Mon Feb 14 11:45:39 EST 2011</created>
<edited>Mon Feb 14 11:45:39 EST 2011</edited>
<value><point x="11518" y="19326"/></value>
<metadata author="">

</metadata>
</contour>
<contour name="Trail 532" class="PointContour" color="#fabd81" visible="true">
<created>Mon Feb 14 11:46:19 EST 2011</created>
<edited>Mon Feb 14 11:46:19 EST 2011</edited>
<value><point x="11568" y="19304"/></value>
<metadata author="">

</metadata>
</contour>
<contour name="Trail 533" class="PointContour" color="#3e79a5" visible="true">
<created>Mon Feb 14 11:58:51 EST 2011</created>
<edited>Mon Feb 14 11:58:51 EST 2011</edited>
<value><point x="11570" y="18790"/></value>
<metadata author="">

</metadata>
</contour>
<contour name="Trail 533" class="PointContour" color="#3e79a5" visible="true">
<created>Mon Feb 14 12:00:44 EST 2011</created>
<edited>Mon Feb 14 12:00:44 EST 2011</edited>
<value><point x="13777" y="17983"/></value>
<metadata author="">

</metadata>
</contour>
<contour name="Trail 534" class="PointContour" color="#001c95" visible="true">
<created>Mon Feb 14 12:10:04 EST 2011</created>
<edited>Mon Feb 14 12:10:04 EST 2011</edited>
<value><point x="11797" y="18970"/></value>
<metadata author="">

</metadata>
</contour>
<contour name="Trail 535" class="PointContour" color="#bcc72b" visible="true">
<created>Mon Feb 14 12:54:58 EST 2011</created>
<edited>Mon Feb 14 12:54:58 EST 2011</edited>
<value><point x="11564" y="19367"/></value>
<metadata author="">

</metadata>
</contour>
<contour name="Trail 65" class="PointContour" color="#e3ff0e" visible="true">
<created>Mon Feb 14 15:02:14 EST 2011</created>
<edited>Mon Feb 14 15:02:14 EST 2011</edited>
<value><point x="12214" y="19059"/></value>
<metadata author="">

</metadata>
</contour>
<contour name="Trail 115" class="PointContour" color="#cbff04" visible="true">
<created>Mon Feb 14 15:32:36 EST 2011</created>
<edited>Mon Feb 14 15:32:36 EST 2011</edited>
<value><point x="12134" y="18883"/></value>
<metadata author="">

</metadata>
</contour>
<contour name="Trail 94" class="PointContour" color="#beff05" visible="true">
<created>Mon Feb 14 15:48:34 EST 2011</created>
<edited>Mon Feb 14 15:48:34 EST 2011</edited>
<value><point x="11446" y="18940"/></value>
<metadata author="">

</metadata>
</contour>
<contour name="Trail 49" class="PointContour" color="#4053cc" visible="true">
<created>Mon Feb 14 15:55:52 EST 2011</created>
<edited>Mon Feb 14 15:55:52 EST 2011</edited>
<value><point x="11651" y="18418"/></value>
<metadata author="">

</metadata>
</contour>
<contour name="Trail 159" class="PointContour" color="#afff08" visible="true">
<created>Mon Feb 14 16:04:57 EST 2011</created>
<edited>Mon Feb 14 16:04:57 EST 2011</edited>
<value><point x="11186" y="18366"/></value>
<metadata author="">

</metadata>
</contour>
<contour name="Trail 26" class="PointContour" color="#c21ebd" visible="true">
<created>Tue Feb 15 11:56:58 EST 2011</created>
<edited>Tue Feb 15 11:56:58 EST 2011</edited>
<value><point x="12150" y="18476"/></value>
<metadata author="">

</metadata>
</contour>
<contour name="Trail 38" class="PointContour" color="#f7edc9" visible="true">
<created>Tue Feb 15 12:01:41 EST 2011</created>
<edited>Tue Feb 15 12:01:41 EST 2011</edited>
<value><point x="12070" y="18407"/></value>
<metadata author="">

</metadata>
</contour>
<contour name="Trail 52" class="PointContour" color="#b10aff" visible="true">
<created>Tue Feb 15 12:17:14 EST 2011</created>
<edited>Tue Feb 15 12:17:14 EST 2011</edited>
<value><point x="12150" y="18362"/></value>
<metadata author="">

</metadata>
</contour>
<contour name="Trail 40" class="PointContour" color="#c4f7b5" visible="true">
<created>Tue Feb 15 12:21:17 EST 2011</created>
<edited>Tue Feb 15 12:21:17 EST 2011</edited>
<value><point x="12349" y="18260"/></value>
<metadata author="">

</metadata>
</contour>
<contour name="Trail 45" class="PointContour" color="#80d2ff" visible="true">
<created>Tue Feb 15 12:28:28 EST 2011</created>
<edited>Tue Feb 15 12:28:28 EST 2011</edited>
<value><point x="11621" y="18026"/></value>
<metadata author="">

</metadata>
</contour>
<contour name="Trail 86" class="PointContour" color="#ff067f" visible="true">
<created>Tue Feb 15 14:16:40 EST 2011</created>
<edited>Tue Feb 15 14:16:40 EST 2011</edited>
<value><point x="11338" y="17890"/></value>
<metadata author="">

</metadata>
</contour>
<contour name="Trail 18" class="PointContour" color="#ff5cb4" visible="true">
<created>Tue Feb 15 14:44:25 EST 2011</created>
<edited>Tue Feb 15 14:44:25 EST 2011</edited>
<value><point x="11177" y="18318"/></value>
<metadata author="">

</metadata>
</contour>
<contour name="Trail 97" class="PointContour" color="#05ff95" visible="true">
<created>Tue Feb 15 14:47:51 EST 2011</created>
<edited>Tue Feb 15 14:47:51 EST 2011</edited>
<value><point x="9840" y="17945"/></value>
<metadata author="">

</metadata>
</contour>
<contour name="Trail 39" class="PointContour" color="#a4f7f2" visible="true">
<created>Tue Feb 15 14:51:56 EST 2011</created>
<edited>Tue Feb 15 14:51:56 EST 2011</edited>
<value><point x="11556" y="18093"/></value>
<metadata author="">

</metadata>
</contour>
<contour name="Trail 39" class="PointContour" color="#a4f7f2" visible="true">
<created>Tue Feb 15 14:51:56 EST 2011</created>
<edited>Tue Feb 15 14:51:56 EST 2011</edited>
<value><point x="11556" y="18093"/></value>
<metadata author="">

</metadata>
</contour>
<contour name="Trail 205" class="PointContour" color="#0ddcff" visible="true">
<created>Tue Feb 15 14:59:57 EST 2011</created>
<edited>Tue Feb 15 14:59:57 EST 2011</edited>
<value><point x="12199" y="18130"/></value>
<metadata author="">

</metadata>
</contour>
<contour name="Trail 53" class="PointContour" color="#d507ff" visible="true">
<created>Tue Feb 15 15:09:47 EST 2011</created>
<edited>Tue Feb 15 15:09:47 EST 2011</edited>
<value><point x="12440" y="18550"/></value>
<metadata author="">

</metadata>
</contour>
<contour name="Trail 8" class="PointContour" color="#2d23ff" visible="true">
<created>Thu Feb 17 10:12:11 EST 2011</created>
<edited>Thu Feb 17 10:12:11 EST 2011</edited>
<value><point x="12229" y="18424"/></value>
<metadata author="">

</metadata>
</contour>
<contour name="Trail 15" class="PointContour" color="#46ffdc" visible="true">
<created>Thu Feb 17 10:19:02 EST 2011</created>
<edited>Thu Feb 17 10:19:02 EST 2011</edited>
<value><point x="11642" y="17985"/></value>
<metadata author="">

</metadata>
</contour>
<contour name="Trail 15" class="PointContour" color="#46ffdc" visible="true">
<created>Thu Feb 17 10:55:03 EST 2011</created>
<edited>Thu Feb 17 10:55:03 EST 2011</edited>
<value><point x="10009" y="15990"/></value>
<metadata author="">

</metadata>
</contour>
<contour name="Trail 96" class="PointContour" color="#55ff01" visible="true">
<created>Thu Feb 17 11:14:37 EST 2011</created>
<edited>Thu Feb 17 11:14:37 EST 2011</edited>
<value><point x="11535" y="18984"/></value>
<metadata author="">

</metadata>
</contour>
<contour name="Trail 127" class="PointContour" color="#ff9009" visible="true">
<created>Thu Feb 17 14:32:51 EST 2011</created>
<edited>Thu Feb 17 14:32:51 EST 2011</edited>
<value><point x="12357" y="18372"/></value>
<metadata author="">

</metadata>
</contour>
<contour name="Trail 12" class="PointContour" color="#ffa568" visible="true">
<created>Thu Mar 10 14:14:44 EST 2011</created>
<edited>Thu Mar 10 14:14:44 EST 2011</edited>
<value><point x="12380" y="18746"/></value>
<metadata author="">

</metadata>
</contour>
<contour name="Trail 12" class="PointContour" color="#ffa568" synapse="true" visible="true">
<created>Thu Mar 10 14:14:58 EST 2011</created>
<edited>Thu Mar 10 14:14:58 EST 2011</edited>
<value><point x="12252" y="19119"/></value>
<metadata author="">

</metadata>
</contour>
<contour name="Trail 25" class="PointContour" color="#448fc2" visible="true">
<created>Thu Mar 10 16:49:48 EST 2011</created>
<edited>Thu Mar 10 16:49:48 EST 2011</edited>
<value><point x="11103" y="18449"/></value>
<metadata author="">

</metadata>
</contour>
<contour name="Trail 33" class="PointContour" color="#f70fe0" visible="true">
<created>Sun Mar 13 16:39:10 EDT 2011</created>
<edited>Sun Mar 13 16:39:10 EDT 2011</edited>
<value><point x="11816" y="17997"/></value>
<metadata author="">

</metadata>
</contour>
<contour name="Trail 41" class="PointContour" color="#b2aff7" visible="true">
<created>Sun Mar 13 16:54:47 EDT 2011</created>
<edited>Sun Mar 13 16:54:47 EDT 2011</edited>
<value><point x="11626" y="17939"/></value>
<metadata author="">

</metadata>
</contour>
<contour name="Trail 134" class="PointContour" color="#0954ff" visible="true">
<created>Sun Mar 13 19:51:26 EDT 2011</created>
<edited>Sun Mar 13 19:51:26 EDT 2011</edited>
<value><point x="12140" y="15726"/></value>
<metadata author="">

</metadata>
</contour>
<contour name="Trail 134" class="PointContour" color="#0954ff" visible="true">
<created>Sun Mar 13 22:04:30 EDT 2011</created>
<edited>Sun Mar 13 22:04:30 EDT 2011</edited>
<value><point x="13118" y="18882"/></value>
<metadata author="">

</metadata>
</contour>
<contour name="Trail 134" class="PointContour" color="#0954ff" visible="true">
<created>Sun Mar 13 22:07:19 EDT 2011</created>
<edited>Sun Mar 13 22:07:19 EDT 2011</edited>
<value><point x="12872" y="20501"/></value>
<metadata author="">

</metadata>
</contour>
<contour name="Trail 134" class="PointContour" color="#0954ff" visible="true">
<created>Sun Mar 13 22:10:55 EDT 2011</created>
<edited>Sun Mar 13 22:10:55 EDT 2011</edited>
<value><point x="12478" y="21183"/></value>
<metadata author="">

</metadata>
</contour>
<contour name="Trail 134" class="PointContour" color="#0954ff" visible="true">
<created>Sun Mar 13 22:11:08 EDT 2011</created>
<edited>Sun Mar 13 22:11:08 EDT 2011</edited>
<value><point x="12351" y="21645"/></value>
<metadata author="">

</metadata>
</contour>
<contour name="Trail 146" class="PointContour" color="#a3c6ff" visible="true">
<created>Mon Mar 14 11:37:18 EDT 2011</created>
<edited>Mon Mar 14 11:37:18 EDT 2011</edited>
<value><point x="7435" y="18658"/></value>
<metadata author="">

</metadata>
</contour>
<contour name="Trail 146" class="PointContour" color="#a3c6ff" visible="true">
<created>Mon Mar 14 11:37:58 EDT 2011</created>
<edited>Mon Mar 14 11:37:58 EDT 2011</edited>
<value><point x="5851" y="18797"/></value>
<metadata author="">

</metadata>
</contour>
<contour name="Trail 187" class="PointContour" color="#afd2ff" visible="true">
<created>Mon Mar 14 11:50:00 EDT 2011</created>
<edited>Mon Mar 14 11:50:00 EDT 2011</edited>
<value><point x="9206" y="18888"/></value>
<metadata author="">

</metadata>
</contour>
<contour name="Process 4002" class="PointContour" color="#b2e18f" visible="true">
<created>Sat Nov 13 19:15:01 EST 2010</created>
<edited>Sat Nov 13 19:15:01 EST 2010</edited>
<value><point x="10049" y="11343"/></value>
<metadata author="">

</metadata>
</contour>
<contour name="Process 4003" class="PointContour" color="#df88bd" visible="true">
<created>Sat Nov 13 19:16:16 EST 2010</created>
<edited>Sat Nov 13 19:16:16 EST 2010</edited>
<value><point x="9863" y="11531"/></value>
<metadata author="">

</metadata>
</contour>
<contour name="Process 4004" class="PointContour" color="#abc72d" visible="true">
<created>Sat Nov 13 19:17:36 EST 2010</created>
<edited>Sat Nov 13 19:17:36 EST 2010</edited>
<value><point x="9917" y="11499"/></value>
<metadata author="">

</metadata>
</contour>
<contour name="Process 4005" class="PointContour" color="#3228bf" visible="true">
<created>Sat Nov 13 19:18:52 EST 2010</created>
<edited>Sat Nov 13 19:18:52 EST 2010</edited>
<value><point x="9939" y="11623"/></value>
<metadata author="">

</metadata>
</contour>
<contour name="Process 4006" class="PointContour" color="#f68502" visible="true">
<created>Sat Nov 13 19:22:37 EST 2010</created>
<edited>Sat Nov 13 19:22:37 EST 2010</edited>
<value><point x="10019" y="11533"/></value>
<metadata author="">

</metadata>
</contour>
<contour name="Process 4007" class="PointContour" color="#dacef2" visible="true">
<created>Sat Nov 13 19:23:58 EST 2010</created>
<edited>Sat Nov 13 19:23:58 EST 2010</edited>
<value><point x="8977" y="11665"/></value>
<metadata author="">

</metadata>
</contour>
<contour name="Process 4008" class="PointContour" color="#5ce99a" visible="true">
<created>Sat Nov 13 19:29:37 EST 2010</created>
<edited>Sat Nov 13 19:29:37 EST 2010</edited>
<value><point x="9113" y="11095"/></value>
<metadata author="">

</metadata>
</contour>
<contour name="Process 4009" class="PointContour" color="#6897dd" visible="true">
<created>Sat Nov 13 19:31:33 EST 2010</created>
<edited>Sat Nov 13 19:31:33 EST 2010</edited>
<value><point x="9145" y="11459"/></value>
<metadata author="">

</metadata>
</contour>
<contour name="Process 4010" class="PointContour" color="#b7d984" visible="true">
<created>Sat Nov 13 19:32:47 EST 2010</created>
<edited>Sat Nov 13 19:32:47 EST 2010</edited>
<value><point x="9315" y="11159"/></value>
<metadata author="">

</metadata>
</contour>
<contour name="Process 4011" class="PointContour" color="#f34753" visible="true">
<created>Sat Nov 13 19:33:30 EST 2010</created>
<edited>Sat Nov 13 19:33:30 EST 2010</edited>
<value><point x="9341" y="11209"/></value>
<metadata author="">

</metadata>
</contour>
<contour name="Process 4013" class="PointContour" color="#3b5f31" visible="true">
<created>Sat Nov 13 20:06:17 EST 2010</created>
<edited>Sat Nov 13 20:06:17 EST 2010</edited>
<value><point x="10541" y="11327"/></value>
<metadata author="">

</metadata>
</contour>
<contour name="Process 4014" class="PointContour" color="#878ce0" visible="true">
<created>Sat Nov 13 20:08:44 EST 2010</created>
<edited>Sat Nov 13 20:08:44 EST 2010</edited>
<value><point x="9217" y="10885"/></value>
<metadata author="">

</metadata>
</contour>
<contour name="Process 4015" class="PointContour" color="#c066de" visible="true">
<created>Sun Nov 14 00:07:17 EST 2010</created>
<edited>Sun Nov 14 00:07:17 EST 2010</edited>
<value><point x="9249" y="10909"/></value>
<metadata author="">

</metadata>
</contour>
<contour name="Process 4016" class="PointContour" color="#9a4c22" visible="true">
<created>Sun Nov 14 00:08:26 EST 2010</created>
<edited>Sun Nov 14 00:08:26 EST 2010</edited>
<value><point x="8941" y="11057"/></value>
<metadata author="">

</metadata>
</contour>
<contour name="Process 4017" class="PointContour" color="#d97332" visible="true">
<created>Sun Nov 14 00:12:01 EST 2010</created>
<edited>Sun Nov 14 00:12:01 EST 2010</edited>
<value><point x="9105" y="10881"/></value>
<metadata author="">

</metadata>
</contour>
<contour name="Process 4018" class="PointContour" color="#ce95d9" visible="true">
<created>Sun Nov 14 00:13:00 EST 2010</created>
<edited>Sun Nov 14 00:13:00 EST 2010</edited>
<value><point x="9055" y="11095"/></value>
<metadata author="">

</metadata>
</contour>
<contour name="Process 4019" class="PointContour" color="#810191" visible="true">
<created>Sun Nov 14 00:14:47 EST 2010</created>
<edited>Sun Nov 14 00:14:47 EST 2010</edited>
<value><point x="9935" y="11555"/></value>
<metadata author="">

</metadata>
</contour>
<contour name="Process 4020" class="PointContour" color="#956e4b" visible="true">
<created>Sun Nov 14 00:17:09 EST 2010</created>
<edited>Sun Nov 14 00:17:09 EST 2010</edited>
<value><point x="10039" y="11421"/></value>
<metadata author="">

</metadata>
</contour>
<contour name="Process 4021" class="PointContour" color="#ac1888" visible="true">
<created>Sun Nov 14 00:18:44 EST 2010</created>
<edited>Sun Nov 14 00:18:44 EST 2010</edited>
<value><point x="10133" y="11677"/></value>
<metadata author="">

</metadata>
</contour>
<contour name="Process 4022" class="PointContour" color="#cdd632" visible="true">
<created>Sun Nov 14 00:20:34 EST 2010</created>
<edited>Sun Nov 14 00:20:34 EST 2010</edited>
<value><point x="10631" y="11745"/></value>
<metadata author="">

</metadata>
</contour>
<contour name="Process 4023" class="PointContour" color="#b7d299" visible="true">
<created>Sun Nov 14 00:21:59 EST 2010</created>
<edited>Sun Nov 14 00:21:59 EST 2010</edited>
<value><point x="10039" y="11613"/></value>
<metadata author="">

</metadata>
</contour>
<contour name="Process 4024" class="PointContour" color="#067702" visible="true">
<created>Sun Nov 14 00:24:08 EST 2010</created>
<edited>Sun Nov 14 00:24:08 EST 2010</edited>
<value><point x="9195" y="10907"/></value>
<metadata author="">

</metadata>
</contour>
<contour name="Process 4025" class="PointContour" color="#c5aafd" visible="true">
<created>Sun Nov 14 00:25:32 EST 2010</created>
<edited>Sun Nov 14 00:25:32 EST 2010</edited>
<value><point x="9993" y="11339"/></value>
<metadata author="">

</metadata>
</contour>
<contour name="Process 4026" class="PointContour" color="#5cde64" visible="true">
<created>Sun Nov 14 00:26:59 EST 2010</created>
<edited>Sun Nov 14 00:26:59 EST 2010</edited>
<value><point x="10303" y="11513"/></value>
<metadata author="">

</metadata>
</contour>
<contour name="Process 4027" class="PointContour" color="#568503" visible="true">
<created>Sun Nov 14 08:28:53 EST 2010</created>
<edited>Sun Nov 14 08:28:53 EST 2010</edited>
<value><point x="10207" y="12055"/></value>
<metadata author="">

</metadata>
</contour>
<contour name="Process 4031" class="PointContour" color="#0c4b3b" visible="true">
<created>Sun Nov 14 13:55:58 EST 2010</created>
<edited>Sun Nov 14 13:55:58 EST 2010</edited>
<value><point x="10557" y="11359"/></value>
<metadata author="">

</metadata>
</contour>
<contour name="Process 4032" class="PointContour" color="#6c8def" visible="true">
<created>Sun Nov 14 13:56:40 EST 2010</created>
<edited>Sun Nov 14 13:56:40 EST 2010</edited>
<value><point x="10569" y="11293"/></value>
<metadata author="">

</metadata>
</contour>
<contour name="Process 4033" class="PointContour" color="#4958fb" visible="true">
<created>Sun Nov 14 13:57:45 EST 2010</created>
<edited>Sun Nov 14 13:57:45 EST 2010</edited>
<value><point x="10665" y="11317"/></value>
<metadata author="">

</metadata>
</contour>
<contour name="Process 4034" class="PointContour" color="#726115" visible="true">
<created>Sun Nov 14 13:59:16 EST 2010</created>
<edited>Sun Nov 14 13:59:16 EST 2010</edited>
<value><point x="8989" y="11477"/></value>
<metadata author="">

</metadata>
</contour>
<contour name="Process 4035" class="PointContour" color="#758ccd" visible="true">
<created>Sun Nov 14 14:00:48 EST 2010</created>
<edited>Sun Nov 14 14:00:48 EST 2010</edited>
<value><point x="10597" y="11803"/></value>
<metadata author="">

</metadata>
</contour>
<contour name="Process 4037" class="PointContour" color="#3c0995" visible="true">
<created>Sun Nov 14 14:02:13 EST 2010</created>
<edited>Sun Nov 14 14:02:13 EST 2010</edited>
<value><point x="10617" y="11849"/></value>
<metadata author="">

</metadata>
</contour>
<contour name="Process 4038" class="PointContour" color="#f26a12" visible="true">
<created>Sun Nov 14 14:03:03 EST 2010</created>
<edited>Sun Nov 14 14:03:03 EST 2010</edited>
<value><point x="9155" y="11239"/></value>
<metadata author="">

</metadata>
</contour>
<contour name="Process 4039" class="PointContour" color="#936af3" visible="true">
<created>Sun Nov 14 14:03:51 EST 2010</created>
<edited>Sun Nov 14 14:03:51 EST 2010</edited>
<value><point x="10467" y="11787"/></value>
<metadata author="">

</metadata>
</contour>
<contour name="Process 4040" class="PointContour" color="#6c4e54" visible="true">
<created>Sun Nov 14 17:32:40 EST 2010</created>
<edited>Sun Nov 14 17:32:40 EST 2010</edited>
<value><point x="10689" y="11389"/></value>
<metadata author="">

</metadata>
</contour>
<contour name="Process 4041" class="PointContour" color="#bd029b" visible="true">
<created>Sun Nov 14 17:33:43 EST 2010</created>
<edited>Sun Nov 14 17:33:43 EST 2010</edited>
<value><point x="10715" y="11889"/></value>
<metadata author="">

</metadata>
</contour>
<contour name="Process 4042" class="PointContour" color="#62e086" visible="true">
<created>Sun Nov 14 17:35:07 EST 2010</created>
<edited>Sun Nov 14 17:35:07 EST 2010</edited>
<value><point x="10797" y="12011"/></value>
<metadata author="">

</metadata>
</contour>
<contour name="Process 4046" class="PointContour" color="#440df9" visible="true">
<created>Sun Nov 14 17:41:34 EST 2010</created>
<edited>Sun Nov 14 17:41:34 EST 2010</edited>
<value><point x="9289" y="11491"/></value>
<metadata author="">

</metadata>
</contour>
<contour name="Process 4046" class="PointContour" color="#440df9" visible="true">
<created>Sun Nov 14 17:41:42 EST 2010</created>
<edited>Sun Nov 14 17:41:42 EST 2010</edited>
<value><point x="8983" y="11591"/></value>
<metadata author="">

</metadata>
</contour>
<contour name="Process 4046" class="PointContour" color="#440df9" visible="true">
<created>Sun Nov 14 17:41:47 EST 2010</created>
<edited>Sun Nov 14 17:41:47 EST 2010</edited>
<value><point x="8813" y="11607"/></value>
<metadata author="">

</metadata>
</contour>
<contour name="Process 4046" class="PointContour" color="#440df9" visible="true">
<created>Sun Nov 14 17:42:49 EST 2010</created>
<edited>Sun Nov 14 17:42:49 EST 2010</edited>
<value><point x="9347" y="11037"/></value>
<metadata author="">

</metadata>
</contour>
<contour name="Process 4047" class="PointContour" color="#3e3ee2" visible="true">
<created>Sun Nov 14 17:43:54 EST 2010</created>
<edited>Sun Nov 14 17:43:54 EST 2010</edited>
<value><point x="10609" y="11373"/></value>
<metadata author="">

</metadata>
</contour>
<contour name="Process 4049" class="PointContour" color="#6fc1f2" visible="true">
<created>Sun Nov 14 17:46:11 EST 2010</created>
<edited>Sun Nov 14 17:46:11 EST 2010</edited>
<value><point x="10329" y="11869"/></value>
<metadata author="">

</metadata>
</contour>
<contour name="Process 4050" class="PointContour" color="#32f9a3" visible="true">
<created>Sun Nov 14 17:50:08 EST 2010</created>
<edited>Sun Nov 14 17:50:08 EST 2010</edited>
<value><point x="10463" y="11595"/></value>
<metadata author="">

</metadata>
</contour>
<contour name="Process 4051" class="PointContour" color="#8d881e" visible="true">
<created>Sun Nov 14 17:51:44 EST 2010</created>
<edited>Sun Nov 14 17:51:44 EST 2010</edited>
<value><point x="9973" y="11809"/></value>
<metadata author="">

</metadata>
</contour>
<contour name="Process 4052" class="PointContour" color="#be65c4" visible="true">
<created>Sun Nov 14 17:52:51 EST 2010</created>
<edited>Sun Nov 14 17:52:51 EST 2010</edited>
<value><point x="10023" y="11963"/></value>
<metadata author="">

</metadata>
</contour>
<contour name="Process 4053" class="PointContour" color="#9926d3" visible="true">
<created>Sun Nov 14 17:53:58 EST 2010</created>
<edited>Sun Nov 14 17:53:58 EST 2010</edited>
<value><point x="9097" y="11391"/></value>
<metadata author="">

</metadata>
</contour>
<contour name="Process 4054" class="PointContour" color="#b9886f" visible="true">
<created>Sun Nov 14 17:55:07 EST 2010</created>
<edited>Sun Nov 14 17:55:07 EST 2010</edited>
<value><point x="9435" y="11339"/></value>
<metadata author="">

</metadata>
</contour>
<contour name="Process 4055" class="PointContour" color="#78a87b" visible="true">
<created>Sun Nov 14 17:57:07 EST 2010</created>
<edited>Sun Nov 14 17:57:07 EST 2010</edited>
<value><point x="10617" y="12133"/></value>
<metadata author="">

</metadata>
</contour>
<contour name="Process 4057" class="PointContour" color="#fe3ec4" visible="true">
<created>Sun Nov 14 17:58:13 EST 2010</created>
<edited>Sun Nov 14 17:58:13 EST 2010</edited>
<value><point x="10839" y="12049"/></value>
<metadata author="">

</metadata>
</contour>
<contour name="Process 4059" class="PointContour" color="#274d1a" visible="true">
<created>Sun Nov 14 17:58:56 EST 2010</created>
<edited>Sun Nov 14 17:58:56 EST 2010</edited>
<value><point x="10831" y="12289"/></value>
<metadata author="">

</metadata>
</contour>
<contour name="Process 4061" class="PointContour" color="#91ee41" visible="true">
<created>Sun Nov 14 17:59:35 EST 2010</created>
<edited>Sun Nov 14 17:59:35 EST 2010</edited>
<value><point x="10687" y="12261"/></value>
<metadata author="">

</metadata>
</contour>
<contour name="Process 4062" class="PointContour" color="#4c57a5" visible="true">
<created>Sun Nov 14 18:01:22 EST 2010</created>
<edited>Sun Nov 14 18:01:22 EST 2010</edited>
<value><point x="8989" y="11343"/></value>
<metadata author="">

</metadata>
</contour>
<contour name="Process 4063" class="PointContour" color="#ce22be" visible="true">
<created>Sun Nov 14 18:02:19 EST 2010</created>
<edited>Sun Nov 14 18:02:19 EST 2010</edited>
<value><point x="9427" y="11627"/></value>
<metadata author="">

</metadata>
</contour>
<contour name="Process 4064" class="PointContour" color="#869b91" visible="true">
<created>Sun Nov 14 18:03:13 EST 2010</created>
<edited>Sun Nov 14 18:03:13 EST 2010</edited>
<value><point x="9405" y="11405"/></value>
<metadata author="">

</metadata>
</contour>
<contour name="Process 4065" class="PointContour" color="#b0d56e" visible="true">
<created>Sun Nov 14 18:05:58 EST 2010</created>
<edited>Sun Nov 14 18:05:58 EST 2010</edited>
<value><point x="9109" y="12029"/></value>
<metadata author="">

</metadata>
</contour>
<contour name="Process 4065" class="PointContour" color="#b0d56e" visible="true">
<created>Sun Nov 14 18:06:16 EST 2010</created>
<edited>Sun Nov 14 18:06:16 EST 2010</edited>
<value><point x="9129" y="12233"/></value>
<metadata author="">

</metadata>
</contour>
<contour name="Process 4066" class="PointContour" color="#5f03a1" visible="true">
<created>Sun Nov 14 18:07:25 EST 2010</created>
<edited>Sun Nov 14 18:07:25 EST 2010</edited>
<value><point x="9099" y="11821"/></value>
<metadata author="">

</metadata>
</contour>
<contour name="Process 4067" class="PointContour" color="#dc4137" visible="true">
<created>Sun Nov 14 18:25:30 EST 2010</created>
<edited>Sun Nov 14 18:25:30 EST 2010</edited>
<value><point x="9625" y="12103"/></value>
<metadata author="">

</metadata>
</contour>
<contour name="Process 4068" class="PointContour" color="#b71d7a" visible="true">
<created>Sun Nov 14 18:26:34 EST 2010</created>
<edited>Sun Nov 14 18:26:34 EST 2010</edited>
<value><point x="9399" y="11759"/></value>
<metadata author="">

</metadata>
</contour>
<contour name="Process 4069" class="PointContour" color="#e98f59" visible="true">
<created>Sun Nov 14 18:27:25 EST 2010</created>
<edited>Sun Nov 14 18:27:25 EST 2010</edited>
<value><point x="9615" y="12293"/></value>
<metadata author="">

</metadata>
</contour>
<contour name="Process 4070" class="PointContour" color="#890d1f" visible="true">
<created>Sun Nov 14 18:28:42 EST 2010</created>
<edited>Sun Nov 14 18:28:42 EST 2010</edited>
<value><point x="9593" y="11721"/></value>
<metadata author="">

</metadata>
</contour>
<contour name="Process 4071" class="PointContour" color="#7a445d" visible="true">
<created>Sun Nov 14 18:30:07 EST 2010</created>
<edited>Sun Nov 14 18:30:07 EST 2010</edited>
<value><point x="8869" y="12219"/></value>
<metadata author="">

</metadata>
</contour>
<contour name="Process 4072" class="PointContour" color="#2a271a" visible="true">
<created>Sun Nov 14 18:33:04 EST 2010</created>
<edited>Sun Nov 14 18:33:04 EST 2010</edited>
<value><point x="9619" y="12191"/></value>
<metadata author="">

</metadata>
</contour>
<contour name="Process 4073" class="PointContour" color="#084606" visible="true">
<created>Sun Nov 14 18:34:03 EST 2010</created>
<edited>Sun Nov 14 18:34:03 EST 2010</edited>
<value><point x="9549" y="12227"/></value>
<metadata author="">

</metadata>
</contour>
<contour name="Process 4074" class="PointContour" color="#4a3119" visible="true">
<created>Sun Nov 14 18:34:50 EST 2010</created>
<edited>Sun Nov 14 18:34:50 EST 2010</edited>
<value><point x="9555" y="12433"/></value>
<metadata author="">

</metadata>
</contour>
<contour name="Process 4075" class="PointContour" color="#3b027f" visible="true">
<created>Sun Nov 14 18:35:46 EST 2010</created>
<edited>Sun Nov 14 18:35:46 EST 2010</edited>
<value><point x="9993" y="12155"/></value>
<metadata author="">

</metadata>
</contour>
<contour name="Process 4076" class="PointContour" color="#b3733e" visible="true">
<created>Sun Nov 14 18:38:23 EST 2010</created>
<edited>Sun Nov 14 18:38:23 EST 2010</edited>
<value><point x="10801" y="11411"/></value>
<metadata author="">

</metadata>
</contour>
<contour name="Process 4077" class="PointContour" color="#a5b28a" visible="true">
<created>Sun Nov 14 18:39:56 EST 2010</created>
<edited>Sun Nov 14 18:39:56 EST 2010</edited>
<value><point x="9863" y="12197"/></value>
<metadata author="">

</metadata>
</contour>
<contour name="Process 4078" class="PointContour" color="#ecb436" visible="true">
<created>Sun Nov 14 19:36:27 EST 2010</created>
<edited>Sun Nov 14 19:36:27 EST 2010</edited>
<value><point x="8945" y="11177"/></value>
<metadata author="">

</metadata>
</contour>
<contour name="Process 4080" class="PointContour" color="#107e03" visible="true">
<created>Sun Nov 14 19:39:31 EST 2010</created>
<edited>Sun Nov 14 19:39:31 EST 2010</edited>
<value><point x="9949" y="12057"/></value>
<metadata author="">

</metadata>
</contour>
<contour name="Process 4081" class="PointContour" color="#dfa025" visible="true">
<created>Sun Nov 14 19:41:21 EST 2010</created>
<edited>Sun Nov 14 19:41:21 EST 2010</edited>
<value><point x="9701" y="12125"/></value>
<metadata author="">

</metadata>
</contour>
<contour name="Process 4082" class="PointContour" color="#818471" visible="true">
<created>Sun Nov 14 19:43:12 EST 2010</created>
<edited>Sun Nov 14 19:43:12 EST 2010</edited>
<value><point x="8971" y="11835"/></value>
<metadata author="">

</metadata>
</contour>
<contour name="Process 4086" class="PointContour" color="#1512fa" visible="true">
<created>Sat Nov 20 11:53:26 EST 2010</created>
<edited>Sat Nov 20 11:53:26 EST 2010</edited>
<value><point x="9539" y="11017"/></value>
<metadata author="">

</metadata>
</contour>
<contour name="Process 4088" class="PointContour" color="#4d8ed7" visible="true">
<created>Sat Nov 20 11:57:13 EST 2010</created>
<edited>Sat Nov 20 11:57:13 EST 2010</edited>
<value><point x="9147" y="11745"/></value>
<metadata author="">

</metadata>
</contour>
<contour name="Process 4089" class="PointContour" color="#633594" visible="true">
<created>Sat Nov 20 11:58:10 EST 2010</created>
<edited>Sat Nov 20 11:58:10 EST 2010</edited>
<value><point x="9471" y="11121"/></value>
<metadata author="">

</metadata>
</contour>
<contour name="Process 4090" class="PointContour" color="#8674dc" visible="true">
<created>Sat Nov 20 11:59:41 EST 2010</created>
<edited>Sat Nov 20 11:59:41 EST 2010</edited>
<value><point x="10109" y="12061"/></value>
<metadata author="">

</metadata>
</contour>
<contour name="Process 4091" class="PointContour" color="#5240cf" visible="true">
<created>Sat Nov 20 12:00:54 EST 2010</created>
<edited>Sat Nov 20 12:00:54 EST 2010</edited>
<value><point x="9393" y="11821"/></value>
<metadata author="">

</metadata>
</contour>
<contour name="Process 4092" class="PointContour" color="#e68fc8" visible="true">
<created>Sat Nov 20 12:02:04 EST 2010</created>
<edited>Sat Nov 20 12:02:04 EST 2010</edited>
<value><point x="9641" y="11891"/></value>
<metadata author="">

</metadata>
</contour>
<contour name="Process 4092" class="PointContour" color="#e68fc8" visible="true">
<created>Sat Nov 20 12:06:45 EST 2010</created>
<edited>Sat Nov 20 12:06:45 EST 2010</edited>
<value><point x="9963" y="11743"/></value>
<metadata author="">

</metadata>
</contour>
<contour name="Process 4092" class="PointContour" color="#e68fc8" visible="true">
<created>Sat Nov 20 12:13:13 EST 2010</created>
<edited>Sat Nov 20 12:13:13 EST 2010</edited>
<value><point x="9959" y="12711"/></value>
<metadata author="">

</metadata>
</contour>
<contour name="Process 4093" class="PointContour" color="#4d5173" visible="true">
<created>Sat Nov 20 12:16:53 EST 2010</created>
<edited>Sat Nov 20 12:16:53 EST 2010</edited>
<value><point x="9511" y="12087"/></value>
<metadata author="">

</metadata>
</contour>
<contour name="Process 4094" class="PointContour" color="#01db57" visible="true">
<created>Sat Nov 20 12:19:41 EST 2010</created>
<edited>Sat Nov 20 12:19:41 EST 2010</edited>
<value><point x="9401" y="11903"/></value>
<metadata author="">

</metadata>
</contour>
<contour name="Process 4095" class="PointContour" color="#5ab860" visible="true">
<created>Sat Nov 20 12:25:23 EST 2010</created>
<edited>Sat Nov 20 12:25:23 EST 2010</edited>
<value><point x="9711" y="12097"/></value>
<metadata author="">

</metadata>
</contour>
<contour name="Process 4097" class="PointContour" color="#dd7443" visible="true">
<created>Sat Nov 20 12:27:29 EST 2010</created>
<edited>Sat Nov 20 12:27:29 EST 2010</edited>
<value><point x="9505" y="11727"/></value>
<metadata author="">

</metadata>
</contour>
<contour name="Process 4099" class="PointContour" color="#58a3f4" visible="true">
<created>Sat Nov 20 12:29:47 EST 2010</created>
<edited>Sat Nov 20 12:29:47 EST 2010</edited>
<value><point x="9781" y="12241"/></value>
<metadata author="">

</metadata>
</contour>
<contour name="Process 4101" class="PointContour" color="#6282a8" visible="true">
<created>Sat Nov 20 12:33:52 EST 2010</created>
<edited>Sat Nov 20 12:33:52 EST 2010</edited>
<value><point x="9673" y="12273"/></value>
<metadata author="">

</metadata>
</contour>
<contour name="Process 4102" class="PointContour" color="#12d4e2" visible="true">
<created>Sat Nov 20 12:34:58 EST 2010</created>
<edited>Sat Nov 20 12:34:58 EST 2010</edited>
<value><point x="10295" y="12429"/></value>
<metadata author="">

</metadata>
</contour>
<contour name="Process 4103" class="PointContour" color="#71172e" visible="true">
<created>Sat Nov 20 12:36:11 EST 2010</created>
<edited>Sat Nov 20 12:36:11 EST 2010</edited>
<value><point x="10087" y="11411"/></value>
<metadata author="">

</metadata>
</contour>
<contour name="Process 4104" class="PointContour" color="#1c08a1" visible="true">
<created>Sat Nov 20 12:37:31 EST 2010</created>
<edited>Sat Nov 20 12:37:31 EST 2010</edited>
<value><point x="10003" y="12051"/></value>
<metadata author="">

</metadata>
</contour>
<contour name="Process 4105" class="PointContour" color="#2831d7" visible="true">
<created>Sat Nov 20 12:38:38 EST 2010</created>
<edited>Sat Nov 20 12:38:38 EST 2010</edited>
<value><point x="10359" y="12135"/></value>
<metadata author="">

</metadata>
</contour>
<contour name="Process 4106" class="PointContour" color="#46b004" visible="true">
<created>Sat Nov 20 12:39:27 EST 2010</created>
<edited>Sat Nov 20 12:39:27 EST 2010</edited>
<value><point x="10593" y="12521"/></value>
<metadata author="">

</metadata>
</contour>
<contour name="Process 4107" class="PointContour" color="#2f09fe" visible="true">
<created>Sat Nov 20 12:40:14 EST 2010</created>
<edited>Sat Nov 20 12:40:14 EST 2010</edited>
<value><point x="10743" y="12039"/></value>
<metadata author="">

</metadata>
</contour>
<contour name="Process 4108" class="PointContour" color="#e616a7" visible="true">
<created>Sat Nov 20 12:41:06 EST 2010</created>
<edited>Sat Nov 20 12:41:06 EST 2010</edited>
<value><point x="10297" y="12083"/></value>
<metadata author="">

</metadata>
</contour>
<contour name="Process 4109" class="PointContour" color="#858f81" visible="true">
<created>Sat Nov 20 12:42:12 EST 2010</created>
<edited>Sat Nov 20 12:42:12 EST 2010</edited>
<value><point x="10605" y="12011"/></value>
<metadata author="">

</metadata>
</contour>
<contour name="Process 4110" class="PointContour" color="#5c0fd7" visible="true">
<created>Sat Nov 20 12:43:03 EST 2010</created>
<edited>Sat Nov 20 12:43:03 EST 2010</edited>
<value><point x="9763" y="12361"/></value>
<metadata author="">

</metadata>
</contour>
<contour name="Process 4110" class="PointContour" color="#5c0fd7" visible="true">
<created>Sat Nov 20 12:46:07 EST 2010</created>
<edited>Sat Nov 20 12:46:07 EST 2010</edited>
<value><point x="9933" y="11925"/></value>
<metadata author="">

</metadata>
</contour>
<contour name="Process 4111" class="PointContour" color="#a31038" visible="true">
<created>Sat Nov 20 12:47:42 EST 2010</created>
<edited>Sat Nov 20 12:47:42 EST 2010</edited>
<value><point x="9761" y="12103"/></value>
<metadata author="">

</metadata>
</contour>
<contour name="Process 4112" class="PointContour" color="#0a7a4a" visible="true">
<created>Sat Nov 20 12:48:55 EST 2010</created>
<edited>Sat Nov 20 12:48:55 EST 2010</edited>
<value><point x="10003" y="12467"/></value>
<metadata author="">

</metadata>
</contour>
<contour name="Process 4113" class="PointContour" color="#ab415c" visible="true">
<created>Sat Nov 20 12:51:05 EST 2010</created>
<edited>Sat Nov 20 12:51:05 EST 2010</edited>
<value><point x="9123" y="12113"/></value>
<metadata author="">

</metadata>
</contour>
<contour name="Process 4113" class="PointContour" color="#ab415c" visible="true">
<created>Sat Nov 20 12:53:45 EST 2010</created>
<edited>Sat Nov 20 12:53:45 EST 2010</edited>
<value><point x="9297" y="12425"/></value>
<metadata author="">

</metadata>
</contour>
<contour name="Process 4115" class="PointContour" color="#dd68ce" visible="true">
<created>Sat Nov 20 12:55:06 EST 2010</created>
<edited>Sat Nov 20 12:55:06 EST 2010</edited>
<value><point x="9237" y="12305"/></value>
<metadata author="">

</metadata>
</contour>
<contour name="Process 4116" class="PointContour" color="#ea738f" visible="true">
<created>Sat Nov 20 13:01:00 EST 2010</created>
<edited>Sat Nov 20 13:01:00 EST 2010</edited>
<value><point x="9141" y="12037"/></value>
<metadata author="">

</metadata>
</contour>
<contour name="Process 4117" class="PointContour" color="#aec527" visible="true">
<created>Sat Nov 20 13:02:17 EST 2010</created>
<edited>Sat Nov 20 13:02:17 EST 2010</edited>
<value><point x="9127" y="12487"/></value>
<metadata author="">

</metadata>
</contour>
<contour name="Process 4118" class="PointContour" color="#e94d3e" visible="true">
<created>Sat Nov 20 13:03:01 EST 2010</created>
<edited>Sat Nov 20 13:03:01 EST 2010</edited>
<value><point x="9275" y="12339"/></value>
<metadata author="">

</metadata>
</contour>
<contour name="Process 4119" class="PointContour" color="#cb4965" visible="true">
<created>Sat Nov 20 13:03:59 EST 2010</created>
<edited>Sat Nov 20 13:03:59 EST 2010</edited>
<value><point x="8861" y="12619"/></value>
<metadata author="">

</metadata>
</contour>
<contour name="Process 4122" class="PointContour" color="#b84602" visible="true">
<created>Sat Nov 20 13:06:08 EST 2010</created>
<edited>Sat Nov 20 13:06:08 EST 2010</edited>
<value><point x="9229" y="11845"/></value>
<metadata author="">

</metadata>
</contour>
<contour name="Process 4122" class="PointContour" color="#b84602" visible="true">
<created>Sat Nov 20 13:06:24 EST 2010</created>
<edited>Sat Nov 20 13:06:24 EST 2010</edited>
<value><point x="9309" y="11075"/></value>
<metadata author="">

</metadata>
</contour>
<contour name="Process 4124" class="PointContour" color="#e5ac90" visible="true">
<created>Sat Nov 20 13:08:17 EST 2010</created>
<edited>Sat Nov 20 13:08:17 EST 2010</edited>
<value><point x="10255" y="12457"/></value>
<metadata author="">

</metadata>
</contour>
<contour name="Process 4125" class="PointContour" color="#4ce4bd" visible="true">
<created>Sat Nov 20 13:09:19 EST 2010</created>
<edited>Sat Nov 20 13:09:19 EST 2010</edited>
<value><point x="10813" y="12415"/></value>
<metadata author="">

</metadata>
</contour>
<contour name="Process 4128" class="PointContour" color="#f12035" visible="true">
<created>Sat Nov 20 13:10:33 EST 2010</created>
<edited>Sat Nov 20 13:10:33 EST 2010</edited>
<value><point x="10805" y="11325"/></value>
<metadata author="">

</metadata>
</contour>
<contour name="Process 4129" class="PointContour" color="#5c8a11" visible="true">
<created>Sat Nov 20 13:12:31 EST 2010</created>
<edited>Sat Nov 20 13:12:31 EST 2010</edited>
<value><point x="10021" y="12649"/></value>
<metadata author="">

</metadata>
</contour>
<contour name="Process 4130" class="PointContour" color="#0b7541" visible="true">
<created>Sat Nov 20 13:13:28 EST 2010</created>
<edited>Sat Nov 20 13:13:28 EST 2010</edited>
<value><point x="10835" y="12513"/></value>
<metadata author="">

</metadata>
</contour>
<contour name="Process 4133" class="PointContour" color="#c6c85f" visible="true">
<created>Sat Nov 20 13:15:23 EST 2010</created>
<edited>Sat Nov 20 13:15:23 EST 2010</edited>
<value><point x="10563" y="12399"/></value>
<metadata author="">

</metadata>
</contour>
<contour name="Process 4133" class="PointContour" color="#c6c85f" visible="true">
<created>Sat Nov 20 13:15:48 EST 2010</created>
<edited>Sat Nov 20 13:15:48 EST 2010</edited>
<value><point x="10393" y="11987"/></value>
<metadata author="">

</metadata>
</contour>
<contour name="Process 4134" class="PointContour" color="#4b88bc" visible="true">
<created>Sat Nov 20 13:16:29 EST 2010</created>
<edited>Sat Nov 20 13:16:29 EST 2010</edited>
<value><point x="10213" y="12519"/></value>
<metadata author="">

</metadata>
</contour>
<contour name="Process 4137" class="PointContour" color="#d6e049" visible="true">
<created>Sat Nov 20 13:18:30 EST 2010</created>
<edited>Sat Nov 20 13:18:30 EST 2010</edited>
<value><point x="9497" y="12031"/></value>
<metadata author="">

</metadata>
</contour>
<contour name="Process 4138" class="PointContour" color="#ce1255" visible="true">
<created>Sat Nov 20 13:19:42 EST 2010</created>
<edited>Sat Nov 20 13:19:42 EST 2010</edited>
<value><point x="9783" y="12485"/></value>
<metadata author="">

</metadata>
</contour>
<contour name="Process 4139" class="PointContour" color="#d05b49" visible="true">
<created>Sat Nov 20 13:20:55 EST 2010</created>
<edited>Sat Nov 20 13:20:55 EST 2010</edited>
<value><point x="8987" y="11971"/></value>
<metadata author="">

</metadata>
</contour>
<contour name="Process 4141" class="PointContour" color="#534af5" visible="true">
<created>Sat Nov 20 13:22:05 EST 2010</created>
<edited>Sat Nov 20 13:22:05 EST 2010</edited>
<value><point x="10257" y="12527"/></value>
<metadata author="">

</metadata>
</contour>
<contour name="Process 4142" class="PointContour" color="#f1b149" visible="true">
<created>Sat Nov 20 13:23:52 EST 2010</created>
<edited>Sat Nov 20 13:23:52 EST 2010</edited>
<value><point x="9813" y="12647"/></value>
<metadata author="">

</metadata>
</contour>
<contour name="Process 4143" class="PointContour" color="#9079c9" visible="true">
<created>Sat Nov 20 13:25:14 EST 2010</created>
<edited>Sat Nov 20 13:25:14 EST 2010</edited>
<value><point x="10803" y="12183"/></value>
<metadata author="">

</metadata>
</contour>
<contour name="Process 4143" class="PointContour" color="#9079c9" visible="true">
<created>Sat Nov 20 13:26:11 EST 2010</created>
<edited>Sat Nov 20 13:26:11 EST 2010</edited>
<value><point x="10815" y="11635"/></value>
<metadata author="">

</metadata>
</contour>
<contour name="Process 4143" class="PointContour" color="#9079c9" visible="true">
<created>Sat Nov 20 13:26:17 EST 2010</created>
<edited>Sat Nov 20 13:26:17 EST 2010</edited>
<value><point x="10715" y="11843"/></value>
<metadata author="">

</metadata>
</contour>
<contour name="Process 4147" class="PointContour" color="#66df61" visible="true">
<created>Sat Nov 20 13:28:53 EST 2010</created>
<edited>Sat Nov 20 13:28:53 EST 2010</edited>
<value><point x="10803" y="12321"/></value>
<metadata author="">

</metadata>
</contour>
<contour name="Process 4149" class="PointContour" color="#0ece2e" visible="true">
<created>Sat Nov 20 13:30:03 EST 2010</created>
<edited>Sat Nov 20 13:30:03 EST 2010</edited>
<value><point x="9745" y="12565"/></value>
<metadata author="">

</metadata>
</contour>
<contour name="Process 4149" class="PointContour" color="#0ece2e" visible="true">
<created>Sat Nov 20 13:30:28 EST 2010</created>
<edited>Sat Nov 20 13:30:28 EST 2010</edited>
<value><point x="10101" y="12297"/></value>
<metadata author="">

</metadata>
</contour>
<contour name="Process 4150" class="PointContour" color="#24fd33" visible="true">
<created>Sat Nov 20 13:33:37 EST 2010</created>
<edited>Sat Nov 20 13:33:37 EST 2010</edited>
<value><point x="10507" y="11653"/></value>
<metadata author="">

</metadata>
</contour>
<contour name="Process 4151" class="PointContour" color="#31404b" visible="true">
<created>Sat Nov 20 13:35:20 EST 2010</created>
<edited>Sat Nov 20 13:35:20 EST 2010</edited>
<value><point x="9013" y="11835"/></value>
<metadata author="">

</metadata>
</contour>
<contour name="Process 4158" class="PointContour" color="#e9bb5e" visible="true">
<created>Sat Nov 20 14:04:06 EST 2010</created>
<edited>Sat Nov 20 14:04:06 EST 2010</edited>
<value><point x="10723" y="11497"/></value>
<metadata author="">

</metadata>
</contour>
<contour name="Process 4161" class="PointContour" color="#09d77d" visible="true">
<created>Sat Nov 20 14:05:40 EST 2010</created>
<edited>Sat Nov 20 14:05:40 EST 2010</edited>
<value><point x="10785" y="11251"/></value>
<metadata author="">

</metadata>
</contour>
<contour name="Process 4167" class="PointContour" color="#050900" visible="true">
<created>Sat Nov 20 14:08:55 EST 2010</created>
<edited>Sat Nov 20 14:08:55 EST 2010</edited>
<value><point x="9865" y="11769"/></value>
<metadata author="">

</metadata>
</contour>
<contour name="Process 4167" class="PointContour" color="#050900" visible="true">
<created>Sat Nov 20 14:17:48 EST 2010</created>
<edited>Sat Nov 20 14:17:48 EST 2010</edited>
<value><point x="10525" y="12123"/></value>
<metadata author="">

</metadata>
</contour>
<contour name="Process 4167" class="PointContour" color="#050900" visible="true">
<created>Sat Nov 20 14:19:09 EST 2010</created>
<edited>Sat Nov 20 14:19:09 EST 2010</edited>
<value><point x="10545" y="12289"/></value>
<metadata author="">

</metadata>
</contour>
<contour name="Process 4167" class="PointContour" color="#050900" visible="true">
<created>Sat Nov 20 14:19:54 EST 2010</created>
<edited>Sat Nov 20 14:19:54 EST 2010</edited>
<value><point x="10703" y="12313"/></value>
<metadata author="">

</metadata>
</contour>
<contour name="Process 4167" class="PointContour" color="#050900" visible="true">
<created>Sat Nov 20 14:22:17 EST 2010</created>
<edited>Sat Nov 20 14:22:17 EST 2010</edited>
<value><point x="10095" y="11513"/></value>
<metadata author="">

</metadata>
</contour>
<contour name="Process 4169" class="PointContour" color="#00a594" visible="true">
<created>Sat Nov 20 14:27:03 EST 2010</created>
<edited>Sat Nov 20 14:27:03 EST 2010</edited>
<value><point x="9525" y="11431"/></value>
<metadata author="">

</metadata>
</contour>
<contour name="Process 4170" class="PointContour" color="#d96733" visible="true">
<created>Sat Nov 20 14:28:28 EST 2010</created>
<edited>Sat Nov 20 14:28:28 EST 2010</edited>
<value><point x="10577" y="12053"/></value>
<metadata author="">

</metadata>
</contour>
<contour name="Process 4179" class="PointContour" color="#776608" visible="true">
<created>Sat Nov 20 14:36:53 EST 2010</created>
<edited>Sat Nov 20 14:36:53 EST 2010</edited>
<value><point x="9713" y="11761"/></value>
<metadata author="">

</metadata>
</contour>
<contour name="Process 4181" class="PointContour" color="#333089" visible="true">
<created>Sat Nov 20 14:41:46 EST 2010</created>
<edited>Sat Nov 20 14:41:46 EST 2010</edited>
<value><point x="10607" y="12385"/></value>
<metadata author="">

</metadata>
</contour>
<contour name="Process 4182" class="PointContour" color="#42999b" visible="true">
<created>Sat Nov 20 14:43:16 EST 2010</created>
<edited>Sat Nov 20 14:43:16 EST 2010</edited>
<value><point x="9841" y="11631"/></value>
<metadata author="">

</metadata>
</contour>
<contour name="Process 4184" class="PointContour" color="#07900f" visible="true">
<created>Sat Nov 20 14:58:03 EST 2010</created>
<edited>Sat Nov 20 14:58:03 EST 2010</edited>
<value><point x="10071" y="12199"/></value>
<metadata author="">

</metadata>
</contour>
<contour name="Process 4184" class="PointContour" color="#07900f" visible="true">
<created>Sat Nov 20 14:58:42 EST 2010</created>
<edited>Sat Nov 20 14:58:42 EST 2010</edited>
<value><point x="9733" y="12199"/></value>
<metadata author="">

</metadata>
</contour>
<contour name="Process 4185" class="PointContour" color="#27d825" visible="true">
<created>Sat Nov 20 15:00:57 EST 2010</created>
<edited>Sat Nov 20 15:00:57 EST 2010</edited>
<value><point x="8993" y="12431"/></value>
<metadata author="">

</metadata>
</contour>
<contour name="Process 4185" class="PointContour" color="#27d825" visible="true">
<created>Sat Nov 20 15:01:20 EST 2010</created>
<edited>Sat Nov 20 15:01:20 EST 2010</edited>
<value><point x="9157" y="11963"/></value>
<metadata author="">

</metadata>
</contour>
<contour name="Process 4185" class="PointContour" color="#27d825" visible="true">
<created>Sat Nov 20 15:03:32 EST 2010</created>
<edited>Sat Nov 20 15:03:32 EST 2010</edited>
<value><point x="9585" y="12713"/></value>
<metadata author="">

</metadata>
</contour>
<contour name="Process 4185" class="PointContour" color="#27d825" visible="true">
<created>Sat Nov 20 15:03:36 EST 2010</created>
<edited>Sat Nov 20 15:03:36 EST 2010</edited>
<value><point x="9485" y="12549"/></value>
<metadata author="">

</metadata>
</contour>
<contour name="Process 4188" class="PointContour" color="#a89fca" visible="true">
<created>Sat Nov 20 15:11:42 EST 2010</created>
<edited>Sat Nov 20 15:11:42 EST 2010</edited>
<value><point x="9281" y="12653"/></value>
<metadata author="">

</metadata>
</contour>
<contour name="Process 4188" class="PointContour" color="#a89fca" visible="true">
<created>Sat Nov 20 15:12:10 EST 2010</created>
<edited>Sat Nov 20 15:12:10 EST 2010</edited>
<value><point x="8807" y="12103"/></value>
<metadata author="">

</metadata>
</contour>
<contour name="Process 4190" class="PointContour" color="#096335" visible="true">
<created>Sat Nov 20 15:13:30 EST 2010</created>
<edited>Sat Nov 20 15:13:30 EST 2010</edited>
<value><point x="10117" y="12551"/></value>
<metadata author="">

</metadata>
</contour>
<contour name="Process 4190" class="PointContour" color="#096335" visible="true">
<created>Sat Nov 20 15:13:59 EST 2010</created>
<edited>Sat Nov 20 15:13:59 EST 2010</edited>
<value><point x="10679" y="12533"/></value>
<metadata author="">

</metadata>
</contour>
<contour name="Process 4193" class="PointContour" color="#7c7ed4" visible="true">
<created>Sat Nov 20 15:18:50 EST 2010</created>
<edited>Sat Nov 20 15:18:50 EST 2010</edited>
<value><point x="9399" y="12377"/></value>
<metadata author="">

</metadata>
</contour>
<contour name="Process 4195" class="PointContour" color="#6c1570" visible="true">
<created>Sat Nov 20 16:00:50 EST 2010</created>
<edited>Sat Nov 20 16:00:50 EST 2010</edited>
<value><point x="10043" y="12303"/></value>
<metadata author="">

</metadata>
</contour>
<contour name="Process 4196" class="PointContour" color="#2681ac" visible="true">
<created>Sat Nov 20 16:03:37 EST 2010</created>
<edited>Sat Nov 20 16:03:37 EST 2010</edited>
<value><point x="9993" y="12263"/></value>
<metadata author="">

</metadata>
</contour>
<contour name="Process 4200" class="PointContour" color="#35c6ee" visible="true">
<created>Sat Nov 20 16:12:44 EST 2010</created>
<edited>Sat Nov 20 16:12:44 EST 2010</edited>
<value><point x="9319" y="12327"/></value>
<metadata author="">

</metadata>
</contour>
<contour name="Process 4201" class="PointContour" color="#952bed" visible="true">
<created>Sat Nov 20 16:13:18 EST 2010</created>
<edited>Sat Nov 20 16:13:18 EST 2010</edited>
<value><point x="10239" y="12621"/></value>
<metadata author="">

</metadata>
</contour>
<contour name="Process 4205" class="PointContour" color="#ef2941" visible="true">
<created>Sat Nov 20 16:23:19 EST 2010</created>
<edited>Sat Nov 20 16:23:19 EST 2010</edited>
<value><point x="8857" y="11229"/></value>
<metadata author="">

</metadata>
</contour>
<contour name="Process 4207" class="PointContour" color="#32b221" visible="true">
<created>Sat Nov 20 16:25:49 EST 2010</created>
<edited>Sat Nov 20 16:25:49 EST 2010</edited>
<value><point x="8873" y="12101"/></value>
<metadata author="">

</metadata>
</contour>
<contour name="Process 4211" class="PointContour" color="#5d0dce" visible="true">
<created>Sat Nov 20 16:30:41 EST 2010</created>
<edited>Sat Nov 20 16:30:41 EST 2010</edited>
<value><point x="9567" y="12547"/></value>
<metadata author="">

</metadata>
</contour>
<contour name="Process 4211" class="PointContour" color="#5d0dce" visible="true">
<created>Sat Nov 20 16:32:35 EST 2010</created>
<edited>Sat Nov 20 16:32:35 EST 2010</edited>
<value><point x="9185" y="12019"/></value>
<metadata author="">

</metadata>
</contour>
<contour name="Process 4213" class="PointContour" color="#e6e6be" visible="true">
<created>Sat Nov 20 16:34:16 EST 2010</created>
<edited>Sat Nov 20 16:34:16 EST 2010</edited>
<value><point x="9685" y="12703"/></value>
<metadata author="">

</metadata>
</contour>
<contour name="Process 4214" class="PointContour" color="#4235e8" visible="true">
<created>Sat Nov 20 16:36:41 EST 2010</created>
<edited>Sat Nov 20 16:36:41 EST 2010</edited>
<value><point x="10625" y="12715"/></value>
<metadata author="">

</metadata>
</contour>
<contour name="Process 4215" class="PointContour" color="#e1a878" visible="true">
<created>Sat Nov 20 16:38:02 EST 2010</created>
<edited>Sat Nov 20 16:38:02 EST 2010</edited>
<value><point x="9661" y="11499"/></value>
<metadata author="">

</metadata>
</contour>
<contour name="Process 4216" class="PointContour" color="#46bc96" visible="true">
<created>Sat Nov 20 16:40:17 EST 2010</created>
<edited>Sat Nov 20 16:40:17 EST 2010</edited>
<value><point x="8933" y="11897"/></value>
<metadata author="">

</metadata>
</contour>
<contour name="Process 4217" class="PointContour" color="#dea950" visible="true">
<created>Sat Nov 20 16:41:15 EST 2010</created>
<edited>Sat Nov 20 16:41:15 EST 2010</edited>
<value><point x="9281" y="11629"/></value>
<metadata author="">

</metadata>
</contour>
<contour name="Process 4219" class="PointContour" color="#e25baf" visible="true">
<created>Sat Nov 20 16:52:11 EST 2010</created>
<edited>Sat Nov 20 16:52:11 EST 2010</edited>
<value><point x="10665" y="11955"/></value>
<metadata author="">

</metadata>
</contour>
<contour name="Process 4219" class="PointContour" color="#e25baf" visible="true">
<created>Sat Nov 20 16:52:49 EST 2010</created>
<edited>Sat Nov 20 16:52:49 EST 2010</edited>
<value><point x="10219" y="12351"/></value>
<metadata author="">

</metadata>
</contour>
<contour name="Process 4219" class="PointContour" color="#e25baf" visible="true">
<created>Sat Nov 20 16:53:02 EST 2010</created>
<edited>Sat Nov 20 16:53:02 EST 2010</edited>
<value><point x="9863" y="12689"/></value>
<metadata author="">

</metadata>
</contour>
<contour name="Process 4220" class="PointContour" color="#a64c3d" visible="true">
<created>Sat Nov 20 16:54:57 EST 2010</created>
<edited>Sat Nov 20 16:54:57 EST 2010</edited>
<value><point x="9491" y="11603"/></value>
<metadata author="">

</metadata>
</contour>
<contour name="Process 4220" class="PointContour" color="#a64c3d" visible="true">
<created>Sat Nov 20 16:55:28 EST 2010</created>
<edited>Sat Nov 20 16:55:28 EST 2010</edited>
<value><point x="9175" y="10965"/></value>
<metadata author="">

</metadata>
</contour>
<contour name="Process 4221" class="PointContour" color="#8a5f51" visible="true">
<created>Sat Nov 20 16:56:45 EST 2010</created>
<edited>Sat Nov 20 16:56:45 EST 2010</edited>
<value><point x="9111" y="11659"/></value>
<metadata author="">

</metadata>
</contour>
<contour name="Process 4222" class="PointContour" color="#608147" visible="true">
<created>Sat Nov 20 16:59:50 EST 2010</created>
<edited>Sat Nov 20 16:59:50 EST 2010</edited>
<value><point x="9397" y="11701"/></value>
<metadata author="">

</metadata>
</contour>
<contour name="Process 4225" class="PointContour" color="#bd412f" visible="true">
<created>Sat Nov 20 17:07:08 EST 2010</created>
<edited>Sat Nov 20 17:07:08 EST 2010</edited>
<value><point x="8939" y="11099"/></value>
<metadata author="">

</metadata>
</contour>
<contour name="Process 4226" class="PointContour" color="#a86615" visible="true">
<created>Sat Nov 20 17:09:41 EST 2010</created>
<edited>Sat Nov 20 17:09:41 EST 2010</edited>
<value><point x="8835" y="11395"/></value>
<metadata author="">

</metadata>
</contour>
<contour name="Process 4227" class="PointContour" color="#d97217" visible="true">
<created>Sat Nov 20 17:10:04 EST 2010</created>
<edited>Sat Nov 20 17:10:04 EST 2010</edited>
<value><point x="10351" y="12571"/></value>
<metadata author="">

</metadata>
</contour>
<contour name="Process 4228" class="PointContour" color="#659166" visible="true">
<created>Sat Nov 20 17:12:03 EST 2010</created>
<edited>Sat Nov 20 17:12:03 EST 2010</edited>
<value><point x="10291" y="12471"/></value>
<metadata author="">

</metadata>
</contour>
<contour name="Process 4229" class="PointContour" color="#c04326" visible="true">
<created>Sat Nov 20 17:16:16 EST 2010</created>
<edited>Sat Nov 20 17:16:16 EST 2010</edited>
<value><point x="10399" y="12205"/></value>
<metadata author="">

</metadata>
</contour>
<contour name="Process 4230" class="PointContour" color="#86fa64" visible="true">
<created>Sat Nov 20 17:22:21 EST 2010</created>
<edited>Sat Nov 20 17:22:21 EST 2010</edited>
<value><point x="9537" y="11577"/></value>
<metadata author="">

</metadata>
</contour>
<contour name="Process 4231" class="PointContour" color="#360cbb" visible="true">
<created>Sat Nov 20 17:34:45 EST 2010</created>
<edited>Sat Nov 20 17:34:45 EST 2010</edited>
<value><point x="10617" y="11669"/></value>
<metadata author="">

</metadata>
</contour>
<contour name="Process 4232" class="PointContour" color="#7ad306" visible="true">
<created>Sat Nov 20 17:35:38 EST 2010</created>
<edited>Sat Nov 20 17:35:38 EST 2010</edited>
<value><point x="8889" y="12707"/></value>
<metadata author="">

</metadata>
</contour>
<contour name="Process 4233" class="PointContour" color="#924771" visible="true">
<created>Sat Nov 20 17:37:50 EST 2010</created>
<edited>Sat Nov 20 17:37:50 EST 2010</edited>
<value><point x="8819" y="11753"/></value>
<metadata author="">

</metadata>
</contour>
<contour name="Process 4234" class="PointContour" color="#2f3227" visible="true">
<created>Sat Nov 20 17:40:28 EST 2010</created>
<edited>Sat Nov 20 17:40:28 EST 2010</edited>
<value><point x="9065" y="12145"/></value>
<metadata author="">

</metadata>
</contour>
<contour name="Process 4235" class="PointContour" color="#dbdd91" visible="true">
<created>Sat Nov 20 17:42:00 EST 2010</created>
<edited>Sat Nov 20 17:42:00 EST 2010</edited>
<value><point x="8933" y="11763"/></value>
<metadata author="">

</metadata>
</contour>
<contour name="Process 4236" class="PointContour" color="#4cb636" visible="true">
<created>Sat Nov 20 17:45:07 EST 2010</created>
<edited>Sat Nov 20 17:45:07 EST 2010</edited>
<value><point x="10415" y="11631"/></value>
<metadata author="">

</metadata>
</contour>
<contour name="Process 4237" class="PointContour" color="#9a0162" visible="true">
<created>Sat Nov 20 17:50:04 EST 2010</created>
<edited>Sat Nov 20 17:50:04 EST 2010</edited>
<value><point x="8965" y="10899"/></value>
<metadata author="">

</metadata>
</contour>
<contour name="Process 4237" class="PointContour" color="#9a0162" visible="true">
<created>Sat Nov 20 17:50:39 EST 2010</created>
<edited>Sat Nov 20 17:50:39 EST 2010</edited>
<value><point x="10427" y="12381"/></value>
<metadata author="">

</metadata>
</contour>
<contour name="Process 4238" class="PointContour" color="#8c914e" visible="true">
<created>Sat Nov 20 17:51:45 EST 2010</created>
<edited>Sat Nov 20 17:51:45 EST 2010</edited>
<value><point x="10667" y="11567"/></value>
<metadata author="">

</metadata>
</contour>
<contour name="Process 4241" class="PointContour" color="#dcb611" visible="true">
<created>Sat Nov 20 17:57:11 EST 2010</created>
<edited>Sat Nov 20 17:57:11 EST 2010</edited>
<value><point x="9365" y="12589"/></value>
<metadata author="">

</metadata>
</contour>
<contour name="Process 4244" class="PointContour" color="#5e810a" visible="true">
<created>Sat Nov 20 18:17:46 EST 2010</created>
<edited>Sat Nov 20 18:17:46 EST 2010</edited>
<value><point x="9985" y="12437"/></value>
<metadata author="">

</metadata>
</contour>
<contour name="Process 4123" class="PointContour" color="#bc57f7" visible="true">
<created>Sat Nov 20 18:19:37 EST 2010</created>
<edited>Sat Nov 20 18:19:37 EST 2010</edited>
<value><point x="9937" y="12385"/></value>
<metadata author="">

</metadata>
</contour>
<contour name="Process 4246" class="PointContour" color="#a1d865" visible="true">
<created>Sat Nov 20 18:24:55 EST 2010</created>
<edited>Sat Nov 20 18:24:55 EST 2010</edited>
<value><point x="10473" y="11687"/></value>
<metadata author="">

</metadata>
</contour>
<contour name="Process 4249" class="PointContour" color="#5a4e4f" visible="true">
<created>Sat Nov 20 18:30:09 EST 2010</created>
<edited>Sat Nov 20 18:30:09 EST 2010</edited>
<value><point x="9321" y="11351"/></value>
<metadata author="">

</metadata>
</contour>
<contour name="Process 4251" class="PointContour" color="#bab3fd" visible="true">
<created>Sat Nov 20 18:34:52 EST 2010</created>
<edited>Sat Nov 20 18:34:52 EST 2010</edited>
<value><point x="10467" y="11289"/></value>
<metadata author="">

</metadata>
</contour>
<contour name="Process 4251" class="PointContour" color="#bab3fd" visible="true">
<created>Sat Nov 20 18:35:09 EST 2010</created>
<edited>Sat Nov 20 18:35:09 EST 2010</edited>
<value><point x="9985" y="10939"/></value>
<metadata author="">

</metadata>
</contour>
<contour name="Process 4252" class="PointContour" color="#47914c" visible="true">
<created>Sat Nov 20 18:36:15 EST 2010</created>
<edited>Sat Nov 20 18:36:15 EST 2010</edited>
<value><point x="10183" y="11141"/></value>
<metadata author="">

</metadata>
</contour>
<contour name="Process 4253" class="PointContour" color="#bd71d2" visible="true">
<created>Sat Nov 20 18:37:04 EST 2010</created>
<edited>Sat Nov 20 18:37:04 EST 2010</edited>
<value><point x="10269" y="11061"/></value>
<metadata author="">

</metadata>
</contour>
<contour name="Process 4253" class="PointContour" color="#bd71d2" visible="true">
<created>Sat Nov 20 18:37:18 EST 2010</created>
<edited>Sat Nov 20 18:37:18 EST 2010</edited>
<value><point x="10015" y="10903"/></value>
<metadata author="">

</metadata>
</contour>
<contour name="Process 4254" class="PointContour" color="#53c75e" visible="true">
<created>Sat Nov 20 18:38:23 EST 2010</created>
<edited>Sat Nov 20 18:38:23 EST 2010</edited>
<value><point x="10115" y="11017"/></value>
<metadata author="">

</metadata>
</contour>
<contour name="Process 4255" class="PointContour" color="#3f33af" visible="true">
<created>Sat Nov 20 18:39:18 EST 2010</created>
<edited>Sat Nov 20 18:39:18 EST 2010</edited>
<value><point x="10071" y="11115"/></value>
<metadata author="">

</metadata>
</contour>
<contour name="Process 4256" class="PointContour" color="#a851bd" visible="true">
<created>Sat Nov 20 18:43:26 EST 2010</created>
<edited>Sat Nov 20 18:43:26 EST 2010</edited>
<value><point x="10069" y="11737"/></value>
<metadata author="">

</metadata>
</contour>
<contour name="Process 4263" class="PointContour" color="#7b9a06" visible="true">
<created>Sat Nov 20 18:54:41 EST 2010</created>
<edited>Sat Nov 20 18:54:41 EST 2010</edited>
<value><point x="8947" y="12277"/></value>
<metadata author="">

</metadata>
</contour>
<contour name="Process 4267" class="PointContour" color="#6dd544" visible="true">
<created>Sat Nov 20 19:23:39 EST 2010</created>
<edited>Sat Nov 20 19:23:39 EST 2010</edited>
<value><point x="9069" y="11423"/></value>
<metadata author="">

</metadata>
</contour>
<contour name="Process 4268" class="PointContour" color="#2df29d" visible="true">
<created>Sat Nov 20 19:25:46 EST 2010</created>
<edited>Sat Nov 20 19:25:46 EST 2010</edited>
<value><point x="9083" y="12537"/></value>
<metadata author="">

</metadata>
</contour>
<contour name="Process 4268" class="PointContour" color="#2df29d" visible="true">
<created>Sat Nov 20 19:27:24 EST 2010</created>
<edited>Sat Nov 20 19:27:24 EST 2010</edited>
<value><point x="9065" y="12725"/></value>
<metadata author="">

</metadata>
</contour>
<contour name="Process 4272" class="PointContour" color="#f5c358" visible="true">
<created>Sat Nov 20 19:35:53 EST 2010</created>
<edited>Sat Nov 20 19:35:53 EST 2010</edited>
<value><point x="10471" y="12749"/></value>
<metadata author="">

</metadata>
</contour>
<contour name="Process 4273" class="PointContour" color="#b52b40" visible="true">
<created>Sat Nov 20 19:37:11 EST 2010</created>
<edited>Sat Nov 20 19:37:11 EST 2010</edited>
<value><point x="9881" y="12559"/></value>
<metadata author="">

</metadata>
</contour>
<contour name="Process 4274" class="PointContour" color="#182b09" visible="true">
<created>Sat Nov 20 19:38:22 EST 2010</created>
<edited>Sat Nov 20 19:38:22 EST 2010</edited>
<value><point x="9171" y="12915"/></value>
<metadata author="">

</metadata>
</contour>
<contour name="Process 4275" class="PointContour" color="#fd9bbf" visible="true">
<created>Sat Nov 20 19:39:11 EST 2010</created>
<edited>Sat Nov 20 19:39:11 EST 2010</edited>
<value><point x="9141" y="12851"/></value>
<metadata author="">

</metadata>
</contour>
<contour name="Process 4277" class="PointContour" color="#dbc1d9" visible="true">
<created>Sat Nov 20 19:43:46 EST 2010</created>
<edited>Sat Nov 20 19:43:46 EST 2010</edited>
<value><point x="10675" y="12043"/></value>
<metadata author="">

</metadata>
</contour>
<contour name="Process 4281" class="PointContour" color="#23558e" visible="true">
<created>Sat Nov 20 20:47:19 EST 2010</created>
<edited>Sat Nov 20 20:47:19 EST 2010</edited>
<value><point x="10459" y="12815"/></value>
<metadata author="">

</metadata>
</contour>
<contour name="Process 4193" class="PointContour" color="#7c7ed4" visible="true">
<created>Sat Nov 20 20:51:16 EST 2010</created>
<edited>Sat Nov 20 20:51:16 EST 2010</edited>
<value><point x="9369" y="12863"/></value>
<metadata author="">

</metadata>
</contour>
<contour name="Process 4232" class="PointContour" color="#7ad306" visible="true">
<created>Sat Nov 20 20:52:02 EST 2010</created>
<edited>Sat Nov 20 20:52:02 EST 2010</edited>
<value><point x="9285" y="12853"/></value>
<metadata author="">

</metadata>
</contour>
<contour name="Process 4284" class="PointContour" color="#c5f0e5" visible="true">
<created>Sat Nov 20 20:53:34 EST 2010</created>
<edited>Sat Nov 20 20:53:34 EST 2010</edited>
<value><point x="9467" y="11411"/></value>
<metadata author="">

</metadata>
</contour>
<contour name="Process 4286" class="PointContour" color="#62750a" visible="true">
<created>Sat Nov 20 20:56:34 EST 2010</created>
<edited>Sat Nov 20 20:56:34 EST 2010</edited>
<value><point x="9203" y="12579"/></value>
<metadata author="">

</metadata>
</contour>
<contour name="Process 4286" class="PointContour" color="#62750a" visible="true">
<created>Sat Nov 20 20:56:36 EST 2010</created>
<edited>Sat Nov 20 20:56:36 EST 2010</edited>
<value><point x="9243" y="12901"/></value>
<metadata author="">

</metadata>
</contour>
<contour name="Process 4287" class="PointContour" color="#38d78a" visible="true">
<created>Sat Nov 20 20:57:40 EST 2010</created>
<edited>Sat Nov 20 20:57:40 EST 2010</edited>
<value><point x="10703" y="12655"/></value>
<metadata author="">

</metadata>
</contour>
<contour name="Process 4288" class="PointContour" color="#6d750a" visible="true">
<created>Sat Nov 20 20:58:48 EST 2010</created>
<edited>Sat Nov 20 20:58:48 EST 2010</edited>
<value><point x="9955" y="12815"/></value>
<metadata author="">

</metadata>
</contour>
<contour name="Process 4102" class="PointContour" color="#12d4e2" visible="true">
<created>Sun Nov 21 21:14:42 EST 2010</created>
<edited>Sun Nov 21 21:14:42 EST 2010</edited>
<value><point x="10377" y="12673"/></value>
<metadata author="">

</metadata>
</contour>
<contour name="Process 4290" class="PointContour" color="#c47cde" visible="true">
<created>Sun Nov 21 21:18:22 EST 2010</created>
<edited>Sun Nov 21 21:18:22 EST 2010</edited>
<value><point x="10759" y="12841"/></value>
<metadata author="">

</metadata>
</contour>
<contour name="Process 4292" class="PointContour" color="#59ca82" visible="true">
<created>Sun Nov 21 21:19:31 EST 2010</created>
<edited>Sun Nov 21 21:19:31 EST 2010</edited>
<value><point x="10647" y="12181"/></value>
<metadata author="">

</metadata>
</contour>
<contour name="Process 4292" class="PointContour" color="#59ca82" visible="true">
<created>Sun Nov 21 21:20:34 EST 2010</created>
<edited>Sun Nov 21 21:20:34 EST 2010</edited>
<value><point x="10145" y="12459"/></value>
<metadata author="">

</metadata>
</contour>
<contour name="Process 4293" class="PointContour" color="#111b2e" visible="true">
<created>Sun Nov 21 21:23:59 EST 2010</created>
<edited>Sun Nov 21 21:23:59 EST 2010</edited>
<value><point x="10149" y="12667"/></value>
<metadata author="">

</metadata>
</contour>
<contour name="Process 4034" class="PointContour" color="#726115" visible="true">
<created>Sun Nov 21 21:30:51 EST 2010</created>
<edited>Sun Nov 21 21:30:51 EST 2010</edited>
<value><point x="10185" y="12203"/></value>
<metadata author="">

</metadata>
</contour>
<contour name="Process 4299" class="PointContour" color="#2b75b8" visible="true">
<created>Sun Nov 21 21:34:02 EST 2010</created>
<edited>Sun Nov 21 21:34:02 EST 2010</edited>
<value><point x="9829" y="11077"/></value>
<metadata author="">

</metadata>
</contour>
<contour name="Process 4300" class="PointContour" color="#397ed6" visible="true">
<created>Sun Nov 21 21:35:53 EST 2010</created>
<edited>Sun Nov 21 21:35:53 EST 2010</edited>
<value><point x="9815" y="11391"/></value>
<metadata author="">

</metadata>
</contour>
<contour name="Process 4300" class="PointContour" color="#397ed6" visible="true">
<created>Sun Nov 21 21:36:51 EST 2010</created>
<edited>Sun Nov 21 21:36:51 EST 2010</edited>
<value><point x="10819" y="11497"/></value>
<metadata author="">

</metadata>
</contour>
<contour name="Process 4301" class="PointContour" color="#578296" visible="true">
<created>Sun Nov 21 21:38:22 EST 2010</created>
<edited>Sun Nov 21 21:38:22 EST 2010</edited>
<value><point x="9393" y="11073"/></value>
<metadata author="">

</metadata>
</contour>
<contour name="Process 4307" class="PointContour" color="#5e5e6a" visible="true">
<created>Sun Nov 21 21:44:08 EST 2010</created>
<edited>Sun Nov 21 21:44:08 EST 2010</edited>
<value><point x="10627" y="11089"/></value>
<metadata author="">

</metadata>
</contour>
<contour name="Process 4310" class="PointContour" color="#48c442" visible="true">
<created>Sun Nov 21 21:47:08 EST 2010</created>
<edited>Sun Nov 21 21:47:08 EST 2010</edited>
<value><point x="8889" y="11517"/></value>
<metadata author="">

</metadata>
</contour>
<contour name="Process 4310" class="PointContour" color="#48c442" visible="true">
<created>Sun Nov 21 21:47:18 EST 2010</created>
<edited>Sun Nov 21 21:47:18 EST 2010</edited>
<value><point x="9613" y="11159"/></value>
<metadata author="">

</metadata>
</contour>
<contour name="Process 4310" class="PointContour" color="#48c442" visible="true">
<created>Sun Nov 21 21:49:16 EST 2010</created>
<edited>Sun Nov 21 21:49:16 EST 2010</edited>
<value><point x="9057" y="11941"/></value>
<metadata author="">

</metadata>
</contour>
<contour name="Process 4310" class="PointContour" color="#48c442" visible="true">
<created>Sun Nov 21 21:58:27 EST 2010</created>
<edited>Sun Nov 21 21:58:27 EST 2010</edited>
<value><point x="9823" y="12145"/></value>
<metadata author="">

</metadata>
</contour>
<contour name="Process 4310" class="PointContour" color="#48c442" visible="true">
<created>Sun Nov 21 21:59:08 EST 2010</created>
<edited>Sun Nov 21 21:59:08 EST 2010</edited>
<value><point x="9445" y="12087"/></value>
<metadata author="">

</metadata>
</contour>
<contour name="Process 4313" class="PointContour" color="#555025" visible="true">
<created>Sun Nov 21 23:04:49 EST 2010</created>
<edited>Sun Nov 21 23:04:49 EST 2010</edited>
<value><point x="8987" y="11097"/></value>
<metadata author="">

</metadata>
</contour>
<contour name="Process 4314" class="PointContour" color="#a99b51" visible="true">
<created>Mon Nov 22 00:48:41 EST 2010</created>
<edited>Mon Nov 22 00:48:41 EST 2010</edited>
<value><point x="8891" y="11143"/></value>
<metadata author="">

</metadata>
</contour>
<contour name="Process 4315" class="PointContour" color="#0aa1c1" visible="true">
<created>Mon Nov 22 00:49:37 EST 2010</created>
<edited>Mon Nov 22 00:49:37 EST 2010</edited>
<value><point x="8843" y="11077"/></value>
<metadata author="">

</metadata>
</contour>
<contour name="Process 4316" class="PointContour" color="#1fc020" visible="true">
<created>Mon Nov 22 00:49:59 EST 2010</created>
<edited>Mon Nov 22 00:49:59 EST 2010</edited>
<value><point x="8821" y="11125"/></value>
<metadata author="">

</metadata>
</contour>
<contour name="Process 4317" class="PointContour" color="#0645b0" visible="true">
<created>Mon Nov 22 00:51:18 EST 2010</created>
<edited>Mon Nov 22 00:51:18 EST 2010</edited>
<value><point x="10415" y="11213"/></value>
<metadata author="">

</metadata>
</contour>
<contour name="Process 4317" class="PointContour" color="#0645b0" visible="true">
<created>Mon Nov 22 00:51:56 EST 2010</created>
<edited>Mon Nov 22 00:51:56 EST 2010</edited>
<value><point x="10229" y="11097"/></value>
<metadata author="">

</metadata>
</contour>
<contour name="Process 4318" class="PointContour" color="#930049" visible="true">
<created>Mon Nov 22 00:53:48 EST 2010</created>
<edited>Mon Nov 22 00:53:48 EST 2010</edited>
<value><point x="10743" y="11755"/></value>
<metadata author="">

</metadata>
</contour>
<contour name="Process 4320" class="PointContour" color="#b18f98" visible="true">
<created>Mon Nov 22 01:09:33 EST 2010</created>
<edited>Mon Nov 22 01:09:33 EST 2010</edited>
<value><point x="9801" y="12841"/></value>
<metadata author="">

</metadata>
</contour>
<contour name="Process 4321" class="PointContour" color="#1ce7b0" visible="true">
<created>Mon Nov 22 01:14:22 EST 2010</created>
<edited>Mon Nov 22 01:14:22 EST 2010</edited>
<value><point x="8911" y="12529"/></value>
<metadata author="">

</metadata>
</contour>
<contour name="Process 4324" class="PointContour" color="#68211f" visible="true">
<created>Mon Nov 22 01:19:53 EST 2010</created>
<edited>Mon Nov 22 01:19:53 EST 2010</edited>
<value><point x="10741" y="12761"/></value>
<metadata author="">

</metadata>
</contour>
<contour name="Process 4324" class="PointContour" color="#68211f" visible="true">
<created>Mon Mar 07 12:39:26 EST 2011</created>
<edited>Mon Mar 07 12:39:26 EST 2011</edited>
<value><point x="10243" y="12757"/></value>
<metadata author="">

</metadata>
</contour>
<contour name="Process 4026" class="PointContour" color="#5cde64" visible="true">
<created>Mon Mar 07 12:40:39 EST 2011</created>
<edited>Mon Mar 07 12:40:39 EST 2011</edited>
<value><point x="10383" y="12873"/></value>
<metadata author="">

</metadata>
</contour>
<contour name="Process 4326" class="PointContour" color="#575409" visible="true">
<created>Mon Mar 07 12:42:41 EST 2011</created>
<edited>Mon Mar 07 12:42:41 EST 2011</edited>
<value><point x="10827" y="12607"/></value>
<metadata author="">

</metadata>
</contour>
<contour name="Process 4310" class="PointContour" color="#48c442" visible="true">
<created>Mon Mar 07 12:45:08 EST 2011</created>
<edited>Mon Mar 07 12:45:08 EST 2011</edited>
<value><point x="9157" y="11859"/></value>
<metadata author="">

</metadata>
</contour>
<contour name="Process 4328" class="PointContour" color="#d1cfdd" visible="true">
<created>Mon Mar 07 12:46:18 EST 2011</created>
<edited>Mon Mar 07 12:46:18 EST 2011</edited>
<value><point x="10759" y="12573"/></value>
<metadata author="">

</metadata>
</contour>
<contour name="Process 4328" class="PointContour" color="#d1cfdd" visible="true">
<created>Mon Mar 07 12:46:18 EST 2011</created>
<edited>Mon Mar 07 12:46:18 EST 2011</edited>
<value><point x="10759" y="12573"/></value>
<metadata author="">

</metadata>
</contour>
<contour name="Process 4328" class="PointContour" color="#d1cfdd" visible="true">
<created>Mon Mar 07 12:47:13 EST 2011</created>
<edited>Mon Mar 07 12:47:13 EST 2011</edited>
<value><point x="10565" y="12779"/></value>
<metadata author="">

</metadata>
</contour>
<contour name="Process 4110" class="PointContour" color="#5c0fd7" visible="true">
<created>Mon Mar 07 12:48:25 EST 2011</created>
<edited>Mon Mar 07 12:48:25 EST 2011</edited>
<value><point x="9531" y="12607"/></value>
<metadata author="">

</metadata>
</contour>
<contour name="Process 4329" class="PointContour" color="#d41f2d" visible="true">
<created>Mon Mar 07 12:49:08 EST 2011</created>
<edited>Mon Mar 07 12:49:08 EST 2011</edited>
<value><point x="10593" y="11921"/></value>
<metadata author="">

</metadata>
</contour>
<contour name="Process 4329" class="PointContour" color="#d41f2d" visible="true">
<created>Mon Mar 07 12:49:30 EST 2011</created>
<edited>Mon Mar 07 12:49:30 EST 2011</edited>
<value><point x="10425" y="11839"/></value>
<metadata author="">

</metadata>
</contour>
<contour name="Process 4093" class="PointContour" color="#4d5173" visible="true">
<created>Mon Mar 07 12:51:04 EST 2011</created>
<edited>Mon Mar 07 12:51:04 EST 2011</edited>
<value><point x="10109" y="12005"/></value>
<metadata author="">

</metadata>
</contour>
<contour name="Process 4334" class="PointContour" color="#2a1300" visible="true">
<created>Mon Mar 07 13:03:24 EST 2011</created>
<edited>Mon Mar 07 13:03:24 EST 2011</edited>
<value><point x="10761" y="12705"/></value>
<metadata author="">

</metadata>
</contour>
</contours>