<!--Last edited: 2011/03/14 19:51:14-->
<contours>
<contour name="Process 54" class="PointContour" color="#ed07ff" visible="true">
<created>Mon Jun 07 17:23:15 EDT 2010</created>
<edited>Mon Jun 07 17:23:15 EDT 2010</edited>
<value><point x="12322" y="17744"/></value>
<metadata author="">

</metadata>
</contour>
<contour name="Process 85" class="PointContour" color="#ff067f" visible="true">
<created>Tue Jun 08 13:23:47 EDT 2010</created>
<edited>Tue Jun 08 13:23:47 EDT 2010</edited>
<value><point x="12888" y="18636"/></value>
<metadata author="">

</metadata>
</contour>
<contour name="Process 153" class="PointContour" color="#f3ff8b" visible="true">
<created>Wed Jun 09 15:33:24 EDT 2010</created>
<edited>Wed Jun 09 15:33:24 EDT 2010</edited>
<value><point x="11354" y="18834"/></value>
<metadata author="">

</metadata>
</contour>
<contour name="Process 2" class="PointContour" color="#ff5107" visible="true">
<created>Wed Jun 02 16:08:40 EDT 2010</created>
<edited>Wed Jun 02 16:08:40 EDT 2010</edited>
<value><point x="11788" y="18456"/></value>
<metadata author="">

</metadata>
</contour>
<contour name="Process 29" class="PointContour" color="#7aff76" visible="true">
<created>Mon Jun 07 15:07:50 EDT 2010</created>
<edited>Mon Jun 07 15:07:50 EDT 2010</edited>
<value><point x="11128" y="18528"/></value>
<metadata author="">

</metadata>
</contour>
<contour name="Process 38" class="PointContour" color="#f7edc9" visible="true">
<created>Mon Jun 07 16:41:56 EDT 2010</created>
<edited>Mon Jun 07 16:41:56 EDT 2010</edited>
<value><point x="12044" y="18252"/></value>
<metadata author="">

</metadata>
</contour>
<contour name="Process 85" class="PointContour" color="#ff067f" visible="true">
<created>Tue Jun 08 13:14:44 EDT 2010</created>
<edited>Tue Jun 08 13:14:44 EDT 2010</edited>
<value><point x="12460" y="19016"/></value>
<metadata author="">

</metadata>
</contour>
<contour name="Process 153" class="PointContour" color="#f3ff8b" visible="true">
<created>Wed Jun 09 15:33:24 EDT 2010</created>
<edited>Wed Jun 09 15:33:24 EDT 2010</edited>
<value><point x="11062" y="18978"/></value>
<metadata author="">

</metadata>
</contour>
<contour name="Process 153" class="PointContour" color="#f3ff8b" visible="true">
<created>Wed Jun 09 15:33:24 EDT 2010</created>
<edited>Wed Jun 09 15:33:24 EDT 2010</edited>
<value><point x="11008" y="19004"/></value>
<metadata author="">

</metadata>
</contour>
<contour name="Process 41" class="PointContour" color="#b2aff7" visible="true">
<created>Mon Jun 07 16:47:59 EDT 2010</created>
<edited>Mon Jun 07 16:47:59 EDT 2010</edited>
<value><point x="12552" y="17924"/></value>
<metadata author="">

</metadata>
</contour>
<contour name="Process 153" class="PointContour" color="#f3ff8b" visible="true">
<created>Wed Jun 09 15:33:24 EDT 2010</created>
<edited>Wed Jun 09 15:33:24 EDT 2010</edited>
<value><point x="11700" y="18662"/></value>
<metadata author="">

</metadata>
</contour>
<contour name="Process 63" class="PointContour" color="#ffcc0d" visible="true">
<created>Mon Jun 07 17:34:16 EDT 2010</created>
<edited>Mon Jun 07 17:34:16 EDT 2010</edited>
<value><point x="12384" y="18186"/></value>
<metadata author="">

</metadata>
</contour>
<contour name="Process 81" class="PointContour" color="#9f09ff" visible="true">
<created>Tue Jun 08 12:55:09 EDT 2010</created>
<edited>Tue Jun 08 12:55:09 EDT 2010</edited>
<value><point x="11558" y="19094"/></value>
<metadata author="">

</metadata>
</contour>
<contour name="Process 153" class="PointContour" color="#f3ff8b" visible="true">
<created>Wed Jun 09 15:33:24 EDT 2010</created>
<edited>Wed Jun 09 15:33:24 EDT 2010</edited>
<value><point x="11572" y="18724"/></value>
<metadata author="">

</metadata>
</contour>
<contour name="Process 117" class="PointContour" color="#78ff04" visible="true">
<created>Tue Jun 08 17:08:41 EDT 2010</created>
<edited>Tue Jun 08 17:08:41 EDT 2010</edited>
<value><point x="11608" y="18598"/></value>
<metadata author="">

</metadata>
</contour>
<contour name="Process 29" class="PointContour" color="#7aff76" visible="true">
<created>Mon Jun 07 15:07:50 EDT 2010</created>
<edited>Mon Jun 07 15:07:50 EDT 2010</edited>
<value><point x="11208" y="18672"/></value>
<metadata author="">

</metadata>
</contour>
<contour name="Process 53" class="PointContour" color="#d507ff" visible="true">
<created>Mon Jun 07 17:22:02 EDT 2010</created>
<edited>Mon Jun 07 17:22:02 EDT 2010</edited>
<value><point x="12656" y="18226"/></value>
<metadata author="">

</metadata>
</contour>
<contour name="Process 139" class="PointContour" color="#ff6e25" visible="true">
<created>Wed Jun 09 14:55:28 EDT 2010</created>
<edited>Wed Jun 09 14:55:28 EDT 2010</edited>
<value><point x="11382" y="19250"/></value>
<metadata author="">

</metadata>
</contour>
<contour name="Process 153" class="PointContour" color="#f3ff8b" visible="true">
<created>Wed Jun 09 15:33:24 EDT 2010</created>
<edited>Wed Jun 09 15:33:24 EDT 2010</edited>
<value><point x="11972" y="18526"/></value>
<metadata author="">

</metadata>
</contour>
<contour name="Process 218" class="PointContour" color="#d0ff2e" visible="true">
<created>Thu Jun 10 15:00:14 EDT 2010</created>
<edited>Thu Jun 10 15:00:14 EDT 2010</edited>
<value><point x="12642" y="19264"/></value>
<metadata author="">

</metadata>
</contour>
<contour name="Process 87" class="PointContour" color="#ff0b2f" visible="true">
<created>Tue Jun 08 13:37:04 EDT 2010</created>
<edited>Tue Jun 08 13:37:04 EDT 2010</edited>
<value><point x="12402" y="18868"/></value>
<metadata author="">

</metadata>
</contour>
<contour name="Process 5" class="PointContour" color="#c2ff00" visible="true">
<created>Wed Jun 02 16:32:40 EDT 2010</created>
<edited>Wed Jun 02 16:32:40 EDT 2010</edited>
<value><point x="11964" y="18322"/></value>
<metadata author="">

</metadata>
</contour>
<contour name="Process 29" class="PointContour" color="#7aff76" visible="true">
<created>Mon Jun 07 15:07:50 EDT 2010</created>
<edited>Mon Jun 07 15:07:50 EDT 2010</edited>
<value><point x="11238" y="18726"/></value>
<metadata author="">

</metadata>
</contour>
<contour name="Process 37" class="PointContour" color="#f7daf0" visible="true">
<created>Mon Jun 07 16:39:34 EDT 2010</created>
<edited>Mon Jun 07 16:39:34 EDT 2010</edited>
<value><point x="12110" y="17940"/></value>
<metadata author="">

</metadata>
</contour>
<contour name="Process 29" class="PointContour" color="#7aff76" visible="true">
<created>Mon Jun 07 15:07:50 EDT 2010</created>
<edited>Mon Jun 07 15:07:50 EDT 2010</edited>
<value><point x="11028" y="18348"/></value>
<metadata author="">

</metadata>
</contour>
<contour name="Process 39" class="PointContour" color="#a4f7f2" visible="true">
<created>Mon Jun 07 16:43:40 EDT 2010</created>
<edited>Mon Jun 07 16:43:40 EDT 2010</edited>
<value><point x="11946" y="17682"/></value>
<metadata author="">

</metadata>
</contour>
<contour name="Process 186" class="PointContour" color="#ff431a" visible="true">
<created>Thu Jun 10 12:25:39 EDT 2010</created>
<edited>Thu Jun 10 12:25:39 EDT 2010</edited>
<value><point x="11068" y="19218"/></value>
<metadata author="">

</metadata>
</contour>
<contour name="Process 134" class="PointContour" color="#0954ff" visible="true">
<created>Wed Jun 09 13:07:43 EDT 2010</created>
<edited>Wed Jun 09 13:07:43 EDT 2010</edited>
<value><point x="12630" y="18038"/></value>
<metadata author="">

</metadata>
</contour>
<contour name="Process 153" class="PointContour" color="#f3ff8b" visible="true">
<created>Wed Jun 09 15:33:24 EDT 2010</created>
<edited>Wed Jun 09 15:33:24 EDT 2010</edited>
<value><point x="11298" y="18860"/></value>
<metadata author="">

</metadata>
</contour>
<contour name="Process 153" class="PointContour" color="#f3ff8b" visible="true">
<created>Wed Jun 09 15:33:24 EDT 2010</created>
<edited>Wed Jun 09 15:33:24 EDT 2010</edited>
<value><point x="11208" y="18906"/></value>
<metadata author="">

</metadata>
</contour>
<contour name="Process 104" class="PointContour" color="#df03ff" visible="true">
<created>Tue Jun 08 16:08:55 EDT 2010</created>
<edited>Tue Jun 08 16:08:55 EDT 2010</edited>
<value><point x="12100" y="18946"/></value>
<metadata author="">

</metadata>
</contour>
<contour name="Process 29" class="PointContour" color="#7aff76" visible="true">
<created>Mon Jun 07 15:07:50 EDT 2010</created>
<edited>Mon Jun 07 15:07:50 EDT 2010</edited>
<value><point x="11198" y="18654"/></value>
<metadata author="">

</metadata>
</contour>
<contour name="Process 207" class="PointContour" color="#c2ff4a" visible="true">
<created>Thu Jun 10 13:19:48 EDT 2010</created>
<edited>Thu Jun 10 13:19:48 EDT 2010</edited>
<value><point x="12462" y="18422"/></value>
<metadata author="">

</metadata>
</contour>
<contour name="Process 126" class="PointContour" color="#ff4904" visible="true">
<created>Wed Jun 09 11:05:33 EDT 2010</created>
<edited>Wed Jun 09 11:05:33 EDT 2010</edited>
<value><point x="11534" y="19248"/></value>
<metadata author="">

</metadata>
</contour>
<contour name="Process 153" class="PointContour" color="#f3ff8b" visible="true">
<created>Wed Jun 09 15:33:24 EDT 2010</created>
<edited>Wed Jun 09 15:33:24 EDT 2010</edited>
<value><point x="11336" y="18842"/></value>
<metadata author="">

</metadata>
</contour>
<contour name="Process 195" class="PointContour" color="#c5ff3c" visible="true">
<created>Thu Jun 10 12:47:50 EDT 2010</created>
<edited>Thu Jun 10 12:47:50 EDT 2010</edited>
<value><point x="11222" y="19400"/></value>
<metadata author="">

</metadata>
</contour>
<contour name="Process 58" class="PointContour" color="#ff0340" visible="true">
<created>Mon Jun 07 17:27:14 EDT 2010</created>
<edited>Mon Jun 07 17:27:14 EDT 2010</edited>
<value><point x="11930" y="19234"/></value>
<metadata author="">

</metadata>
</contour>
<contour name="Process 95" class="PointContour" color="#93ff04" visible="true">
<created>Tue Jun 08 14:28:51 EDT 2010</created>
<edited>Tue Jun 08 14:28:51 EDT 2010</edited>
<value><point x="11406" y="17452"/></value>
<metadata author="">

</metadata>
</contour>
<contour name="Process 111" class="PointContour" color="#ffa006" visible="true">
<created>Tue Jun 08 16:26:27 EDT 2010</created>
<edited>Tue Jun 08 16:26:27 EDT 2010</edited>
<value><point x="12862" y="18558"/></value>
<metadata author="">

</metadata>
</contour>
<contour name="Process 153" class="PointContour" color="#f3ff8b" visible="true">
<created>Wed Jun 09 15:33:24 EDT 2010</created>
<edited>Wed Jun 09 15:33:24 EDT 2010</edited>
<value><point x="11026" y="18996"/></value>
<metadata author="">

</metadata>
</contour>
<contour name="Process 153" class="PointContour" color="#f3ff8b" visible="true">
<created>Wed Jun 09 15:33:24 EDT 2010</created>
<edited>Wed Jun 09 15:33:24 EDT 2010</edited>
<value><point x="11444" y="18788"/></value>
<metadata author="">

</metadata>
</contour>
<contour name="Process 16" class="PointContour" color="#ff70a8" visible="true">
<created>Wed Jun 02 17:29:13 EDT 2010</created>
<edited>Wed Jun 02 17:29:13 EDT 2010</edited>
<value><point x="11632" y="18108"/></value>
<metadata author="">

</metadata>
</contour>
<contour name="Process 29" class="PointContour" color="#7aff76" visible="true">
<created>Mon Jun 07 15:07:50 EDT 2010</created>
<edited>Mon Jun 07 15:07:50 EDT 2010</edited>
<value><point x="11218" y="18690"/></value>
<metadata author="">

</metadata>
</contour>
<contour name="Process 264" class="PointContour" color="#df3e16" visible="true">
<created>Fri Jun 11 13:13:30 EDT 2010</created>
<edited>Fri Jun 11 13:13:30 EDT 2010</edited>
<value><point x="11070" y="18864"/></value>
<metadata author="">

</metadata>
</contour>
<contour name="Process 29" class="PointContour" color="#7aff76" visible="true">
<created>Mon Jun 07 15:07:50 EDT 2010</created>
<edited>Mon Jun 07 15:07:50 EDT 2010</edited>
<value><point x="11228" y="18708"/></value>
<metadata author="">

</metadata>
</contour>
<contour name="Process 29" class="PointContour" color="#7aff76" visible="true">
<created>Mon Jun 07 15:07:50 EDT 2010</created>
<edited>Mon Jun 07 15:07:50 EDT 2010</edited>
<value><point x="11118" y="18510"/></value>
<metadata author="">

</metadata>
</contour>
<contour name="Process 106" class="PointContour" color="#ff02af" visible="true">
<created>Tue Jun 08 16:17:34 EDT 2010</created>
<edited>Tue Jun 08 16:17:34 EDT 2010</edited>
<value><point x="11172" y="19124"/></value>
<metadata author="">

</metadata>
</contour>
<contour name="Process 114" class="PointContour" color="#cbff04" visible="true">
<created>Tue Jun 08 17:00:27 EDT 2010</created>
<edited>Tue Jun 08 17:00:27 EDT 2010</edited>
<value><point x="12494" y="18326"/></value>
<metadata author="">

</metadata>
</contour>
<contour name="Process 1" class="PointContour" color="#ff0000" visible="true">
<created>Wed Jun 02 15:59:51 EDT 2010</created>
<edited>Wed Jun 02 15:59:51 EDT 2010</edited>
<value><point x="12154" y="17742"/></value>
<metadata author="">

</metadata>
</contour>
<contour name="Process 102" class="PointContour" color="#7706ff" visible="true">
<created>Tue Jun 08 16:03:50 EDT 2010</created>
<edited>Tue Jun 08 16:03:50 EDT 2010</edited>
<value><point x="11978" y="18034"/></value>
<metadata author="">

</metadata>
</contour>
<contour name="Process 129" class="PointContour" color="#80ff08" visible="true">
<created>Wed Jun 09 12:41:38 EDT 2010</created>
<edited>Wed Jun 09 12:41:38 EDT 2010</edited>
<value><point x="12314" y="17696"/></value>
<metadata author="">

</metadata>
</contour>
<contour name="Process 153" class="PointContour" color="#f3ff8b" visible="true">
<created>Wed Jun 09 15:33:24 EDT 2010</created>
<edited>Wed Jun 09 15:33:24 EDT 2010</edited>
<value><point x="11736" y="18644"/></value>
<metadata author="">

</metadata>
</contour>
<contour name="Process 69" class="PointContour" color="#03ffda" visible="true">
<created>Mon Jun 07 17:44:22 EDT 2010</created>
<edited>Mon Jun 07 17:44:22 EDT 2010</edited>
<value><point x="11768" y="17514"/></value>
<metadata author="">

</metadata>
</contour>
<contour name="Process 7" class="PointContour" color="#10fffb" visible="true">
<created>Wed Jun 02 16:58:11 EDT 2010</created>
<edited>Wed Jun 02 16:58:11 EDT 2010</edited>
<value><point x="12348" y="18502"/></value>
<metadata author="">

</metadata>
</contour>
<contour name="Process 76" class="PointContour" color="#08ffdd" visible="true">
<created>Tue Jun 08 12:39:00 EDT 2010</created>
<edited>Tue Jun 08 12:39:00 EDT 2010</edited>
<value><point x="12822" y="18594"/></value>
<metadata author="">

</metadata>
</contour>
<contour name="Process 92" class="PointContour" color="#ffd909" visible="true">
<created>Tue Jun 08 14:21:08 EDT 2010</created>
<edited>Tue Jun 08 14:21:08 EDT 2010</edited>
<value><point x="11814" y="19460"/></value>
<metadata author="">

</metadata>
</contour>
<contour name="Process 29" class="PointContour" color="#7aff76" visible="true">
<created>Mon Jun 07 15:07:50 EDT 2010</created>
<edited>Mon Jun 07 15:07:50 EDT 2010</edited>
<value><point x="10988" y="18276"/></value>
<metadata author="">

</metadata>
</contour>
<contour name="Process 153" class="PointContour" color="#f3ff8b" visible="true">
<created>Wed Jun 09 15:33:24 EDT 2010</created>
<edited>Wed Jun 09 15:33:24 EDT 2010</edited>
<value><point x="11134" y="18942"/></value>
<metadata author="">

</metadata>
</contour>
<contour name="Process 29" class="PointContour" color="#7aff76" visible="true">
<created>Mon Jun 07 15:07:50 EDT 2010</created>
<edited>Mon Jun 07 15:07:50 EDT 2010</edited>
<value><point x="11148" y="18564"/></value>
<metadata author="">

</metadata>
</contour>
<contour name="Process 29" class="PointContour" color="#7aff76" visible="true">
<created>Mon Jun 07 15:07:50 EDT 2010</created>
<edited>Mon Jun 07 15:07:50 EDT 2010</edited>
<value><point x="11048" y="18384"/></value>
<metadata author="">

</metadata>
</contour>
<contour name="Process 153" class="PointContour" color="#f3ff8b" visible="true">
<created>Wed Jun 09 15:33:24 EDT 2010</created>
<edited>Wed Jun 09 15:33:24 EDT 2010</edited>
<value><point x="11080" y="18968"/></value>
<metadata author="">

</metadata>
</contour>
<contour name="Process 35" class="PointContour" color="#f76b06" visible="true">
<created>Mon Jun 07 16:34:48 EDT 2010</created>
<edited>Mon Jun 07 16:34:48 EDT 2010</edited>
<value><point x="12336" y="18830"/></value>
<metadata author="">

</metadata>
</contour>
<contour name="Process 82" class="PointContour" color="#cc05ff" visible="true">
<created>Tue Jun 08 12:56:14 EDT 2010</created>
<edited>Tue Jun 08 12:56:14 EDT 2010</edited>
<value><point x="11956" y="19378"/></value>
<metadata author="">

</metadata>
</contour>
<contour name="Process 153" class="PointContour" color="#f3ff8b" visible="true">
<created>Wed Jun 09 15:33:24 EDT 2010</created>
<edited>Wed Jun 09 15:33:24 EDT 2010</edited>
<value><point x="11808" y="18608"/></value>
<metadata author="">

</metadata>
</contour>
<contour name="Process 2" class="PointContour" color="#ff5107" visible="true">
<created>Wed Jun 02 16:14:41 EDT 2010</created>
<edited>Wed Jun 02 16:14:41 EDT 2010</edited>
<value><point x="11624" y="18878"/></value>
<metadata author="">

</metadata>
</contour>
<contour name="Process 183" class="PointContour" color="#e166ff" visible="true">
<created>Thu Jun 10 12:40:31 EDT 2010</created>
<edited>Thu Jun 10 12:40:31 EDT 2010</edited>
<value><point x="12622" y="19104"/></value>
<metadata author="">

</metadata>
</contour>
<contour name="Process 72" class="PointContour" color="#ffcd08" visible="true">
<created>Tue Jun 08 12:18:06 EDT 2010</created>
<edited>Tue Jun 08 12:18:06 EDT 2010</edited>
<value><point x="12560" y="18238"/></value>
<metadata author="">

</metadata>
</contour>
<contour name="Process 158" class="PointContour" color="#ff7fcd" visible="true">
<created>Wed Jun 09 15:48:29 EDT 2010</created>
<edited>Wed Jun 09 15:48:29 EDT 2010</edited>
<value><point x="11174" y="17974"/></value>
<metadata author="">

</metadata>
</contour>
<contour name="Process 153" class="PointContour" color="#f3ff8b" visible="true">
<created>Wed Jun 09 15:33:24 EDT 2010</created>
<edited>Wed Jun 09 15:33:24 EDT 2010</edited>
<value><point x="11590" y="18716"/></value>
<metadata author="">

</metadata>
</contour>
<contour name="Process 153" class="PointContour" color="#f3ff8b" visible="true">
<created>Wed Jun 09 15:33:24 EDT 2010</created>
<edited>Wed Jun 09 15:33:24 EDT 2010</edited>
<value><point x="11772" y="18626"/></value>
<metadata author="">

</metadata>
</contour>
<contour name="Process 143" class="PointContour" color="#d10eff" visible="true">
<created>Thu Jun 10 14:00:19 EDT 2010</created>
<edited>Thu Jun 10 14:00:19 EDT 2010</edited>
<value><point x="12918" y="18682"/></value>
<metadata author="">

</metadata>
</contour>
<contour name="Process 100" class="PointContour" color="#0395ff" visible="true">
<created>Tue Jun 08 14:56:40 EDT 2010</created>
<edited>Tue Jun 08 14:56:40 EDT 2010</edited>
<value><point x="12686" y="18408"/></value>
<metadata author="">

</metadata>
</contour>
<contour name="Process 66" class="PointContour" color="#bcff07" visible="true">
<created>Mon Jun 07 17:37:21 EDT 2010</created>
<edited>Mon Jun 07 17:37:21 EDT 2010</edited>
<value><point x="11814" y="18340"/></value>
<metadata author="">

</metadata>
</contour>
<contour name="Process 118" class="PointContour" color="#4fff10" visible="true">
<created>Tue Jun 08 17:10:07 EDT 2010</created>
<edited>Tue Jun 08 17:10:07 EDT 2010</edited>
<value><point x="12356" y="18618"/></value>
<metadata author="">

</metadata>
</contour>
<contour name="Trail 3" class="PointContour" color="#ffa20c" visible="true">
<created>Wed Jun 09 15:38:30 EDT 2010</created>
<edited>Wed Jun 09 15:38:30 EDT 2010</edited>
<value><point x="11682" y="18980"/></value>
<metadata author="">

</metadata>
</contour>
<contour name="Process 58" class="PointContour" color="#ff0340" visible="true">
<created>Mon Jun 07 17:27:21 EDT 2010</created>
<edited>Mon Jun 07 17:27:21 EDT 2010</edited>
<value><point x="12214" y="19238"/></value>
<metadata author="">

</metadata>
</contour>
<contour name="Trail 3" class="PointContour" color="#ffa20c" visible="true">
<created>Wed Jun 02 16:19:43 EDT 2010</created>
<edited>Wed Jun 02 16:19:43 EDT 2010</edited>
<value><point x="12312" y="18892"/></value>
<metadata author="">

</metadata>
</contour>
<contour name="Process 221" class="PointContour" color="#ff38d2" visible="true">
<created>Thu Jun 10 17:23:07 EDT 2010</created>
<edited>Thu Jun 10 17:23:07 EDT 2010</edited>
<value><point x="11618" y="17922"/></value>
<metadata author="">

</metadata>
</contour>
<contour name="Process 29" class="PointContour" color="#7aff76" visible="true">
<created>Mon Jun 07 15:07:50 EDT 2010</created>
<edited>Mon Jun 07 15:07:50 EDT 2010</edited>
<value><point x="11088" y="18456"/></value>
<metadata author="">

</metadata>
</contour>
<contour name="Trail 3" class="PointContour" color="#ffa20c" visible="true">
<created>Wed Jun 02 16:18:12 EDT 2010</created>
<edited>Wed Jun 02 16:18:12 EDT 2010</edited>
<value><point x="12036" y="18714"/></value>
<metadata author="">

</metadata>
</contour>
<contour name="Process 29" class="PointContour" color="#7aff76" visible="true">
<created>Mon Jun 07 15:06:42 EDT 2010</created>
<edited>Mon Jun 07 15:06:42 EDT 2010</edited>
<value><point x="11530" y="17958"/></value>
<metadata author="">

</metadata>
</contour>
<contour name="Process 132" class="PointContour" color="#06adff" visible="true">
<created>Wed Jun 09 13:05:11 EDT 2010</created>
<edited>Wed Jun 09 13:05:11 EDT 2010</edited>
<value><point x="11302" y="17510"/></value>
<metadata author="">

</metadata>
</contour>
<contour name="Process 12" class="PointContour" color="#ffa568" visible="true">
<created>Wed Jun 02 17:18:49 EDT 2010</created>
<edited>Wed Jun 02 17:18:49 EDT 2010</edited>
<value><point x="12004" y="17950"/></value>
<metadata author="">

</metadata>
</contour>
<contour name="Process 153" class="PointContour" color="#f3ff8b" visible="true">
<created>Wed Jun 09 15:33:24 EDT 2010</created>
<edited>Wed Jun 09 15:33:24 EDT 2010</edited>
<value><point x="11244" y="18888"/></value>
<metadata author="">

</metadata>
</contour>
<contour name="Process 153" class="PointContour" color="#f3ff8b" visible="true">
<created>Wed Jun 09 15:33:24 EDT 2010</created>
<edited>Wed Jun 09 15:33:24 EDT 2010</edited>
<value><point x="11918" y="18554"/></value>
<metadata author="">

</metadata>
</contour>
<contour name="Process 29" class="PointContour" color="#7aff76" visible="true">
<created>Mon Jun 07 15:07:50 EDT 2010</created>
<edited>Mon Jun 07 15:07:50 EDT 2010</edited>
<value><point x="11098" y="18474"/></value>
<metadata author="">

</metadata>
</contour>
<contour name="Process 4" class="PointContour" color="#fff812" visible="true">
<created>Wed Jun 02 16:28:36 EDT 2010</created>
<edited>Wed Jun 02 16:28:36 EDT 2010</edited>
<value><point x="11598" y="18470"/></value>
<metadata author="">

</metadata>
</contour>
<contour name="Process 97" class="PointContour" color="#05ff95" visible="true">
<created>Tue Jun 08 14:32:06 EDT 2010</created>
<edited>Tue Jun 08 14:32:06 EDT 2010</edited>
<value><point x="12516" y="18784"/></value>
<metadata author="">

</metadata>
</contour>
<contour name="Process 153" class="PointContour" color="#f3ff8b" visible="true">
<created>Wed Jun 09 15:33:24 EDT 2010</created>
<edited>Wed Jun 09 15:33:24 EDT 2010</edited>
<value><point x="11390" y="18816"/></value>
<metadata author="">

</metadata>
</contour>
<contour name="Process 67" class="PointContour" color="#8eff03" visible="true">
<created>Mon Jun 07 17:40:00 EDT 2010</created>
<edited>Mon Jun 07 17:40:00 EDT 2010</edited>
<value><point x="12640" y="17438"/></value>
<metadata author="">

</metadata>
</contour>
<contour name="Process 112" class="PointContour" color="#ffd72d" visible="true">
<created>Tue Jun 08 16:56:37 EDT 2010</created>
<edited>Tue Jun 08 16:56:37 EDT 2010</edited>
<value><point x="12070" y="18338"/></value>
<metadata author="">

</metadata>
</contour>
<contour name="Process 153" class="PointContour" color="#f3ff8b" visible="true">
<created>Wed Jun 09 15:33:24 EDT 2010</created>
<edited>Wed Jun 09 15:33:24 EDT 2010</edited>
<value><point x="11152" y="18932"/></value>
<metadata author="">

</metadata>
</contour>
<contour name="Process 28" class="PointContour" color="#d1a73a" visible="true">
<created>Thu Jun 03 11:30:42 EDT 2010</created>
<edited>Thu Jun 03 11:30:42 EDT 2010</edited>
<value><point x="11662" y="18556"/></value>
<metadata author="">

</metadata>
</contour>
<contour name="Process 153" class="PointContour" color="#f3ff8b" visible="true">
<created>Wed Jun 09 15:33:24 EDT 2010</created>
<edited>Wed Jun 09 15:33:24 EDT 2010</edited>
<value><point x="11500" y="18760"/></value>
<metadata author="">

</metadata>
</contour>
<contour name="Process 153" class="PointContour" color="#f3ff8b" visible="true">
<created>Wed Jun 09 15:33:24 EDT 2010</created>
<edited>Wed Jun 09 15:33:24 EDT 2010</edited>
<value><point x="11518" y="18752"/></value>
<metadata author="">

</metadata>
</contour>
<contour name="Process 149" class="PointContour" color="#ffada8" visible="true">
<created>Wed Jun 09 15:19:57 EDT 2010</created>
<edited>Wed Jun 09 15:19:57 EDT 2010</edited>
<value><point x="12224" y="18836"/></value>
<metadata author="">

</metadata>
</contour>
<contour name="Process 7" class="PointContour" color="#10fffb" visible="true">
<created>Wed Jun 02 16:49:52 EDT 2010</created>
<edited>Wed Jun 02 16:49:52 EDT 2010</edited>
<value><point x="11632" y="19190"/></value>
<metadata author="">

</metadata>
</contour>
<contour name="Process 29" class="PointContour" color="#7aff76" visible="true">
<created>Mon Jun 07 15:58:38 EDT 2010</created>
<edited>Mon Jun 07 15:58:38 EDT 2010</edited>
<value><point x="12782" y="17812"/></value>
<metadata author="">

</metadata>
</contour>
<contour name="Process 114" class="PointContour" color="#cbff04" visible="true">
<created>Tue Jun 08 17:02:45 EDT 2010</created>
<edited>Tue Jun 08 17:02:45 EDT 2010</edited>
<value><point x="12674" y="19040"/></value>
<metadata author="">

</metadata>
</contour>
<contour name="Process 29" class="PointContour" color="#7aff76" visible="true">
<created>Mon Jun 07 15:07:50 EDT 2010</created>
<edited>Mon Jun 07 15:07:50 EDT 2010</edited>
<value><point x="11178" y="18618"/></value>
<metadata author="">

</metadata>
</contour>
<contour name="Process 102" class="PointContour" color="#7706ff" visible="true">
<created>Tue Jun 08 16:05:20 EDT 2010</created>
<edited>Tue Jun 08 16:05:20 EDT 2010</edited>
<value><point x="12070" y="17882"/></value>
<metadata author="">

</metadata>
</contour>
<contour name="Process 29" class="PointContour" color="#7aff76" visible="true">
<created>Mon Jun 07 15:07:50 EDT 2010</created>
<edited>Mon Jun 07 15:07:50 EDT 2010</edited>
<value><point x="11108" y="18492"/></value>
<metadata author="">

</metadata>
</contour>
<contour name="Process 92" class="PointContour" color="#ffd909" visible="true">
<created>Tue Jun 08 14:20:46 EDT 2010</created>
<edited>Tue Jun 08 14:20:46 EDT 2010</edited>
<value><point x="11644" y="19418"/></value>
<metadata author="">

</metadata>
</contour>
<contour name="Process 153" class="PointContour" color="#f3ff8b" visible="true">
<created>Wed Jun 09 15:33:24 EDT 2010</created>
<edited>Wed Jun 09 15:33:24 EDT 2010</edited>
<value><point x="11718" y="18652"/></value>
<metadata author="">

</metadata>
</contour>
<contour name="Trail 3" class="PointContour" color="#ffa20c" visible="true">
<created>Wed Jun 02 16:22:13 EDT 2010</created>
<edited>Wed Jun 02 16:22:13 EDT 2010</edited>
<value><point x="12470" y="18506"/></value>
<metadata author="">

</metadata>
</contour>
<contour name="Process 180" class="PointContour" color="#cd67ff" visible="true">
<created>Thu Jun 10 10:31:58 EDT 2010</created>
<edited>Thu Jun 10 10:31:58 EDT 2010</edited>
<value><point x="11154" y="19248"/></value>
<metadata author="">

</metadata>
</contour>
<contour name="Process 40" class="PointContour" color="#c4f7b5" visible="true">
<created>Mon Jun 07 16:46:06 EDT 2010</created>
<edited>Mon Jun 07 16:46:06 EDT 2010</edited>
<value><point x="12556" y="18162"/></value>
<metadata author="">

</metadata>
</contour>
<contour name="Process 78" class="PointContour" color="#0390ff" visible="true">
<created>Tue Jun 08 12:46:18 EDT 2010</created>
<edited>Tue Jun 08 12:46:18 EDT 2010</edited>
<value><point x="12386" y="17506"/></value>
<metadata author="">

</metadata>
</contour>
<contour name="Process 85" class="PointContour" color="#ff067f" visible="true">
<created>Tue Jun 08 13:21:57 EDT 2010</created>
<edited>Tue Jun 08 13:21:57 EDT 2010</edited>
<value><point x="12768" y="18718"/></value>
<metadata author="">

</metadata>
</contour>
<contour name="Process 60" class="PointContour" color="#ff4e01" visible="true">
<created>Mon Jun 07 17:30:47 EDT 2010</created>
<edited>Mon Jun 07 17:30:47 EDT 2010</edited>
<value><point x="11678" y="17632"/></value>
<metadata author="">

</metadata>
</contour>
<contour name="Process 28" class="PointContour" color="#d1a73a" visible="true">
<created>Thu Jun 03 10:36:56 EDT 2010</created>
<edited>Thu Jun 03 10:36:56 EDT 2010</edited>
<value><point x="12358" y="18882"/></value>
<metadata author="">

</metadata>
</contour>
<contour name="Trail 21" class="PointContour" color="#68c268" visible="true">
<created>Thu Jun 03 09:59:33 EDT 2010</created>
<edited>Thu Jun 03 09:59:33 EDT 2010</edited>
<value><point x="12602" y="18346"/></value>
<metadata author="">

</metadata>
</contour>
<contour name="Process 92" class="PointContour" color="#ffd909" visible="true">
<created>Tue Jun 08 14:11:20 EDT 2010</created>
<edited>Tue Jun 08 14:11:20 EDT 2010</edited>
<value><point x="12198" y="19380"/></value>
<metadata author="">

</metadata>
</contour>
<contour name="Process 7" class="PointContour" color="#10fffb" visible="true">
<created>Wed Jun 02 16:54:46 EDT 2010</created>
<edited>Wed Jun 02 16:54:46 EDT 2010</edited>
<value><point x="11242" y="19196"/></value>
<metadata author="">

</metadata>
</contour>
<contour name="Process 17" class="PointContour" color="#c115ff" visible="true">
<created>Wed Jun 02 17:41:42 EDT 2010</created>
<edited>Wed Jun 02 17:41:42 EDT 2010</edited>
<value><point x="11638" y="17482"/></value>
<metadata author="">

</metadata>
</contour>
<contour name="Process 189" class="PointContour" color="#ffadba" visible="true">
<created>Thu Jun 10 12:29:39 EDT 2010</created>
<edited>Thu Jun 10 12:29:39 EDT 2010</edited>
<value><point x="10988" y="18910"/></value>
<metadata author="">

</metadata>
</contour>
<contour name="Process 28" class="PointContour" color="#d1a73a" visible="true">
<created>Thu Jun 03 11:35:18 EDT 2010</created>
<edited>Thu Jun 03 11:35:18 EDT 2010</edited>
<value><point x="11152" y="19176"/></value>
<metadata author="">

</metadata>
</contour>
<contour name="Process 153" class="PointContour" color="#f3ff8b" visible="true">
<created>Wed Jun 09 15:33:24 EDT 2010</created>
<edited>Wed Jun 09 15:33:24 EDT 2010</edited>
<value><point x="11226" y="18896"/></value>
<metadata author="">

</metadata>
</contour>
<contour name="Process 153" class="PointContour" color="#f3ff8b" visible="true">
<created>Wed Jun 09 15:33:24 EDT 2010</created>
<edited>Wed Jun 09 15:33:24 EDT 2010</edited>
<value><point x="11316" y="18852"/></value>
<metadata author="">

</metadata>
</contour>
<contour name="Process 77" class="PointContour" color="#06dfff" visible="true">
<created>Tue Jun 08 12:42:01 EDT 2010</created>
<edited>Tue Jun 08 12:42:01 EDT 2010</edited>
<value><point x="12150" y="18730"/></value>
<metadata author="">

</metadata>
</contour>
<contour name="Process 137" class="PointContour" color="#32ff05" visible="true">
<created>Wed Jun 09 14:48:12 EDT 2010</created>
<edited>Wed Jun 09 14:48:12 EDT 2010</edited>
<value><point x="12276" y="18850"/></value>
<metadata author="">

</metadata>
</contour>
<contour name="Process 153" class="PointContour" color="#f3ff8b" visible="true">
<created>Wed Jun 09 15:33:24 EDT 2010</created>
<edited>Wed Jun 09 15:33:24 EDT 2010</edited>
<value><point x="11190" y="18914"/></value>
<metadata author="">

</metadata>
</contour>
<contour name="Process 29" class="PointContour" color="#7aff76" visible="true">
<created>Tue Jun 08 16:07:24 EDT 2010</created>
<edited>Tue Jun 08 16:07:24 EDT 2010</edited>
<value><point x="12018" y="18270"/></value>
<metadata author="">

</metadata>
</contour>
<contour name="Process 122" class="PointContour" color="#4b89ff" visible="true">
<created>Tue Jun 08 17:30:32 EDT 2010</created>
<edited>Tue Jun 08 17:30:32 EDT 2010</edited>
<value><point x="11656" y="18492"/></value>
<metadata author="">

</metadata>
</contour>
<contour name="Process 153" class="PointContour" color="#f3ff8b" visible="true">
<created>Wed Jun 09 15:33:24 EDT 2010</created>
<edited>Wed Jun 09 15:33:24 EDT 2010</edited>
<value><point x="11372" y="18824"/></value>
<metadata author="">

</metadata>
</contour>
<contour name="Process 123" class="PointContour" color="#966dff" visible="true">
<created>Tue Jun 08 17:32:21 EDT 2010</created>
<edited>Tue Jun 08 17:32:21 EDT 2010</edited>
<value><point x="11542" y="18618"/></value>
<metadata author="">

</metadata>
</contour>
<contour name="Process 130" class="PointContour" color="#0bff5b" visible="true">
<created>Wed Jun 09 12:58:41 EDT 2010</created>
<edited>Wed Jun 09 12:58:41 EDT 2010</edited>
<value><point x="12562" y="18440"/></value>
<metadata author="">

</metadata>
</contour>
<contour name="Process 153" class="PointContour" color="#f3ff8b" visible="true">
<created>Wed Jun 09 15:33:24 EDT 2010</created>
<edited>Wed Jun 09 15:33:24 EDT 2010</edited>
<value><point x="11954" y="18536"/></value>
<metadata author="">

</metadata>
</contour>
<contour name="Process 153" class="PointContour" color="#f3ff8b" visible="true">
<created>Wed Jun 09 15:33:24 EDT 2010</created>
<edited>Wed Jun 09 15:33:24 EDT 2010</edited>
<value><point x="11664" y="18680"/></value>
<metadata author="">

</metadata>
</contour>
<contour name="Process 47" class="PointContour" color="#93cc90" visible="true">
<created>Mon Jun 07 16:58:30 EDT 2010</created>
<edited>Mon Jun 07 16:58:30 EDT 2010</edited>
<value><point x="11816" y="17592"/></value>
<metadata author="">

</metadata>
</contour>
<contour name="Process 153" class="PointContour" color="#f3ff8b" visible="true">
<created>Wed Jun 09 15:33:24 EDT 2010</created>
<edited>Wed Jun 09 15:33:24 EDT 2010</edited>
<value><point x="11790" y="18616"/></value>
<metadata author="">

</metadata>
</contour>
<contour name="Process 174" class="PointContour" color="#c37aff" visible="true">
<created>Wed Jun 09 17:08:30 EDT 2010</created>
<edited>Wed Jun 09 17:08:30 EDT 2010</edited>
<value><point x="11818" y="17844"/></value>
<metadata author="">

</metadata>
</contour>
<contour name="Process 17" class="PointContour" color="#c115ff" visible="true">
<created>Wed Jun 02 17:40:52 EDT 2010</created>
<edited>Wed Jun 02 17:40:52 EDT 2010</edited>
<value><point x="11840" y="17560"/></value>
<metadata author="">

</metadata>
</contour>
<contour name="Process 29" class="PointContour" color="#7aff76" visible="true">
<created>Mon Jun 07 15:07:50 EDT 2010</created>
<edited>Mon Jun 07 15:07:50 EDT 2010</edited>
<value><point x="11058" y="18402"/></value>
<metadata author="">

</metadata>
</contour>
<contour name="Process 216" class="PointContour" color="#cf21ff" visible="true">
<created>Thu Jun 10 14:03:45 EDT 2010</created>
<edited>Thu Jun 10 14:03:45 EDT 2010</edited>
<value><point x="12490" y="19216"/></value>
<metadata author="">

</metadata>
</contour>
<contour name="Process 160" class="PointContour" color="#5ecaff" visible="true">
<created>Wed Jun 09 16:03:35 EDT 2010</created>
<edited>Wed Jun 09 16:03:35 EDT 2010</edited>
<value><point x="11688" y="18394"/></value>
<metadata author="">

</metadata>
</contour>
<contour name="Process 153" class="PointContour" color="#f3ff8b" visible="true">
<created>Wed Jun 09 15:33:24 EDT 2010</created>
<edited>Wed Jun 09 15:33:24 EDT 2010</edited>
<value><point x="11828" y="18598"/></value>
<metadata author="">

</metadata>
</contour>
<contour name="Process 116" class="PointContour" color="#a1ff02" visible="true">
<created>Tue Jun 08 17:06:43 EDT 2010</created>
<edited>Tue Jun 08 17:06:43 EDT 2010</edited>
<value><point x="11574" y="18988"/></value>
<metadata author="">

</metadata>
</contour>
<contour name="Process 153" class="PointContour" color="#f3ff8b" visible="true">
<created>Wed Jun 09 15:33:24 EDT 2010</created>
<edited>Wed Jun 09 15:33:24 EDT 2010</edited>
<value><point x="11462" y="18780"/></value>
<metadata author="">

</metadata>
</contour>
<contour name="Process 209" class="PointContour" color="#9eff56" visible="true">
<created>Thu Jun 10 13:47:34 EDT 2010</created>
<edited>Thu Jun 10 13:47:34 EDT 2010</edited>
<value><point x="12210" y="18936"/></value>
<metadata author="">

</metadata>
</contour>
<contour name="Process 51" class="PointContour" color="#8906ff" visible="true">
<created>Mon Jun 07 17:18:50 EDT 2010</created>
<edited>Mon Jun 07 17:18:50 EDT 2010</edited>
<value><point x="12056" y="18112"/></value>
<metadata author="">

</metadata>
</contour>
<contour name="Process 29" class="PointContour" color="#7aff76" visible="true">
<created>Mon Jun 07 15:07:50 EDT 2010</created>
<edited>Mon Jun 07 15:07:50 EDT 2010</edited>
<value><point x="11078" y="18438"/></value>
<metadata author="">

</metadata>
</contour>
<contour name="Process 131" class="PointContour" color="#0cf4ff" visible="true">
<created>Wed Jun 09 13:03:31 EDT 2010</created>
<edited>Wed Jun 09 13:03:31 EDT 2010</edited>
<value><point x="12916" y="17774"/></value>
<metadata author="">

</metadata>
</contour>
<contour name="Process 153" class="PointContour" color="#f3ff8b" visible="true">
<created>Wed Jun 09 15:33:24 EDT 2010</created>
<edited>Wed Jun 09 15:33:24 EDT 2010</edited>
<value><point x="11626" y="18698"/></value>
<metadata author="">

</metadata>
</contour>
<contour name="Process 153" class="PointContour" color="#f3ff8b" visible="true">
<created>Wed Jun 09 15:33:24 EDT 2010</created>
<edited>Wed Jun 09 15:33:24 EDT 2010</edited>
<value><point x="11554" y="18734"/></value>
<metadata author="">

</metadata>
</contour>
<contour name="Process 29" class="PointContour" color="#7aff76" visible="true">
<created>Mon Jun 07 15:07:50 EDT 2010</created>
<edited>Mon Jun 07 15:07:50 EDT 2010</edited>
<value><point x="11168" y="18600"/></value>
<metadata author="">

</metadata>
</contour>
<contour name="Process 10" class="PointContour" color="#ff17f0" visible="true">
<created>Wed Jun 02 17:11:05 EDT 2010</created>
<edited>Wed Jun 02 17:11:05 EDT 2010</edited>
<value><point x="11852" y="18024"/></value>
<metadata author="">

</metadata>
</contour>
<contour name="Process 153" class="PointContour" color="#f3ff8b" visible="true">
<created>Wed Jun 09 15:33:24 EDT 2010</created>
<edited>Wed Jun 09 15:33:24 EDT 2010</edited>
<value><point x="11754" y="18634"/></value>
<metadata author="">

</metadata>
</contour>
<contour name="Process 97" class="PointContour" color="#05ff95" visible="true">
<created>Tue Jun 08 14:32:23 EDT 2010</created>
<edited>Tue Jun 08 14:32:23 EDT 2010</edited>
<value><point x="12844" y="18920"/></value>
<metadata author="">

</metadata>
</contour>
<contour name="Process 29" class="PointContour" color="#7aff76" visible="true">
<created>Mon Jun 07 15:07:50 EDT 2010</created>
<edited>Mon Jun 07 15:07:50 EDT 2010</edited>
<value><point x="11188" y="18636"/></value>
<metadata author="">

</metadata>
</contour>
<contour name="Process 184" class="PointContour" color="#e5ff1d" visible="true">
<created>Thu Jun 10 12:23:11 EDT 2010</created>
<edited>Thu Jun 10 12:23:11 EDT 2010</edited>
<value><point x="11284" y="19126"/></value>
<metadata author="">

</metadata>
</contour>
<contour name="Process 153" class="PointContour" color="#f3ff8b" visible="true">
<created>Wed Jun 09 15:33:24 EDT 2010</created>
<edited>Wed Jun 09 15:33:24 EDT 2010</edited>
<value><point x="11426" y="18798"/></value>
<metadata author="">

</metadata>
</contour>
<contour name="Process 8" class="PointContour" color="#2d23ff" visible="true">
<created>Wed Jun 02 17:05:10 EDT 2010</created>
<edited>Wed Jun 02 17:05:10 EDT 2010</edited>
<value><point x="12340" y="18238"/></value>
<metadata author="">

</metadata>
</contour>
<contour name="Process 153" class="PointContour" color="#f3ff8b" visible="true">
<created>Wed Jun 09 15:33:24 EDT 2010</created>
<edited>Wed Jun 09 15:33:24 EDT 2010</edited>
<value><point x="11098" y="18960"/></value>
<metadata author="">

</metadata>
</contour>
<contour name="Process 153" class="PointContour" color="#f3ff8b" visible="true">
<created>Wed Jun 09 15:33:24 EDT 2010</created>
<edited>Wed Jun 09 15:33:24 EDT 2010</edited>
<value><point x="11936" y="18544"/></value>
<metadata author="">

</metadata>
</contour>
<contour name="Process 204" class="PointContour" color="#e0ff14" visible="true">
<created>Thu Jun 10 13:14:59 EDT 2010</created>
<edited>Thu Jun 10 13:14:59 EDT 2010</edited>
<value><point x="11952" y="17744"/></value>
<metadata author="">

</metadata>
</contour>
<contour name="Process 153" class="PointContour" color="#f3ff8b" visible="true">
<created>Wed Jun 09 15:33:24 EDT 2010</created>
<edited>Wed Jun 09 15:33:24 EDT 2010</edited>
<value><point x="11408" y="18806"/></value>
<metadata author="">

</metadata>
</contour>
<contour name="Process 153" class="PointContour" color="#f3ff8b" visible="true">
<created>Wed Jun 09 15:33:24 EDT 2010</created>
<edited>Wed Jun 09 15:33:24 EDT 2010</edited>
<value><point x="11682" y="18670"/></value>
<metadata author="">

</metadata>
</contour>
<contour name="Process 159" class="PointContour" color="#afff08" visible="true">
<created>Wed Jun 09 15:50:20 EDT 2010</created>
<edited>Wed Jun 09 15:50:20 EDT 2010</edited>
<value><point x="10960" y="18110"/></value>
<metadata author="">

</metadata>
</contour>
<contour name="Process 153" class="PointContour" color="#f3ff8b" visible="true">
<created>Wed Jun 09 15:33:24 EDT 2010</created>
<edited>Wed Jun 09 15:33:24 EDT 2010</edited>
<value><point x="11480" y="18770"/></value>
<metadata author="">

</metadata>
</contour>
<contour name="Process 52" class="PointContour" color="#b10aff" visible="true">
<created>Mon Jun 07 17:20:36 EDT 2010</created>
<edited>Mon Jun 07 17:20:36 EDT 2010</edited>
<value><point x="12098" y="18242"/></value>
<metadata author="">

</metadata>
</contour>
<contour name="Process 46" class="PointContour" color="#9372cc" visible="true">
<created>Mon Jun 07 16:56:42 EDT 2010</created>
<edited>Mon Jun 07 16:56:42 EDT 2010</edited>
<value><point x="11812" y="17898"/></value>
<metadata author="">

</metadata>
</contour>
<contour name="Process 28" class="PointContour" color="#d1a73a" visible="true">
<created>Thu Jun 03 11:28:28 EDT 2010</created>
<edited>Thu Jun 03 11:28:28 EDT 2010</edited>
<value><point x="12808" y="18700"/></value>
<metadata author="">

</metadata>
</contour>
<contour name="Process 133" class="PointContour" color="#0484ff" visible="true">
<created>Wed Jun 09 13:12:54 EDT 2010</created>
<edited>Wed Jun 09 13:12:54 EDT 2010</edited>
<value><point x="12214" y="18772"/></value>
<metadata author="">

</metadata>
</contour>
<contour name="Process 165" class="PointContour" color="#ffef8c" visible="true">
<created>Wed Jun 09 16:16:16 EDT 2010</created>
<edited>Wed Jun 09 16:16:16 EDT 2010</edited>
<value><point x="12956" y="19058"/></value>
<metadata author="">

</metadata>
</contour>
<contour name="Process 67" class="PointContour" color="#8eff03" visible="true">
<created>Mon Jun 07 17:39:24 EDT 2010</created>
<edited>Mon Jun 07 17:39:24 EDT 2010</edited>
<value><point x="12136" y="17568"/></value>
<metadata author="">

</metadata>
</contour>
<contour name="Process 138" class="PointContour" color="#ffce2e" visible="true">
<created>Wed Jun 09 14:54:10 EDT 2010</created>
<edited>Wed Jun 09 14:54:10 EDT 2010</edited>
<value><point x="11742" y="19352"/></value>
<metadata author="">

</metadata>
</contour>
<contour name="Process 105" class="PointContour" color="#ff0be6" visible="true">
<created>Tue Jun 08 16:16:06 EDT 2010</created>
<edited>Tue Jun 08 16:16:06 EDT 2010</edited>
<value><point x="11074" y="19144"/></value>
<metadata author="">

</metadata>
</contour>
<contour name="Process 153" class="PointContour" color="#f3ff8b" visible="true">
<created>Wed Jun 09 15:33:24 EDT 2010</created>
<edited>Wed Jun 09 15:33:24 EDT 2010</edited>
<value><point x="11882" y="18572"/></value>
<metadata author="">

</metadata>
</contour>
<contour name="Process 104" class="PointContour" color="#df03ff" visible="true">
<created>Tue Jun 08 16:13:07 EDT 2010</created>
<edited>Tue Jun 08 16:13:07 EDT 2010</edited>
<value><point x="12522" y="18524"/></value>
<metadata author="">

</metadata>
</contour>
<contour name="Process 190" class="PointContour" color="#ffadba" visible="true">
<created>Thu Jun 10 12:34:15 EDT 2010</created>
<edited>Thu Jun 10 12:34:15 EDT 2010</edited>
<value><point x="10970" y="17994"/></value>
<metadata author="">

</metadata>
</contour>
<contour name="Process 29" class="PointContour" color="#7aff76" visible="true">
<created>Mon Jun 07 15:07:50 EDT 2010</created>
<edited>Mon Jun 07 15:07:50 EDT 2010</edited>
<value><point x="10998" y="18294"/></value>
<metadata author="">

</metadata>
</contour>
<contour name="Process 22" class="PointContour" color="#7e84c2" visible="true">
<created>Thu Jun 03 10:08:12 EDT 2010</created>
<edited>Thu Jun 03 10:08:12 EDT 2010</edited>
<value><point x="12358" y="17740"/></value>
<metadata author="">

</metadata>
</contour>
<contour name="Process 28" class="PointContour" color="#d1a73a" visible="true">
<created>Thu Jun 03 11:29:28 EDT 2010</created>
<edited>Thu Jun 03 11:29:28 EDT 2010</edited>
<value><point x="10984" y="19288"/></value>
<metadata author="">

</metadata>
</contour>
<contour name="Process 200" class="PointContour" color="#8e1fff" visible="true">
<created>Thu Jun 10 13:06:27 EDT 2010</created>
<edited>Thu Jun 10 13:06:27 EDT 2010</edited>
<value><point x="11358" y="18092"/></value>
<metadata author="">

</metadata>
</contour>
<contour name="Process 62" class="PointContour" color="#ff9c0d" visible="true">
<created>Mon Jun 07 17:32:39 EDT 2010</created>
<edited>Mon Jun 07 17:32:39 EDT 2010</edited>
<value><point x="11128" y="19102"/></value>
<metadata author="">

</metadata>
</contour>
<contour name="Process 153" class="PointContour" color="#f3ff8b" visible="true">
<created>Wed Jun 09 15:33:24 EDT 2010</created>
<edited>Wed Jun 09 15:33:24 EDT 2010</edited>
<value><point x="11044" y="18986"/></value>
<metadata author="">

</metadata>
</contour>
<contour name="Process 45" class="PointContour" color="#80d2ff" visible="true">
<created>Mon Jun 07 16:54:49 EDT 2010</created>
<edited>Mon Jun 07 16:54:49 EDT 2010</edited>
<value><point x="12192" y="18428"/></value>
<metadata author="">

</metadata>
</contour>
<contour name="Process 29" class="PointContour" color="#7aff76" visible="true">
<created>Thu Jun 03 12:28:53 EDT 2010</created>
<edited>Thu Jun 03 12:28:53 EDT 2010</edited>
<value><point x="11726" y="18936"/></value>
<metadata author="">

</metadata>
</contour>
<contour name="Process 153" class="PointContour" color="#f3ff8b" visible="true">
<created>Wed Jun 09 15:33:24 EDT 2010</created>
<edited>Wed Jun 09 15:33:24 EDT 2010</edited>
<value><point x="11116" y="18950"/></value>
<metadata author="">

</metadata>
</contour>
<contour name="Process 101" class="PointContour" color="#036bff" visible="true">
<created>Wed Jun 09 16:05:02 EDT 2010</created>
<edited>Wed Jun 09 16:05:02 EDT 2010</edited>
<value><point x="12328" y="18430"/></value>
<metadata author="">

</metadata>
</contour>
<contour name="Process 29" class="PointContour" color="#7aff76" visible="true">
<created>Mon Jun 07 15:07:50 EDT 2010</created>
<edited>Mon Jun 07 15:07:50 EDT 2010</edited>
<value><point x="11068" y="18420"/></value>
<metadata author="">

</metadata>
</contour>
<contour name="Process 18" class="PointContour" color="#ff5cb4" visible="true">
<created>Wed Jun 02 17:48:55 EDT 2010</created>
<edited>Wed Jun 02 17:48:55 EDT 2010</edited>
<value><point x="11796" y="17468"/></value>
<metadata author="">

</metadata>
</contour>
<contour name="Process 34" class="PointContour" color="#05f7b3" visible="true">
<created>Mon Jun 07 16:32:54 EDT 2010</created>
<edited>Mon Jun 07 16:32:54 EDT 2010</edited>
<value><point x="11434" y="17676"/></value>
<metadata author="">

</metadata>
</contour>
<contour name="Process 178" class="PointContour" color="#09ffe5" visible="true">
<created>Thu Jun 10 10:29:21 EDT 2010</created>
<edited>Thu Jun 10 10:29:21 EDT 2010</edited>
<value><point x="12798" y="18502"/></value>
<metadata author="">

</metadata>
</contour>
<contour name="Process 59" class="PointContour" color="#ff0340" visible="true">
<created>Mon Jun 07 17:29:20 EDT 2010</created>
<edited>Mon Jun 07 17:29:20 EDT 2010</edited>
<value><point x="12846" y="18676"/></value>
<metadata author="">

</metadata>
</contour>
<contour name="Process 4" class="PointContour" color="#fff812" visible="true">
<created>Wed Jun 02 16:26:46 EDT 2010</created>
<edited>Wed Jun 02 16:26:46 EDT 2010</edited>
<value><point x="11526" y="18318"/></value>
<metadata author="">

</metadata>
</contour>
<contour name="Process 128" class="PointContour" color="#acff0c" visible="true">
<created>Wed Jun 09 12:22:19 EDT 2010</created>
<edited>Wed Jun 09 12:22:19 EDT 2010</edited>
<value><point x="12350" y="18396"/></value>
<metadata author="">

</metadata>
</contour>
<contour name="Process 153" class="PointContour" color="#f3ff8b" visible="true">
<created>Wed Jun 09 15:33:24 EDT 2010</created>
<edited>Wed Jun 09 15:33:24 EDT 2010</edited>
<value><point x="11608" y="18706"/></value>
<metadata author="">

</metadata>
</contour>
<contour name="Process 205" class="PointContour" color="#0ddcff" visible="true">
<created>Thu Jun 10 13:16:58 EDT 2010</created>
<edited>Thu Jun 10 13:16:58 EDT 2010</edited>
<value><point x="12310" y="18298"/></value>
<metadata author="">

</metadata>
</contour>
<contour name="Process 8" class="PointContour" color="#2d23ff" visible="true">
<created>Wed Jun 02 17:06:24 EDT 2010</created>
<edited>Wed Jun 02 17:06:24 EDT 2010</edited>
<value><point x="12144" y="18432"/></value>
<metadata author="">

</metadata>
</contour>
<contour name="Process 89" class="PointContour" color="#ff7c09" visible="true">
<created>Tue Jun 08 13:40:48 EDT 2010</created>
<edited>Tue Jun 08 13:40:48 EDT 2010</edited>
<value><point x="12966" y="18850"/></value>
<metadata author="">

</metadata>
</contour>
<contour name="Process 7" class="PointContour" color="#10fffb" visible="true">
<created>Wed Jun 02 17:01:52 EDT 2010</created>
<edited>Wed Jun 02 17:01:52 EDT 2010</edited>
<value><point x="11552" y="19342"/></value>
<metadata author="">

</metadata>
</contour>
<contour name="Process 29" class="PointContour" color="#7aff76" visible="true">
<created>Mon Jun 07 16:11:38 EDT 2010</created>
<edited>Mon Jun 07 16:11:38 EDT 2010</edited>
<value><point x="12548" y="18042"/></value>
<metadata author="">

</metadata>
</contour>
<contour name="Process 29" class="PointContour" color="#7aff76" visible="true">
<created>Mon Jun 07 16:16:07 EDT 2010</created>
<edited>Mon Jun 07 16:16:07 EDT 2010</edited>
<value><point x="11046" y="19332"/></value>
<metadata author="">

</metadata>
</contour>
<contour name="Process 33" class="PointContour" color="#f70fe0" visible="true">
<created>Mon Jun 07 16:29:24 EDT 2010</created>
<edited>Mon Jun 07 16:29:24 EDT 2010</edited>
<value><point x="11508" y="17566"/></value>
<metadata author="">

</metadata>
</contour>
<contour name="Process 153" class="PointContour" color="#f3ff8b" visible="true">
<created>Wed Jun 09 15:33:24 EDT 2010</created>
<edited>Wed Jun 09 15:33:24 EDT 2010</edited>
<value><point x="11846" y="18590"/></value>
<metadata author="">

</metadata>
</contour>
<contour name="Process 2" class="PointContour" color="#ff5107" visible="true">
<created>Wed Jun 02 16:13:39 EDT 2010</created>
<edited>Wed Jun 02 16:13:39 EDT 2010</edited>
<value><point x="11890" y="19088"/></value>
<metadata author="">

</metadata>
</contour>
<contour name="Process 29" class="PointContour" color="#7aff76" visible="true">
<created>Mon Jun 07 15:07:50 EDT 2010</created>
<edited>Mon Jun 07 15:07:50 EDT 2010</edited>
<value><point x="11008" y="18312"/></value>
<metadata author="">

</metadata>
</contour>
<contour name="Process 153" class="PointContour" color="#f3ff8b" visible="true">
<created>Wed Jun 09 15:33:24 EDT 2010</created>
<edited>Wed Jun 09 15:33:24 EDT 2010</edited>
<value><point x="11262" y="18878"/></value>
<metadata author="">

</metadata>
</contour>
<contour name="Process 44" class="PointContour" color="#ddf72a" visible="true">
<created>Mon Jun 07 16:52:49 EDT 2010</created>
<edited>Mon Jun 07 16:52:49 EDT 2010</edited>
<value><point x="11870" y="17908"/></value>
<metadata author="">

</metadata>
</contour>
<contour name="Process 26" class="PointContour" color="#c21ebd" visible="true">
<created>Thu Jun 03 10:33:31 EDT 2010</created>
<edited>Thu Jun 03 10:33:31 EDT 2010</edited>
<value><point x="12352" y="18300"/></value>
<metadata author="">

</metadata>
</contour>
<contour name="Process 17" class="PointContour" color="#c115ff" visible="true">
<created>Thu Jun 10 15:04:12 EDT 2010</created>
<edited>Thu Jun 10 15:04:12 EDT 2010</edited>
<value><point x="11304" y="17746"/></value>
<metadata author="">

</metadata>
</contour>
<contour name="Process 49" class="PointContour" color="#4053cc" visible="true">
<created>Mon Jun 07 17:01:18 EDT 2010</created>
<edited>Mon Jun 07 17:01:18 EDT 2010</edited>
<value><point x="11810" y="17962"/></value>
<metadata author="">

</metadata>
</contour>
<contour name="Process 29" class="PointContour" color="#7aff76" visible="true">
<created>Thu Jun 10 13:22:04 EDT 2010</created>
<edited>Thu Jun 10 13:22:04 EDT 2010</edited>
<value><point x="12542" y="18092"/></value>
<metadata author="">

</metadata>
</contour>
<contour name="Process 133" class="PointContour" color="#0484ff" visible="true">
<created>Wed Jun 09 13:12:42 EDT 2010</created>
<edited>Wed Jun 09 13:12:42 EDT 2010</edited>
<value><point x="11882" y="18900"/></value>
<metadata author="">

</metadata>
</contour>
<contour name="Process 29" class="PointContour" color="#7aff76" visible="true">
<created>Mon Jun 07 15:57:37 EDT 2010</created>
<edited>Mon Jun 07 15:57:37 EDT 2010</edited>
<value><point x="12152" y="18250"/></value>
<metadata author="">

</metadata>
</contour>
<contour name="Process 153" class="PointContour" color="#f3ff8b" visible="true">
<created>Wed Jun 09 15:33:24 EDT 2010</created>
<edited>Wed Jun 09 15:33:24 EDT 2010</edited>
<value><point x="11644" y="18688"/></value>
<metadata author="">

</metadata>
</contour>
<contour name="Process 153" class="PointContour" color="#f3ff8b" visible="true">
<created>Thu Jun 10 14:06:19 EDT 2010</created>
<edited>Thu Jun 10 14:06:19 EDT 2010</edited>
<value><point x="11722" y="18880"/></value>
<metadata author="">

</metadata>
</contour>
<contour name="Process 153" class="PointContour" color="#f3ff8b" visible="true">
<created>Wed Jun 09 15:29:26 EDT 2010</created>
<edited>Wed Jun 09 15:29:26 EDT 2010</edited>
<value><point x="12760" y="18426"/></value>
<metadata author="">

</metadata>
</contour>
<contour name="Process 153" class="PointContour" color="#f3ff8b" visible="true">
<created>Wed Jun 09 15:33:24 EDT 2010</created>
<edited>Wed Jun 09 15:33:24 EDT 2010</edited>
<value><point x="11536" y="18742"/></value>
<metadata author="">

</metadata>
</contour>
<contour name="Process 63" class="PointContour" color="#ffcc0d" visible="true">
<created>Mon Jun 07 17:34:08 EDT 2010</created>
<edited>Mon Jun 07 17:34:08 EDT 2010</edited>
<value><point x="12266" y="18340"/></value>
<metadata author="">

</metadata>
</contour>
<contour name="Process 9" class="PointContour" color="#ab0bff" visible="true">
<created>Wed Jun 02 17:08:50 EDT 2010</created>
<edited>Wed Jun 02 17:08:50 EDT 2010</edited>
<value><point x="11578" y="18540"/></value>
<metadata author="">

</metadata>
</contour>
<contour name="Process 29" class="PointContour" color="#7aff76" visible="true">
<created>Mon Jun 07 15:07:50 EDT 2010</created>
<edited>Mon Jun 07 15:07:50 EDT 2010</edited>
<value><point x="11158" y="18582"/></value>
<metadata author="">

</metadata>
</contour>
<contour name="Process 210" class="PointContour" color="#6c6eff" visible="true">
<created>Thu Jun 10 13:50:33 EDT 2010</created>
<edited>Thu Jun 10 13:50:33 EDT 2010</edited>
<value><point x="12752" y="19090"/></value>
<metadata author="">

</metadata>
</contour>
<contour name="Process 1" class="PointContour" color="#ff0000" visible="true">
<created>Wed Jun 02 16:02:29 EDT 2010</created>
<edited>Wed Jun 02 16:02:29 EDT 2010</edited>
<value><point x="12258" y="18114"/></value>
<metadata author="">

</metadata>
</contour>
<contour name="Process 29" class="PointContour" color="#7aff76" visible="true">
<created>Mon Jun 07 15:07:50 EDT 2010</created>
<edited>Mon Jun 07 15:07:50 EDT 2010</edited>
<value><point x="11018" y="18330"/></value>
<metadata author="">

</metadata>
</contour>
<contour name="Process 153" class="PointContour" color="#f3ff8b" visible="true">
<created>Wed Jun 09 15:33:24 EDT 2010</created>
<edited>Wed Jun 09 15:33:24 EDT 2010</edited>
<value><point x="11280" y="18870"/></value>
<metadata author="">

</metadata>
</contour>
<contour name="Process 29" class="PointContour" color="#7aff76" visible="true">
<created>Mon Jun 07 15:07:50 EDT 2010</created>
<edited>Mon Jun 07 15:07:50 EDT 2010</edited>
<value><point x="11038" y="18366"/></value>
<metadata author="">

</metadata>
</contour>
<contour name="Process 104" class="PointContour" color="#df03ff" visible="true">
<created>Tue Jun 08 16:10:45 EDT 2010</created>
<edited>Tue Jun 08 16:10:45 EDT 2010</edited>
<value><point x="11736" y="17886"/></value>
<metadata author="">

</metadata>
</contour>
<contour name="Process 48" class="PointContour" color="#cc6b6b" visible="true">
<created>Mon Jun 07 16:59:59 EDT 2010</created>
<edited>Mon Jun 07 16:59:59 EDT 2010</edited>
<value><point x="11920" y="17956"/></value>
<metadata author="">

</metadata>
</contour>
<contour name="Process 153" class="PointContour" color="#f3ff8b" visible="true">
<created>Thu Jun 10 12:44:24 EDT 2010</created>
<edited>Thu Jun 10 12:44:24 EDT 2010</edited>
<value><point x="12134" y="18180"/></value>
<metadata author="">

</metadata>
</contour>
<contour name="Process 31" class="PointContour" color="#d9d331" visible="true">
<created>Mon Jun 07 16:19:10 EDT 2010</created>
<edited>Mon Jun 07 16:19:10 EDT 2010</edited>
<value><point x="11786" y="18162"/></value>
<metadata author="">

</metadata>
</contour>
<contour name="Process 133" class="PointContour" color="#0484ff" visible="true">
<created>Wed Jun 09 13:13:06 EDT 2010</created>
<edited>Wed Jun 09 13:13:06 EDT 2010</edited>
<value><point x="11614" y="19082"/></value>
<metadata author="">

</metadata>
</contour>
<contour name="Process 29" class="PointContour" color="#7aff76" visible="true">
<created>Mon Jun 07 15:07:50 EDT 2010</created>
<edited>Mon Jun 07 15:07:50 EDT 2010</edited>
<value><point x="11138" y="18546"/></value>
<metadata author="">

</metadata>
</contour>
<contour name="Process 191" class="PointContour" color="#50d7ff" visible="true">
<created>Thu Jun 10 12:36:35 EDT 2010</created>
<edited>Thu Jun 10 12:36:35 EDT 2010</edited>
<value><point x="11446" y="19384"/></value>
<metadata author="">

</metadata>
</contour>
<contour name="Process 153" class="PointContour" color="#f3ff8b" visible="true">
<created>Wed Jun 09 15:33:24 EDT 2010</created>
<edited>Wed Jun 09 15:33:24 EDT 2010</edited>
<value><point x="11900" y="18562"/></value>
<metadata author="">

</metadata>
</contour>
<contour name="Process 153" class="PointContour" color="#f3ff8b" visible="true">
<created>Wed Jun 09 15:33:24 EDT 2010</created>
<edited>Wed Jun 09 15:33:24 EDT 2010</edited>
<value><point x="11864" y="18580"/></value>
<metadata author="">

</metadata>
</contour>
<contour name="Process 29" class="PointContour" color="#7aff76" visible="true">
<created>Mon Jun 07 16:12:02 EDT 2010</created>
<edited>Mon Jun 07 16:12:02 EDT 2010</edited>
<value><point x="12390" y="17844"/></value>
<metadata author="">

</metadata>
</contour>
<contour name="Process 120" class="PointContour" color="#06ffad" visible="true">
<created>Tue Jun 08 17:14:54 EDT 2010</created>
<edited>Tue Jun 08 17:14:54 EDT 2010</edited>
<value><point x="11770" y="18014"/></value>
<metadata author="">

</metadata>
</contour>
<contour name="Process 29" class="PointContour" color="#7aff76" visible="true">
<created>Mon Jun 07 15:07:50 EDT 2010</created>
<edited>Mon Jun 07 15:07:50 EDT 2010</edited>
<value><point x="10978" y="18260"/></value>
<metadata author="">

</metadata>
</contour>
<contour name="Process 126" class="PointContour" color="#ff4904" visible="true">
<created>Wed Jun 09 11:04:08 EDT 2010</created>
<edited>Wed Jun 09 11:04:08 EDT 2010</edited>
<value><point x="12192" y="18710"/></value>
<metadata author="">

</metadata>
</contour>
<contour name="Process 153" class="PointContour" color="#f3ff8b" visible="true">
<created>Wed Jun 09 15:33:24 EDT 2010</created>
<edited>Wed Jun 09 15:33:24 EDT 2010</edited>
<value><point x="11172" y="18924"/></value>
<metadata author="">

</metadata>
</contour>
<contour name="Process 29" class="PointContour" color="#7aff76" visible="true">
<created>Mon Jun 07 16:12:07 EDT 2010</created>
<edited>Mon Jun 07 16:12:07 EDT 2010</edited>
<value><point x="12832" y="17530"/></value>
<metadata author="">

</metadata>
</contour>
<contour name="Trail 11" class="PointContour" color="#ff6a83" visible="true">
<created>Wed Jun 02 17:15:37 EDT 2010</created>
<edited>Wed Jun 02 17:15:37 EDT 2010</edited>
<value><point x="11932" y="18228"/></value>
<metadata author="">

</metadata>
</contour>
<contour name="Process 75" class="PointContour" color="#08ffac" visible="true">
<created>Wed Jun 09 16:09:51 EDT 2010</created>
<edited>Wed Jun 09 16:09:51 EDT 2010</edited>
<value><point x="12414" y="18388"/></value>
<metadata author="">

</metadata>
</contour>
<contour name="Process 271" class="PointContour" color="#75436a" visible="true">
<created>Fri Jun 11 16:57:25 EDT 2010</created>
<edited>Fri Jun 11 16:57:25 EDT 2010</edited>
<value><point x="11960" y="17528"/></value>
<metadata author="">

</metadata>
</contour>
<contour name="Process 271" class="PointContour" color="#75436a" visible="true">
<created>Fri Jun 11 16:57:41 EDT 2010</created>
<edited>Fri Jun 11 16:57:41 EDT 2010</edited>
<value><point x="12350" y="17680"/></value>
<metadata author="">

</metadata>
</contour>
<contour name="Process 271" class="PointContour" color="#75436a" visible="true">
<created>Fri Jun 11 16:57:54 EDT 2010</created>
<edited>Fri Jun 11 16:57:54 EDT 2010</edited>
<value><point x="12696" y="17794"/></value>
<metadata author="">

</metadata>
</contour>
<contour name="Process 274" class="PointContour" color="#37723c" visible="true">
<created>Fri Jun 11 17:03:11 EDT 2010</created>
<edited>Fri Jun 11 17:03:11 EDT 2010</edited>
<value><point x="12070" y="18490"/></value>
<metadata author="">

</metadata>
</contour>
<contour name="Process 283" class="PointContour" color="#8bdb3a" visible="true">
<created>Mon Jun 14 12:47:21 EDT 2010</created>
<edited>Mon Jun 14 12:47:21 EDT 2010</edited>
<value><point x="11066" y="18774"/></value>
<metadata author="">

</metadata>
</contour>
<contour name="Process 283" class="PointContour" color="#8bdb3a" visible="true">
<created>Mon Jun 14 12:48:09 EDT 2010</created>
<edited>Mon Jun 14 12:48:09 EDT 2010</edited>
<value><point x="12656" y="18474"/></value>
<metadata author="">

</metadata>
</contour>
<contour name="Process 171" class="PointContour" color="#d0ff5f" visible="true">
<created>Tue Jun 15 12:40:20 EDT 2010</created>
<edited>Tue Jun 15 12:40:20 EDT 2010</edited>
<value><point x="12696" y="18322"/></value>
<metadata author="">

</metadata>
</contour>
<contour name="Process 72" class="PointContour" color="#ffcd08" visible="true">
<created>Tue Jun 15 13:06:59 EDT 2010</created>
<edited>Tue Jun 15 13:06:59 EDT 2010</edited>
<value><point x="12704" y="18706"/></value>
<metadata author="">

</metadata>
</contour>
<contour name="Process 298" class="PointContour" color="#9b0b1c" visible="true">
<created>Tue Jun 15 13:08:12 EDT 2010</created>
<edited>Tue Jun 15 13:08:12 EDT 2010</edited>
<value><point x="12748" y="18652"/></value>
<metadata author="">

</metadata>
</contour>
<contour name="Process 301" class="PointContour" color="#ee987c" visible="true">
<created>Tue Jun 15 13:22:51 EDT 2010</created>
<edited>Tue Jun 15 13:22:51 EDT 2010</edited>
<value><point x="12130" y="18212"/></value>
<metadata author="">

</metadata>
</contour>
<contour name="Process 303" class="PointContour" color="#baac7b" visible="true">
<created>Tue Jun 15 14:28:18 EDT 2010</created>
<edited>Tue Jun 15 14:28:18 EDT 2010</edited>
<value><point x="12388" y="19356"/></value>
<metadata author="">

</metadata>
</contour>
<contour name="Process 307" class="PointContour" color="#bc7f1e" visible="true">
<created>Tue Jun 15 14:39:33 EDT 2010</created>
<edited>Tue Jun 15 14:39:33 EDT 2010</edited>
<value><point x="12900" y="18172"/></value>
<metadata author="">

</metadata>
</contour>
<contour name="Process 311" class="PointContour" color="#0b7893" visible="true">
<created>Tue Jun 15 14:47:14 EDT 2010</created>
<edited>Tue Jun 15 14:47:14 EDT 2010</edited>
<value><point x="11240" y="19114"/></value>
<metadata author="">

</metadata>
</contour>
<contour name="Process 28" class="PointContour" color="#d1a73a" visible="true">
<created>Tue Jun 15 14:55:34 EDT 2010</created>
<edited>Tue Jun 15 14:55:34 EDT 2010</edited>
<value><point x="12140" y="18506"/></value>
<metadata author="">

</metadata>
</contour>
<contour name="Process 321" class="PointContour" color="#1fbbad" visible="true">
<created>Tue Jun 15 16:38:42 EDT 2010</created>
<edited>Tue Jun 15 16:38:42 EDT 2010</edited>
<value><point x="11130" y="17616"/></value>
<metadata author="">

</metadata>
</contour>
<contour name="Process 322" class="PointContour" color="#bec2b9" visible="true">
<created>Tue Jun 15 16:39:20 EDT 2010</created>
<edited>Tue Jun 15 16:39:20 EDT 2010</edited>
<value><point x="11176" y="17624"/></value>
<metadata author="">

</metadata>
</contour>
<contour name="Process 29" class="PointContour" color="#7aff76" visible="true">
<created>Tue Jun 15 16:53:36 EDT 2010</created>
<edited>Tue Jun 15 16:53:36 EDT 2010</edited>
<value><point x="10976" y="19192"/></value>
<metadata author="">

</metadata>
</contour>
<contour name="Process 171" class="PointContour" color="#d0ff5f" visible="true">
<created>Tue Jun 15 16:58:42 EDT 2010</created>
<edited>Tue Jun 15 16:58:42 EDT 2010</edited>
<value><point x="11288" y="17670"/></value>
<metadata author="">

</metadata>
</contour>
<contour name="Process 84" class="PointContour" color="#ff0ac0" visible="true">
<created>Tue Jun 15 17:30:48 EDT 2010</created>
<edited>Tue Jun 15 17:30:48 EDT 2010</edited>
<value><point x="11814" y="18986"/></value>
<metadata author="">

</metadata>
</contour>
<contour name="Process 171" class="PointContour" color="#d0ff5f" visible="true">
<created>Tue Jun 15 17:36:29 EDT 2010</created>
<edited>Tue Jun 15 17:36:29 EDT 2010</edited>
<value><point x="11250" y="17738"/></value>
<metadata author="">

</metadata>
</contour>
<contour name="Process 171" class="PointContour" color="#d0ff5f" visible="true">
<created>Tue Jun 15 17:39:42 EDT 2010</created>
<edited>Tue Jun 15 17:39:42 EDT 2010</edited>
<value><point x="12358" y="19216"/></value>
<metadata author="">

</metadata>
</contour>
<contour name="Process 171" class="PointContour" color="#d0ff5f" visible="true">
<created>Tue Jun 15 17:43:59 EDT 2010</created>
<edited>Tue Jun 15 17:43:59 EDT 2010</edited>
<value><point x="11044" y="17678"/></value>
<metadata author="">

</metadata>
</contour>
<contour name="Process 85" class="PointContour" color="#ff067f" visible="true">
<created>Wed Jun 23 09:58:08 EDT 2010</created>
<edited>Wed Jun 23 09:58:08 EDT 2010</edited>
<value><point x="12030" y="19312"/></value>
<metadata author="">

</metadata>
</contour>
<contour name="Process 171" class="PointContour" color="#d0ff5f" visible="true">
<created>Wed Jun 23 09:58:38 EDT 2010</created>
<edited>Wed Jun 23 09:58:38 EDT 2010</edited>
<value><point x="11978" y="19140"/></value>
<metadata author="">

</metadata>
</contour>
<contour name="Process 368" class="PointContour" color="#15d8d6" visible="true">
<created>Wed Jun 23 11:50:13 EDT 2010</created>
<edited>Wed Jun 23 11:50:13 EDT 2010</edited>
<value><point x="12800" y="19330"/></value>
<metadata author="">

</metadata>
</contour>
<contour name="Process 171" class="PointContour" color="#d0ff5f" visible="true">
<created>Wed Jun 23 12:12:03 EDT 2010</created>
<edited>Wed Jun 23 12:12:03 EDT 2010</edited>
<value><point x="11420" y="18208"/></value>
<metadata author="">

</metadata>
</contour>
<contour name="Process 171" class="PointContour" color="#d0ff5f" visible="true">
<created>Wed Jun 23 12:14:04 EDT 2010</created>
<edited>Wed Jun 23 12:14:04 EDT 2010</edited>
<value><point x="11480" y="17930"/></value>
<metadata author="">

</metadata>
</contour>
<contour name="Process 382" class="PointContour" color="#15b55a" visible="true">
<created>Wed Jun 23 12:25:48 EDT 2010</created>
<edited>Wed Jun 23 12:25:48 EDT 2010</edited>
<value><point x="11562" y="17848"/></value>
<metadata author="">

</metadata>
</contour>
<contour name="Process 388" class="PointContour" color="#bdd1b7" visible="true">
<created>Wed Jun 23 13:03:13 EDT 2010</created>
<edited>Wed Jun 23 13:03:13 EDT 2010</edited>
<value><point x="11812" y="19236"/></value>
<metadata author="">

</metadata>
</contour>
<contour name="Process 388" class="PointContour" color="#bdd1b7" visible="true">
<created>Wed Jun 23 13:03:50 EDT 2010</created>
<edited>Wed Jun 23 13:03:50 EDT 2010</edited>
<value><point x="11756" y="18842"/></value>
<metadata author="">

</metadata>
</contour>
<contour name="Process 391" class="PointContour" color="#627d97" visible="true">
<created>Wed Jun 23 13:22:08 EDT 2010</created>
<edited>Wed Jun 23 13:22:08 EDT 2010</edited>
<value><point x="11074" y="17602"/></value>
<metadata author="">

</metadata>
</contour>
<contour name="Process 394" class="PointContour" color="#9f5fc8" visible="true">
<created>Wed Jun 30 10:43:54 EDT 2010</created>
<edited>Wed Jun 30 10:43:54 EDT 2010</edited>
<value><point x="12080" y="17972"/></value>
<metadata author="">

</metadata>
</contour>
<contour name="Process 394" class="PointContour" color="#9f5fc8" visible="true">
<created>Wed Jun 30 10:44:49 EDT 2010</created>
<edited>Wed Jun 30 10:44:49 EDT 2010</edited>
<value><point x="11824" y="17788"/></value>
<metadata author="">

</metadata>
</contour>
<contour name="Process 395" class="PointContour" color="#352bbd" visible="true">
<created>Wed Jun 30 10:49:39 EDT 2010</created>
<edited>Wed Jun 30 10:49:39 EDT 2010</edited>
<value><point x="12634" y="18586"/></value>
<metadata author="">

</metadata>
</contour>
<contour name="Process 395" class="PointContour" color="#352bbd" visible="true">
<created>Wed Jun 30 10:50:15 EDT 2010</created>
<edited>Wed Jun 30 10:50:15 EDT 2010</edited>
<value><point x="11672" y="19262"/></value>
<metadata author="">

</metadata>
</contour>
<contour name="Process 17" class="PointContour" color="#c115ff" visible="true">
<created>Wed Jun 30 19:06:47 EDT 2010</created>
<edited>Wed Jun 30 19:06:47 EDT 2010</edited>
<value><point x="11024" y="17466"/></value>
<metadata author="">

</metadata>
</contour>
<contour name="Process 174" class="PointContour" color="#c37aff" visible="true">
<created>Thu Jul 01 11:08:21 EDT 2010</created>
<edited>Thu Jul 01 11:08:21 EDT 2010</edited>
<value><point x="12448" y="18098"/></value>
<metadata author="">

</metadata>
</contour>
<contour name="Process 171" class="PointContour" color="#d0ff5f" visible="true">
<created>Thu Jul 01 11:10:48 EDT 2010</created>
<edited>Thu Jul 01 11:10:48 EDT 2010</edited>
<value><point x="11500" y="18936"/></value>
<metadata author="">

</metadata>
</contour>
<contour name="Process 412" class="PointContour" color="#d3bd4b" visible="true">
<created>Thu Jul 01 14:26:07 EDT 2010</created>
<edited>Thu Jul 01 14:26:07 EDT 2010</edited>
<value><point x="12260" y="17630"/></value>
<metadata author="">

</metadata>
</contour>
<contour name="Process 413" class="PointContour" color="#f086bb" visible="true">
<created>Thu Jul 01 14:32:21 EDT 2010</created>
<edited>Thu Jul 01 14:32:21 EDT 2010</edited>
<value><point x="11730" y="19064"/></value>
<metadata author="">

</metadata>
</contour>
<contour name="Process 414" class="PointContour" color="#bd1a87" visible="true">
<created>Thu Jul 08 13:28:45 EDT 2010</created>
<edited>Thu Jul 08 13:28:45 EDT 2010</edited>
<value><point x="11654" y="18108"/></value>
<metadata author="">

</metadata>
</contour>
<contour name="Process 416" class="PointContour" color="#0bfd7c" visible="true">
<created>Tue Jul 13 11:04:35 EDT 2010</created>
<edited>Tue Jul 13 11:04:35 EDT 2010</edited>
<value><point x="12848" y="19072"/></value>
<metadata author="">

</metadata>
</contour>
<contour name="Process 348" class="PointContour" color="#5105c9" visible="true">
<created>Wed Jul 14 17:13:07 EDT 2010</created>
<edited>Wed Jul 14 17:13:07 EDT 2010</edited>
<value><point x="12236" y="18046"/></value>
<metadata author="">

</metadata>
</contour>
<contour name="Process 420" class="PointContour" color="#4fe1fe" visible="true">
<created>Wed Nov 24 16:50:18 EST 2010</created>
<edited>Wed Nov 24 16:50:18 EST 2010</edited>
<value><point x="10755" y="17865"/></value>
<metadata author="">

</metadata>
</contour>
<contour name="Process 421" class="PointContour" color="#e61dae" visible="true">
<created>Wed Nov 24 17:04:38 EST 2010</created>
<edited>Wed Nov 24 17:04:38 EST 2010</edited>
<value><point x="10712" y="17823"/></value>
<metadata author="">

</metadata>
</contour>
<contour name="Process 422" class="PointContour" color="#f8e1f2" visible="true">
<created>Wed Nov 24 17:17:35 EST 2010</created>
<edited>Wed Nov 24 17:17:35 EST 2010</edited>
<value><point x="10671" y="17830"/></value>
<metadata author="">

</metadata>
</contour>
<contour name="Process 423" class="PointContour" color="#f36543" visible="true">
<created>Wed Nov 24 17:32:19 EST 2010</created>
<edited>Wed Nov 24 17:32:19 EST 2010</edited>
<value><point x="9930" y="18084"/></value>
<metadata author="">

</metadata>
</contour>
<contour name="Process 423" class="PointContour" color="#f36543" visible="true">
<created>Wed Nov 24 17:32:24 EST 2010</created>
<edited>Wed Nov 24 17:32:24 EST 2010</edited>
<value><point x="9714" y="18088"/></value>
<metadata author="">

</metadata>
</contour>
<contour name="Process 423" class="PointContour" color="#f36543" visible="true">
<created>Wed Nov 24 17:33:20 EST 2010</created>
<edited>Wed Nov 24 17:33:20 EST 2010</edited>
<value><point x="8666" y="17874"/></value>
<metadata author="">

</metadata>
</contour>
<contour name="Process 423" class="PointContour" color="#f36543" visible="true">
<created>Wed Nov 24 17:36:44 EST 2010</created>
<edited>Wed Nov 24 17:36:44 EST 2010</edited>
<value><point x="4842" y="18282"/></value>
<metadata author="">

</metadata>
</contour>
<contour name="Process 423" class="PointContour" color="#f36543" visible="true">
<created>Wed Nov 24 18:27:24 EST 2010</created>
<edited>Wed Nov 24 18:27:24 EST 2010</edited>
<value><point x="5176" y="18604"/></value>
<metadata author="">

</metadata>
</contour>
<contour name="Process 426" class="PointContour" color="#a969fa" visible="true">
<created>Wed Nov 24 19:13:11 EST 2010</created>
<edited>Wed Nov 24 19:13:11 EST 2010</edited>
<value><point x="10600" y="18398"/></value>
<metadata author="">

</metadata>
</contour>
<contour name="Process 427" class="PointContour" color="#2e69d9" visible="true">
<created>Wed Nov 24 19:24:55 EST 2010</created>
<edited>Wed Nov 24 19:24:55 EST 2010</edited>
<value><point x="9749" y="19005"/></value>
<metadata author="">

</metadata>
</contour>
<contour name="Process 430" class="PointContour" color="#d6b579" visible="true">
<created>Wed Nov 24 20:09:37 EST 2010</created>
<edited>Wed Nov 24 20:09:37 EST 2010</edited>
<value><point x="9355" y="18824"/></value>
<metadata author="">

</metadata>
</contour>
<contour name="Process 431" class="PointContour" color="#a298f6" visible="true">
<created>Wed Nov 24 20:21:39 EST 2010</created>
<edited>Wed Nov 24 20:21:39 EST 2010</edited>
<value><point x="10427" y="18979"/></value>
<metadata author="">

</metadata>
</contour>
<contour name="Process 441" class="PointContour" color="#d89428" visible="true">
<created>Thu Nov 25 14:40:34 EST 2010</created>
<edited>Thu Nov 25 14:40:34 EST 2010</edited>
<value><point x="11740" y="16773"/></value>
<metadata author="">

</metadata>
</contour>
<contour name="Process 449" class="PointContour" color="#697c74" visible="true">
<created>Fri Nov 26 18:14:39 EST 2010</created>
<edited>Fri Nov 26 18:14:39 EST 2010</edited>
<value><point x="10115" y="21201"/></value>
<metadata author="">

</metadata>
</contour>
<contour name="Process 450" class="PointContour" color="#866c5b" visible="true">
<created>Fri Nov 26 20:59:49 EST 2010</created>
<edited>Fri Nov 26 20:59:49 EST 2010</edited>
<value><point x="11920" y="16909"/></value>
<metadata author="">

</metadata>
</contour>
<contour name="Process 460" class="PointContour" color="#782b43" visible="true">
<created>Fri Dec 03 15:14:28 EST 2010</created>
<edited>Fri Dec 03 15:14:28 EST 2010</edited>
<value><point x="12720" y="17397"/></value>
<metadata author="">

</metadata>
</contour>
<contour name="Process 461" class="PointContour" color="#65d5e9" visible="true">
<created>Fri Dec 03 23:18:14 EST 2010</created>
<edited>Fri Dec 03 23:18:14 EST 2010</edited>
<value><point x="12019" y="16632"/></value>
<metadata author="">

</metadata>
</contour>
<contour name="Process 461" class="PointContour" color="#65d5e9" visible="true">
<created>Fri Dec 03 23:23:14 EST 2010</created>
<edited>Fri Dec 03 23:23:14 EST 2010</edited>
<value><point x="14886" y="14471"/></value>
<metadata author="">

</metadata>
</contour>
<contour name="Process 461" class="PointContour" color="#65d5e9" visible="true">
<created>Fri Dec 03 23:23:22 EST 2010</created>
<edited>Fri Dec 03 23:23:22 EST 2010</edited>
<value><point x="15139" y="14508"/></value>
<metadata author="">

</metadata>
</contour>
<contour name="Process 461" class="PointContour" color="#65d5e9" visible="true">
<created>Fri Dec 03 23:23:50 EST 2010</created>
<edited>Fri Dec 03 23:23:50 EST 2010</edited>
<value><point x="15868" y="13910"/></value>
<metadata author="">

</metadata>
</contour>
<contour name="Process 461" class="PointContour" color="#65d5e9" visible="true">
<created>Fri Dec 03 23:28:08 EST 2010</created>
<edited>Fri Dec 03 23:28:08 EST 2010</edited>
<value><point x="11700" y="16364"/></value>
<metadata author="">

</metadata>
</contour>
<contour name="Process 461" class="PointContour" color="#65d5e9" visible="true">
<created>Fri Dec 03 23:28:25 EST 2010</created>
<edited>Fri Dec 03 23:28:25 EST 2010</edited>
<value><point x="11508" y="16247"/></value>
<metadata author="">

</metadata>
</contour>
<contour name="Process 466" class="PointContour" color="#722e57" visible="true">
<created>Sat Dec 04 00:04:34 EST 2010</created>
<edited>Sat Dec 04 00:04:34 EST 2010</edited>
<value><point x="11595" y="16736"/></value>
<metadata author="">

</metadata>
</contour>
<contour name="Process 467" class="PointContour" color="#a56551" visible="true">
<created>Sat Dec 04 00:13:46 EST 2010</created>
<edited>Sat Dec 04 00:13:46 EST 2010</edited>
<value><point x="12179" y="19890"/></value>
<metadata author="">

</metadata>
</contour>
<contour name="Process 468" class="PointContour" color="#5025db" visible="true">
<created>Sat Dec 04 00:22:22 EST 2010</created>
<edited>Sat Dec 04 00:22:22 EST 2010</edited>
<value><point x="13924" y="16585"/></value>
<metadata author="">

</metadata>
</contour>
<contour name="Process 468" class="PointContour" color="#5025db" visible="true">
<created>Sat Dec 04 00:26:10 EST 2010</created>
<edited>Sat Dec 04 00:26:10 EST 2010</edited>
<value><point x="13049" y="17116"/></value>
<metadata author="">

</metadata>
</contour>
<contour name="Process 469" class="PointContour" color="#7f3a2b" visible="true">
<created>Sat Dec 04 00:27:58 EST 2010</created>
<edited>Sat Dec 04 00:27:58 EST 2010</edited>
<value><point x="11659" y="19553"/></value>
<metadata author="">

</metadata>
</contour>
<contour name="Process 471" class="PointContour" color="#da4772" visible="true">
<created>Sat Dec 04 13:37:39 EST 2010</created>
<edited>Sat Dec 04 13:37:39 EST 2010</edited>
<value><point x="10860" y="18920"/></value>
<metadata author="">

</metadata>
</contour>
<contour name="Process 474" class="PointContour" color="#068f4d" visible="true">
<created>Tue Feb 08 14:09:39 EST 2011</created>
<edited>Tue Feb 08 14:09:39 EST 2011</edited>
<value><point x="12173" y="19532"/></value>
<metadata author="">

</metadata>
</contour>
<contour name="Process 474" class="PointContour" color="#068f4d" visible="true">
<created>Tue Feb 08 14:10:54 EST 2011</created>
<edited>Tue Feb 08 14:10:54 EST 2011</edited>
<value><point x="9949" y="19374"/></value>
<metadata author="">

</metadata>
</contour>
<contour name="Process 478" class="PointContour" color="#4bab49" visible="true">
<created>Tue Feb 08 15:09:32 EST 2011</created>
<edited>Tue Feb 08 15:09:32 EST 2011</edited>
<value><point x="11929" y="19548"/></value>
<metadata author="">

</metadata>
</contour>
<contour name="Process 479" class="PointContour" color="#06e0f4" visible="true">
<created>Tue Feb 08 15:19:36 EST 2011</created>
<edited>Tue Feb 08 15:19:36 EST 2011</edited>
<value><point x="11020" y="19670"/></value>
<metadata author="">

</metadata>
</contour>
<contour name="Process 481" class="PointContour" color="#51749d" visible="true">
<created>Tue Feb 08 15:51:20 EST 2011</created>
<edited>Tue Feb 08 15:51:20 EST 2011</edited>
<value><point x="11729" y="19535"/></value>
<metadata author="">

</metadata>
</contour>
<contour name="Process 483" class="PointContour" color="#3f7313" visible="true">
<created>Tue Feb 08 17:26:48 EST 2011</created>
<edited>Tue Feb 08 17:26:48 EST 2011</edited>
<value><point x="11733" y="19494"/></value>
<metadata author="">

</metadata>
</contour>
<contour name="Process 489" class="PointContour" color="#267e56" visible="true">
<created>Wed Feb 09 11:39:53 EST 2011</created>
<edited>Wed Feb 09 11:39:53 EST 2011</edited>
<value><point x="12127" y="19521"/></value>
<metadata author="">

</metadata>
</contour>
<contour name="Process 492" class="PointContour" color="#3725ba" visible="true">
<created>Wed Feb 09 15:36:37 EST 2011</created>
<edited>Wed Feb 09 15:36:37 EST 2011</edited>
<value><point x="12246" y="19561"/></value>
<metadata author="">

</metadata>
</contour>
<contour name="Process 493" class="PointContour" color="#754904" visible="true">
<created>Wed Feb 09 15:41:52 EST 2011</created>
<edited>Wed Feb 09 15:41:52 EST 2011</edited>
<value><point x="11398" y="19749"/></value>
<metadata author="">

</metadata>
</contour>
<contour name="Trail 533" class="PointContour" color="#3e79a5" visible="true">
<created>Mon Feb 14 12:01:50 EST 2011</created>
<edited>Mon Feb 14 12:01:50 EST 2011</edited>
<value><point x="16316" y="17423"/></value>
<metadata author="">

</metadata>
</contour>
<contour name="Trail 15" class="PointContour" color="#46ffdc" visible="true">
<created>Thu Feb 17 10:55:41 EST 2011</created>
<edited>Thu Feb 17 10:55:41 EST 2011</edited>
<value><point x="9571" y="15089"/></value>
<metadata author="">

</metadata>
</contour>
<contour name="Trail 12" class="PointContour" color="#ffa568" visible="true">
<created>Thu Mar 10 14:59:18 EST 2011</created>
<edited>Thu Mar 10 14:59:18 EST 2011</edited>
<value><point x="10357" y="13896"/></value>
<metadata author="">

</metadata>
</contour>
<contour name="Trail 12" class="PointContour" color="#ffa568" visible="true">
<created>Thu Mar 10 14:59:44 EST 2011</created>
<edited>Thu Mar 10 14:59:44 EST 2011</edited>
<value><point x="9621" y="13003"/></value>
<metadata author="">

</metadata>
</contour>
<contour name="Trail 25" class="PointContour" color="#448fc2" visible="true">
<created>Thu Mar 10 16:41:14 EST 2011</created>
<edited>Thu Mar 10 16:41:14 EST 2011</edited>
<value><point x="11491" y="20964"/></value>
<metadata author="">

</metadata>
</contour>
<contour name="Trail 25" class="PointContour" color="#448fc2" synapse="true" visible="true">
<created>Thu Mar 10 16:41:46 EST 2011</created>
<edited>Thu Mar 10 16:41:46 EST 2011</edited>
<value><point x="11366" y="21654"/></value>
<metadata author="">

</metadata>
</contour>
<contour name="Trail 127" class="PointContour" color="#ff9009" visible="true">
<created>Sun Mar 13 18:55:31 EDT 2011</created>
<edited>Sun Mar 13 18:55:31 EDT 2011</edited>
<value><point x="13592" y="18323"/></value>
<metadata author="">

</metadata>
</contour>
<contour name="Trail 134" class="PointContour" color="#0954ff" visible="true">
<created>Sun Mar 13 19:50:54 EDT 2011</created>
<edited>Sun Mar 13 19:50:54 EDT 2011</edited>
<value><point x="11978" y="16278"/></value>
<metadata author="">

</metadata>
</contour>
<contour name="Trail 146" class="PointContour" color="#a3c6ff" visible="true">
<created>Mon Mar 14 11:33:07 EDT 2011</created>
<edited>Mon Mar 14 11:33:07 EDT 2011</edited>
<value><point x="13736" y="18200"/></value>
<metadata author="">

</metadata>
</contour>
<contour name="Trail 146" class="PointContour" color="#a3c6ff" visible="true">
<created>Mon Mar 14 11:33:26 EDT 2011</created>
<edited>Mon Mar 14 11:33:26 EDT 2011</edited>
<value><point x="14451" y="18364"/></value>
<metadata author="">

</metadata>
</contour>
<contour name="Trail 146" class="PointContour" color="#a3c6ff" visible="true">
<created>Mon Mar 14 11:33:35 EDT 2011</created>
<edited>Mon Mar 14 11:33:35 EDT 2011</edited>
<value><point x="15177" y="18176"/></value>
<metadata author="">

</metadata>
</contour>
<contour name="Trail 187" class="PointContour" color="#afd2ff" visible="true">
<created>Mon Mar 14 11:49:21 EDT 2011</created>
<edited>Mon Mar 14 11:49:21 EDT 2011</edited>
<value><point x="10756" y="18930"/></value>
<metadata author="">

</metadata>
</contour>
</contours>