<!--Last edited: 2011/03/14 19:51:16-->
<contours>
<contour name="Process 420" class="PointContour" color="#4fe1fe" visible="true">
<created>Wed Nov 24 16:52:22 EST 2010</created>
<edited>Wed Nov 24 16:52:22 EST 2010</edited>
<value><point x="8676" y="18116"/></value>
<metadata author="">

</metadata>
</contour>
<contour name="Process 421" class="PointContour" color="#e61dae" visible="true">
<created>Wed Nov 24 17:07:49 EST 2010</created>
<edited>Wed Nov 24 17:07:49 EST 2010</edited>
<value><point x="8266" y="17293"/></value>
<metadata author="">

</metadata>
</contour>
<contour name="Process 422" class="PointContour" color="#f8e1f2" visible="true">
<created>Wed Nov 24 17:25:38 EST 2010</created>
<edited>Wed Nov 24 17:25:38 EST 2010</edited>
<value><point x="5978" y="16808"/></value>
<metadata author="">

</metadata>
</contour>
<contour name="Process 424" class="PointContour" color="#f4ed50" visible="true">
<created>Wed Nov 24 18:05:57 EST 2010</created>
<edited>Wed Nov 24 18:05:57 EST 2010</edited>
<value><point x="7876" y="18082"/></value>
<metadata author="">

</metadata>
</contour>
<contour name="Process 425" class="PointContour" color="#b3923c" visible="true">
<created>Wed Nov 24 19:03:46 EST 2010</created>
<edited>Wed Nov 24 19:03:46 EST 2010</edited>
<value><point x="7585" y="16263"/></value>
<metadata author="">

</metadata>
</contour>
<contour name="Process 426" class="PointContour" color="#a969fa" visible="true">
<created>Wed Nov 24 19:19:14 EST 2010</created>
<edited>Wed Nov 24 19:19:14 EST 2010</edited>
<value><point x="4555" y="21696"/></value>
<metadata author="">

</metadata>
</contour>
<contour name="Process 428" class="PointContour" color="#fd30e1" visible="true">
<created>Wed Nov 24 19:53:57 EST 2010</created>
<edited>Wed Nov 24 19:53:57 EST 2010</edited>
<value><point x="8874" y="20355"/></value>
<metadata author="">

</metadata>
</contour>
<contour name="Process 435" class="PointContour" color="#0430ee" visible="true">
<created>Thu Nov 25 00:22:07 EST 2010</created>
<edited>Thu Nov 25 00:22:07 EST 2010</edited>
<value><point x="7931" y="8648"/></value>
<metadata author="">

</metadata>
</contour>
<contour name="Process 441" class="PointContour" color="#d89428" visible="true">
<created>Thu Nov 25 14:52:12 EST 2010</created>
<edited>Thu Nov 25 14:52:12 EST 2010</edited>
<value><point x="18407" y="9909"/></value>
<metadata author="">

</metadata>
</contour>
<contour name="Process 443" class="PointContour" color="#a38ff2" visible="true">
<created>Thu Nov 25 19:29:36 EST 2010</created>
<edited>Thu Nov 25 19:29:36 EST 2010</edited>
<value><point x="9001" y="16467"/></value>
<metadata author="">

</metadata>
</contour>
<contour name="Process 449" class="PointContour" color="#697c74" visible="true">
<created>Fri Nov 26 18:04:53 EST 2010</created>
<edited>Fri Nov 26 18:04:53 EST 2010</edited>
<value><point x="12164" y="17694"/></value>
<metadata author="">

</metadata>
</contour>
<contour name="Process 450" class="PointContour" color="#866c5b" visible="true">
<created>Fri Nov 26 21:03:20 EST 2010</created>
<edited>Fri Nov 26 21:03:20 EST 2010</edited>
<value><point x="12647" y="16001"/></value>
<metadata author="">

</metadata>
</contour>
<contour name="Process 455" class="PointContour" color="#d456a5" visible="true">
<created>Sat Nov 27 12:39:53 EST 2010</created>
<edited>Sat Nov 27 12:39:53 EST 2010</edited>
<value><point x="10114" y="19940"/></value>
<metadata author="">

</metadata>
</contour>
<contour name="Process 456" class="PointContour" color="#cbbd91" visible="true">
<created>Sat Nov 27 12:48:50 EST 2010</created>
<edited>Sat Nov 27 12:48:50 EST 2010</edited>
<value><point x="12118" y="18898"/></value>
<metadata author="">

</metadata>
</contour>
<contour name="Process 457" class="PointContour" color="#f8a74f" visible="true">
<created>Sat Nov 27 13:00:07 EST 2010</created>
<edited>Sat Nov 27 13:00:07 EST 2010</edited>
<value><point x="11716" y="19900"/></value>
<metadata author="">

</metadata>
</contour>
<contour name="Process 458" class="PointContour" color="#10a180" visible="true">
<created>Sat Nov 27 13:09:10 EST 2010</created>
<edited>Sat Nov 27 13:09:10 EST 2010</edited>
<value><point x="12682" y="19404"/></value>
<metadata author="">

</metadata>
</contour>
<contour name="Process 459" class="PointContour" color="#15a084" visible="true">
<created>Sat Nov 27 14:15:59 EST 2010</created>
<edited>Sat Nov 27 14:15:59 EST 2010</edited>
<value><point x="12041" y="19673"/></value>
<metadata author="">

</metadata>
</contour>
<contour name="Process 459" class="PointContour" color="#15a084" visible="true">
<created>Sat Nov 27 14:16:38 EST 2010</created>
<edited>Sat Nov 27 14:16:38 EST 2010</edited>
<value><point x="11903" y="18904"/></value>
<metadata author="">

</metadata>
</contour>
<contour name="Process 459" class="PointContour" color="#15a084" visible="true">
<created>Sat Nov 27 14:17:16 EST 2010</created>
<edited>Sat Nov 27 14:17:16 EST 2010</edited>
<value><point x="11683" y="18329"/></value>
<metadata author="">

</metadata>
</contour>
<contour name="Process 459" class="PointContour" color="#15a084" visible="true">
<created>Sat Nov 27 14:17:41 EST 2010</created>
<edited>Sat Nov 27 14:17:41 EST 2010</edited>
<value><point x="11597" y="17851"/></value>
<metadata author="">

</metadata>
</contour>
<contour name="Process 459" class="PointContour" color="#15a084" visible="true">
<created>Sat Nov 27 14:17:51 EST 2010</created>
<edited>Sat Nov 27 14:17:51 EST 2010</edited>
<value><point x="11615" y="17860"/></value>
<metadata author="">

</metadata>
</contour>
<contour name="Process 465" class="PointContour" color="#ae4a09" visible="true">
<created>Fri Dec 03 23:57:12 EST 2010</created>
<edited>Fri Dec 03 23:57:12 EST 2010</edited>
<value><point x="10984" y="17168"/></value>
<metadata author="">

</metadata>
</contour>
<contour name="Process 466" class="PointContour" color="#722e57" visible="true">
<created>Sat Dec 04 00:06:53 EST 2010</created>
<edited>Sat Dec 04 00:06:53 EST 2010</edited>
<value><point x="9873" y="16212"/></value>
<metadata author="">

</metadata>
</contour>
<contour name="Process 469" class="PointContour" color="#7f3a2b" visible="true">
<created>Sat Dec 04 00:29:30 EST 2010</created>
<edited>Sat Dec 04 00:29:30 EST 2010</edited>
<value><point x="10930" y="20979"/></value>
<metadata author="">

</metadata>
</contour>
<contour name="Process 470" class="PointContour" color="#266149" visible="true">
<created>Sat Dec 04 13:32:42 EST 2010</created>
<edited>Sat Dec 04 13:32:42 EST 2010</edited>
<value><point x="8910" y="18083"/></value>
<metadata author="">

</metadata>
</contour>
<contour name="Process 470" class="PointContour" color="#266149" visible="true">
<created>Sat Dec 04 13:34:53 EST 2010</created>
<edited>Sat Dec 04 13:34:53 EST 2010</edited>
<value><point x="7993" y="21147"/></value>
<metadata author="">

</metadata>
</contour>
<contour name="Process 470" class="PointContour" color="#266149" visible="true">
<created>Sat Dec 04 13:35:33 EST 2010</created>
<edited>Sat Dec 04 13:35:33 EST 2010</edited>
<value><point x="8432" y="22542"/></value>
<metadata author="">

</metadata>
</contour>
<contour name="Process 471" class="PointContour" color="#da4772" visible="true">
<created>Sat Dec 04 13:39:53 EST 2010</created>
<edited>Sat Dec 04 13:39:53 EST 2010</edited>
<value><point x="7836" y="14427"/></value>
<metadata author="">

</metadata>
</contour>
<contour name="Process 478" class="PointContour" color="#4bab49" visible="true">
<created>Tue Feb 08 15:14:25 EST 2011</created>
<edited>Tue Feb 08 15:14:25 EST 2011</edited>
<value><point x="17276" y="23110"/></value>
<metadata author="">

</metadata>
</contour>
<contour name="Process 480" class="PointContour" color="#ace8dd" visible="true">
<created>Tue Feb 08 15:32:24 EST 2011</created>
<edited>Tue Feb 08 15:32:24 EST 2011</edited>
<value><point x="4886" y="20485"/></value>
<metadata author="">

</metadata>
</contour>
<contour name="Process 481" class="PointContour" color="#51749d" visible="true">
<created>Tue Feb 08 15:53:22 EST 2011</created>
<edited>Tue Feb 08 15:53:22 EST 2011</edited>
<value><point x="10805" y="20440"/></value>
<metadata author="">

</metadata>
</contour>
<contour name="Process 488" class="PointContour" color="#e590b3" visible="true">
<created>Wed Feb 09 10:46:35 EST 2011</created>
<edited>Wed Feb 09 10:46:35 EST 2011</edited>
<value><point x="13582" y="21870"/></value>
<metadata author="">

</metadata>
</contour>
<contour name="Process 526" class="PointContour" color="#8d24e6" visible="true">
<created>Fri Feb 11 17:29:15 EST 2011</created>
<edited>Fri Feb 11 17:29:15 EST 2011</edited>
<value><point x="15300" y="21087"/></value>
<metadata author="">

</metadata>
</contour>
<contour name="Trail 529" class="PointContour" color="#1ca7ed" visible="true">
<created>Mon Feb 14 11:34:59 EST 2011</created>
<edited>Mon Feb 14 11:34:59 EST 2011</edited>
<value><point x="8621" y="18344"/></value>
<metadata author="">

</metadata>
</contour>
<contour name="Trail 530" class="PointContour" color="#d5e631" visible="true">
<created>Mon Feb 14 11:39:52 EST 2011</created>
<edited>Mon Feb 14 11:39:52 EST 2011</edited>
<value><point x="9353" y="20201"/></value>
<metadata author="">

</metadata>
</contour>
<contour name="Trail 532" class="PointContour" color="#fabd81" visible="true">
<created>Mon Feb 14 11:48:25 EST 2011</created>
<edited>Mon Feb 14 11:48:25 EST 2011</edited>
<value><point x="6118" y="19276"/></value>
<metadata author="">

</metadata>
</contour>
<contour name="Trail 534" class="PointContour" color="#001c95" visible="true">
<created>Mon Feb 14 12:11:39 EST 2011</created>
<edited>Mon Feb 14 12:11:39 EST 2011</edited>
<value><point x="12517" y="19414"/></value>
<metadata author="">

</metadata>
</contour>
<contour name="Trail 535" class="PointContour" color="#bcc72b" visible="true">
<created>Mon Feb 14 12:57:46 EST 2011</created>
<edited>Mon Feb 14 12:57:46 EST 2011</edited>
<value><point x="10594" y="17290"/></value>
<metadata author="">

</metadata>
</contour>
<contour name="Trail 65" class="PointContour" color="#e3ff0e" visible="true">
<created>Mon Feb 14 15:25:50 EST 2011</created>
<edited>Mon Feb 14 15:25:50 EST 2011</edited>
<value><point x="11330" y="17642"/></value>
<metadata author="">

</metadata>
</contour>
<contour name="Trail 94" class="PointContour" color="#beff05" visible="true">
<created>Mon Feb 14 15:53:36 EST 2011</created>
<edited>Mon Feb 14 15:53:36 EST 2011</edited>
<value><point x="8456" y="22480"/></value>
<metadata author="">

</metadata>
</contour>
<contour name="Trail 49" class="PointContour" color="#4053cc" visible="true">
<created>Mon Feb 14 15:58:13 EST 2011</created>
<edited>Mon Feb 14 15:58:13 EST 2011</edited>
<value><point x="10878" y="20244"/></value>
<metadata author="">

</metadata>
</contour>
<contour name="Trail 26" class="PointContour" color="#c21ebd" visible="true">
<created>Tue Feb 15 11:58:00 EST 2011</created>
<edited>Tue Feb 15 11:58:00 EST 2011</edited>
<value><point x="11435" y="18758"/></value>
<metadata author="">

</metadata>
</contour>
<contour name="Trail 38" class="PointContour" color="#f7edc9" visible="true">
<created>Tue Feb 15 12:15:16 EST 2011</created>
<edited>Tue Feb 15 12:15:16 EST 2011</edited>
<value><point x="17143" y="15116"/></value>
<metadata author="">

</metadata>
</contour>
<contour name="Trail 52" class="PointContour" color="#b10aff" visible="true">
<created>Tue Feb 15 12:18:03 EST 2011</created>
<edited>Tue Feb 15 12:18:03 EST 2011</edited>
<value><point x="12231" y="18320"/></value>
<metadata author="">

</metadata>
</contour>
<contour name="Trail 40" class="PointContour" color="#c4f7b5" visible="true">
<created>Tue Feb 15 12:23:18 EST 2011</created>
<edited>Tue Feb 15 12:23:18 EST 2011</edited>
<value><point x="11414" y="18684"/></value>
<metadata author="">

</metadata>
</contour>
<contour name="Trail 45" class="PointContour" color="#80d2ff" visible="true">
<created>Tue Feb 15 12:30:48 EST 2011</created>
<edited>Tue Feb 15 12:30:48 EST 2011</edited>
<value><point x="11128" y="17205"/></value>
<metadata author="">

</metadata>
</contour>
<contour name="Trail 86" class="PointContour" color="#ff067f" visible="true">
<created>Tue Feb 15 14:18:53 EST 2011</created>
<edited>Tue Feb 15 14:18:53 EST 2011</edited>
<value><point x="13551" y="17900"/></value>
<metadata author="">

</metadata>
</contour>
<contour name="Trail 39" class="PointContour" color="#a4f7f2" visible="true">
<created>Tue Feb 15 14:53:37 EST 2011</created>
<edited>Tue Feb 15 14:53:37 EST 2011</edited>
<value><point x="10350" y="18551"/></value>
<metadata author="">

</metadata>
</contour>
<contour name="Trail 205" class="PointContour" color="#0ddcff" visible="true">
<created>Tue Feb 15 15:03:22 EST 2011</created>
<edited>Tue Feb 15 15:03:22 EST 2011</edited>
<value><point x="11530" y="16747"/></value>
<metadata author="">

</metadata>
</contour>
<contour name="Trail 53" class="PointContour" color="#d507ff" visible="true">
<created>Tue Feb 15 17:52:26 EST 2011</created>
<edited>Tue Feb 15 17:52:26 EST 2011</edited>
<value><point x="11632" y="19641"/></value>
<metadata author="">

</metadata>
</contour>
<contour name="Trail 8" class="PointContour" color="#2d23ff" visible="true">
<created>Thu Feb 17 10:13:16 EST 2011</created>
<edited>Thu Feb 17 10:13:16 EST 2011</edited>
<value><point x="12381" y="19042"/></value>
<metadata author="">

</metadata>
</contour>
<contour name="Trail 8" class="PointContour" color="#2d23ff" visible="true">
<created>Thu Feb 17 10:13:16 EST 2011</created>
<edited>Thu Feb 17 10:13:16 EST 2011</edited>
<value><point x="12381" y="19042"/></value>
<metadata author="">

</metadata>
</contour>
<contour name="Trail 12" class="PointContour" color="#ffa568" visible="true">
<created>Thu Mar 10 14:18:45 EST 2011</created>
<edited>Thu Mar 10 14:18:45 EST 2011</edited>
<value><point x="14505" y="19770"/></value>
<metadata author="">

</metadata>
</contour>
<contour name="Trail 25" class="PointContour" color="#448fc2" visible="true">
<created>Thu Mar 10 16:57:21 EST 2011</created>
<edited>Thu Mar 10 16:57:21 EST 2011</edited>
<value><point x="12037" y="15528"/></value>
<metadata author="">

</metadata>
</contour>
<contour name="Trail 33" class="PointContour" color="#f70fe0" visible="true">
<created>Sun Mar 13 16:40:36 EDT 2011</created>
<edited>Sun Mar 13 16:40:36 EDT 2011</edited>
<value><point x="12654" y="18726"/></value>
<metadata author="">

</metadata>
</contour>
<contour name="Trail 41" class="PointContour" color="#b2aff7" visible="true">
<created>Sun Mar 13 17:02:37 EDT 2011</created>
<edited>Sun Mar 13 17:02:37 EDT 2011</edited>
<value><point x="10181" y="17635"/></value>
<metadata author="">

</metadata>
</contour>
<contour name="Trail 127" class="PointContour" color="#ff9009" visible="true">
<created>Sun Mar 13 19:12:36 EDT 2011</created>
<edited>Sun Mar 13 19:12:36 EDT 2011</edited>
<value><point x="10202" y="17707"/></value>
<metadata author="">

</metadata>
</contour>
<contour name="Trail 134" class="PointContour" color="#0954ff" visible="true">
<created>Sun Mar 13 19:52:40 EDT 2011</created>
<edited>Sun Mar 13 19:52:40 EDT 2011</edited>
<value><point x="10742" y="14460"/></value>
<metadata author="">

</metadata>
</contour>
</contours>