<!--Last edited: 2011/03/14 19:51:16-->
<contours>
<contour name="Process 420" class="PointContour" color="#4fe1fe" visible="true">
<created>Wed Nov 24 16:52:15 EST 2010</created>
<edited>Wed Nov 24 16:52:15 EST 2010</edited>
<value><point x="8897" y="18040"/></value>
<metadata author="">

</metadata>
</contour>
<contour name="Process 421" class="PointContour" color="#e61dae" visible="true">
<created>Wed Nov 24 17:07:39 EST 2010</created>
<edited>Wed Nov 24 17:07:39 EST 2010</edited>
<value><point x="8615" y="17253"/></value>
<metadata author="">

</metadata>
</contour>
<contour name="Process 422" class="PointContour" color="#f8e1f2" visible="true">
<created>Wed Nov 24 17:24:39 EST 2010</created>
<edited>Wed Nov 24 17:24:39 EST 2010</edited>
<value><point x="6524" y="16974"/></value>
<metadata author="">

</metadata>
</contour>
<contour name="Process 424" class="PointContour" color="#f4ed50" visible="true">
<created>Wed Nov 24 18:05:27 EST 2010</created>
<edited>Wed Nov 24 18:05:27 EST 2010</edited>
<value><point x="8406" y="17906"/></value>
<metadata author="">

</metadata>
</contour>
<contour name="Process 425" class="PointContour" color="#b3923c" visible="true">
<created>Wed Nov 24 19:03:10 EST 2010</created>
<edited>Wed Nov 24 19:03:10 EST 2010</edited>
<value><point x="7768" y="16757"/></value>
<metadata author="">

</metadata>
</contour>
<contour name="Process 426" class="PointContour" color="#a969fa" visible="true">
<created>Wed Nov 24 19:18:59 EST 2010</created>
<edited>Wed Nov 24 19:18:59 EST 2010</edited>
<value><point x="4952" y="21577"/></value>
<metadata author="">

</metadata>
</contour>
<contour name="Process 427" class="PointContour" color="#2e69d9" visible="true">
<created>Wed Nov 24 19:30:51 EST 2010</created>
<edited>Wed Nov 24 19:30:51 EST 2010</edited>
<value><point x="4762" y="23175"/></value>
<metadata author="">

</metadata>
</contour>
<contour name="Process 428" class="PointContour" color="#fd30e1" visible="true">
<created>Wed Nov 24 19:53:40 EST 2010</created>
<edited>Wed Nov 24 19:53:40 EST 2010</edited>
<value><point x="9512" y="20155"/></value>
<metadata author="">

</metadata>
</contour>
<contour name="Process 435" class="PointContour" color="#0430ee" visible="true">
<created>Thu Nov 25 00:21:39 EST 2010</created>
<edited>Thu Nov 25 00:21:39 EST 2010</edited>
<value><point x="8114" y="8782"/></value>
<metadata author="">

</metadata>
</contour>
<contour name="Process 441" class="PointContour" color="#d89428" visible="true">
<created>Thu Nov 25 14:48:11 EST 2010</created>
<edited>Thu Nov 25 14:48:11 EST 2010</edited>
<value><point x="16140" y="12820"/></value>
<metadata author="">

</metadata>
</contour>
<contour name="Process 441" class="PointContour" color="#d89428" visible="true">
<created>Thu Nov 25 14:49:07 EST 2010</created>
<edited>Thu Nov 25 14:49:07 EST 2010</edited>
<value><point x="16792" y="12148"/></value>
<metadata author="">

</metadata>
</contour>
<contour name="Process 441" class="PointContour" color="#d89428" visible="true">
<created>Thu Nov 25 14:49:14 EST 2010</created>
<edited>Thu Nov 25 14:49:14 EST 2010</edited>
<value><point x="16782" y="11909"/></value>
<metadata author="">

</metadata>
</contour>
<contour name="Process 441" class="PointContour" color="#d89428" visible="true">
<created>Thu Nov 25 14:49:42 EST 2010</created>
<edited>Thu Nov 25 14:49:42 EST 2010</edited>
<value><point x="17000" y="11566"/></value>
<metadata author="">

</metadata>
</contour>
<contour name="Process 441" class="PointContour" color="#d89428" visible="true">
<created>Thu Nov 25 14:51:03 EST 2010</created>
<edited>Thu Nov 25 14:51:03 EST 2010</edited>
<value><point x="17513" y="10765"/></value>
<metadata author="">

</metadata>
</contour>
<contour name="Process 443" class="PointContour" color="#a38ff2" visible="true">
<created>Thu Nov 25 19:27:26 EST 2010</created>
<edited>Thu Nov 25 19:27:26 EST 2010</edited>
<value><point x="9458" y="16768"/></value>
<metadata author="">

</metadata>
</contour>
<contour name="Process 443" class="PointContour" color="#a38ff2" visible="true">
<created>Thu Nov 25 19:28:01 EST 2010</created>
<edited>Thu Nov 25 19:28:01 EST 2010</edited>
<value><point x="9533" y="17415"/></value>
<metadata author="">

</metadata>
</contour>
<contour name="Process 449" class="PointContour" color="#697c74" visible="true">
<created>Fri Nov 26 18:04:14 EST 2010</created>
<edited>Fri Nov 26 18:04:14 EST 2010</edited>
<value><point x="11840" y="17983"/></value>
<metadata author="">

</metadata>
</contour>
<contour name="Process 450" class="PointContour" color="#866c5b" visible="true">
<created>Fri Nov 26 21:02:54 EST 2010</created>
<edited>Fri Nov 26 21:02:54 EST 2010</edited>
<value><point x="12591" y="16192"/></value>
<metadata author="">

</metadata>
</contour>
<contour name="Process 451" class="PointContour" color="#bcad85" visible="true">
<created>Fri Nov 26 21:17:11 EST 2010</created>
<edited>Fri Nov 26 21:17:11 EST 2010</edited>
<value><point x="16352" y="8746"/></value>
<metadata author="">

</metadata>
</contour>
<contour name="Process 455" class="PointContour" color="#d456a5" visible="true">
<created>Sat Nov 27 12:39:30 EST 2010</created>
<edited>Sat Nov 27 12:39:30 EST 2010</edited>
<value><point x="10181" y="19627"/></value>
<metadata author="">

</metadata>
</contour>
<contour name="Process 456" class="PointContour" color="#cbbd91" visible="true">
<created>Sat Nov 27 12:48:28 EST 2010</created>
<edited>Sat Nov 27 12:48:28 EST 2010</edited>
<value><point x="12282" y="18788"/></value>
<metadata author="">

</metadata>
</contour>
<contour name="Process 457" class="PointContour" color="#f8a74f" visible="true">
<created>Sat Nov 27 12:59:45 EST 2010</created>
<edited>Sat Nov 27 12:59:45 EST 2010</edited>
<value><point x="11863" y="19653"/></value>
<metadata author="">

</metadata>
</contour>
<contour name="Process 458" class="PointContour" color="#10a180" visible="true">
<created>Sat Nov 27 13:08:56 EST 2010</created>
<edited>Sat Nov 27 13:08:56 EST 2010</edited>
<value><point x="12585" y="19329"/></value>
<metadata author="">

</metadata>
</contour>
<contour name="Process 459" class="PointContour" color="#15a084" visible="true">
<created>Sat Nov 27 14:15:18 EST 2010</created>
<edited>Sat Nov 27 14:15:18 EST 2010</edited>
<value><point x="12444" y="20133"/></value>
<metadata author="">

</metadata>
</contour>
<contour name="Process 465" class="PointContour" color="#ae4a09" visible="true">
<created>Fri Dec 03 23:56:58 EST 2010</created>
<edited>Fri Dec 03 23:56:58 EST 2010</edited>
<value><point x="11168" y="17121"/></value>
<metadata author="">

</metadata>
</contour>
<contour name="Process 466" class="PointContour" color="#722e57" visible="true">
<created>Sat Dec 04 00:06:41 EST 2010</created>
<edited>Sat Dec 04 00:06:41 EST 2010</edited>
<value><point x="10088" y="16344"/></value>
<metadata author="">

</metadata>
</contour>
<contour name="Process 469" class="PointContour" color="#7f3a2b" visible="true">
<created>Sat Dec 04 00:29:23 EST 2010</created>
<edited>Sat Dec 04 00:29:23 EST 2010</edited>
<value><point x="11060" y="20910"/></value>
<metadata author="">

</metadata>
</contour>
<contour name="Process 470" class="PointContour" color="#266149" visible="true">
<created>Sat Dec 04 13:32:34 EST 2010</created>
<edited>Sat Dec 04 13:32:34 EST 2010</edited>
<value><point x="9009" y="18085"/></value>
<metadata author="">

</metadata>
</contour>
<contour name="Process 470" class="PointContour" color="#266149" visible="true">
<created>Sat Dec 04 13:35:10 EST 2010</created>
<edited>Sat Dec 04 13:35:10 EST 2010</edited>
<value><point x="8329" y="21733"/></value>
<metadata author="">

</metadata>
</contour>
<contour name="Process 470" class="PointContour" color="#266149" visible="true">
<created>Sat Dec 04 13:35:20 EST 2010</created>
<edited>Sat Dec 04 13:35:20 EST 2010</edited>
<value><point x="8369" y="22051"/></value>
<metadata author="">

</metadata>
</contour>
<contour name="Process 471" class="PointContour" color="#da4772" visible="true">
<created>Sat Dec 04 13:39:43 EST 2010</created>
<edited>Sat Dec 04 13:39:43 EST 2010</edited>
<value><point x="8328" y="14828"/></value>
<metadata author="">

</metadata>
</contour>
<contour name="Process 473" class="PointContour" color="#811f28" visible="true">
<created>Tue Feb 08 14:03:10 EST 2011</created>
<edited>Tue Feb 08 14:03:10 EST 2011</edited>
<value><point x="13810" y="22533"/></value>
<metadata author="">

</metadata>
</contour>
<contour name="Process 478" class="PointContour" color="#4bab49" visible="true">
<created>Tue Feb 08 15:13:19 EST 2011</created>
<edited>Tue Feb 08 15:13:19 EST 2011</edited>
<value><point x="16364" y="22719"/></value>
<metadata author="">

</metadata>
</contour>
<contour name="Process 478" class="PointContour" color="#4bab49" visible="true">
<created>Tue Feb 08 15:14:02 EST 2011</created>
<edited>Tue Feb 08 15:14:02 EST 2011</edited>
<value><point x="16755" y="22826"/></value>
<metadata author="">

</metadata>
</contour>
<contour name="Process 480" class="PointContour" color="#ace8dd" visible="true">
<created>Tue Feb 08 15:31:25 EST 2011</created>
<edited>Tue Feb 08 15:31:25 EST 2011</edited>
<value><point x="5478" y="20333"/></value>
<metadata author="">

</metadata>
</contour>
<contour name="Process 481" class="PointContour" color="#51749d" visible="true">
<created>Tue Feb 08 15:53:12 EST 2011</created>
<edited>Tue Feb 08 15:53:12 EST 2011</edited>
<value><point x="10881" y="20342"/></value>
<metadata author="">

</metadata>
</contour>
<contour name="Process 482" class="PointContour" color="#965dda" visible="true">
<created>Tue Feb 08 17:25:13 EST 2011</created>
<edited>Tue Feb 08 17:25:13 EST 2011</edited>
<value><point x="15258" y="23370"/></value>
<metadata author="">

</metadata>
</contour>
<contour name="Process 488" class="PointContour" color="#e590b3" visible="true">
<created>Wed Feb 09 10:46:17 EST 2011</created>
<edited>Wed Feb 09 10:46:17 EST 2011</edited>
<value><point x="13461" y="21527"/></value>
<metadata author="">

</metadata>
</contour>
<contour name="Process 526" class="PointContour" color="#8d24e6" visible="true">
<created>Fri Feb 11 17:28:46 EST 2011</created>
<edited>Fri Feb 11 17:28:46 EST 2011</edited>
<value><point x="14485" y="20930"/></value>
<metadata author="">

</metadata>
</contour>
<contour name="Trail 529" class="PointContour" color="#1ca7ed" visible="true">
<created>Mon Feb 14 11:34:48 EST 2011</created>
<edited>Mon Feb 14 11:34:48 EST 2011</edited>
<value><point x="8863" y="18254"/></value>
<metadata author="">

</metadata>
</contour>
<contour name="Trail 530" class="PointContour" color="#d5e631" visible="true">
<created>Mon Feb 14 11:39:40 EST 2011</created>
<edited>Mon Feb 14 11:39:40 EST 2011</edited>
<value><point x="9552" y="19923"/></value>
<metadata author="">

</metadata>
</contour>
<contour name="Trail 532" class="PointContour" color="#fabd81" visible="true">
<created>Mon Feb 14 11:48:11 EST 2011</created>
<edited>Mon Feb 14 11:48:11 EST 2011</edited>
<value><point x="6528" y="19421"/></value>
<metadata author="">

</metadata>
</contour>
<contour name="Trail 534" class="PointContour" color="#001c95" visible="true">
<created>Mon Feb 14 12:11:29 EST 2011</created>
<edited>Mon Feb 14 12:11:29 EST 2011</edited>
<value><point x="12488" y="19331"/></value>
<metadata author="">

</metadata>
</contour>
<contour name="Trail 535" class="PointContour" color="#bcc72b" visible="true">
<created>Mon Feb 14 12:57:13 EST 2011</created>
<edited>Mon Feb 14 12:57:13 EST 2011</edited>
<value><point x="10782" y="18310"/></value>
<metadata author="">

</metadata>
</contour>
<contour name="Trail 535" class="PointContour" color="#bcc72b" visible="true">
<created>Mon Feb 14 12:57:22 EST 2011</created>
<edited>Mon Feb 14 12:57:22 EST 2011</edited>
<value><point x="10862" y="17837"/></value>
<metadata author="">

</metadata>
</contour>
<contour name="Trail 535" class="PointContour" color="#bcc72b" visible="true">
<created>Mon Feb 14 12:57:34 EST 2011</created>
<edited>Mon Feb 14 12:57:34 EST 2011</edited>
<value><point x="10869" y="17349"/></value>
<metadata author="">

</metadata>
</contour>
<contour name="Trail 65" class="PointContour" color="#e3ff0e" visible="true">
<created>Mon Feb 14 15:25:39 EST 2011</created>
<edited>Mon Feb 14 15:25:39 EST 2011</edited>
<value><point x="11399" y="17684"/></value>
<metadata author="">

</metadata>
</contour>
<contour name="Trail 115" class="PointContour" color="#cbff04" visible="true">
<created>Mon Feb 14 15:36:42 EST 2011</created>
<edited>Mon Feb 14 15:36:42 EST 2011</edited>
<value><point x="15849" y="20368"/></value>
<metadata author="">

</metadata>
</contour>
<contour name="Trail 115" class="PointContour" color="#cbff04" synapse="true" visible="true">
<created>Mon Feb 14 15:36:53 EST 2011</created>
<edited>Mon Feb 14 15:36:53 EST 2011</edited>
<value><point x="16179" y="20505"/></value>
<metadata author="">

</metadata>
</contour>
<contour name="Trail 115" class="PointContour" color="#cbff04" visible="true">
<created>Mon Feb 14 15:38:07 EST 2011</created>
<edited>Mon Feb 14 15:38:07 EST 2011</edited>
<value><point x="18688" y="21367"/></value>
<metadata author="">

</metadata>
</contour>
<contour name="Trail 115" class="PointContour" color="#cbff04" visible="true">
<created>Mon Feb 14 15:38:27 EST 2011</created>
<edited>Mon Feb 14 15:38:27 EST 2011</edited>
<value><point x="19419" y="21288"/></value>
<metadata author="">

</metadata>
</contour>
<contour name="Trail 94" class="PointContour" color="#beff05" visible="true">
<created>Mon Feb 14 15:52:59 EST 2011</created>
<edited>Mon Feb 14 15:52:59 EST 2011</edited>
<value><point x="8887" y="21678"/></value>
<metadata author="">

</metadata>
</contour>
<contour name="Trail 94" class="PointContour" color="#beff05" visible="true">
<created>Mon Feb 14 15:53:17 EST 2011</created>
<edited>Mon Feb 14 15:53:17 EST 2011</edited>
<value><point x="8490" y="21995"/></value>
<metadata author="">

</metadata>
</contour>
<contour name="Trail 49" class="PointContour" color="#4053cc" visible="true">
<created>Mon Feb 14 15:57:48 EST 2011</created>
<edited>Mon Feb 14 15:57:48 EST 2011</edited>
<value><point x="10891" y="19955"/></value>
<metadata author="">

</metadata>
</contour>
<contour name="Trail 26" class="PointContour" color="#c21ebd" visible="true">
<created>Tue Feb 15 11:57:54 EST 2011</created>
<edited>Tue Feb 15 11:57:54 EST 2011</edited>
<value><point x="11565" y="18716"/></value>
<metadata author="">

</metadata>
</contour>
<contour name="Trail 38" class="PointContour" color="#f7edc9" visible="true">
<created>Tue Feb 15 12:15:02 EST 2011</created>
<edited>Tue Feb 15 12:15:02 EST 2011</edited>
<value><point x="16824" y="15302"/></value>
<metadata author="">

</metadata>
</contour>
<contour name="Trail 52" class="PointContour" color="#b10aff" visible="true">
<created>Tue Feb 15 12:17:57 EST 2011</created>
<edited>Tue Feb 15 12:17:57 EST 2011</edited>
<value><point x="12323" y="18286"/></value>
<metadata author="">

</metadata>
</contour>
<contour name="Trail 40" class="PointContour" color="#c4f7b5" visible="true">
<created>Tue Feb 15 12:23:10 EST 2011</created>
<edited>Tue Feb 15 12:23:10 EST 2011</edited>
<value><point x="11507" y="18617"/></value>
<metadata author="">

</metadata>
</contour>
<contour name="Trail 45" class="PointContour" color="#80d2ff" visible="true">
<created>Tue Feb 15 12:30:23 EST 2011</created>
<edited>Tue Feb 15 12:30:23 EST 2011</edited>
<value><point x="11199" y="17176"/></value>
<metadata author="">

</metadata>
</contour>
<contour name="Trail 86" class="PointContour" color="#ff067f" visible="true">
<created>Tue Feb 15 14:18:44 EST 2011</created>
<edited>Tue Feb 15 14:18:44 EST 2011</edited>
<value><point x="13452" y="17738"/></value>
<metadata author="">

</metadata>
</contour>
<contour name="Trail 39" class="PointContour" color="#a4f7f2" visible="true">
<created>Tue Feb 15 14:53:26 EST 2011</created>
<edited>Tue Feb 15 14:53:26 EST 2011</edited>
<value><point x="10512" y="18546"/></value>
<metadata author="">

</metadata>
</contour>
<contour name="Trail 205" class="PointContour" color="#0ddcff" visible="true">
<created>Tue Feb 15 15:03:09 EST 2011</created>
<edited>Tue Feb 15 15:03:09 EST 2011</edited>
<value><point x="11560" y="16971"/></value>
<metadata author="">

</metadata>
</contour>
<contour name="Trail 53" class="PointContour" color="#d507ff" visible="true">
<created>Tue Feb 15 17:52:10 EST 2011</created>
<edited>Tue Feb 15 17:52:10 EST 2011</edited>
<value><point x="11843" y="19488"/></value>
<metadata author="">

</metadata>
</contour>
<contour name="Trail 8" class="PointContour" color="#2d23ff" visible="true">
<created>Thu Feb 17 10:13:07 EST 2011</created>
<edited>Thu Feb 17 10:13:07 EST 2011</edited>
<value><point x="12278" y="18967"/></value>
<metadata author="">

</metadata>
</contour>
<contour name="Trail 12" class="PointContour" color="#ffa568" visible="true">
<created>Thu Mar 10 14:18:31 EST 2011</created>
<edited>Thu Mar 10 14:18:31 EST 2011</edited>
<value><point x="14304" y="19671"/></value>
<metadata author="">

</metadata>
</contour>
<contour name="Trail 25" class="PointContour" color="#448fc2" visible="true">
<created>Thu Mar 10 16:57:01 EST 2011</created>
<edited>Thu Mar 10 16:57:01 EST 2011</edited>
<value><point x="11861" y="15801"/></value>
<metadata author="">

</metadata>
</contour>
<contour name="Trail 33" class="PointContour" color="#f70fe0" visible="true">
<created>Sun Mar 13 16:40:28 EDT 2011</created>
<edited>Sun Mar 13 16:40:28 EDT 2011</edited>
<value><point x="12612" y="18689"/></value>
<metadata author="">

</metadata>
</contour>
<contour name="Trail 41" class="PointContour" color="#b2aff7" visible="true">
<created>Sun Mar 13 17:02:24 EDT 2011</created>
<edited>Sun Mar 13 17:02:24 EDT 2011</edited>
<value><point x="10352" y="17533"/></value>
<metadata author="">

</metadata>
</contour>
<contour name="Trail 127" class="PointContour" color="#ff9009" visible="true">
<created>Sun Mar 13 19:12:23 EDT 2011</created>
<edited>Sun Mar 13 19:12:23 EDT 2011</edited>
<value><point x="10428" y="17651"/></value>
<metadata author="">

</metadata>
</contour>
<contour name="Trail 134" class="PointContour" color="#0954ff" visible="true">
<created>Sun Mar 13 19:52:34 EDT 2011</created>
<edited>Sun Mar 13 19:52:34 EDT 2011</edited>
<value><point x="10937" y="14579"/></value>
<metadata author="">

</metadata>
</contour>
</contours>